sim_time, unit_box_Custom?world_angular_acceleration/x
0.001, 6.13767e-12
0.002, -4.15599e-12
0.003, 2.79682e-13
0.004, -6.31144e-15
0.005, 5.28445e-16
0.006, 7.79071e-15
0.007, -6.57702e-15
0.008, 4.23805e-15
0.009, -1.42648e-15
0.01, 6.85296e-16
0.011, -4.35658e-15
0.012, 6.0144e-15
0.013, -5.2447e-15
0.014, 1.23808e-15
0.015, 6.56711e-15
0.016, -9.97285e-15
0.017, 4.08111e-15
0.018, 6.3016e-15
0.019, -5.97564e-15
0.02, 4.79078e-15
0.021, -8.0878e-15
0.022, 6.30155e-15
0.023, -2.75872e-15
0.024, -2.02423e-16
0.025, -6.46961e-16
0.026, 1.23805e-15
0.027, 1.1298e-15
0.028, -5.08789e-15
0.029, 3.90262e-15
0.03, -3.02425e-15
0.031, -3.20281e-15
0.032, 6.56712e-15
0.033, 1.57348e-15
0.034, -1.24793e-15
0.035, -2.13612e-15
0.036, -2.02894e-16
0.037, 6.12303e-15
0.038, -9.86416e-15
0.039, 4.34668e-15
0.04, 2.12626e-15
0.041, -5.24472e-15
0.042, 3.35201e-15
0.043, 1.23809e-15
0.044, 3.79606e-15
0.045, -6.57702e-15
0.046, 3.49922e-16
0.047, 3.49907e-16
0.048, 1.23809e-15
0.049, 2.12623e-15
0.05, -6.46956e-16
0.051, -1.69201e-15
0.052, 3.19298e-15
0.053, -3.31149e-15
0.054, 1.68217e-15
0.055, -1.4265e-15
0.056, 4.3467e-15
0.057, -9.08426e-15
0.058, 5.4134e-15
0.059, 4.68253e-15
0.06, -8.97599e-15
0.061, 4.23843e-15
0.062, 6.30159e-15
0.063, -1.04169e-14
0.064, 3.45854e-15
0.065, 7.9395e-16
0.066, -4.53509e-15
0.067, 1.00116e-14
0.068, -3.46838e-15
0.069, -3.91247e-15
0.07, 3.34983e-15
0.071, -4.09099e-15
0.072, -1.4265e-15
0.073, 5.23489e-15
0.074, -2.75878e-15
0.075, 1.4166e-15
0.076, 3.19294e-15
0.077, -3.20283e-15
0.078, 3.19297e-15
0.079, -2.13611e-15
0.08, -7.75238e-15
0.081, 1.14521e-14
0.082, -2.31465e-15
0.083, -5.38246e-16
0.084, -6.86419e-15
0.085, 3.90262e-15
0.086, 3.45854e-15
0.087, -2.13608e-15
0.088, -3.20281e-15
0.089, 4.3467e-15
0.09, 7.93982e-16
0.091, -1.97924e-15
0.092, -1.69206e-15
0.093, 1.41662e-15
0.094, 3.9026e-15
0.095, -7.9093e-15
0.096, 5.67896e-15
0.097, -3.02428e-15
0.098, 1.23806e-15
0.099, 1.23806e-15
0.1, -4.97918e-15
0.101, 1.4166e-15
0.102, 2.12623e-15
0.103, 1.68217e-15
0.104, -3.59744e-16
0.105, -1.87057e-15
0.106, 4.79078e-15
0.107, -4.97918e-15
0.108, 6.85321e-16
0.109, 6.12308e-15
0.11, -6.75553e-15
0.111, -2.02882e-16
0.112, 7.94012e-16
0.113, -9.82347e-16
0.114, 1.41661e-15
0.115, -2.31464e-15
0.116, 1.23807e-15
0.117, 4.79078e-15
0.118, -2.75873e-15
0.119, -3.64694e-15
0.12, 2.12629e-15
0.121, 3.01442e-15
0.122, 7.93987e-16
0.123, -5.86736e-15
0.124, 2.57038e-15
0.125, 6.30158e-15
0.126, -6.31146e-15
0.127, 3.01443e-15
0.128, -4.35655e-15
0.129, 7.93982e-16
0.13, 7.93966e-16
0.131, 5.28445e-16
0.132, -5.38246e-16
0.133, -1.42642e-15
0.134, -3.2028e-15
0.135, 3.9026e-15
0.136, -1.87058e-15
0.137, 3.49904e-16
0.138, -1.42643e-15
0.139, 4.34666e-15
0.14, -3.75559e-15
0.141, 2.12624e-15
0.142, -5.38285e-16
0.143, 4.34668e-15
0.144, 7.93989e-16
0.145, -8.53188e-15
0.146, 7.89939e-15
0.147, -2.7587e-15
0.148, -1.87057e-15
0.149, 4.79078e-15
0.15, 6.85312e-16
0.151, -9.68565e-15
0.152, 8.78759e-15
0.153, -6.75553e-15
0.154, 3.45854e-15
0.155, -2.75875e-15
0.156, -6.46996e-16
0.157, 9.67578e-15
0.158, -5.24477e-15
0.159, 1.68215e-15
0.16, 2.12624e-15
0.161, -6.75556e-15
0.162, 3.45848e-15
0.163, -3.20281e-15
0.164, 2.57036e-15
0.165, -3.20281e-15
0.166, 4.52524e-15
0.167, 1.68216e-15
0.168, -7.19962e-15
0.169, 7.45534e-15
0.17, -8.19474e-15
0.171, 5.41338e-15
0.172, -3.64694e-15
0.173, 1.23805e-15
0.174, 2.12624e-15
0.175, -1.42648e-15
0.176, 1.68217e-15
0.177, 1.1298e-15
0.178, -4.19965e-15
0.179, 3.49922e-16
0.18, 2.41188e-16
0.181, 5.12662e-15
0.182, -7.19962e-15
0.183, 9.67578e-15
0.184, -4.97918e-15
0.185, -4.97919e-15
0.186, 7.18973e-15
0.187, -4.09101e-15
0.188, 1.23808e-15
0.189, -1.09104e-15
0.19, 6.56714e-15
0.191, -9.42006e-15
0.192, 2.12626e-15
0.193, 2.41208e-16
0.194, 3.45854e-15
0.195, -4.09101e-15
0.196, -1.09061e-15
0.197, -1.42649e-15
0.198, 7.45532e-15
0.199, 6.85312e-16
0.2, -8.97595e-15
0.201, 3.90262e-15
0.202, 2.12623e-15
0.203, -4.09102e-15
0.204, 2.57036e-15
0.205, 1.23806e-15
0.206, -8.53192e-15
0.207, 9.67578e-15
0.208, -3.46835e-15
0.209, -5.38291e-16
0.21, -9.82342e-16
0.211, 2.57038e-15
0.212, 7.93966e-16
0.213, -4.09099e-15
0.214, 7.45531e-15
0.215, -7.6437e-15
0.216, 8.3435e-15
0.217, -5.86738e-15
0.218, 4.52523e-15
0.219, -2.42289e-15
0.22, -4.97919e-15
0.221, 4.79077e-15
0.222, -3.20282e-15
0.223, 4.79078e-15
0.224, 5.28412e-16
0.225, -2.7587e-15
0.226, 2.01757e-15
0.227, -4.09099e-15
0.228, 1.68215e-15
0.229, 2.12624e-15
0.23, -8.08782e-15
0.231, 6.90296e-15
0.232, 4.23845e-15
0.233, -4.97918e-15
0.234, 1.68214e-15
0.235, -4.97918e-15
0.236, 3.90261e-15
0.237, -3.91246e-15
0.238, 3.01442e-15
0.239, 2.12629e-15
0.24, -1.53515e-15
0.241, 5.67895e-15
0.242, -1.07524e-14
0.243, 1.23809e-15
0.244, 5.12661e-15
0.245, -3.20283e-15
0.246, 4.79077e-15
0.247, -1.53516e-15
0.248, -2.75875e-15
0.249, 2.12629e-15
0.25, 1.68215e-15
0.251, 7.93986e-16
0.252, -2.02894e-16
0.253, 5.28443e-16
0.254, -2.31464e-15
0.255, -1.69202e-15
0.256, 2.9062e-15
0.257, -3.20281e-15
0.258, -2.02857e-16
0.259, -2.58022e-15
0.26, 5.41338e-15
0.261, -2.7587e-15
0.262, 5.28445e-16
0.263, 1.86067e-15
0.264, -4.53508e-15
0.265, 7.63384e-15
0.266, -3.4684e-15
0.267, -4.19967e-15
0.268, 3.9026e-15
0.269, -1.42648e-15
0.27, 3.45854e-15
0.271, -5.08784e-15
0.272, 2.12629e-15
0.273, 1.23804e-15
0.274, -1.69198e-15
0.275, -1.42649e-15
0.276, -5.38285e-16
0.277, 3.45852e-15
0.278, -3.02429e-15
0.279, 3.4585e-15
0.28, -4.53509e-15
0.281, 2.30482e-15
0.282, 2.57032e-15
0.283, -1.42648e-15
0.284, -1.42648e-15
0.285, 3.19297e-15
0.286, -3.02429e-15
0.287, 3.34983e-15
0.288, -3.20281e-15
0.289, -1.97925e-15
0.29, 4.52521e-15
0.291, -9.41718e-17
0.292, -5.24476e-15
0.293, 3.35201e-15
0.294, 1.12941e-15
0.295, -2.75875e-15
0.296, 1.5735e-15
0.297, 2.90576e-15
0.298, -4.53509e-15
0.299, 6.45885e-15
0.3, -6.8642e-15
0.301, 4.52524e-15
0.302, 1.68215e-15
0.303, -4.97919e-15
0.304, 1.68218e-15
0.305, -8.03841e-16
0.306, 1.68217e-15
0.307, 3.49922e-16
0.308, -1.97921e-15
0.309, 2.12624e-15
0.31, -3.20281e-15
0.311, 2.12629e-15
0.312, 6.85306e-16
0.313, -2.7587e-15
0.314, -5.38291e-16
0.315, 3.34981e-15
0.316, -6.75553e-15
0.317, 3.90264e-15
0.318, -5.38291e-16
0.319, 3.35028e-15
0.32, -6.86422e-15
0.321, 8.52204e-15
0.322, -2.75874e-15
0.323, 5.28426e-16
0.324, -3.75559e-15
0.325, 2.12624e-15
0.326, 2.46166e-15
0.327, -2.5802e-15
0.328, -1.24793e-15
0.329, 1.23808e-15
0.33, 8.96615e-15
0.331, -1.36824e-14
0.332, 3.90262e-15
0.333, 4.52526e-15
0.334, -5.24471e-15
0.335, -1.97923e-15
0.336, 2.12624e-15
0.337, -1.87056e-15
0.338, 7.01126e-15
0.339, -5.53195e-15
0.34, 1.23806e-15
0.341, -1.42647e-15
0.342, 8.43472e-17
0.343, 4.79077e-15
0.344, -1.42646e-15
0.345, -4.97919e-15
0.346, 8.07795e-15
0.347, -1.87053e-15
0.348, -1.42648e-15
0.349, -2.13612e-15
0.35, 1.68217e-15
0.351, 4.79077e-15
0.352, -8.97599e-15
0.353, 6.30156e-15
0.354, 8.43351e-17
0.355, -4.19967e-15
0.356, 1.23806e-15
0.357, -1.97925e-15
0.358, 5.2844e-16
0.359, 7.01125e-15
0.36, -7.9093e-15
0.361, 6.4585e-15
0.362, -3.31151e-15
0.363, 1.68215e-15
0.364, -6.42012e-15
0.365, 3.79393e-15
0.366, -2.7587e-15
0.367, 3.34985e-15
0.368, 2.01754e-15
0.369, -2.13608e-15
0.37, 3.49924e-16
0.371, -9.82397e-16
0.372, 2.57034e-15
0.373, 8.43394e-17
0.374, 2.57034e-15
0.375, -9.8238e-16
0.376, -1.97922e-15
0.377, -5.38295e-16
0.378, 7.93966e-16
0.379, 7.94012e-16
0.38, -8.19602e-15
0.381, 4.79082e-15
0.382, 7.93959e-16
0.383, 3.79393e-15
0.384, -9.82397e-16
0.385, -2.75873e-15
0.386, 2.12624e-15
0.387, -1.97923e-15
0.388, 2.46164e-15
0.389, -3.02426e-15
0.39, 2.57035e-15
0.391, -3.46838e-15
0.392, -2.42287e-15
0.393, 6.12306e-15
0.394, -2.4233e-15
0.395, -3.91249e-15
0.396, 8.96614e-15
0.397, -7.6437e-15
0.398, 4.08114e-15
0.399, -4.35655e-15
0.4, 2.12623e-15
0.401, 8.4342e-17
0.402, 2.74888e-15
0.403, 2.46164e-15
0.404, -5.86734e-15
0.405, 1.68214e-15
0.406, 3.9026e-15
0.407, -9.97285e-15
0.408, 9.23168e-15
0.409, -2.7587e-15
0.41, -3.20283e-15
0.411, 2.90577e-15
0.412, 6.30158e-15
0.413, -3.91247e-15
0.414, -5.42325e-15
0.415, -1.69203e-15
0.416, 6.74565e-15
0.417, -1.42649e-15
0.418, -3.59767e-16
0.419, 1.86069e-15
0.42, -2.8674e-15
0.421, 2.57038e-15
0.422, -4.09101e-15
0.423, 1.23809e-15
0.424, 3.34986e-15
0.425, -9.82394e-16
0.426, -1.87056e-15
0.427, 4.3467e-15
0.428, -7.30786e-15
0.429, 9.41022e-15
0.43, -7.4652e-15
0.431, 1.23806e-15
0.432, 2.74888e-15
0.433, -1.69202e-15
0.434, -2.75875e-15
0.435, 8.4342e-17
0.436, 3.19297e-15
0.437, -5.08783e-15
0.438, 4.79076e-15
0.439, -3.20287e-15
0.44, 3.01443e-15
0.441, -4.19965e-15
0.442, 6.12308e-15
0.443, -2.7587e-15
0.444, -1.42647e-15
0.445, 2.01754e-15
0.446, -3.91246e-15
0.447, 2.74888e-15
0.448, 7.93961e-16
0.449, 1.4166e-15
0.45, -1.24794e-15
0.451, 1.23805e-15
0.452, 2.74886e-15
0.453, -4.80065e-15
0.454, -3.31149e-15
0.455, 3.90261e-15
0.456, -3.20281e-15
0.457, 2.12623e-15
0.458, 2.90619e-15
0.459, -1.42648e-15
0.46, -1.42648e-15
0.461, 1.68217e-15
0.462, -1.97924e-15
0.463, 4.52519e-15
0.464, -3.91246e-15
0.465, -1.42642e-15
0.466, -3.02429e-15
0.467, 7.18977e-15
0.468, 1.68217e-15
0.469, -3.91246e-15
0.47, 8.4322e-17
0.471, 2.46167e-15
0.472, -5.42326e-15
0.473, 6.56712e-15
0.474, -3.64691e-15
0.475, 2.41237e-16
0.476, -5.86734e-15
0.477, 3.90261e-15
0.478, 1.68215e-15
0.479, 1.12941e-15
0.48, -4.80065e-15
0.481, 7.18977e-15
0.482, -6.75553e-15
0.483, 9.7252e-16
0.484, 2.74888e-15
0.485, 1.23808e-15
0.486, -7.46517e-15
0.487, 6.74568e-15
0.488, -6.46567e-16
0.489, -3.20282e-15
0.49, 1.23806e-15
0.491, 3.01439e-15
0.492, 2.41211e-16
0.493, -3.64694e-15
0.494, -2.75874e-15
0.495, 1.01198e-14
0.496, -2.8674e-15
0.497, -2.13615e-15
0.498, -3.91246e-15
0.499, 4.34668e-15
0.5, -4.80065e-15
0.501, 6.74567e-15
0.502, -1.87053e-15
0.503, -7.39421e-15
0.504, 9.48116e-15
0.505, -1.42649e-15
0.506, -1.42649e-15
0.507, 7.01122e-15
0.508, -7.83833e-15
0.509, -3.18115e-15
0.51, 4.36835e-15
0.511, -3.20282e-15
0.512, 9.67578e-15
0.513, -9.82394e-16
0.514, -8.50997e-15
0.515, 1.55273e-16
0.516, 1.68214e-15
0.517, 1.93166e-15
0.518, -5.39966e-15
0.519, 3.90263e-15
0.52, -2.73682e-15
0.521, 1.04345e-15
0.522, 3.90262e-15
0.523, -1.42648e-15
0.524, -7.64371e-15
0.525, 9.92527e-15
0.526, -2.95334e-15
0.527, -1.40454e-15
0.528, 7.93981e-16
0.529, 4.79082e-15
0.53, -9.42007e-15
0.531, 5.7006e-15
0.532, -4.5134e-15
0.533, 1.18962e-14
0.534, -1.11745e-14
0.535, 8.80944e-15
0.536, -4.97918e-15
0.537, -3.18091e-15
0.538, 3.92428e-15
0.539, -3.20281e-15
0.54, 6.12304e-15
0.541, -7.6437e-15
0.542, 3.92599e-15
0.543, 1.93163e-15
0.544, -1.62107e-15
0.545, 7.93989e-16
0.546, 1.68217e-15
0.547, -9.82389e-16
0.548, -7.32885e-16
0.549, -4.51318e-15
0.55, 1.68216e-15
0.551, 7.92129e-15
0.552, -3.39748e-15
0.553, -7.19962e-15
0.554, 5.48435e-15
0.555, -3.18114e-15
0.556, 2.57034e-15
0.557, 7.93981e-16
0.558, 6.12305e-15
0.559, -1.20629e-14
0.56, 6.14495e-15
0.561, -4.28563e-15
0.562, 2.57034e-15
0.563, -1.87056e-15
0.564, 3.45851e-15
0.565, -6.95015e-15
0.566, 5.48433e-15
0.567, -9.82378e-16
0.568, 1.93164e-15
0.569, -3.39743e-15
0.57, 3.01439e-15
0.571, 2.3757e-15
0.572, 1.48754e-15
0.573, -7.64368e-15
0.574, 1.68217e-15
0.575, 1.23804e-15
0.576, 1.93159e-15
0.577, -4.95728e-15
0.578, -2.29298e-15
0.579, 1.27844e-14
0.58, -9.42007e-15
0.581, 3.49922e-16
0.582, 2.59396e-15
0.583, -2.06515e-15
0.584, 1.23806e-15
0.585, 1.55262e-16
0.586, -9.60478e-16
0.587, -2.75875e-15
0.588, 6.14474e-15
0.589, -5.61789e-15
0.59, 7.93966e-16
0.591, 1.68216e-15
0.592, 5.67893e-15
0.593, -3.84156e-15
0.594, -3.3974e-15
0.595, 8.15686e-16
0.596, 3.45848e-15
0.597, -2.31464e-15
0.598, 6.56712e-15
0.599, -7.62206e-15
0.6, -2.29293e-15
0.601, 3.90262e-15
0.602, -2.73703e-15
0.603, 2.59231e-15
0.604, -2.31465e-15
0.605, 1.25976e-15
0.606, 2.59226e-15
0.607, -2.75872e-15
0.608, 1.23804e-15
0.609, -1.42648e-15
0.61, 3.9243e-15
0.611, -4.28558e-15
0.612, -4.28563e-15
0.613, 9.67578e-15
0.614, -3.20281e-15
0.615, 7.93981e-16
0.616, 6.37252e-15
0.617, -1.16187e-14
0.618, 3.90262e-15
0.619, -7.2506e-17
0.62, 1.48753e-15
0.621, -5.86736e-15
0.622, 8.1489e-15
0.623, -1.02866e-14
0.624, 1.01198e-14
0.625, -1.42649e-15
0.626, -9.82347e-16
0.627, -1.84876e-15
0.628, -2.29294e-15
0.629, -1.62104e-15
0.63, 7.45529e-15
0.631, -5.42329e-15
0.632, 4.79078e-15
0.633, -2.06515e-15
0.634, -2.06515e-15
0.635, 5.67895e-15
0.636, -7.39424e-15
0.637, 9.03705e-15
0.638, -5.86738e-15
0.639, 2.37572e-15
0.64, -3.84155e-15
0.641, 7.93966e-16
0.642, 1.68214e-15
0.643, -7.64372e-15
0.644, 1.17016e-14
0.645, -7.62204e-15
0.646, 3.92437e-15
0.647, 7.93989e-16
0.648, -3.20281e-15
0.649, 4.79077e-15
0.65, -2.73694e-15
0.651, -5.17379e-15
0.652, 9.23171e-15
0.653, -4.28562e-15
0.654, -4.5132e-15
0.655, 7.0112e-15
0.656, -3.62525e-15
0.657, -7.32885e-16
0.658, 1.68217e-15
0.659, -2.75872e-15
0.66, 2.57033e-15
0.661, 1.48755e-15
0.662, -7.83827e-15
0.663, 9.69776e-15
0.664, -1.87057e-15
0.665, -2.31467e-15
0.666, -1.87056e-15
0.667, 4.36856e-15
0.668, -2.73682e-15
0.669, -1.4265e-15
0.67, 2.59205e-15
0.671, 2.14816e-15
0.672, -4.09101e-15
0.673, -2.73707e-15
0.674, 1.70406e-15
0.675, 1.23806e-15
0.676, -1.42642e-15
0.677, 7.9395e-16
0.678, 3.92437e-15
0.679, -2.0652e-15
0.68, 5.48435e-15
0.681, -1.87056e-15
0.682, -2.31464e-15
0.683, 2.57034e-15
0.684, 1.04344e-15
0.685, -5.40137e-15
0.686, 1.68215e-15
0.687, -1.40458e-15
0.688, 1.04344e-15
0.689, -1.42648e-15
0.69, 2.37574e-15
0.691, -2.73703e-15
0.692, -5.38291e-16
0.693, 3.4585e-15
0.694, -4.53509e-15
0.695, 3.48021e-15
0.696, -1.84867e-15
0.697, 7.7048e-15
0.698, -9.86419e-15
0.699, 3.45852e-15
0.7, 1.23809e-15
0.701, 5.99328e-16
0.702, -1.177e-15
0.703, 1.23808e-15
0.704, -6.50604e-15
0.705, 1.48754e-15
0.706, -5.3829e-16
0.707, 6.81664e-15
0.708, -3.84155e-15
0.709, -1.4265e-15
0.71, 1.68217e-15
0.711, 4.79077e-15
0.712, -6.06197e-15
0.713, -2.29293e-15
0.714, 5.70081e-15
0.715, -5.86736e-15
0.716, 9.23166e-15
0.717, -3.64694e-15
0.718, -9.60497e-16
0.719, -1.17699e-15
0.72, 3.45855e-15
0.721, -1.17695e-15
0.722, -1.40458e-15
0.723, 2.12624e-15
0.724, -1.84864e-15
0.725, -4.72971e-15
0.726, 5.23489e-15
0.727, -2.75878e-15
0.728, 3.01439e-15
0.729, -7.3291e-16
0.73, 1.04347e-15
0.731, -2.73681e-15
0.732, 3.01443e-15
0.733, -2.75873e-15
0.734, 4.79078e-15
0.735, -8.5102e-15
0.736, 1.01417e-14
0.737, -4.97918e-15
0.738, -7.22018e-17
0.739, -2.73705e-15
0.74, 1.68217e-15
0.741, 6.14495e-15
0.742, -8.51022e-15
0.743, 4.79076e-15
0.744, -1.42646e-15
0.745, -4.97919e-15
0.746, 1.01436e-14
0.747, -6.06198e-15
0.748, -7.32885e-16
0.749, -1.87051e-15
0.75, -1.4265e-15
0.751, 6.56713e-15
0.752, -7.32898e-16
0.753, -1.40469e-15
0.754, 3.9026e-15
0.755, -6.73375e-15
0.756, -7.32885e-16
0.757, 7.01125e-15
0.758, -2.50926e-15
0.759, -8.0661e-15
0.76, 9.67579e-15
0.761, -3.20282e-15
0.762, -2.7587e-15
0.763, 2.59205e-15
0.764, 8.15626e-16
0.765, -2.88784e-16
0.766, 2.57038e-15
0.767, -2.31467e-15
0.768, -2.31465e-15
0.769, 1.48754e-15
0.77, 3.70808e-15
0.771, -2.75873e-15
0.772, 2.81981e-15
0.773, -2.06515e-15
0.774, 2.12626e-15
0.775, -7.32881e-16
0.776, -4.28558e-15
0.777, -5.3829e-16
0.778, 3.45851e-15
0.779, 3.49864e-16
0.78, 1.4876e-15
0.781, -2.73705e-15
0.782, 2.14816e-15
0.783, -3.20281e-15
0.784, -2.31465e-15
0.785, 7.89939e-15
0.786, -4.51318e-15
0.787, 5.48432e-15
0.788, -9.42006e-15
0.789, 7.70479e-15
0.79, -1.40458e-15
0.791, -4.09101e-15
0.792, -1.84886e-15
0.793, 6.81658e-15
0.794, -8.5319e-15
0.795, 3.01446e-15
0.796, 3.9026e-15
0.797, -3.39743e-15
0.798, 1.48754e-15
0.799, 3.92623e-15
0.8, -4.091e-15
0.801, -2.31465e-15
0.802, 3.48041e-15
0.803, 1.68214e-15
0.804, -2.75876e-15
0.805, -5.16594e-16
0.806, 1.68215e-15
0.807, -4.09101e-15
0.808, 7.477e-15
0.809, -7.6437e-15
0.81, 5.67893e-15
0.811, -1.84876e-15
0.812, -1.17701e-15
0.813, 5.99328e-16
0.814, 2.12629e-15
0.815, -3.20285e-15
0.816, 1.68217e-15
0.817, 5.99377e-16
0.818, -2.73705e-15
0.819, 6.12304e-15
0.82, -4.5132e-15
0.821, 1.93159e-15
0.822, -6.75552e-15
0.823, 5.48437e-15
0.824, -2.73703e-15
0.825, -5.38291e-16
0.826, -7.25014e-17
0.827, 1.93162e-15
0.828, 3.90264e-15
0.829, 2.12624e-15
0.83, -7.19961e-15
0.831, 1.04344e-15
0.832, 3.70798e-15
0.833, -1.84886e-15
0.834, -2.75873e-15
0.835, 2.12625e-15
0.836, 4.81247e-15
0.837, -7.6437e-15
0.838, 1.23805e-15
0.839, 4.81245e-15
0.84, -3.20285e-15
0.841, -5.3829e-16
0.842, 8.15871e-16
0.843, -4.97918e-15
0.844, 5.2349e-15
0.845, 1.25996e-15
0.846, -4.2856e-15
0.847, -2.50926e-15
0.848, 8.78758e-15
0.849, -8.53192e-15
0.85, 7.45534e-15
0.851, -2.50927e-15
0.852, -3.17941e-15
0.853, 7.94012e-16
0.854, 2.59396e-15
0.855, 1.48754e-15
0.856, -1.87059e-15
0.857, 1.04344e-15
0.858, -4.0691e-15
0.859, -2.7587e-15
0.86, 7.47699e-15
0.861, -2.50927e-15
0.862, 2.12629e-15
0.863, 1.68215e-15
0.864, -2.7587e-15
0.865, -3.39745e-15
0.866, 6.37252e-15
0.867, -4.51339e-15
0.868, -9.82378e-16
0.869, 1.23809e-15
0.87, 3.48021e-15
0.871, -9.41883e-17
0.872, -8.97599e-15
0.873, 7.92129e-15
0.874, 7.93982e-16
0.875, 7.9395e-16
0.876, -3.18105e-15
0.877, -9.82347e-16
0.878, -5.38294e-16
0.879, -1.40479e-15
0.88, 3.26393e-15
0.881, 5.99377e-16
0.882, -3.20281e-15
0.883, 4.3467e-15
0.884, 7.93982e-16
0.885, -1.177e-15
0.886, -4.51339e-15
0.887, 3.4585e-15
0.888, -5.16642e-16
0.889, 1.9316e-15
0.89, -4.09101e-15
0.891, 5.48435e-15
0.892, 2.14814e-15
0.893, -6.31144e-15
0.894, 3.03609e-15
0.895, -2.06516e-15
0.896, 4.7908e-15
0.897, -9.86416e-15
0.898, 5.67896e-15
0.899, 1.04348e-15
0.9, -1.17696e-15
0.901, -4.06911e-15
0.902, 9.67578e-15
0.903, -6.31146e-15
0.904, 3.48021e-15
0.905, -5.86737e-15
0.906, 1.68215e-15
0.907, -2.29293e-15
0.908, -1.42647e-15
0.909, 1.27844e-14
0.91, -4.95752e-15
0.911, -1.42648e-15
0.912, -2.31467e-15
0.913, -2.29294e-15
0.914, 1.93164e-15
0.915, 6.37253e-15
0.916, -8.53192e-15
0.917, -1.42645e-15
0.918, 7.4553e-15
0.919, -3.84155e-15
0.92, -2.29293e-15
0.921, 1.68217e-15
0.922, 5.70081e-15
0.923, -6.95015e-15
0.924, 1.68218e-15
0.925, 6.81662e-15
0.926, -5.40159e-15
0.927, -4.97919e-15
0.928, 1.01436e-14
0.929, -8.28242e-15
0.93, -5.38285e-16
0.931, 4.79077e-15
0.932, -1.42648e-15
0.933, 5.99377e-16
0.934, -2.50927e-15
0.935, 1.26008e-15
0.936, 7.93982e-16
0.937, -1.42648e-15
0.938, 3.48042e-15
0.939, -3.20283e-15
0.94, 3.90261e-15
0.941, -3.18114e-15
0.942, -4.09099e-15
0.943, 5.67895e-15
0.944, -4.5132e-15
0.945, 2.12624e-15
0.946, -5.38285e-16
0.947, 1.25974e-15
0.948, 1.93166e-15
0.949, -2.95334e-15
0.95, 7.93981e-16
0.951, 5.67894e-15
0.952, -5.86738e-15
0.953, -2.88824e-16
0.954, 4.81245e-15
0.955, -7.64373e-15
0.956, 4.81264e-15
0.957, -3.39746e-15
0.958, 3.45854e-15
0.959, -3.39743e-15
0.96, 3.48041e-15
0.961, 7.94023e-16
0.962, -5.40156e-15
0.963, 1.55286e-16
0.964, 7.93982e-16
0.965, 6.56712e-15
0.966, -4.09101e-15
0.967, 3.70798e-15
0.968, -3.3974e-15
0.969, -5.84569e-15
0.97, 7.0112e-15
0.971, -2.75875e-15
0.972, -7.22971e-17
0.973, 3.4585e-15
0.974, -4.53509e-15
0.975, 3.03632e-15
0.976, -1.42649e-15
0.977, 1.68218e-15
0.978, -9.60497e-16
0.979, 2.57038e-15
0.98, -6.31146e-15
0.981, 6.1449e-15
0.982, -4.72968e-15
0.983, -2.0652e-15
0.984, 5.67898e-15
0.985, 2.57034e-15
0.986, -5.86737e-15
0.987, -1.62104e-15
0.988, 7.0329e-15
0.989, -3.20281e-15
0.99, -2.73705e-15
0.991, 1.04348e-15
0.992, 1.68217e-15
0.993, 1.93166e-15
0.994, -4.0691e-15
0.995, -2.7587e-15
0.996, 4.81245e-15
0.997, 5.99448e-16
0.998, -9.82377e-16
0.999, -5.3829e-16
1, 7.93982e-16
1.001, 3.26391e-15
1.002, -2.75872e-15
1.003, -9.8238e-16
1.004, 2.12629e-15
1.005, 1.68215e-15
1.006, 2.12624e-15
1.007, -4.53509e-15
1.008, -5.38277e-16
1.009, -4.97919e-15
1.01, 9.6758e-15
1.011, -4.97918e-15
1.012, 1.23805e-15
1.013, -2.75872e-15
1.014, 3.45848e-15
1.015, -2.31464e-15
1.016, 2.57034e-15
1.017, -3.20284e-15
1.018, 1.68215e-15
1.019, -4.09099e-15
1.02, 3.90263e-15
1.021, -7.6437e-15
1.022, 8.7876e-15
1.023, -1.87051e-15
1.024, -9.82378e-16
1.025, -1.4265e-15
1.026, 1.68217e-15
1.027, 7.4553e-15
1.028, -1.07523e-14
1.029, 6.12303e-15
1.03, -3.64691e-15
1.031, 2.12629e-15
1.032, 3.01443e-15
1.033, -2.7587e-15
1.034, -4.09097e-15
1.035, 4.79077e-15
1.036, -7.6437e-15
1.037, 7.45534e-15
1.038, -5.86732e-15
1.039, 1.36725e-14
1.04, -9.42009e-15
1.041, 2.12629e-15
1.042, -9.82398e-16
1.043, -5.42329e-15
1.044, 8.7876e-15
1.045, -7.6437e-15
1.046, 6.56712e-15
1.047, -2.75872e-15
1.048, 2.12624e-15
1.049, -5.86737e-15
1.05, 7.01122e-15
1.051, -6.75551e-15
1.052, 2.12629e-15
1.053, 5.23488e-15
1.054, -7.19961e-15
1.055, 7.01125e-15
1.056, -5.42325e-15
1.057, 2.12622e-15
1.058, -3.20285e-15
1.059, 5.67893e-15
1.06, -2.31463e-15
1.061, -2.75873e-15
1.062, 1.68217e-15
1.063, 1.68217e-15
1.064, -9.82394e-16
1.065, 3.49887e-16
1.066, -2.75876e-15
1.067, -9.82378e-16
1.068, 2.12625e-15
1.069, 5.2349e-15
1.07, -3.64694e-15
1.071, -2.75872e-15
1.072, 3.90259e-15
1.073, -5.86732e-15
1.074, 8.78758e-15
1.075, -4.97919e-15
1.076, 2.57034e-15
1.077, -9.82389e-16
1.078, 7.93966e-16
1.079, -1.42645e-15
1.08, -4.5351e-15
1.081, 4.79078e-15
1.082, -2.75875e-15
1.083, 7.93966e-16
1.084, 3.45848e-15
1.085, -3.20281e-15
1.086, 1.68216e-15
1.087, -2.75875e-15
1.088, 7.93966e-16
1.089, 1.68216e-15
1.09, 1.23805e-15
1.091, -5.38291e-16
1.092, -2.7587e-15
1.093, 3.9026e-15
1.094, -4.5351e-15
1.095, 3.45849e-15
1.096, -5.38246e-16
1.097, -5.38296e-16
1.098, -4.09101e-15
1.099, 7.45529e-15
1.1, -2.75875e-15
1.101, -5.42326e-15
1.102, 7.45529e-15
1.103, -5.42329e-15
1.104, 7.93986e-16
1.105, 9.23168e-15
1.106, -8.97599e-15
1.107, 3.01443e-15
1.108, 1.23806e-15
1.109, 3.49922e-16
1.11, -9.82394e-16
1.111, -4.53508e-15
1.112, 4.79081e-15
1.113, -1.42647e-15
1.114, 1.23805e-15
1.115, -9.82378e-16
1.116, -2.75872e-15
1.117, 3.45848e-15
1.118, -4.09102e-15
1.119, 4.79077e-15
1.12, -9.82406e-16
1.121, -6.31146e-15
1.122, 3.01439e-15
1.123, -5.38291e-16
1.124, 3.45854e-15
1.125, -2.31465e-15
1.126, 6.12305e-15
1.127, -6.75553e-15
1.128, 2.12625e-15
1.129, -2.7587e-15
1.13, 3.4585e-15
1.131, -2.75873e-15
1.132, 7.93966e-16
1.133, 3.90259e-15
1.134, -1.87059e-15
1.135, -4.97919e-15
1.136, 8.3435e-15
1.137, -4.53505e-15
1.138, 1.23805e-15
1.139, -4.09099e-15
1.14, 7.93959e-16
1.141, 1.23809e-15
1.142, 4.3467e-15
1.143, -4.53508e-15
1.144, -5.38311e-16
1.145, -3.20283e-15
1.146, 9.67576e-15
1.147, -1.87053e-15
1.148, -2.75875e-15
1.149, -3.64691e-15
1.15, 3.45855e-15
1.151, 4.79077e-15
1.152, -7.19962e-15
1.153, 4.79077e-15
1.154, -4.09097e-15
1.155, 3.49922e-16
1.156, 2.12624e-15
1.157, -3.20281e-15
1.158, 3.45854e-15
1.159, -5.86736e-15
1.16, 8.78761e-15
1.161, -7.64372e-15
1.162, 7.89939e-15
1.163, -8.0878e-15
1.164, 9.67578e-15
1.165, -7.6437e-15
1.166, 3.4585e-15
1.167, -4.09101e-15
1.168, -9.42137e-17
1.169, 4.34667e-15
1.17, 1.68217e-15
1.171, -5.38291e-16
1.172, -3.20285e-15
1.173, -9.82347e-16
1.174, 1.68216e-15
1.175, -6.31143e-15
1.176, 3.45855e-15
1.177, -1.42647e-15
1.178, 1.01198e-14
1.179, -8.53192e-15
1.18, 3.01443e-15
1.181, -4.97919e-15
1.182, 9.6758e-15
1.183, -9.42003e-15
1.184, 6.12304e-15
1.185, -7.19962e-15
1.186, 6.12305e-15
1.187, -5.38291e-16
1.188, -9.82377e-16
1.189, 3.45851e-15
1.19, -4.53509e-15
1.191, 3.90261e-15
1.192, -3.20282e-15
1.193, -1.4265e-15
1.194, 1.23806e-15
1.195, -1.42642e-15
1.196, -1.87057e-15
1.197, 9.67576e-15
1.198, -4.53509e-15
1.199, -5.38277e-16
1.2, -4.09101e-15
1.201, 9.2317e-15
1.202, -4.53509e-15
1.203, -5.38277e-16
1.204, -4.09101e-15
1.205, 4.3467e-15
1.206, -5.86732e-15
1.207, 1.41167e-14
1.208, -1.03082e-14
1.209, -1.4265e-15
1.21, 7.93986e-16
1.211, 5.67895e-15
1.212, 7.93974e-16
1.213, -5.42325e-15
1.214, 3.49922e-16
1.215, -1.42647e-15
1.216, 3.45854e-15
1.217, -4.09101e-15
1.218, 7.93966e-16
1.219, 2.57038e-15
1.22, 7.93992e-16
1.221, 7.9395e-16
1.222, 3.49865e-16
1.223, -5.86732e-15
1.224, 4.79077e-15
1.225, -1.42646e-15
1.226, 4.79076e-15
1.227, -1.03082e-14
1.228, 1.23804e-15
1.229, 4.79076e-15
1.23, -6.75553e-15
1.231, 5.67897e-15
1.232, 2.57036e-15
1.233, -7.64371e-15
1.234, 2.12626e-15
1.235, 2.12626e-15
1.236, -9.82402e-16
1.237, 2.57032e-15
1.238, 1.68214e-15
1.239, 1.23808e-15
1.24, -2.75876e-15
1.241, -9.42008e-15
1.242, 1.18962e-14
1.243, -2.31464e-15
1.244, -1.42645e-15
1.245, 6.12304e-15
1.246, -7.19962e-15
1.247, -5.38291e-16
1.248, 3.4585e-15
1.249, -2.75875e-15
1.25, 2.12624e-15
1.251, -2.31467e-15
1.252, 7.93966e-16
1.253, 3.01439e-15
1.254, -1.87051e-15
1.255, -9.82378e-16
1.256, 2.12626e-15
1.257, -3.20281e-15
1.258, 2.12623e-15
1.259, 4.79078e-15
1.26, -5.42325e-15
1.261, 7.93966e-16
1.262, -4.09099e-15
1.263, 6.56717e-15
1.264, 7.94023e-16
1.265, -8.53192e-15
1.266, 3.45854e-15
1.267, 7.93981e-16
1.268, 6.56711e-15
1.269, -9.42006e-15
1.27, 2.12626e-15
1.271, 1.68215e-15
1.272, -4.09099e-15
1.273, 3.45852e-15
1.274, 2.12625e-15
1.275, -2.75872e-15
1.276, 3.90259e-15
1.277, -7.64371e-15
1.278, 1.23809e-15
1.279, 1.23809e-15
1.28, -2.7587e-15
1.281, 2.12626e-15
1.282, 1.68217e-15
1.283, 5.23489e-15
1.284, -1.07523e-14
1.285, 6.56712e-15
1.286, 1.68218e-15
1.287, -4.09097e-15
1.288, 1.23806e-15
1.289, 4.79078e-15
1.29, -3.64688e-15
1.291, 2.12623e-15
1.292, -4.97914e-15
1.293, -4.09099e-15
1.294, 8.7876e-15
1.295, -1.87051e-15
1.296, -5.38291e-16
1.297, -1.42642e-15
1.298, -1.42648e-15
1.299, 6.56712e-15
1.3, -1.87057e-15
1.301, -4.09101e-15
1.302, 2.57032e-15
1.303, 7.45532e-15
1.304, -7.64368e-15
1.305, -3.20282e-15
1.306, 1.18962e-14
1.307, -1.07523e-14
1.308, 1.68217e-15
1.309, 7.4553e-15
1.31, -1.07523e-14
1.311, 6.12308e-15
1.312, -5.38277e-16
1.313, -5.42326e-15
1.314, 6.56712e-15
1.315, -1.42647e-15
1.316, -3.20281e-15
1.317, 6.12304e-15
1.318, -1.20846e-14
1.319, 1.05639e-14
1.32, -1.42642e-15
1.321, -4.53508e-15
1.322, 3.01442e-15
1.323, 2.12629e-15
1.324, -5.38301e-16
1.325, -2.75872e-15
1.326, 1.68217e-15
1.327, 4.79077e-15
1.328, -7.64373e-15
1.329, 7.93966e-16
1.33, 2.57033e-15
1.331, -3.20281e-15
1.332, 3.45849e-15
1.333, -2.31462e-15
1.334, 2.57036e-15
1.335, -5.86737e-15
1.336, 5.23489e-15
1.337, -9.82397e-16
1.338, 6.12304e-15
1.339, -4.53508e-15
1.34, -4.09101e-15
1.341, 2.57032e-15
1.342, 8.78763e-15
1.343, -1.16405e-14
1.344, 3.01443e-15
1.345, 3.49907e-16
1.346, 3.45854e-15
1.347, -3.64694e-15
1.348, -4.09099e-15
1.349, 6.12308e-15
1.35, -6.31146e-15
1.351, 2.57033e-15
1.352, -1.87058e-15
1.353, 8.3435e-15
1.354, -4.97918e-15
1.355, 2.12629e-15
1.356, -5.38301e-16
1.357, -2.75872e-15
1.358, 1.68217e-15
1.359, 3.45852e-15
1.36, -1.42646e-15
1.361, -3.20281e-15
1.362, -2.31465e-15
1.363, 7.89939e-15
1.364, -6.75551e-15
1.365, -1.87056e-15
1.366, 9.67578e-15
1.367, -4.97918e-15
1.368, -5.86736e-15
1.369, 1.27844e-14
1.37, -1.20846e-14
1.371, 4.79076e-15
1.372, -5.38296e-16
1.373, 7.93982e-16
1.374, -4.09101e-15
1.375, 9.67578e-15
1.376, -5.42325e-15
1.377, -2.75873e-15
1.378, 7.93966e-16
1.379, 6.56712e-15
1.38, -6.31146e-15
1.381, -1.4265e-15
1.382, 7.93986e-16
1.383, 5.67897e-15
1.384, -3.20283e-15
1.385, -9.42137e-17
1.386, 3.45854e-15
1.387, -6.31147e-15
1.388, 2.12624e-15
1.389, 3.49907e-16
1.39, 7.9395e-16
1.391, 1.23808e-15
1.392, 1.68217e-15
1.393, -1.87053e-15
1.394, -2.75875e-15
1.395, -2.31465e-15
1.396, 3.90262e-15
1.397, -4.091e-15
1.398, 1.68215e-15
1.399, 1.68217e-15
1.4, 3.49907e-16
1.401, 2.57036e-15
1.402, -3.20282e-15
1.403, -1.42647e-15
1.404, -9.82394e-16
1.405, 4.79077e-15
1.406, 7.93982e-16
1.407, -2.31464e-15
1.408, 1.23808e-15
1.409, -5.38295e-16
1.41, 1.23805e-15
1.411, -5.3829e-16
1.412, -3.20284e-15
1.413, 1.23806e-15
1.414, -8.5319e-15
1.415, 1.36725e-14
1.416, -4.97918e-15
1.417, -2.31466e-15
1.418, 2.12626e-15
1.419, -9.82347e-16
1.42, 2.57038e-15
1.421, -4.09101e-15
1.422, 1.23809e-15
1.423, 5.67893e-15
1.424, -8.08779e-15
1.425, 1.68218e-15
1.426, -1.4265e-15
1.427, 1.68217e-15
1.428, 7.4553e-15
1.429, -6.31142e-15
1.43, 7.94012e-16
1.431, -3.20281e-15
1.432, 3.45855e-15
1.433, -5.38294e-16
1.434, 3.45851e-15
1.435, -5.42329e-15
1.436, 2.12625e-15
1.437, -2.7587e-15
1.438, 2.12625e-15
1.439, 1.23809e-15
1.44, -3.20282e-15
1.441, 2.12629e-15
1.442, 5.67894e-15
1.443, -5.86738e-15
1.444, -5.3829e-16
1.445, -5.3829e-16
1.446, -5.3829e-16
1.447, -5.38291e-16
1.448, -5.38291e-16
1.449, 3.01444e-15
1.45, 2.57038e-15
1.451, -2.75873e-15
1.452, 7.93982e-16
1.453, -2.75875e-15
1.454, 4.3467e-15
1.455, 7.93982e-16
1.456, -4.09101e-15
1.457, 2.12623e-15
1.458, -2.75873e-15
1.459, 2.57036e-15
1.46, -4.09099e-15
1.461, 4.3467e-15
1.462, -4.09101e-15
1.463, 2.57032e-15
1.464, 8.78763e-15
1.465, -1.25287e-14
1.466, 1.23804e-15
1.467, 1.68215e-15
1.468, 1.68215e-15
1.469, -4.09099e-15
1.47, 8.7876e-15
1.471, -8.53188e-15
1.472, 2.12626e-15
1.473, -9.42031e-17
1.474, -3.20282e-15
1.475, 1.18962e-14
1.476, -5.86738e-15
1.477, -1.87056e-15
1.478, 3.45855e-15
1.479, 7.93987e-16
1.48, -9.86416e-15
1.481, 4.34668e-15
1.482, 2.12626e-15
1.483, -4.09102e-15
1.484, 5.67898e-15
1.485, -1.42648e-15
1.486, -1.42648e-15
1.487, 1.68217e-15
1.488, -1.4265e-15
1.489, 3.90261e-15
1.49, -5.38249e-16
1.491, -7.6437e-15
1.492, 2.12626e-15
1.493, 2.12626e-15
1.494, 3.45851e-15
1.495, -4.09101e-15
1.496, 1.23806e-15
1.497, -1.42642e-15
1.498, -3.20281e-15
1.499, 3.01442e-15
1.5, 2.12625e-15
1.501, -2.75875e-15
1.502, 4.3467e-15
1.503, -3.64691e-15
1.504, -2.67859e-15
1.505, 3.98261e-15
1.506, 2.95797e-15
1.507, -3.64688e-15
1.508, 1.68214e-15
1.509, -9.41939e-17
1.51, -2.81519e-15
1.511, -9.82394e-16
1.512, 4.34669e-15
1.513, -4.01101e-15
1.514, 3.4585e-15
1.515, 3.49864e-16
1.516, 2.06981e-15
1.517, -1.87057e-15
1.518, -1.42648e-15
1.519, 3.53831e-15
1.52, -5.86737e-15
1.521, 2.12624e-15
1.522, 4.29023e-15
1.523, -7.19964e-15
1.524, 1.01198e-14
1.525, -1.20046e-14
1.526, 3.90262e-15
1.527, 3.45854e-15
1.528, -1.42649e-15
1.529, 1.31809e-15
1.53, 1.18159e-15
1.531, -3.70338e-15
1.532, 7.9395e-16
1.533, -4.53508e-15
1.534, 1.01199e-14
1.535, -3.25927e-15
1.536, -9.0235e-16
1.537, -8.89597e-15
1.538, 1.05639e-14
1.539, -1.87057e-15
1.54, -4.09101e-15
1.541, 4.42667e-15
1.542, -5.94775e-16
1.543, -2.37108e-15
1.544, 7.93981e-16
1.545, 6.51065e-15
1.546, -5.47974e-15
1.547, -2.31464e-15
1.548, 3.40208e-15
1.549, 2.93422e-16
1.55, 1.23808e-15
1.551, -5.03565e-15
1.552, 2.06978e-15
1.553, -4.09098e-15
1.554, 8.28703e-15
1.555, -7.70021e-15
1.556, 2.12626e-15
1.557, 7.37508e-16
1.558, 2.95796e-15
1.559, -7.19962e-15
1.56, 3.40206e-15
1.561, 2.95796e-15
1.562, -9.0235e-16
1.563, -4.53508e-15
1.564, 6.56711e-15
1.565, -3.20283e-15
1.566, 4.8708e-15
1.567, -7.11948e-15
1.568, 2.06979e-15
1.569, 2.12629e-15
1.57, 1.68217e-15
1.571, 7.93981e-16
1.572, -4.14746e-15
1.573, 3.40204e-15
1.574, 8.73988e-16
1.575, -5.86738e-15
1.576, 3.4585e-15
1.577, -6.75555e-15
1.578, 7.53532e-15
1.579, -2.75872e-15
1.58, 2.12624e-15
1.581, -1.50659e-16
1.582, -7.64371e-15
1.583, 3.9026e-15
1.584, 8.73982e-16
1.585, 3.45854e-15
1.586, -6.75553e-15
1.587, 6.95476e-15
1.588, -2.31465e-15
1.589, -2.31466e-15
1.59, 3.09457e-15
1.591, -3.64691e-15
1.592, 1.68214e-15
1.593, 1.1816e-15
1.594, 1.23809e-15
1.595, 3.9026e-15
1.596, -7.64373e-15
1.597, 7.37518e-16
1.598, 3.53851e-15
1.599, -2.2345e-15
1.6, 1.68216e-15
1.601, -5.42326e-15
1.602, 7.89939e-15
1.603, -6.6755e-15
1.604, 3.40204e-15
1.605, -5.94765e-16
1.606, 2.57034e-15
1.607, 3.45851e-15
1.608, -9.86416e-15
1.609, 6.06659e-15
1.61, 2.20624e-15
1.611, -1.06722e-14
1.612, 3.45852e-15
1.613, 3.98267e-15
1.614, -4.01099e-15
1.615, 3.49922e-16
1.616, 7.09137e-15
1.617, -5.34313e-15
1.618, 1.68215e-15
1.619, -1.79056e-15
1.62, 8.73972e-16
1.621, -1.87057e-15
1.622, 6.20308e-15
1.623, -3.56692e-15
1.624, -4.09099e-15
1.625, 2.65037e-15
1.626, -1.34647e-15
1.627, -5.3829e-16
1.628, 8.73973e-16
1.629, 5.75914e-15
1.63, -5.03563e-15
1.631, 2.12622e-15
1.632, -4.97919e-15
1.633, 7.01126e-15
1.634, -4.59157e-15
1.635, 2.93444e-16
1.636, -9.02368e-16
1.637, 2.12624e-15
1.638, 3.01443e-15
1.639, -2.75876e-15
1.64, -1.34646e-15
1.641, 2.65037e-15
1.642, -6.812e-15
1.643, 6.12305e-15
1.644, -5.38291e-16
1.645, -9.82377e-16
1.646, -1.50675e-16
1.647, 3.01443e-15
1.648, -6.31144e-15
1.649, 5.31498e-15
1.65, -4.09099e-15
1.651, 1.68215e-15
1.652, 2.95796e-15
1.653, -8.08782e-15
1.654, 1.14521e-14
1.655, -4.01097e-15
1.656, -4.09098e-15
1.657, 2.12622e-15
1.658, 1.18159e-15
1.659, -1.87057e-15
1.66, 3.45854e-15
1.661, -4.89917e-15
1.662, 2.12624e-15
1.663, -5.38285e-16
1.664, 2.57036e-15
1.665, -4.01095e-15
1.666, -1.48293e-15
1.667, 8.28705e-15
1.668, -9.86413e-15
1.669, 3.45855e-15
1.67, 1.23804e-15
1.671, 6.06658e-15
1.672, -9.34005e-15
1.673, 5.31491e-15
1.674, 1.68215e-15
1.675, -1.42646e-15
1.676, -5.42329e-15
1.677, 5.75875e-15
1.678, -2.81517e-15
1.679, 1.6257e-15
1.68, -3.20282e-15
1.681, 5.62254e-15
1.682, -2.37113e-15
1.683, -3.64691e-15
1.684, -1.03883e-15
1.685, 7.39887e-15
1.686, -6.75555e-15
1.687, 2.95796e-15
1.688, 2.95798e-15
1.689, -4.09101e-15
1.69, 2.93422e-16
1.691, -1.03883e-15
1.692, 1.68217e-15
1.693, 4.73434e-15
1.694, -1.03886e-15
1.695, -2.75874e-15
1.696, -3.70338e-15
1.697, 6.95475e-15
1.698, -2.23449e-15
1.699, -5.38277e-16
1.7, -4.09101e-15
1.701, 1.23804e-15
1.702, 3.98276e-15
1.703, -3.12284e-15
1.704, -1.50659e-16
1.705, 2.12622e-15
1.706, -2.75872e-15
1.707, 3.45848e-15
1.708, 2.9344e-16
1.709, -2.37113e-15
1.71, 1.31821e-15
1.711, -5.42329e-15
1.712, 5.67896e-15
1.713, -5.38276e-16
1.714, -4.58279e-16
1.715, 3.90263e-15
1.716, -1.25287e-14
1.717, 7.84293e-15
1.718, -1.42642e-15
1.719, -9.82389e-16
1.72, 6.20282e-15
1.721, 3.01443e-15
1.722, -2.75873e-15
1.723, -1.92704e-15
1.724, -4.5351e-15
1.725, -9.82394e-16
1.726, 8.42355e-15
1.727, -7.6437e-15
1.728, 3.90264e-15
1.729, -3.25928e-15
1.73, 4.79077e-15
1.731, -9.82347e-16
1.732, -1.87056e-15
1.733, -1.50659e-16
1.734, 5.7589e-15
1.735, -1.15605e-14
1.736, 4.79077e-15
1.737, 2.12624e-15
1.738, 1.68215e-15
1.739, -1.79056e-15
1.74, 2.06978e-15
1.741, -5.03565e-15
1.742, 1.68217e-15
1.743, 3.45852e-15
1.744, -2.7587e-15
1.745, -1.03884e-15
1.746, 8.73973e-16
1.747, 5.31489e-15
1.748, -4.53506e-15
1.749, 2.20629e-15
1.75, -5.34325e-15
1.751, 6.12305e-15
1.752, -2.23472e-15
1.753, -3.5669e-15
1.754, 2.12624e-15
1.755, 6.20306e-15
1.756, -4.45529e-15
1.757, -6.75552e-15
1.758, 3.09457e-15
1.759, 1.7622e-15
1.76, 1.68215e-15
1.761, -4.89917e-15
1.762, 8.42364e-15
1.763, -1.03082e-14
1.764, 4.42668e-15
1.765, 5.31489e-15
1.766, -8.14427e-15
1.767, 1.18962e-14
1.768, -7.64372e-15
1.769, 3.90259e-15
1.77, -1.12529e-14
1.771, 1.13957e-14
1.772, -7.11962e-15
1.773, -2.31465e-15
1.774, 1.23403e-14
1.775, -4.09098e-15
1.776, -3.56689e-15
1.777, -9.02371e-16
1.778, 3.40204e-15
1.779, -3.20282e-15
1.78, 1.68217e-15
1.781, 1.68215e-15
1.782, -2.81519e-15
1.783, 2.12623e-15
1.784, 1.23808e-15
1.785, 1.31823e-15
1.786, -6.31145e-15
1.787, 3.4585e-15
1.788, -1.50665e-16
1.789, -2.75872e-15
1.79, 1.68217e-15
1.791, 5.75914e-15
1.792, -1.20846e-14
1.793, 9.23168e-15
1.794, 2.93419e-16
1.795, 3.49897e-16
1.796, 2.12624e-15
1.797, -1.02282e-14
1.798, 4.79078e-15
1.799, 2.12624e-15
1.8, -8.08782e-15
1.801, 1.01999e-14
1.802, -6.812e-15
1.803, 7.39885e-15
1.804, -4.9792e-15
1.805, 2.12622e-15
1.806, -5.42329e-15
1.807, 8.28702e-15
1.808, -9.34004e-15
1.809, 2.20626e-15
1.81, -5.3829e-16
1.811, -5.38291e-16
1.812, 9.67578e-15
1.813, -9.34006e-15
1.814, 2.93444e-16
1.815, -1.50646e-16
1.816, 3.90261e-15
1.817, 2.06978e-15
1.818, 2.06981e-15
1.819, -8.97599e-15
1.82, 7.39885e-15
1.821, -2.81521e-15
1.822, -5.42325e-15
1.823, 1.62572e-15
1.824, 5.17841e-15
1.825, -1.42648e-15
1.826, -1.48291e-15
1.827, -2.37109e-15
1.828, -2.75874e-15
1.829, 1.27279e-14
1.83, -6.812e-15
1.831, -2.31464e-15
1.832, 1.6257e-15
1.833, 2.06976e-15
1.834, -5.34327e-15
1.835, 7.01125e-15
1.836, -4.53508e-15
1.837, 3.4585e-15
1.838, -8.00779e-15
1.839, 6.64713e-15
1.84, 2.06978e-15
1.841, -4.09099e-15
1.842, 7.94023e-16
1.843, 7.93989e-16
1.844, 3.40208e-15
1.845, -2.81517e-15
1.846, -8.45207e-15
1.847, 8.78758e-15
1.848, -9.41883e-17
1.849, -5.42325e-15
1.85, 6.20306e-15
1.851, -6.75555e-15
1.852, 7.4553e-15
1.853, -3.70339e-15
1.854, -5.3829e-16
1.855, 3.45851e-15
1.856, -1.41553e-17
1.857, -1.42648e-15
1.858, -1.42648e-15
1.859, 5.62254e-15
1.86, -5.86736e-15
1.861, 1.68217e-15
1.862, -2.67871e-15
1.863, 3.90261e-15
1.864, 7.93987e-16
1.865, -4.14744e-15
1.866, 2.12622e-15
1.867, 1.68217e-15
1.868, 1.23808e-15
1.869, -1.48293e-15
1.87, -3.56713e-15
1.871, -9.02446e-16
1.872, 4.79078e-15
1.873, -3.2028e-15
1.874, -5.38291e-16
1.875, -2.67872e-15
1.876, 8.28702e-15
1.877, -5.47974e-15
1.878, 7.93966e-16
1.879, 1.23808e-15
1.88, -3.64688e-15
1.881, 6.95478e-15
1.882, -4.01097e-15
1.883, -5.34315e-15
1.884, 7.4553e-15
1.885, -5.78729e-15
1.886, 5.75896e-15
1.887, -4.09099e-15
1.888, 4.29926e-16
1.889, 2.65035e-15
1.89, -2.75877e-15
1.891, 2.65048e-15
1.892, -1.79056e-15
1.893, 7.94012e-16
1.894, 3.5385e-15
1.895, -7.11963e-15
1.896, 3.90264e-15
1.897, -2.67871e-15
1.898, -1.34647e-15
1.899, 5.67897e-15
1.9, -5.34323e-15
1.901, 2.65039e-15
1.902, -5.94771e-16
1.903, 7.93981e-16
1.904, 1.23807e-15
1.905, -4.97916e-15
1.906, 7.39887e-15
1.907, -1.48293e-15
1.908, -3.56713e-15
1.909, 2.12624e-15
1.91, 4.79078e-15
1.911, -5.42325e-15
1.912, 3.09445e-15
1.913, -4.89919e-15
1.914, 2.5139e-15
1.915, -5.38291e-16
1.916, -1.42642e-15
1.917, -1.42648e-15
1.918, 8.28703e-15
1.919, -4.97918e-15
1.92, 1.23808e-15
1.921, -4.58298e-16
1.922, -1.87058e-15
1.923, 3.45851e-15
1.924, -4.14745e-15
1.925, 2.57032e-15
1.926, 7.93982e-16
1.927, 2.20627e-15
1.928, -2.75875e-15
1.929, -5.42326e-15
1.93, 6.9548e-15
1.931, -9.82371e-16
1.932, -9.8238e-16
1.933, -9.0234e-16
1.934, 1.23806e-15
1.935, -8.53192e-15
1.936, 9.67578e-15
1.937, -3.1228e-15
1.938, 3.40205e-15
1.939, -2.37112e-15
1.94, -2.31465e-15
1.941, 3.90262e-15
1.942, -1.42649e-15
1.943, 2.0698e-15
1.944, -2.23464e-15
1.945, 5.75896e-15
1.946, -4.53509e-15
1.947, -5.38277e-16
1.948, -4.09101e-15
1.949, 6.64717e-15
1.95, -3.70334e-15
1.951, 4.29023e-15
1.952, -7.19962e-15
1.953, 6.95478e-15
1.954, -8.14427e-15
1.955, 3.45854e-15
1.956, -1.48291e-15
1.957, -1.48294e-15
1.958, 7.9396e-16
1.959, 1.18164e-15
1.96, 1.62572e-15
1.961, 3.49907e-16
1.962, 3.40205e-15
1.963, -5.94765e-16
1.964, -4.09101e-15
1.965, 1.18162e-15
1.966, -5.94771e-16
1.967, 7.93981e-16
1.968, 4.29023e-15
1.969, -6.36789e-15
1.97, 2.65037e-15
1.971, -1.87057e-15
1.972, 3.90259e-15
1.973, -4.09102e-15
1.974, 2.20626e-15
1.975, -4.45509e-15
1.976, 1.00634e-14
1.977, -7.19961e-15
1.978, -1.87056e-15
1.979, 1.23809e-15
1.98, 2.95798e-15
1.981, -4.14744e-15
1.982, 3.98242e-15
1.983, -2.75876e-15
1.984, 1.68216e-15
1.985, 2.12625e-15
1.986, -5.34312e-15
1.987, -2.7587e-15
1.988, 7.0112e-15
1.989, -1.48293e-15
1.99, 2.12624e-15
1.991, -3.20281e-15
1.992, 3.53852e-15
1.993, -9.82347e-16
1.994, -1.87056e-15
1.995, 3.40203e-15
1.996, -4.53506e-15
1.997, -2.7587e-15
1.998, 2.65036e-15
1.999, -1.4265e-15
2, 5.23489e-15
2.001, -3.70339e-15
2.002, 7.93981e-16
2.003, 9.67577e-15
2.004, -1.03083e-14
2.005, 5.23488e-15
2.006, -3.20281e-15
2.007, -1.42646e-15
2.008, 3.01446e-15
2.009, 1.23808e-15
2.01, -4.97919e-15
2.011, 1.68215e-15
2.012, 1.23806e-15
2.013, -1.87053e-15
2.014, 1.23808e-15
2.015, 1.68217e-15
2.016, -2.75874e-15
2.017, 3.90262e-15
2.018, -3.20285e-15
2.019, 2.12622e-15
2.02, -4.09101e-15
2.021, -9.42137e-17
2.022, 7.9396e-16
2.023, 3.45851e-15
2.024, -4.53509e-15
2.025, 4.34668e-15
2.026, -2.7587e-15
2.027, 3.4585e-15
2.028, -5.4233e-15
2.029, 1.68217e-15
2.03, 7.93959e-16
2.031, -5.38285e-16
2.032, 1.68216e-15
2.033, -2.75873e-15
2.034, 4.79076e-15
2.035, -5.38296e-16
2.036, -6.31146e-15
2.037, 4.79078e-15
2.038, -3.64688e-15
2.039, 1.68215e-15
2.04, 1.23809e-15
2.041, 7.93959e-16
2.042, -2.31464e-15
2.043, 1.68217e-15
2.044, -1.4265e-15
2.045, 1.68218e-15
2.046, -1.87057e-15
2.047, 3.90259e-15
2.048, -4.5351e-15
2.049, 3.4585e-15
2.05, -6.75555e-15
2.051, 9.67576e-15
2.052, -3.20283e-15
2.053, 2.57034e-15
2.054, -9.8238e-16
2.055, -2.31464e-15
2.056, -5.38295e-16
2.057, 4.79077e-15
2.058, -3.20283e-15
2.059, -1.42645e-15
2.06, 1.68217e-15
2.061, 7.93981e-16
2.062, -2.31465e-15
2.063, -2.7587e-15
2.064, 6.56713e-15
2.065, -3.20279e-15
2.066, 3.49887e-16
2.067, 7.93981e-16
2.068, 7.93977e-16
2.069, -4.091e-15
2.07, -1.4265e-15
2.071, 4.3467e-15
2.072, -3.64688e-15
2.073, 1.23805e-15
2.074, -1.4265e-15
2.075, 1.68215e-15
2.076, 2.12624e-15
2.077, -4.09102e-15
2.078, 3.45855e-15
2.079, -6.31144e-15
2.08, 4.34667e-15
2.081, 7.93959e-16
2.082, 3.45851e-15
2.083, -5.42329e-15
2.084, 2.12623e-15
2.085, -1.42642e-15
2.086, -1.42648e-15
2.087, 2.12625e-15
2.088, 4.34668e-15
2.089, -2.75872e-15
2.09, -9.8238e-16
2.091, 2.12629e-15
2.092, -5.38301e-16
2.093, -2.75872e-15
2.094, 1.68215e-15
2.095, -3.2028e-15
2.096, 2.12623e-15
2.097, 4.79077e-15
2.098, -7.19962e-15
2.099, 7.93959e-16
2.1, 1.23809e-15
2.101, 3.49898e-16
2.102, -9.82378e-16
2.103, 1.23809e-15
2.104, 7.01125e-15
2.105, -1.07524e-14
2.106, 2.57033e-15
2.107, 3.49896e-16
2.108, 1.23806e-15
2.109, 1.23809e-15
2.11, -1.42649e-15
2.111, 5.67895e-15
2.112, -7.6437e-15
2.113, 1.23805e-15
2.114, 7.93959e-16
2.115, 3.90261e-15
2.116, -9.42009e-15
2.117, 5.2349e-15
2.118, 1.68217e-15
2.119, -9.41883e-17
2.12, -4.53508e-15
2.121, 3.01448e-15
2.122, -9.82389e-16
2.123, 4.79077e-15
2.124, 7.93989e-16
2.125, -9.42006e-15
2.126, 3.90262e-15
2.127, 2.57038e-15
2.128, -4.09101e-15
2.129, 1.23804e-15
2.13, 4.79077e-15
2.131, -5.3829e-16
2.132, -4.09099e-15
2.133, 3.49922e-16
2.134, 2.12624e-15
2.135, -4.09102e-15
2.136, 4.79077e-15
2.137, -2.31465e-15
2.138, 6.12305e-15
2.139, -4.97918e-15
2.14, -4.09099e-15
2.141, 3.90263e-15
2.142, -5.42325e-15
2.143, 3.45854e-15
2.144, 7.93981e-16
2.145, 6.56711e-15
2.146, -9.42006e-15
2.147, 4.34668e-15
2.148, -2.75875e-15
2.149, 2.12623e-15
2.15, 2.12626e-15
2.151, -3.20285e-15
2.152, -2.7587e-15
2.153, 3.90261e-15
2.154, -5.86737e-15
2.155, 6.12305e-15
2.156, 3.01444e-15
2.157, -2.31463e-15
2.158, -3.20282e-15
2.159, 5.67897e-15
2.16, -5.3829e-16
2.161, -6.31146e-15
2.162, 7.93981e-16
2.163, 3.90259e-15
2.164, -4.09099e-15
2.165, 2.12624e-15
2.166, 2.12626e-15
2.167, -5.42329e-15
2.168, 7.4553e-15
2.169, -7.6437e-15
2.17, 7.9396e-16
2.171, -3.20285e-15
2.172, 7.4553e-15
2.173, -3.20284e-15
2.174, 3.01443e-15
2.175, 7.93987e-16
2.176, -2.75875e-15
2.177, 2.12629e-15
2.178, -1.42649e-15
2.179, 3.90262e-15
2.18, -6.75556e-15
2.181, 2.12629e-15
2.182, 8.78757e-15
2.183, -9.86417e-15
2.184, 1.68217e-15
2.185, 7.45534e-15
2.186, -7.6437e-15
2.187, -4.09101e-15
2.188, 1.23809e-15
2.189, 3.90257e-15
2.19, 7.94023e-16
2.191, -4.09097e-15
2.192, 2.12626e-15
2.193, 1.68215e-15
2.194, -3.20281e-15
2.195, 2.12623e-15
2.196, 3.90257e-15
2.197, -1.42642e-15
2.198, -7.6437e-15
2.199, 3.90263e-15
2.2, -9.82347e-16
2.201, 1.68216e-15
2.202, 3.49897e-16
2.203, 4.79078e-15
2.204, -4.97918e-15
2.205, 7.93966e-16
2.206, 7.93986e-16
2.207, 1.68217e-15
2.208, -5.3829e-16
2.209, -4.97916e-15
2.21, -2.7587e-15
2.211, 3.90263e-15
2.212, 3.49922e-16
2.213, 1.23806e-15
2.214, -1.87051e-15
2.215, 3.49922e-16
2.216, -1.4265e-15
2.217, -5.38285e-16
2.218, 1.01198e-14
2.219, -6.31144e-15
2.22, -4.5351e-15
2.221, 3.90262e-15
2.222, -1.42642e-15
2.223, -1.87056e-15
2.224, 7.45532e-15
2.225, -3.20281e-15
2.226, -6.75555e-15
2.227, 1.01199e-14
2.228, -4.09097e-15
2.229, -9.41718e-17
2.23, 7.93982e-16
2.231, -1.42648e-15
2.232, 3.45854e-15
2.233, -9.8241e-16
2.234, -6.31143e-15
2.235, 3.90263e-15
2.236, 7.93987e-16
2.237, 2.57034e-15
2.238, -1.42648e-15
2.239, -1.42648e-15
2.24, 1.23809e-15
2.241, 3.49889e-16
2.242, 7.93981e-16
2.243, -1.42648e-15
2.244, -4.09101e-15
2.245, 4.79078e-15
2.246, -2.75873e-15
2.247, 4.79076e-15
2.248, -5.38296e-16
2.249, -9.86417e-15
2.25, 1.18962e-14
2.251, -1.07523e-14
2.252, 3.90262e-15
2.253, -5.38291e-16
2.254, 3.4585e-15
2.255, -1.42649e-15
2.256, 2.57036e-15
2.257, -7.64371e-15
2.258, 4.34668e-15
2.259, 3.45854e-15
2.26, -4.091e-15
2.261, 2.12629e-15
2.262, 1.68214e-15
2.263, -5.38249e-16
2.264, -5.86737e-15
2.265, 3.45852e-15
2.266, 3.45854e-15
2.267, -4.091e-15
2.268, -2.31465e-15
2.269, 9.67578e-15
2.27, -9.42007e-15
2.271, 6.12304e-15
2.272, -3.64694e-15
2.273, -2.31465e-15
2.274, 7.89939e-15
2.275, -6.75551e-15
2.276, 1.23805e-15
2.277, 3.45855e-15
2.278, -3.64691e-15
2.279, -1.87056e-15
2.28, 6.12308e-15
2.281, 3.49922e-16
2.282, -4.09098e-15
2.283, 1.68214e-15
2.284, -4.09102e-15
2.285, 4.79078e-15
2.286, 7.9395e-16
2.287, -2.31466e-15
2.288, 3.9026e-15
2.289, -6.31144e-15
2.29, 4.79077e-15
2.291, -2.75872e-15
2.292, 1.68215e-15
2.293, -4.091e-15
2.294, 2.12623e-15
2.295, 3.90262e-15
2.296, -4.97918e-15
2.297, -9.82347e-16
2.298, 3.49922e-16
2.299, 7.93986e-16
2.3, 9.23168e-15
2.301, -8.97599e-15
2.302, 4.79075e-15
2.303, -3.20284e-15
2.304, -1.87057e-15
2.305, 3.45848e-15
2.306, -4.09102e-15
2.307, 4.79077e-15
2.308, -2.31465e-15
2.309, 1.68216e-15
2.31, -2.7587e-15
2.311, -1.42642e-15
2.312, 7.9395e-16
2.313, 1.68217e-15
2.314, -2.75875e-15
2.315, 3.45855e-15
2.316, 1.68216e-15
2.317, -4.09101e-15
2.318, -9.42137e-17
2.319, 7.9396e-16
2.32, 1.23806e-15
2.321, -3.64691e-15
2.322, 3.45855e-15
2.323, 3.01443e-15
2.324, -3.20283e-15
2.325, 2.12622e-15
2.326, -1.87057e-15
2.327, -2.75875e-15
2.328, 4.3467e-15
2.329, 7.93982e-16
2.33, -1.42649e-15
2.331, -2.7587e-15
2.332, -5.38291e-16
2.333, 3.45854e-15
2.334, -5.38296e-16
2.335, -3.64694e-15
2.336, 2.12629e-15
2.337, 6.56714e-15
2.338, -5.86738e-15
2.339, -1.42642e-15
2.34, -1.42648e-15
2.341, 1.68217e-15
2.342, 3.9026e-15
2.343, -4.09099e-15
2.344, 3.49922e-16
2.345, 7.93981e-16
2.346, -1.42645e-15
2.347, -3.20283e-15
2.348, 3.90262e-15
2.349, 5.67895e-15
2.35, -1.20846e-14
2.351, 1.01199e-14
2.352, -2.31467e-15
2.353, -4.09101e-15
2.354, 6.56712e-15
2.355, 7.93987e-16
2.356, -4.97918e-15
2.357, -3.20285e-15
2.358, 3.90257e-15
2.359, 4.79077e-15
2.36, -7.6437e-15
2.361, 1.68217e-15
2.362, 3.9026e-15
2.363, -4.09101e-15
2.364, 3.49907e-16
2.365, 5.2349e-15
2.366, -4.09098e-15
2.367, 3.4585e-15
2.368, -5.4233e-15
2.369, 1.23806e-15
2.37, 4.3467e-15
2.371, -2.31464e-15
2.372, 1.23808e-15
2.373, -9.42137e-17
2.374, -1.42642e-15
2.375, -2.75872e-15
2.376, 1.23804e-15
2.377, 4.79076e-15
2.378, -5.38296e-16
2.379, -4.5351e-15
2.38, 7.93982e-16
2.381, -1.87056e-15
2.382, 3.9026e-15
2.383, -1.42648e-15
2.384, -5.86736e-15
2.385, 8.78761e-15
2.386, 1.23808e-15
2.387, -1.07523e-14
2.388, 7.01124e-15
2.389, 1.23808e-15
2.39, -4.97919e-15
2.391, 1.68216e-15
2.392, 3.01443e-15
2.393, -3.20281e-15
2.394, 1.68217e-15
2.395, 7.93959e-16
2.396, -4.09098e-15
2.397, -1.4265e-15
2.398, 6.12305e-15
2.399, 3.01444e-15
2.4, -9.86416e-15
2.401, 9.67578e-15
2.402, -3.20281e-15
2.403, 7.93981e-16
2.404, 4.79076e-15
2.405, -8.97599e-15
2.406, 3.01448e-15
2.407, -5.4233e-15
2.408, 6.56712e-15
2.409, -1.42649e-15
2.41, -1.42647e-15
2.411, 4.34671e-15
2.412, -2.31462e-15
2.413, -1.87056e-15
2.414, 2.57038e-15
2.415, -4.09097e-15
2.416, 2.12626e-15
2.417, 1.68215e-15
2.418, -4.091e-15
2.419, 3.01448e-15
2.42, -5.4233e-15
2.421, 7.4553e-15
2.422, -7.64371e-15
2.423, 3.90263e-15
2.424, -3.20285e-15
2.425, 2.57034e-15
2.426, 1.23809e-15
2.427, 2.12622e-15
2.428, 7.93987e-16
2.429, -2.75875e-15
2.43, 2.12629e-15
2.431, 1.68217e-15
2.432, -9.82389e-16
2.433, 1.23805e-15
2.434, 7.94023e-16
2.435, -1.07523e-14
2.436, 2.57034e-15
2.437, 9.23169e-15
2.438, -7.64374e-15
2.439, 3.49847e-16
2.44, 9.67578e-15
2.441, -1.07524e-14
2.442, 1.23808e-15
2.443, 3.45851e-15
2.444, -9.8238e-16
2.445, -2.31466e-15
2.446, 3.9026e-15
2.447, -9.8238e-16
2.448, -4.09101e-15
2.449, -1.42649e-15
2.45, 7.89939e-15
2.451, -7.6437e-15
2.452, 7.01126e-15
2.453, -7.64371e-15
2.454, 3.9026e-15
2.455, 1.23808e-15
2.456, -5.38301e-16
2.457, 3.90261e-15
2.458, -7.6437e-15
2.459, 2.57034e-15
2.46, -9.82378e-16
2.461, 1.68215e-15
2.462, 2.12624e-15
2.463, -4.09101e-15
2.464, 3.45852e-15
2.465, 7.94023e-16
2.466, -1.87053e-15
2.467, 1.23808e-15
2.468, -2.75875e-15
2.469, 3.4585e-15
2.47, -4.09101e-15
2.471, -9.42137e-17
2.472, 4.34667e-15
2.473, 4.7908e-15
2.474, -7.6437e-15
2.475, -4.09101e-15
2.476, 1.23809e-15
2.477, 3.90257e-15
2.478, 7.94023e-16
2.479, -4.09097e-15
2.48, 2.12626e-15
2.481, 1.68217e-15
2.482, 7.93982e-16
2.483, -1.4265e-15
2.484, 3.49922e-16
2.485, -9.82347e-16
2.486, 3.45851e-15
2.487, -6.75555e-15
2.488, 7.4553e-15
2.489, -2.31463e-15
2.49, -5.86735e-15
2.491, 5.67894e-15
2.492, -4.5351e-15
2.493, 2.12623e-15
2.494, 2.12628e-15
2.495, 3.49864e-16
2.496, 3.49922e-16
2.497, -2.31462e-15
2.498, 3.49904e-16
2.499, -5.38285e-16
2.5, 2.12624e-15
2.501, -1.87059e-15
2.502, 5.67896e-15
2.503, -7.64371e-15
2.504, -1.42642e-15
2.505, 5.2349e-15
2.506, 3.49864e-16
2.507, -2.7587e-15
2.508, -9.82378e-16
2.509, 7.93966e-16
2.51, 3.45849e-15
2.511, -6.31144e-15
2.512, 6.12304e-15
2.513, -4.09099e-15
2.514, -1.4265e-15
2.515, 6.12305e-15
2.516, -4.97918e-15
2.517, -1.4265e-15
2.518, 1.01198e-14
2.519, -8.53192e-15
2.52, -1.42645e-15
2.521, 3.90262e-15
2.522, -5.3829e-16
2.523, -1.42642e-15
2.524, -2.75875e-15
2.525, 5.67894e-15
2.526, -4.5351e-15
2.527, 8.78759e-15
2.528, -1.20846e-14
2.529, 2.12625e-15
2.53, 7.4553e-15
2.531, -1.42649e-15
2.532, -2.31464e-15
2.533, 6.56712e-15
2.534, -6.31146e-15
2.535, -1.42645e-15
2.536, -3.64691e-15
2.537, 2.12626e-15
2.538, 3.90262e-15
2.539, -5.86736e-15
2.54, 1.18962e-14
2.541, -5.86736e-15
2.542, -6.31146e-15
2.543, 4.79077e-15
2.544, 3.90257e-15
2.545, 3.9026e-15
2.546, -1.03082e-14
2.547, 1.68217e-15
2.548, 4.79078e-15
2.549, -3.2028e-15
2.55, -1.42647e-15
2.551, 2.12629e-15
2.552, 3.01443e-15
2.553, -2.7587e-15
2.554, -3.20283e-15
2.555, 2.12624e-15
2.556, 5.67895e-15
2.557, -1.07523e-14
2.558, 6.56714e-15
2.559, -9.82394e-16
2.56, 1.68218e-15
2.561, -1.87059e-15
2.562, 2.12629e-15
2.563, -9.82398e-16
2.564, -5.42328e-15
2.565, 1.0564e-14
2.566, -7.19961e-15
2.567, 1.68217e-15
2.568, -2.31466e-15
2.569, 6.56713e-15
2.57, -6.75555e-15
2.571, -1.4265e-15
2.572, 1.68217e-15
2.573, 9.67576e-15
2.574, -1.03083e-14
2.575, 7.93959e-16
2.576, 3.9026e-15
2.577, -4.5351e-15
2.578, -9.41718e-17
2.579, 7.93966e-16
2.58, 4.79078e-15
2.581, -3.2028e-15
2.582, -4.09097e-15
2.583, 1.23809e-15
2.584, 7.93981e-16
2.585, 4.34673e-15
2.586, -1.87051e-15
2.587, -9.82394e-16
2.588, -9.82394e-16
2.589, -9.82381e-16
2.59, 4.79078e-15
2.591, -9.82389e-16
2.592, 7.93966e-16
2.593, 2.57034e-15
2.594, -8.53192e-15
2.595, 3.90263e-15
2.596, -5.42325e-15
2.597, 3.01439e-15
2.598, 7.9396e-16
2.599, -5.3829e-16
2.6, -9.42137e-17
2.601, 3.01443e-15
2.602, 1.23806e-15
2.603, -2.7587e-15
2.604, 3.45851e-15
2.605, -5.42326e-15
2.606, 3.90259e-15
2.607, -5.86732e-15
2.608, 1.36725e-14
2.609, -9.42009e-15
2.61, 1.23808e-15
2.611, -3.20285e-15
2.612, 6.12304e-15
2.613, -1.87059e-15
2.614, -4.09099e-15
2.615, 7.9396e-16
2.616, -5.3829e-16
2.617, 2.57034e-15
2.618, -2.31465e-15
2.619, 7.01125e-15
2.62, -7.6437e-15
2.621, 7.45532e-15
2.622, -3.64693e-15
2.623, -4.09101e-15
2.624, 2.12625e-15
2.625, 7.93959e-16
2.626, -9.82394e-16
2.627, 4.3467e-15
2.628, -6.31146e-15
2.629, 2.12624e-15
2.63, 4.79078e-15
2.631, -5.42325e-15
2.632, 1.68217e-15
2.633, -2.75872e-15
2.634, 4.79078e-15
2.635, -3.2028e-15
2.636, 3.49891e-16
2.637, 2.12629e-15
2.638, -5.38301e-16
2.639, -1.87057e-15
2.64, 1.68217e-15
2.641, 7.93982e-16
2.642, -2.7587e-15
2.643, -1.42642e-15
2.644, -9.82389e-16
2.645, 6.56714e-15
2.646, -2.7587e-15
2.647, -2.75872e-15
2.648, 4.79078e-15
2.649, -3.2028e-15
2.65, 3.49891e-16
2.651, 2.12629e-15
2.652, 1.68215e-15
2.653, -3.20281e-15
2.654, 7.93981e-16
2.655, 6.12305e-15
2.656, -6.31147e-15
2.657, -3.64691e-15
2.658, 3.49891e-16
2.659, 3.01439e-15
2.66, -5.3829e-16
2.661, 1.23808e-15
2.662, 2.12629e-15
2.663, -3.20282e-15
2.664, 1.68217e-15
2.665, 3.01443e-15
2.666, -2.75873e-15
2.667, -2.75872e-15
2.668, 3.01443e-15
2.669, -2.31466e-15
2.67, -2.75872e-15
2.671, 4.79078e-15
2.672, -1.42648e-15
2.673, -2.31463e-15
2.674, -2.31465e-15
2.675, 9.67578e-15
2.676, -1.03083e-14
2.677, 3.90263e-15
2.678, 1.68214e-15
2.679, -2.75876e-15
2.68, 1.68216e-15
2.681, -4.9792e-15
2.682, 9.67579e-15
2.683, -8.53192e-15
2.684, 3.45852e-15
2.685, 1.68217e-15
2.686, -2.7587e-15
2.687, -5.38291e-16
2.688, -5.3829e-16
2.689, 2.12623e-15
2.69, 3.45855e-15
2.691, -2.31463e-15
2.692, -3.20282e-15
2.693, 4.79077e-15
2.694, -5.38291e-16
2.695, -4.97916e-15
2.696, 2.12624e-15
2.697, 1.68217e-15
2.698, 7.93982e-16
2.699, 1.68215e-15
2.7, -9.82394e-16
2.701, -2.31467e-15
2.702, -2.7587e-15
2.703, 7.93982e-16
2.704, 1.23807e-15
2.705, 3.45854e-15
2.706, -5.42325e-15
2.707, -1.87057e-15
2.708, 9.67576e-15
2.709, -8.08782e-15
2.71, 3.9026e-15
2.711, -1.42648e-15
2.712, 2.12625e-15
2.713, -4.09099e-15
2.714, 2.57038e-15
2.715, -2.75875e-15
2.716, 7.9396e-16
2.717, -5.3829e-16
2.718, -5.38291e-16
2.719, -5.38291e-16
2.72, 4.79076e-15
2.721, -7.64372e-15
2.722, 1.18962e-14
2.723, -4.97919e-15
2.724, -4.09099e-15
2.725, 1.01198e-14
2.726, -1.20846e-14
2.727, 7.45533e-15
2.728, -5.38277e-16
2.729, -2.75873e-15
2.73, -1.87058e-15
2.731, 3.9026e-15
2.732, -4.09101e-15
2.733, 2.12626e-15
2.734, 4.79079e-15
2.735, -4.5351e-15
2.736, 7.93982e-16
2.737, 7.93966e-16
2.738, -1.42648e-15
2.739, 1.68217e-15
2.74, 2.12624e-15
2.741, -2.75872e-15
2.742, -4.09101e-15
2.743, 7.89939e-15
2.744, -8.0878e-15
2.745, 9.67578e-15
2.746, -5.42325e-15
2.747, -5.42325e-15
2.748, 6.12304e-15
2.749, 7.93981e-16
2.75, 7.93977e-16
2.751, -5.3829e-16
2.752, -2.31467e-15
2.753, -1.87056e-15
2.754, -5.38291e-16
2.755, 3.4585e-15
2.756, -2.31466e-15
2.757, 2.57036e-15
2.758, -3.64688e-15
2.759, 4.79078e-15
2.76, -4.09101e-15
2.761, 3.01444e-15
2.762, -2.31466e-15
2.763, 3.45855e-15
2.764, 7.93987e-16
2.765, -2.75875e-15
2.766, -2.75873e-15
2.767, -9.82381e-16
2.768, 6.12305e-15
2.769, -9.82378e-16
2.77, -4.09099e-15
2.771, -5.38291e-16
2.772, 3.9026e-15
2.773, -4.09102e-15
2.774, 3.45855e-15
2.775, 7.93989e-16
2.776, 1.68215e-15
2.777, 2.12622e-15
2.778, -4.97918e-15
2.779, -9.82347e-16
2.78, -5.38294e-16
2.781, 3.4585e-15
2.782, -2.31465e-15
2.783, 4.79078e-15
2.784, -4.97918e-15
2.785, -1.4265e-15
2.786, 4.3467e-15
2.787, -3.64688e-15
2.788, 3.49891e-16
2.789, 2.12623e-15
2.79, 7.93982e-16
2.791, 3.49922e-16
2.792, -1.87057e-15
2.793, -1.42648e-15
2.794, 3.01446e-15
2.795, -4.091e-15
2.796, -1.42647e-15
2.797, 7.45532e-15
2.798, -7.64371e-15
2.799, 9.67578e-15
2.8, -6.31146e-15
2.801, 2.57035e-15
2.802, -4.09101e-15
2.803, 7.93982e-16
2.804, 3.45854e-15
2.805, -4.09101e-15
2.806, -9.82389e-16
2.807, 4.79082e-15
2.808, -9.41883e-17
2.809, -5.42325e-15
2.81, 7.93986e-16
2.811, 4.79082e-15
2.812, -9.41883e-17
2.813, -4.97918e-15
2.814, 3.49897e-16
2.815, 7.4553e-15
2.816, -4.53509e-15
2.817, -2.31467e-15
2.818, 7.93966e-16
2.819, 1.68217e-15
2.82, -3.20285e-15
2.821, 4.79081e-15
2.822, -2.75874e-15
2.823, -9.82342e-16
2.824, 3.45851e-15
2.825, -4.53508e-15
2.826, 2.57034e-15
2.827, 6.56712e-15
2.828, -6.31147e-15
2.829, -3.20285e-15
2.83, 7.93982e-16
2.831, 2.57038e-15
2.832, 7.93992e-16
2.833, -2.75874e-15
2.834, 7.4553e-15
2.835, -9.42005e-15
2.836, 6.12305e-15
2.837, -1.16405e-14
2.838, 7.45532e-15
2.839, 3.90262e-15
2.84, -9.41883e-17
2.841, -5.86738e-15
2.842, 2.12626e-15
2.843, -1.42647e-15
2.844, 2.57034e-15
2.845, 5.67895e-15
2.846, -8.53188e-15
2.847, 7.93982e-16
2.848, 2.57033e-15
2.849, -5.38285e-16
2.85, 3.90261e-15
2.851, -9.82394e-16
2.852, -3.64691e-15
2.853, 4.3467e-15
2.854, -4.09102e-15
2.855, 3.90261e-15
2.856, -3.20282e-15
2.857, 2.12622e-15
2.858, -4.53508e-15
2.859, 4.34668e-15
2.86, -3.20283e-15
2.861, 7.93959e-16
2.862, 1.23809e-15
2.863, -5.86732e-15
2.864, 9.6758e-15
2.865, -3.2028e-15
2.866, -2.75872e-15
2.867, 7.93986e-16
2.868, 9.23168e-15
2.869, -1.03082e-14
2.87, 1.23809e-15
2.871, 6.12303e-15
2.872, -9.86416e-15
2.873, 3.45851e-15
2.874, 7.93962e-16
2.875, 3.45851e-15
2.876, -2.75875e-15
2.877, -6.75555e-15
2.878, 7.01123e-15
2.879, 1.68214e-15
2.88, -2.75876e-15
2.881, 7.93991e-16
2.882, -4.97919e-15
2.883, 3.45852e-15
2.884, 3.01446e-15
2.885, -5.3829e-16
2.886, -1.87056e-15
2.887, 3.49898e-16
2.888, -5.3829e-16
2.889, -9.42137e-17
2.89, 3.01444e-15
2.891, -6.75553e-15
2.892, 2.57038e-15
2.893, 2.12625e-15
2.894, -1.87057e-15
2.895, 2.57033e-15
2.896, -4.09102e-15
2.897, 1.23809e-15
2.898, 4.34668e-15
2.899, 3.49922e-16
2.9, -3.20283e-15
2.901, 3.49847e-16
2.902, 1.23809e-15
2.903, -3.20282e-15
2.904, -1.42645e-15
2.905, 2.57034e-15
2.906, 4.79077e-15
2.907, -7.6437e-15
2.908, 3.01442e-15
2.909, 2.57034e-15
2.91, 7.93982e-16
2.911, -1.42649e-15
2.912, 2.12624e-15
2.913, -2.31462e-15
2.914, -2.31466e-15
2.915, 4.34669e-15
2.916, -5.38296e-16
2.917, -8.5319e-15
2.918, 7.89939e-15
2.919, -4.091e-15
2.92, -1.42647e-15
2.921, 1.27844e-14
2.922, -6.31144e-15
2.923, -3.64688e-15
2.924, -1.42645e-15
2.925, 1.23808e-15
2.926, 5.67894e-15
2.927, -4.53509e-15
2.928, 3.01445e-15
2.929, -4.5351e-15
2.93, 2.57034e-15
2.931, 7.93982e-16
2.932, 3.01443e-15
2.933, -9.42007e-15
2.934, 6.12304e-15
2.935, -4.53508e-15
2.936, 2.12629e-15
2.937, 7.45529e-15
2.938, -7.19962e-15
2.939, -9.82378e-16
2.94, 1.68215e-15
2.941, -3.20281e-15
2.942, 4.3467e-15
2.943, 1.23809e-15
2.944, 3.4585e-15
2.945, -6.31144e-15
2.946, 1.68216e-15
2.947, -3.2028e-15
2.948, -5.38291e-16
2.949, 3.45854e-15
2.95, -5.38296e-16
2.951, -4.09101e-15
2.952, 7.45529e-15
2.953, -5.42325e-15
2.954, 3.45855e-15
2.955, -1.42646e-15
2.956, -2.75873e-15
2.957, 4.79078e-15
2.958, -9.82389e-16
2.959, 1.23805e-15
2.96, -5.3829e-16
2.961, -1.87057e-15
2.962, -5.42329e-15
2.963, 3.90264e-15
2.964, 7.93962e-16
2.965, 3.9026e-15
2.966, -4.97918e-15
2.967, -5.38301e-16
2.968, 1.23806e-15
2.969, -9.41883e-17
2.97, -3.20281e-15
2.971, 5.67894e-15
2.972, -1.87059e-15
2.973, 1.68215e-15
2.974, -2.75872e-15
2.975, 1.68217e-15
2.976, 1.68215e-15
2.977, -2.75872e-15
2.978, 2.12624e-15
2.979, -2.75875e-15
2.98, -1.87056e-15
2.981, 3.9026e-15
2.982, -1.42648e-15
2.983, 1.68217e-15
2.984, -1.4265e-15
2.985, 7.93962e-16
2.986, -9.41883e-17
2.987, -4.091e-15
2.988, 7.4553e-15
2.989, -6.75556e-15
2.99, 1.23808e-15
2.991, 5.23489e-15
2.992, -2.75876e-15
2.993, -2.7587e-15
2.994, 2.12626e-15
2.995, 7.9396e-16
2.996, -8.5319e-15
2.997, 7.8994e-15
2.998, 3.9026e-15
2.999, -9.86417e-15
3, 3.90262e-15
3.001, 6.12303e-15
3.002, -4.53509e-15
3.003, 8.3435e-15
3.004, -1.16405e-14
3.005, 3.90263e-15
3.006, -5.86738e-15
3.007, 7.45534e-15
3.008, -1.87059e-15
3.009, 1.68217e-15
3.01, -2.31466e-15
3.011, 1.23807e-15
3.012, -2.7587e-15
3.013, 3.9026e-15
3.014, -4.09101e-15
3.015, 2.57032e-15
3.016, 7.94023e-16
3.017, -9.82394e-16
3.018, 2.12623e-15
3.019, -2.31464e-15
3.02, 1.68216e-15
3.021, -3.64691e-15
3.022, 2.12623e-15
3.023, -9.82394e-16
3.024, 1.68215e-15
3.025, 7.93982e-16
3.026, -2.75875e-15
3.027, 7.93966e-16
3.028, 4.79078e-15
3.029, -6.75553e-15
3.03, -9.82381e-16
3.031, 6.56713e-15
3.032, -1.87057e-15
3.033, -1.42648e-15
3.034, 2.12626e-15
3.035, -3.20281e-15
3.036, 2.12629e-15
3.037, 1.68217e-15
3.038, -2.31465e-15
3.039, 1.23806e-15
3.04, -3.20285e-15
3.041, 2.12624e-15
3.042, 7.93982e-16
3.043, 2.12624e-15
3.044, -1.87057e-15
3.045, -2.75875e-15
3.046, 1.68217e-15
3.047, -2.75872e-15
3.048, 1.68217e-15
3.049, 3.45852e-15
3.05, -2.7587e-15
3.051, -5.3829e-16
3.052, -5.3829e-16
3.053, 2.57034e-15
3.054, 7.93981e-16
3.055, 7.93977e-16
3.056, 1.23808e-15
3.057, -1.07523e-14
3.058, 7.01124e-15
3.059, 7.93987e-16
3.06, -4.09101e-15
3.061, 3.90261e-15
3.062, 7.93987e-16
3.063, -4.09101e-15
3.064, -5.38291e-16
3.065, 3.4585e-15
3.066, -2.31466e-15
3.067, 3.49904e-16
3.068, -1.42643e-15
3.069, 3.45854e-15
3.07, -1.42648e-15
3.071, -1.42645e-15
3.072, 7.93981e-16
3.073, 9.67577e-15
3.074, -1.07524e-14
3.075, 2.57034e-15
3.076, -5.3829e-16
3.077, 3.45851e-15
3.078, -4.09101e-15
3.079, -1.42647e-15
3.08, 6.56712e-15
3.081, -5.42326e-15
3.082, 3.45855e-15
3.083, -4.09098e-15
3.084, 3.49922e-16
3.085, 1.23806e-15
3.086, -9.41883e-17
3.087, -5.86737e-15
3.088, 2.57034e-15
3.089, 4.34667e-15
3.09, -3.64688e-15
3.091, 4.34668e-15
3.092, 3.49922e-16
3.093, 7.93989e-16
3.094, -3.20281e-15
3.095, -5.38285e-16
3.096, 2.57036e-15
3.097, -3.20282e-15
3.098, 7.93981e-16
3.099, 3.45853e-15
3.1, -3.2028e-15
3.101, -2.7587e-15
3.102, 3.90261e-15
3.103, -5.86737e-15
3.104, 3.90262e-15
3.105, 6.12304e-15
3.106, -7.6437e-15
3.107, 2.12629e-15
3.108, 5.67894e-15
3.109, -7.6437e-15
3.11, -1.42643e-15
3.111, 9.67578e-15
3.112, -8.53192e-15
3.113, -1.42645e-15
3.114, 4.79077e-15
3.115, -1.42649e-15
3.116, 4.34671e-15
3.117, -9.41883e-17
3.118, -4.97918e-15
3.119, -2.7587e-15
3.12, 7.45534e-15
3.121, -4.091e-15
3.122, 1.23809e-15
3.123, 3.9026e-15
3.124, -9.86416e-15
3.125, 4.79082e-15
3.126, 7.93959e-16
3.127, 3.45854e-15
3.128, -5.38296e-16
3.129, -6.31146e-15
3.13, 4.79078e-15
3.131, -4.97919e-15
3.132, 7.4553e-15
3.133, -4.97914e-15
3.134, -1.87056e-15
3.135, 3.90262e-15
3.136, -6.75553e-15
3.137, 5.67897e-15
3.138, 2.57036e-15
3.139, -7.64371e-15
3.14, 3.90263e-15
3.141, 3.49922e-16
3.142, -1.42647e-15
3.143, 2.57038e-15
3.144, 6.12304e-15
3.145, -8.5319e-15
3.146, 3.49905e-16
3.147, 2.12626e-15
3.148, 3.9026e-15
3.149, -7.64373e-15
3.15, 3.45854e-15
3.151, -5.38277e-16
3.152, -2.31465e-15
3.153, 3.01439e-15
3.154, 6.12304e-15
3.155, -1.03083e-14
3.156, 6.12304e-15
3.157, -4.09101e-15
3.158, 3.45852e-15
3.159, 7.94023e-16
3.16, -3.20283e-15
3.161, 3.49847e-16
3.162, 3.90257e-15
3.163, 4.34672e-15
3.164, -5.42325e-15
3.165, -8.0878e-15
3.166, 5.67896e-15
3.167, 7.0112e-15
3.168, -4.97918e-15
3.169, -5.42326e-15
3.17, 7.45529e-15
3.171, -4.09102e-15
3.172, 5.23488e-15
3.173, -5.4233e-15
3.174, 1.68217e-15
3.175, 1.68215e-15
3.176, -2.75872e-15
3.177, -1.4265e-15
3.178, 4.3467e-15
3.179, -5.86737e-15
3.18, 1.68215e-15
3.181, 1.68215e-15
3.182, -1.4265e-15
3.183, -1.42647e-15
3.184, 6.56712e-15
3.185, -4.09101e-15
3.186, 1.23804e-15
3.187, -3.64691e-15
3.188, 2.12623e-15
3.189, 3.01446e-15
3.19, -4.091e-15
3.191, -2.7587e-15
3.192, 4.34668e-15
3.193, 1.68215e-15
3.194, -3.20281e-15
3.195, 2.12629e-15
3.196, 1.68215e-15
3.197, 2.12624e-15
3.198, -7.64371e-15
3.199, 2.57038e-15
3.2, 3.45855e-15
3.201, -1.42646e-15
3.202, -4.09101e-15
3.203, 1.23807e-15
3.204, 4.79078e-15
3.205, -3.2028e-15
3.206, -5.3829e-16
3.207, 1.68217e-15
3.208, 3.49864e-16
3.209, -2.7587e-15
3.21, -9.82378e-16
3.211, 1.23809e-15
3.212, 4.79077e-15
3.213, -8.08779e-15
3.214, 4.79077e-15
3.215, -5.86737e-15
3.216, 3.90262e-15
3.217, 6.12304e-15
3.218, -7.64368e-15
3.219, -5.38295e-16
3.22, 1.01199e-14
3.221, -1.20846e-14
3.222, 1.23809e-15
3.223, 7.89939e-15
3.224, -4.53508e-15
3.225, 4.79077e-15
3.226, -7.64371e-15
3.227, 6.56713e-15
3.228, -4.09101e-15
3.229, -1.42645e-15
3.23, 2.12629e-15
3.231, 6.56714e-15
3.232, -9.42006e-15
3.233, 2.12626e-15
3.234, 1.68217e-15
3.235, 1.68215e-15
3.236, -1.87057e-15
3.237, -2.75875e-15
3.238, 4.3467e-15
3.239, 7.93982e-16
3.24, -2.7587e-15
3.241, -5.3829e-16
3.242, -1.42642e-15
3.243, -2.75875e-15
3.244, 5.67894e-15
3.245, -3.20281e-15
3.246, 2.57036e-15
3.247, -9.8238e-16
3.248, 4.79076e-15
3.249, -7.64371e-15
3.25, 3.90262e-15
3.251, -9.82394e-16
3.252, 1.68218e-15
3.253, -3.64688e-15
3.254, 1.68217e-15
3.255, 5.67895e-15
3.256, -7.64373e-15
3.257, -2.75874e-15
3.258, 1.41167e-14
3.259, -8.53191e-15
3.26, 7.93966e-16
3.261, -1.87056e-15
3.262, 2.12626e-15
3.263, -3.20285e-15
3.264, 1.68215e-15
3.265, 2.12624e-15
3.266, -4.09102e-15
3.267, 4.34668e-15
3.268, -9.82347e-16
3.269, -4.09097e-15
3.27, 1.68215e-15
3.271, 2.12624e-15
3.272, -2.31464e-15
3.273, 4.3467e-15
3.274, 3.49891e-16
3.275, -2.75875e-15
3.276, -4.97919e-15
3.277, 7.01126e-15
3.278, -3.20281e-15
3.279, 7.93966e-16
3.28, 3.45848e-15
3.281, -1.87059e-15
3.282, -4.53508e-15
3.283, 1.23809e-15
3.284, 3.90261e-15
3.285, -2.31465e-15
3.286, 6.12305e-15
3.287, -4.97918e-15
3.288, -5.86737e-15
3.289, 3.90262e-15
3.29, 3.45854e-15
3.291, -3.64688e-15
3.292, 3.90261e-15
3.293, -1.87057e-15
3.294, -2.75875e-15
3.295, 1.23807e-15
3.296, 3.45854e-15
3.297, -7.6437e-15
3.298, 3.90263e-15
3.299, 3.49922e-16
3.3, 7.93981e-16
3.301, 7.9395e-16
3.302, -4.53508e-15
3.303, 5.67895e-15
3.304, -2.75874e-15
3.305, 3.4585e-15
3.306, -3.20279e-15
3.307, 1.23804e-15
3.308, -3.20283e-15
3.309, 4.79077e-15
3.31, 7.93987e-16
3.311, -2.75875e-15
3.312, -2.75873e-15
3.313, 7.93966e-16
3.314, 1.68216e-15
3.315, 3.90262e-15
3.316, -7.19961e-15
3.317, 1.68215e-15
3.318, 4.3467e-15
3.319, -3.20281e-15
3.32, 7.93981e-16
3.321, -9.82384e-16
3.322, 5.67895e-15
3.323, -8.5319e-15
3.324, 4.34667e-15
3.325, -1.87057e-15
3.326, 1.68217e-15
3.327, 1.68215e-15
3.328, 7.93987e-16
3.329, -1.42648e-15
3.33, -4.09099e-15
3.331, 3.49922e-16
3.332, 2.12624e-15
3.333, 2.57032e-15
3.334, -4.97918e-15
3.335, -1.4265e-15
3.336, 5.23489e-15
3.337, -2.75878e-15
3.338, -5.38285e-16
3.339, 4.34668e-15
3.34, 7.93989e-16
3.341, -2.75875e-15
3.342, -1.87052e-15
3.343, 1.23807e-15
3.344, 1.68217e-15
3.345, -2.7587e-15
3.346, -9.82378e-16
3.347, 1.23809e-15
3.348, 7.01125e-15
3.349, -5.86735e-15
3.35, -3.20279e-15
3.351, 7.45532e-15
3.352, -5.42325e-15
3.353, 3.49922e-16
3.354, 1.23806e-15
3.355, -8.53192e-15
3.356, 7.45532e-15
3.357, 2.12626e-15
3.358, -6.75557e-15
3.359, 3.90262e-15
3.36, 3.9026e-15
3.361, -4.53508e-15
3.362, -2.31465e-15
3.363, 6.56713e-15
3.364, 3.01443e-15
3.365, -8.53188e-15
3.366, 1.23805e-15
3.367, 1.23809e-15
3.368, 7.93959e-16
3.369, -3.20282e-15
3.37, 3.45854e-15
3.371, -4.09101e-15
3.372, 5.23489e-15
3.373, -6.75555e-15
3.374, 4.79077e-15
3.375, 3.49922e-16
3.376, 3.49922e-16
3.377, -4.5351e-15
3.378, 9.67578e-15
3.379, -6.31146e-15
3.38, 3.45851e-15
3.381, 3.49922e-16
3.382, -9.82394e-16
3.383, -4.53509e-15
3.384, 4.79077e-15
3.385, -3.20282e-15
3.386, 2.12624e-15
3.387, -4.09102e-15
3.388, 3.45855e-15
3.389, 7.93989e-16
3.39, 1.68215e-15
3.391, 3.49922e-16
3.392, -4.09098e-15
3.393, 1.68214e-15
3.394, -4.97918e-15
3.395, 3.9026e-15
3.396, -1.42648e-15
3.397, 1.23808e-15
3.398, 4.3467e-15
3.399, -4.97919e-15
3.4, 1.23804e-15
3.401, -2.31464e-15
3.402, 3.45854e-15
3.403, -3.20281e-15
3.404, 2.12623e-15
3.405, -3.20283e-15
3.406, 7.45534e-15
3.407, -5.86738e-15
3.408, 3.4585e-15
3.409, -5.42326e-15
3.41, 3.45848e-15
3.411, 7.93982e-16
3.412, -1.42645e-15
3.413, 1.23806e-15
3.414, -4.53506e-15
3.415, 1.23809e-15
3.416, -1.87057e-15
3.417, 7.01125e-15
3.418, -6.31147e-15
3.419, 3.01443e-15
3.42, -2.75875e-15
3.421, 1.68217e-15
3.422, 3.45851e-15
3.423, -3.64695e-15
3.424, -2.31465e-15
3.425, 1.14521e-14
3.426, -1.20846e-14
3.427, 7.89939e-15
3.428, -1.42649e-15
3.429, -4.09102e-15
3.43, 4.34668e-15
3.431, 3.49922e-16
3.432, -1.87057e-15
3.433, -1.42648e-15
3.434, 2.12625e-15
3.435, -2.7587e-15
3.436, -1.42642e-15
3.437, 7.93981e-16
3.438, 7.01124e-15
3.439, -6.75555e-15
3.44, 1.23806e-15
3.441, -5.3829e-16
3.442, 2.57034e-15
3.443, 7.93981e-16
3.444, 3.49847e-16
3.445, 1.23805e-15
3.446, -3.20282e-15
3.447, -3.20282e-15
3.448, 1.23806e-15
3.449, 3.01439e-15
3.45, -1.87051e-15
3.451, -5.38291e-16
3.452, -5.3829e-16
3.453, -5.3829e-16
3.454, -5.38291e-16
3.455, 3.45854e-15
3.456, -1.42646e-15
3.457, 7.93966e-16
3.458, -4.09101e-15
3.459, 4.79082e-15
3.46, 7.93987e-16
3.461, -4.09101e-15
3.462, -5.38291e-16
3.463, -5.38291e-16
3.464, 7.9396e-16
3.465, 3.45851e-15
3.466, 3.49864e-16
3.467, -2.7587e-15
3.468, -5.38291e-16
3.469, -9.82378e-16
3.47, 3.45852e-15
3.471, 2.57038e-15
3.472, -3.2028e-15
3.473, -1.42645e-15
3.474, 1.23808e-15
3.475, 4.79077e-15
3.476, -7.6437e-15
3.477, -1.42643e-15
3.478, 4.79082e-15
3.479, 3.45854e-15
3.48, -1.87056e-15
3.481, -4.09101e-15
3.482, -1.42649e-15
3.483, 1.01198e-14
3.484, -3.20279e-15
3.485, -8.0878e-15
3.486, 1.68217e-15
3.487, 7.93959e-16
3.488, 7.9396e-16
3.489, 3.4585e-15
3.49, -5.4233e-15
3.491, 3.01442e-15
3.492, 7.93966e-16
3.493, 1.23804e-15
3.494, -3.20281e-15
3.495, 1.23808e-15
3.496, 3.45854e-15
3.497, -5.38296e-16
3.498, -8.08782e-15
3.499, 2.12626e-15
3.5, 7.01125e-15
3.501, -6.75551e-15
3.502, -9.69163e-16
3.503, 1.27976e-14
3.504, -1.07523e-14
3.505, 2.96217e-15
3.506, 3.63065e-16
3.507, -5.86732e-15
3.508, 1.09558e-14
3.509, -6.8078e-15
3.51, 3.90261e-15
3.511, -3.63374e-15
3.512, -1.03462e-15
3.513, 3.45855e-15
3.514, 8.07177e-16
3.515, -1.85735e-15
3.516, -4.09099e-15
3.517, 2.97666e-16
3.518, 3.9158e-15
3.519, -2.75874e-15
3.52, 1.6299e-15
3.521, 6.51491e-15
3.522, -9.42006e-15
3.523, 3.47172e-15
3.524, -2.81097e-15
3.525, 3.49898e-16
3.526, 2.58354e-15
3.527, -5.85415e-15
3.528, 8.78761e-15
3.529, -3.69913e-15
3.53, -5.25117e-16
3.531, 3.49907e-16
3.532, 6.51491e-15
3.533, -6.80777e-15
3.534, -1.42649e-15
3.535, 2.57032e-15
3.536, 7.93982e-16
3.537, 7.41743e-16
3.538, -2.81097e-15
3.539, -2.81098e-15
3.54, 4.79077e-15
3.541, -2.7587e-15
3.542, -9.82378e-16
3.543, 1.62994e-15
3.544, 1.62994e-15
3.545, -1.9228e-15
3.546, 6.56717e-15
3.547, -9.42007e-15
3.548, 3.90257e-15
3.549, 8.29129e-15
3.55, -1.21368e-14
3.551, 2.9622e-15
3.552, -1.4265e-15
3.553, 4.3467e-15
3.554, -3.64688e-15
3.555, 3.40632e-15
3.556, -5.90528e-16
3.557, -1.92282e-15
3.558, 3.49904e-16
3.559, -9.82342e-16
3.56, -9.82378e-16
3.561, 3.4063e-15
3.562, -2.81097e-15
3.563, 1.62991e-15
3.564, 4.79077e-15
3.565, -6.75555e-15
3.566, 2.12625e-15
3.567, 2.07402e-15
3.568, -1.92281e-15
3.569, 4.79077e-15
3.57, -8.07459e-15
3.571, 4.73854e-15
3.572, 1.23806e-15
3.573, 3.63057e-16
3.574, -8.10329e-17
3.575, -6.75552e-15
3.576, 6.95897e-15
3.577, -2.30142e-15
3.578, -4.5351e-15
3.579, 5.18261e-15
3.58, -1.46425e-16
3.581, -4.97916e-15
3.582, 5.24806e-15
3.583, 2.07402e-15
3.584, -4.53509e-15
3.585, 3.91582e-15
3.586, -6.29827e-15
3.587, -5.38295e-16
3.588, 7.84716e-15
3.589, -7.63049e-15
3.59, 5.67897e-15
3.591, -5.90534e-16
3.592, -3.25507e-15
3.593, 2.12629e-15
3.594, 3.47171e-15
3.595, -1.03605e-14
3.596, 7.01125e-15
3.597, -5.85418e-15
3.598, 1.14653e-14
3.599, -5.86738e-15
3.6, -4.14326e-15
3.601, 9.24488e-15
3.602, -9.42006e-15
3.603, 4.79077e-15
3.604, -4.53508e-15
3.605, 5.24808e-15
3.606, -1.4787e-15
3.607, 8.07177e-16
3.608, -4.97918e-15
3.609, 7.93959e-16
3.61, -1.4265e-15
3.611, 8.35671e-15
3.612, -3.25504e-15
3.613, -6.29827e-15
3.614, 1.18962e-14
3.615, -8.08779e-15
3.616, 4.3467e-15
3.617, 3.63065e-16
3.618, -3.69916e-15
3.619, -1.41327e-15
3.62, 2.12624e-15
3.621, 2.12626e-15
3.622, -6.31146e-15
3.623, 7.46848e-15
3.624, -1.92276e-15
3.625, -1.41326e-15
3.626, 1.23809e-15
3.627, -5.3829e-16
3.628, -9.41883e-17
3.629, -5.85414e-15
3.63, 7.40305e-15
3.631, -5.25101e-16
3.632, 3.49889e-16
3.633, -9.82392e-16
3.634, -1.87056e-15
3.635, 6.13624e-15
3.636, 7.41742e-16
3.637, -5.86737e-15
3.638, 3.91579e-15
3.639, -3.63373e-15
3.64, -2.31464e-15
3.641, 3.40628e-15
3.642, -3.63373e-15
3.643, 3.01444e-15
3.644, -4.14325e-15
3.645, 1.13999e-14
3.646, -1.43051e-14
3.647, 9.68896e-15
3.648, -2.36689e-15
3.649, -5.3829e-16
3.65, 8.07167e-16
3.651, 3.47173e-15
3.652, -3.20281e-15
3.653, 2.97658e-16
3.654, -3.63373e-15
3.655, 4.34668e-15
3.656, 1.18584e-15
3.657, -4.14325e-15
3.658, 4.79076e-15
3.659, -7.18643e-15
3.66, 1.18584e-15
3.661, 2.57036e-15
3.662, -3.63374e-15
3.663, 1.25126e-15
3.664, 3.01443e-15
3.665, 2.96219e-15
3.666, -4.96598e-15
3.667, 4.3467e-15
3.668, -5.47549e-15
3.669, 1.62992e-15
3.67, 4.79078e-15
3.671, -8.5319e-15
3.672, 1.68217e-15
3.673, 2.96219e-15
3.674, -1.46414e-16
3.675, 3.40624e-15
3.676, 7.93989e-16
3.677, -4.53509e-15
3.678, 1.23807e-15
3.679, -2.81094e-15
3.68, 2.96217e-15
3.681, 7.41742e-16
3.682, -2.75875e-15
3.683, 2.12629e-15
3.684, 1.68215e-15
3.685, -2.36689e-15
3.686, -3.25509e-15
3.687, 6.95896e-15
3.688, -8.5319e-15
3.689, 7.45534e-15
3.69, -8.53188e-15
3.691, 6.959e-15
3.692, -4.14326e-15
3.693, 1.18582e-15
3.694, 2.12622e-15
3.695, -2.75872e-15
3.696, 4.79078e-15
3.697, -5.03142e-15
3.698, 1.62994e-15
3.699, -5.90503e-16
3.7, -3.20285e-15
3.701, 2.57034e-15
3.702, 3.90263e-15
3.703, -7.25181e-15
3.704, 6.51491e-15
3.705, -5.42329e-15
3.706, 6.13626e-15
3.707, -3.25507e-15
3.708, 7.93981e-16
3.709, 3.91581e-15
3.71, -8.0746e-15
3.711, 4.3467e-15
3.712, 2.07399e-15
3.713, 3.47173e-15
3.714, -5.42325e-15
3.715, -4.58734e-15
3.716, 4.73851e-15
3.717, 1.68216e-15
3.718, 3.63065e-16
3.719, -2.36687e-15
3.72, -6.75555e-15
3.721, 7.02441e-15
3.722, 2.13946e-15
3.723, -5.3829e-16
3.724, -5.03143e-15
3.725, 3.9158e-15
3.726, -4.091e-15
3.727, 1.62994e-15
3.728, 4.73854e-15
3.729, -2.75875e-15
3.73, -5.85415e-15
3.731, 1.22881e-14
3.732, -4.09097e-15
3.733, -3.18965e-15
3.734, 3.47173e-15
3.735, -1.42648e-15
3.736, -1.92276e-15
3.737, -8.09929e-17
3.738, 2.12623e-15
3.739, -4.97914e-15
3.74, -5.38311e-16
3.741, 5.24803e-15
3.742, 2.97658e-16
3.743, -1.41326e-15
3.744, -4.09101e-15
3.745, 5.23489e-15
3.746, -2.75878e-15
3.747, 5.69216e-15
3.748, -1.03461e-15
3.749, -4.07779e-15
3.75, -9.4194e-17
3.751, 3.01443e-15
3.752, -4.09101e-15
3.753, 4.80395e-15
3.754, -5.47553e-15
3.755, -1.41325e-15
3.756, 9.6758e-15
3.757, -1.07524e-14
3.758, 6.56712e-15
3.759, -2.30147e-15
3.76, 3.85034e-15
3.761, 3.02764e-15
3.762, -1.87053e-15
3.763, -8.53188e-15
3.764, 6.12304e-15
3.765, 3.63055e-16
3.766, -1.92279e-15
3.767, -2.74553e-15
3.768, 2.57032e-15
3.769, 1.68215e-15
3.77, -3.20281e-15
3.771, 2.13944e-15
3.772, -3.69916e-15
3.773, 2.57038e-15
3.774, 3.02765e-15
3.775, -3.63373e-15
3.776, 1.23808e-15
3.777, -2.3669e-15
3.778, 2.13943e-15
3.779, -5.38291e-16
3.78, 2.96217e-15
3.781, -5.91962e-15
3.782, -5.38291e-16
3.783, 7.46851e-15
3.784, -5.47552e-15
3.785, 1.68214e-15
3.786, 2.13942e-15
3.787, 3.63065e-16
3.788, -7.64371e-15
3.789, 8.29129e-15
3.79, -4.52192e-15
3.791, -9.82347e-16
3.792, 2.07403e-15
3.793, -5.90534e-16
3.794, 1.23808e-15
3.795, 4.80397e-15
3.796, -8.58412e-15
3.797, 4.34671e-15
3.798, -3.63373e-15
3.799, 7.02444e-15
3.8, -2.75878e-15
3.801, -2.81098e-15
3.802, 3.47173e-15
3.803, -3.64693e-15
3.804, -2.3669e-15
3.805, 1.62989e-15
3.806, 1.23804e-15
3.807, 4.79077e-15
3.808, -1.87051e-15
3.809, -4.58733e-15
3.81, 3.40625e-15
3.811, -4.14326e-15
3.812, 4.34668e-15
3.813, -4.09101e-15
3.814, 3.45854e-15
3.815, 7.41755e-16
3.816, -5.90513e-16
3.817, -1.4787e-15
3.818, 2.57038e-15
3.819, -2.31464e-15
3.82, 3.45854e-15
3.821, -4.58732e-15
3.822, 3.40625e-15
3.823, -2.81097e-15
3.824, 3.49898e-16
3.825, -9.82378e-16
3.826, 1.23809e-15
3.827, 5.62674e-15
3.828, -6.80776e-15
3.829, 7.41757e-16
3.83, 4.79081e-15
3.831, -4.09097e-15
3.832, 1.68216e-15
3.833, -2.81096e-15
3.834, -1.47869e-15
3.835, 1.62994e-15
3.836, 1.68217e-15
3.837, 4.79077e-15
3.838, -1.03082e-14
3.839, 3.85035e-15
3.84, -1.03463e-15
3.841, 3.01439e-15
3.842, 8.07167e-16
3.843, 2.96221e-15
3.844, -8.97599e-15
3.845, 7.02441e-15
3.846, -2.30148e-15
3.847, -5.38291e-16
3.848, 1.18582e-15
3.849, -1.85737e-15
3.85, -2.7587e-15
3.851, 2.5181e-15
3.852, 5.62674e-15
3.853, -9.42007e-15
3.854, 7.02441e-15
3.855, -3.25508e-15
3.856, -1.42642e-15
3.857, 1.25127e-15
3.858, -2.30145e-15
3.859, 7.4553e-15
3.86, -5.47551e-15
3.861, 8.07167e-16
3.862, 4.3467e-15
3.863, -2.81097e-15
3.864, -1.92279e-15
3.865, 4.79078e-15
3.866, -4.52189e-15
3.867, 2.96221e-15
3.868, -5.86737e-15
3.869, 6.13624e-15
3.87, -1.85738e-15
3.871, -1.42647e-15
3.872, 6.51487e-15
3.873, -3.63373e-15
3.874, -5.38327e-16
3.875, 6.12308e-15
3.876, -3.20283e-15
3.877, -8.07461e-15
3.878, 4.29447e-15
3.879, 9.24487e-15
3.88, -9.86411e-15
3.881, -4.09099e-15
3.882, 1.68217e-15
3.883, 6.13626e-15
3.884, 7.4174e-16
3.885, -5.41008e-15
3.886, 1.68217e-15
3.887, 1.68215e-15
3.888, -3.20285e-15
3.889, 3.63084e-16
3.89, -1.03459e-15
3.891, 3.02764e-15
3.892, 3.49922e-16
3.893, -2.75872e-15
3.894, 4.79078e-15
3.895, -1.85738e-15
3.896, 1.62993e-15
3.897, 3.63075e-16
3.898, -4.53508e-15
3.899, 1.23808e-15
3.9, -5.38301e-16
3.901, 3.47168e-15
3.902, -4.14323e-15
3.903, 2.13942e-15
3.904, -1.42649e-15
3.905, 3.9026e-15
3.906, -4.53508e-15
3.907, 6.13625e-15
3.908, -7.69595e-15
3.909, -9.42137e-17
3.91, 7.46848e-15
3.911, -4.52188e-15
3.912, 7.93987e-16
3.913, -2.3669e-15
3.914, 1.69533e-15
3.915, -2.75872e-15
3.916, 4.29444e-15
3.917, -1.47873e-15
3.918, -5.3829e-16
3.919, 3.91578e-15
3.92, -7.69592e-15
3.921, 6.56716e-15
3.922, -3.18961e-15
3.923, 2.13943e-15
3.924, -4.091e-15
3.925, 3.40629e-15
3.926, -2.30145e-15
3.927, 7.93986e-16
3.928, 4.73853e-15
3.929, -7.69596e-15
3.93, 1.23809e-15
3.931, 3.4717e-15
3.932, -6.36367e-15
3.933, 3.90264e-15
3.934, -8.10126e-17
3.935, 2.13943e-15
3.936, -9.8238e-16
3.937, 1.1858e-15
3.938, -9.69176e-16
3.939, -9.82389e-16
3.94, 1.00676e-14
3.941, -1.3025e-14
3.942, 6.56713e-15
3.943, -5.42329e-15
3.944, 1.68216e-15
3.945, 2.07401e-15
3.946, 3.40625e-15
3.947, -3.69916e-15
3.948, -1.87057e-15
3.949, 4.79078e-15
3.95, -4.97918e-15
3.951, 2.96219e-15
3.952, -5.90528e-16
3.953, -2.36689e-15
3.954, 4.34668e-15
3.955, -2.31462e-15
3.956, -4.09097e-15
3.957, 2.07403e-15
3.958, -2.36689e-15
3.959, 3.85035e-15
3.96, -6.31144e-15
3.961, 3.90264e-15
3.962, 7.93962e-16
3.963, 4.73857e-15
3.964, 2.97658e-16
3.965, -4.58732e-15
3.966, 3.01446e-15
3.967, -5.3829e-16
3.968, -2.31467e-15
3.969, -1.03461e-15
3.97, 6.51487e-15
3.971, -1.92279e-15
3.972, -1.42648e-15
3.973, -7.64371e-15
3.974, 2.12626e-15
3.975, 7.84718e-15
3.976, -8.58407e-15
3.977, 7.8994e-15
3.978, 1.25127e-15
3.979, -8.58407e-15
3.98, 3.90262e-15
3.981, 5.69217e-15
3.982, -1.16273e-14
3.983, -9.82381e-16
3.984, 1.09558e-14
3.985, -8.07463e-15
3.986, 7.4553e-15
3.987, -4.14323e-15
3.988, -1.03463e-15
3.989, 4.79078e-15
3.99, -2.74552e-15
3.991, -1.9228e-15
3.992, -2.31465e-15
3.993, 1.14653e-14
3.994, -3.18965e-15
3.995, -9.86419e-15
3.996, 7.40305e-15
3.997, 3.47172e-15
3.998, -6.75551e-15
3.999, -1.47873e-15
4, 1.6299e-15
4.001, 9.67576e-15
4.002, -1.07524e-14
4.003, 3.45854e-15
4.004, -4.09101e-15
4.005, 2.57032e-15
4.006, 8.78763e-15
4.007, -1.20846e-14
4.008, 5.67896e-15
4.009, -3.64695e-15
4.01, 1.23809e-15
4.011, 3.90263e-15
4.012, -8.5319e-15
4.013, 4.79077e-15
4.014, 1.23807e-15
4.015, -8.08782e-15
4.016, 1.72253e-14
4.017, -1.25287e-14
4.018, -2.7587e-15
4.019, 9.23166e-15
4.02, -4.09101e-15
4.021, 1.23804e-15
4.022, -3.64691e-15
4.023, 1.23805e-15
4.024, 1.23808e-15
4.025, 2.12623e-15
4.026, -4.97919e-15
4.027, 6.12308e-15
4.028, -2.7587e-15
4.029, -9.82394e-16
4.03, 4.3467e-15
4.031, -2.31464e-15
4.032, -1.42645e-15
4.033, 4.79078e-15
4.034, -9.86419e-15
4.035, 3.90262e-15
4.036, 6.12304e-15
4.037, -1.20846e-14
4.038, 1.18962e-14
4.039, -8.97599e-15
4.04, 5.67897e-15
4.041, -1.42649e-15
4.042, 4.34668e-15
4.043, -7.6437e-15
4.044, 8.3435e-15
4.045, -8.97599e-15
4.046, 5.23489e-15
4.047, -4.97918e-15
4.048, 3.90263e-15
4.049, -1.87057e-15
4.05, -2.75876e-15
4.051, 1.68217e-15
4.052, -9.41718e-17
4.053, 7.93966e-16
4.054, 1.68216e-15
4.055, 7.89938e-15
4.056, -1.56373e-14
4.057, 1.45607e-14
4.058, -1.07523e-14
4.059, 6.56712e-15
4.06, -2.7587e-15
4.061, -1.42648e-15
4.062, 7.94012e-16
4.063, -9.82347e-16
4.064, 3.49922e-16
4.065, 2.12624e-15
4.066, -3.20281e-15
4.067, 4.34668e-15
4.068, 3.49891e-16
4.069, 1.23808e-15
4.07, 1.68217e-15
4.071, -8.53192e-15
4.072, 3.45852e-15
4.073, 4.79078e-15
4.074, -4.97918e-15
4.075, 1.23809e-15
4.076, 3.49922e-16
4.077, 7.93989e-16
4.078, 1.68217e-15
4.079, -2.75875e-15
4.08, -2.75873e-15
4.081, 7.93966e-16
4.082, 6.12304e-15
4.083, -5.42325e-15
4.084, 3.49922e-16
4.085, -9.82347e-16
4.086, -3.20285e-15
4.087, 1.23809e-15
4.088, -2.31465e-15
4.089, 1.23403e-14
4.09, -7.64374e-15
4.091, 2.12629e-15
4.092, 1.68215e-15
4.093, -1.42647e-15
4.094, -4.09101e-15
4.095, -5.38285e-16
4.096, 3.45852e-15
4.097, -2.75876e-15
4.098, 3.45851e-15
4.099, -5.3829e-16
4.1, -1.87051e-15
4.101, 3.90261e-15
4.102, -9.82394e-16
4.103, -2.75873e-15
4.104, 1.23807e-15
4.105, -6.31146e-15
4.106, 6.12304e-15
4.107, 7.4553e-15
4.108, -1.65255e-14
4.109, 9.23169e-15
4.11, 3.90262e-15
4.111, -6.31145e-15
4.112, -9.8237e-16
4.113, 1.23805e-15
4.114, 5.67898e-15
4.115, -3.20281e-15
4.116, -4.53509e-15
4.117, 1.0564e-14
4.118, -8.53192e-15
4.119, 2.57034e-15
4.12, -4.09101e-15
4.121, 7.45529e-15
4.122, -6.75553e-15
4.123, 1.23806e-15
4.124, -5.3829e-16
4.125, -5.38291e-16
4.126, -5.38291e-16
4.127, -1.42643e-15
4.128, 4.79082e-15
4.129, -5.38291e-16
4.13, -1.42642e-15
4.131, -2.7587e-15
4.132, 3.9026e-15
4.133, 1.23808e-15
4.134, -5.38301e-16
4.135, 7.93959e-16
4.136, -2.31464e-15
4.137, 1.68215e-15
4.138, -9.8238e-16
4.139, 1.23807e-15
4.14, -2.75873e-15
4.141, 4.34668e-15
4.142, 2.57034e-15
4.143, -8.53192e-15
4.144, 7.45534e-15
4.145, -8.08782e-15
4.146, 7.0112e-15
4.147, -4.09099e-15
4.148, -2.7587e-15
4.149, 1.23809e-15
4.15, 2.12626e-15
4.151, 7.93986e-16
4.152, 2.57034e-15
4.153, -2.75874e-15
4.154, -9.82378e-16
4.155, 2.12626e-15
4.156, -4.09101e-15
4.157, 3.90262e-15
4.158, -1.87051e-15
4.159, 1.23809e-15
4.16, 2.12625e-15
4.161, -4.09101e-15
4.162, 7.93982e-16
4.163, 2.12623e-15
4.164, -4.09101e-15
4.165, 3.01443e-15
4.166, -5.38291e-16
4.167, -1.42642e-15
4.168, -1.42648e-15
4.169, 6.56712e-15
4.17, -1.87057e-15
4.171, -4.09101e-15
4.172, 2.57032e-15
4.173, 7.45532e-15
4.174, -7.64368e-15
4.175, -3.20282e-15
4.176, 1.18962e-14
4.177, -1.07523e-14
4.178, 3.45854e-15
4.179, -3.20281e-15
4.18, 4.3467e-15
4.181, 7.93982e-16
4.182, 3.49922e-16
4.183, -4.09098e-15
4.184, 1.68214e-15
4.185, -4.97918e-15
4.186, 4.34668e-15
4.187, 1.23806e-15
4.188, -6.31144e-15
4.189, 2.57033e-15
4.19, 1.23809e-15
4.191, 3.90263e-15
4.192, -9.82394e-16
4.193, -4.53509e-15
4.194, 4.79077e-15
4.195, 7.93987e-16
4.196, -2.75875e-15
4.197, 2.12629e-15
4.198, 3.49864e-16
4.199, 3.49922e-16
4.2, -4.09098e-15
4.201, 3.49922e-16
4.202, -9.82347e-16
4.203, 1.68216e-15
4.204, -2.31465e-15
4.205, 6.12304e-15
4.206, 3.49922e-16
4.207, -1.16405e-14
4.208, 1.32285e-14
4.209, -5.42325e-15
4.21, -2.31465e-15
4.211, 2.57034e-15
4.212, 3.9026e-15
4.213, -5.42325e-15
4.214, -2.7587e-15
4.215, 4.34668e-15
4.216, -4.09101e-15
4.217, 5.23489e-15
4.218, -2.75878e-15
4.219, 1.68217e-15
4.22, 1.23809e-15
4.221, 6.12304e-15
4.222, -1.11964e-14
4.223, 3.01439e-15
4.224, -9.82378e-16
4.225, 1.23809e-15
4.226, 1.68217e-15
4.227, -3.64693e-15
4.228, 1.23808e-15
4.229, 1.23804e-15
4.23, -3.20283e-15
4.231, 3.45852e-15
4.232, 1.23809e-15
4.233, 3.9026e-15
4.234, -1.07524e-14
4.235, 4.34671e-15
4.236, 3.01446e-15
4.237, -3.20282e-15
4.238, 1.68215e-15
4.239, -5.86737e-15
4.24, 5.23489e-15
4.241, -4.97918e-15
4.242, 7.45534e-15
4.243, -7.64371e-15
4.244, 4.34668e-15
4.245, 1.68217e-15
4.246, -2.7587e-15
4.247, -5.38291e-16
4.248, -5.38291e-16
4.249, 3.01444e-15
4.25, -1.42646e-15
4.251, 3.01446e-15
4.252, 7.93987e-16
4.253, -1.42648e-15
4.254, -1.42648e-15
4.255, 1.68215e-15
4.256, -4.091e-15
4.257, 2.12629e-15
4.258, 6.56714e-15
4.259, -7.64371e-15
4.26, 1.68216e-15
4.261, -3.20285e-15
4.262, 7.93966e-16
4.263, 6.56712e-15
4.264, -4.09101e-15
4.265, -4.09099e-15
4.266, 8.78759e-15
4.267, -4.97919e-15
4.268, 3.45854e-15
4.269, -6.31147e-15
4.27, 7.93981e-16
4.271, 3.45853e-15
4.272, 7.93953e-16
4.273, -9.82394e-16
4.274, -3.20282e-15
4.275, 4.79077e-15
4.276, -5.38291e-16
4.277, -3.20285e-15
4.278, 1.68215e-15
4.279, -4.09099e-15
4.28, 3.90263e-15
4.281, -7.6437e-15
4.282, 1.01199e-14
4.283, -4.09101e-15
4.284, 1.68215e-15
4.285, -3.20281e-15
4.286, 4.3467e-15
4.287, -1.87056e-15
4.288, 6.12304e-15
4.289, -9.42003e-15
4.29, 1.68216e-15
4.291, 6.12305e-15
4.292, -6.75553e-15
4.293, 2.12625e-15
4.294, 4.34668e-15
4.295, -8.0878e-15
4.296, 5.67897e-15
4.297, -2.75872e-15
4.298, 1.23804e-15
4.299, 2.57032e-15
4.3, -1.87051e-15
4.301, -1.87056e-15
4.302, 3.45855e-15
4.303, 1.68216e-15
4.304, -9.42005e-15
4.305, 1.05639e-14
4.306, -7.6437e-15
4.307, 3.4585e-15
4.308, -4.53508e-15
4.309, 1.01199e-14
4.31, -8.0878e-15
4.311, 3.01444e-15
4.312, -3.20281e-15
4.313, 2.12629e-15
4.314, -1.42647e-15
4.315, 4.79077e-15
4.316, -8.97599e-15
4.317, 9.67576e-15
4.318, -3.20283e-15
4.319, 1.23808e-15
4.32, 2.12629e-15
4.321, -3.64692e-15
4.322, -3.64691e-15
4.323, -5.38291e-16
4.324, 3.4585e-15
4.325, 3.49864e-16
4.326, 2.12624e-15
4.327, -2.31462e-15
4.328, -1.42646e-15
4.329, -9.82381e-16
4.33, 1.68217e-15
4.331, 3.90262e-15
4.332, 3.49887e-16
4.333, -5.86738e-15
4.334, 3.4585e-15
4.335, -6.75555e-15
4.336, 7.4553e-15
4.337, -1.87051e-15
4.338, -5.38296e-16
4.339, 7.93982e-16
4.34, 7.93981e-16
4.341, 1.23807e-15
