sim_time, unit_box_Custom?world_angular_velocity/y
0.001, 9.38133e-17
0.002, 9.7375e-16
0.003, 8.11332e-18
0.004, 1.27227e-17
0.005, 5.60812e-18
0.006, 1.2882e-17
0.007, 9.32017e-18
0.008, 1.30414e-17
0.009, 8.59135e-18
0.01, 1.21349e-17
0.011, 9.8165e-18
0.012, 1.01626e-17
0.013, 1.03311e-17
0.014, 1.08549e-17
0.015, 1.22668e-17
0.016, 1.27906e-17
0.017, 9.22871e-18
0.018, 1.11736e-17
0.019, 1.22302e-17
0.02, 1.22211e-17
0.021, 6.1723e-18
0.022, 1.02488e-17
0.023, 1.18384e-17
0.024, 8.09884e-18
0.025, 1.09318e-17
0.026, 7.54762e-18
0.027, 1.00254e-17
0.028, 8.41751e-18
0.029, 1.32045e-17
0.03, 6.80048e-18
0.031, 1.37191e-17
0.032, 1.01572e-17
0.033, 1.05034e-17
0.034, 9.78369e-18
0.035, 8.35346e-18
0.036, 1.40286e-17
0.037, 1.06444e-17
0.038, 1.13458e-17
0.039, 7.78396e-18
0.04, 1.15051e-17
0.041, 9.54198e-18
0.042, 1.0421e-17
0.043, 1.25435e-17
0.044, 9.86977e-18
0.045, 9.1501e-18
0.046, 6.29876e-18
0.047, 1.1974e-17
0.048, 1.37412e-17
0.049, 8.58058e-18
0.05, 1.15912e-17
0.051, 9.98337e-18
0.052, 7.84257e-18
0.053, 1.10309e-17
0.054, 1.03112e-17
0.055, 8.70331e-18
0.056, 1.34903e-17
0.057, 7.26392e-18
0.058, 1.02746e-17
0.059, 1.0976e-17
0.06, 9.90102e-18
0.061, 1.02471e-17
0.062, 1.07709e-17
0.063, 1.1117e-17
0.064, 1.23513e-17
0.065, 8.43416e-18
0.066, 9.31318e-18
0.067, 9.4817e-18
0.068, 9.65018e-18
0.069, 1.07068e-17
0.07, 9.09896e-18
0.071, 9.62272e-18
0.072, 8.01485e-18
0.073, 1.40453e-17
0.074, 9.41763e-18
0.075, 1.08296e-17
0.076, 1.04652e-17
0.077, 1.15218e-17
0.078, 1.11574e-17
0.079, 6.52971e-18
0.08, 8.82984e-18
0.081, 1.2551e-17
0.082, 5.79173e-18
0.083, 1.37762e-17
0.084, 1.07472e-17
0.085, 1.16262e-17
0.086, 1.00184e-17
0.087, 1.07198e-17
0.088, 1.00001e-17
0.089, 7.32636e-18
0.09, 1.14028e-17
0.091, 9.26207e-18
0.092, 7.29893e-18
0.093, 1.1553e-17
0.094, 1.13663e-17
0.095, 7.98204e-18
0.096, 1.08151e-17
0.097, 7.96375e-18
0.098, 1.13297e-17
0.099, 9.54418e-18
0.1, 8.82449e-18
0.101, 1.16575e-17
0.102, 9.69437e-18
0.103, 6.48777e-18
0.104, 1.07419e-17
0.105, 1.12656e-17
0.106, 1.12565e-17
0.107, 8.04988e-18
0.108, 1.17711e-17
0.109, 8.91974e-18
0.11, 6.24606e-18
0.111, 1.352e-17
0.112, 8.3594e-18
0.113, 1.26135e-17
0.114, 6.56474e-18
0.115, 1.20623e-17
0.116, 1.24084e-17
0.117, 1.23993e-17
0.118, 8.83742e-18
0.119, 1.16704e-17
0.12, 1.21942e-17
0.121, 9.34286e-18
0.122, 9.33369e-18
0.123, 1.11009e-17
0.124, 1.18023e-17
0.125, 1.16155e-17
0.126, 8.94184e-18
0.127, 8.39979e-18
0.128, 1.42526e-17
0.129, 8.02619e-18
0.13, 1.2458e-17
0.131, 5.34337e-18
0.132, 1.33278e-17
0.133, 1.34963e-17
0.134, 9.93442e-18
0.135, 8.32655e-18
0.136, 1.36465e-17
0.137, 7.06481e-18
0.138, 8.12146e-18
0.139, 1.00663e-17
0.14, 1.02348e-17
0.141, 8.27168e-18
0.142, 1.3414e-17
0.143, 6.12175e-18
0.144, 1.01982e-17
0.145, 9.83381e-18
0.146, 1.10681e-17
0.147, 1.10589e-17
0.148, 1.15827e-17
0.149, 1.15735e-17
0.15, 9.96566e-18
0.151, 4.80508e-18
0.152, 1.52764e-17
0.153, 1.06488e-17
0.154, 1.1883e-17
0.155, 1.02752e-17
0.156, 7.60148e-18
0.157, 1.13227e-17
0.158, 9.35956e-18
0.159, 9.70566e-18
0.16, 7.74254e-18
0.161, 1.28848e-17
0.162, 7.01371e-18
0.163, 1.39324e-17
0.164, 9.12705e-18
0.165, 8.40735e-18
0.166, 1.28391e-17
0.167, 8.03377e-18
0.168, 1.13997e-17
0.169, 9.43656e-18
0.17, 8.18395e-18
0.171, 1.26157e-17
0.172, 8.52094e-18
0.173, 1.18869e-17
0.174, 9.92375e-18
0.175, 1.04475e-17
0.176, 9.72782e-18
0.177, 1.22056e-17
0.178, 1.00648e-17
0.179, 7.21345e-18
0.18, 1.28887e-17
0.181, 8.261e-18
0.182, 1.23375e-17
0.183, 1.16178e-17
0.184, 8.41117e-18
0.185, 1.01784e-17
0.186, 6.0836e-18
0.187, 1.15812e-17
0.188, 1.21049e-17
0.189, 9.60888e-18
0.19, 9.59975e-18
0.191, 9.41296e-18
0.192, 1.06473e-17
0.193, 1.13487e-17
0.194, 1.25829e-17
0.195, 4.93547e-18
0.196, 1.50515e-17
0.197, 8.82515e-18
0.198, 1.05924e-17
0.199, 8.98448e-18
0.2, 8.44241e-18
0.201, 1.32294e-17
0.202, 4.51612e-18
0.203, 1.26782e-17
0.204, 7.87291e-18
0.205, 1.12388e-17
0.206, 1.30061e-17
0.207, 6.95726e-18
0.208, 9.25738e-18
0.209, 8.36006e-18
0.21, 1.33247e-17
0.211, 8.69701e-18
0.212, 1.31288e-17
0.213, 7.43527e-18
0.214, 1.02683e-17
0.215, 9.01569e-18
0.216, 9.89473e-18
0.217, 1.00632e-17
0.218, 8.10009e-18
0.219, 1.28871e-17
0.22, 7.7265e-18
0.221, 1.23359e-17
0.222, 1.09057e-17
0.223, 1.08965e-17
0.224, 7.33466e-18
0.225, 1.15887e-17
0.226, 9.44798e-18
0.227, 9.97173e-18
0.228, 1.04955e-17
0.229, 8.53235e-18
0.23, 1.20759e-17
0.231, 1.18892e-17
0.232, 1.09918e-17
0.233, 1.02721e-17
0.234, 6.71029e-18
0.235, 1.07868e-17
0.236, 1.18434e-17
0.237, 1.18343e-17
0.238, 9.51586e-18
0.239, 1.00396e-17
0.24, 1.03857e-17
0.241, 8.95548e-18
0.242, 1.07227e-17
0.243, 1.24899e-17
0.244, 1.03491e-17
0.245, 1.14058e-17
0.246, 1.03308e-17
0.247, 1.12099e-17
0.248, 9.60201e-18
0.249, 1.01257e-17
0.25, 1.04719e-17
0.251, 7.79818e-18
0.252, 1.34733e-17
0.253, 8.49042e-18
0.254, 1.3988e-17
0.255, 9.18264e-18
0.256, 7.75241e-18
0.257, 1.53816e-17
0.258, 9.6881e-18
0.259, 7.36967e-18
0.26, 1.18014e-17
0.261, 1.17922e-17
0.262, 7.51985e-18
0.263, 9.81998e-18
0.264, 8.745e-18
0.265, 1.5486e-17
0.266, 7.83854e-18
0.267, 1.12045e-17
0.268, 9.5966e-18
0.269, 1.01204e-17
0.27, 1.13547e-17
0.271, 1.18784e-17
0.272, 1.24022e-17
0.273, 1.06167e-17
0.274, 1.00746e-17
0.275, 8.28908e-18
0.276, 1.34314e-17
0.277, 5.96152e-18
0.278, 1.12814e-17
0.279, 1.00288e-17
0.28, 1.09079e-17
0.281, 1.16092e-17
0.282, 9.1132e-18
0.283, 9.63696e-18
0.284, 1.01607e-17
0.285, 1.22832e-17
0.286, 1.2274e-17
0.287, 1.06662e-17
0.288, 9.94647e-18
0.289, 7.98331e-18
0.29, 1.38361e-17
0.291, 7.96502e-18
0.292, 1.06204e-17
0.293, 1.14994e-17
0.294, 9.00338e-18
0.295, 7.39553e-18
0.296, 1.44918e-17
0.297, 1.05747e-17
0.298, 1.14537e-17
0.299, 1.03787e-17
0.3, 7.70505e-18
0.301, 1.21368e-17
0.302, 8.39731e-18
0.303, 1.01645e-17
0.304, 6.78026e-18
0.305, 1.22778e-17
0.306, 1.15581e-17
0.307, 8.70681e-18
0.308, 1.2428e-17
0.309, 1.04649e-17
0.31, 9.74519e-18
0.311, 1.02689e-17
0.312, 9.72687e-18
0.313, 9.54008e-18
0.314, 8.64275e-18
0.315, 1.36074e-17
0.316, 8.97973e-18
0.317, 1.2168e-17
0.318, 1.12707e-17
0.319, 1.01957e-17
0.32, 8.58783e-18
0.321, 1.49736e-17
0.322, 8.74717e-18
0.323, 1.12249e-17
0.324, 1.13934e-17
0.325, 9.43028e-18
0.326, 8.88821e-18
0.327, 1.01225e-17
0.328, 9.40283e-18
0.329, 9.92658e-18
0.33, 1.15161e-17
0.331, 7.95428e-18
0.332, 1.27413e-17
0.333, 6.87016e-18
0.334, 1.13019e-17
0.335, 1.07598e-17
0.336, 8.79671e-18
0.337, 1.23403e-17
0.338, 9.48894e-18
0.339, 6.10472e-18
0.34, 9.47066e-18
0.341, 1.12379e-17
0.342, 1.21169e-17
0.343, 1.35288e-17
0.344, 6.59188e-18
0.345, 9.95781e-18
0.346, 9.41574e-18
0.347, 1.11829e-17
0.348, 1.17067e-17
0.349, 1.02765e-17
0.35, 9.55678e-18
0.351, 1.09687e-17
0.352, 9.89375e-18
0.353, 8.9964e-18
0.354, 1.16518e-17
0.355, 1.1465e-17
0.356, 9.67952e-18
0.357, 7.71638e-18
0.358, 1.23258e-17
0.359, 1.28495e-17
0.36, 7.33363e-18
0.361, 1.24759e-17
0.362, 9.80223e-18
0.363, 1.0326e-17
0.364, 9.42866e-18
0.365, 9.59715e-18
0.366, 9.41036e-18
0.367, 1.18881e-17
0.368, 1.27671e-17
0.369, 5.65252e-18
0.37, 1.32817e-17
0.371, 9.5422e-18
0.372, 8.11194e-18
0.373, 1.21884e-17
0.374, 1.07582e-17
0.375, 8.43978e-18
0.376, 1.3582e-17
0.377, 8.06618e-18
0.378, 1.24979e-17
0.379, 7.33733e-18
0.38, 1.05256e-17
0.381, 1.01612e-17
0.382, 8.19806e-18
0.383, 1.19193e-17
0.384, 8.17977e-18
0.385, 1.11904e-17
0.386, 9.2273e-18
0.387, 8.68525e-18
0.388, 1.25841e-17
0.389, 6.18003e-18
0.39, 1.2921e-17
0.391, 1.13132e-17
0.392, 1.14817e-17
0.393, 8.27504e-18
0.394, 1.1641e-17
0.395, 1.02108e-17
0.396, 1.07345e-17
0.397, 9.48189e-18
0.398, 7.34112e-18
0.399, 1.31939e-17
0.4, 8.03335e-18
0.401, 1.03335e-17
0.402, 8.37033e-18
0.403, 1.22692e-17
0.404, 1.0306e-17
0.405, 6.74418e-18
0.406, 1.17088e-17
0.407, 9.03517e-18
0.408, 9.73654e-18
0.409, 9.54976e-18
0.41, 1.06064e-17
0.411, 1.13078e-17
0.412, 1.11211e-17
0.413, 1.07566e-17
0.414, 1.07475e-17
0.415, 9.85016e-18
0.416, 9.13046e-18
0.417, 7.34497e-18
0.418, 1.37307e-17
0.419, 8.57013e-18
0.42, 1.30019e-17
0.421, 8.37418e-18
0.422, 1.38717e-17
0.423, 6.40188e-18
0.424, 1.261e-17
0.425, 1.26008e-17
0.426, 7.97316e-18
0.427, 1.29378e-17
0.428, 8.843e-18
0.429, 1.23866e-17
0.43, 1.16669e-17
0.431, 9.52611e-18
0.432, 7.91822e-18
0.433, 1.09289e-17
0.434, 8.43284e-18
0.435, 1.0733e-17
0.436, 9.65801e-18
0.437, 8.22776e-18
0.438, 1.23042e-17
0.439, 9.27528e-18
0.44, 7.48978e-18
0.441, 1.26321e-17
0.442, 9.78073e-18
0.443, 9.59395e-18
0.444, 1.13612e-17
0.445, 1.22402e-17
0.446, 1.22311e-17
0.447, 8.84678e-18
0.448, 8.12711e-18
0.449, 9.89434e-18
0.45, 8.4641e-18
0.451, 1.27182e-17
0.452, 7.55763e-18
0.453, 1.11012e-17
0.454, 1.03815e-17
0.455, 1.14382e-17
0.456, 1.07185e-17
0.457, 8.75534e-18
0.458, 1.01673e-17
0.459, 1.0691e-17
0.46, 1.12148e-17
0.461, 1.04951e-17
0.462, 8.35432e-18
0.463, 1.06544e-17
0.464, 1.029e-17
0.465, 1.04585e-17
0.466, 1.04494e-17
0.467, 1.02626e-17
0.468, 1.09639e-17
0.469, 1.23759e-17
0.47, 9.70221e-18
0.471, 6.8509e-18
0.472, 1.28813e-17
0.473, 7.72076e-18
0.474, 1.17972e-17
0.475, 1.30315e-17
0.476, 9.11439e-18
0.477, 1.01711e-17
0.478, 1.06948e-17
0.479, 8.19876e-18
0.48, 1.17423e-17
0.481, 1.12002e-17
0.482, 8.52655e-18
0.483, 1.15372e-17
0.484, 9.92932e-18
0.485, 7.07801e-18
0.486, 9.91102e-18
0.487, 9.90188e-18
0.488, 1.09586e-17
0.489, 1.29034e-17
0.49, 1.07626e-17
0.491, 8.97711e-18
0.492, 1.05667e-17
0.493, 1.33997e-17
0.494, 8.94966e-18
0.495, 9.65105e-18
0.496, 1.12406e-17
0.497, 1.1942e-17
0.498, 1.15776e-17
0.499, 8.01577e-18
0.5, 1.15593e-17
0.501, 9.41854e-18
0.502, 1.11857e-17
0.503, 1.01108e-17
0.504, 1.11674e-17
0.505, 9.38194e-18
0.506, 7.59645e-18
0.507, 1.43375e-17
0.508, 7.75581e-18
0.509, 1.20099e-17
0.51, 1.11126e-17
0.511, 8.08362e-18
0.512, 1.18048e-17
0.513, 1.17957e-17
0.514, 7.52324e-18
0.515, 9.82337e-18
0.516, 9.10369e-18
0.517, 1.1759e-17
0.518, 1.1217e-17
0.519, 1.0142e-17
0.52, 9.59996e-18
0.521, 1.0479e-17
0.522, 1.3312e-17
0.523, 8.86199e-18
0.524, 1.13397e-17
0.525, 1.07976e-17
0.526, 1.07885e-17
0.527, 9.35824e-18
0.528, 8.28327e-18
0.529, 1.21821e-17
0.53, 1.14624e-17
0.531, 7.18997e-18
0.532, 9.13482e-18
0.533, 1.00138e-17
0.534, 1.036e-17
0.535, 1.15943e-17
0.536, 9.4535e-18
0.537, 9.7996e-18
0.538, 1.19221e-17
0.539, 1.19129e-17
0.54, 1.17262e-17
0.541, 1.20723e-17
0.542, 1.17079e-17
0.543, 6.54727e-18
0.544, 8.13685e-18
0.545, 1.22133e-17
0.546, 1.16713e-17
0.547, 9.35285e-18
0.548, 8.10024e-18
0.549, 1.50189e-17
0.55, 8.79249e-18
0.551, 1.25137e-17
0.552, 8.41894e-18
0.553, 1.55152e-17
0.554, 1.07099e-17
0.555, 1.1056e-17
0.556, 9.62574e-18
0.557, 8.55079e-18
0.558, 1.60023e-17
0.559, 6.75613e-18
0.56, 1.40301e-17
0.561, 1.31327e-17
0.562, 8.86032e-18
0.563, 1.24039e-17
0.564, 1.00855e-17
0.565, 1.0254e-17
0.566, 1.14883e-17
0.567, 1.11239e-17
0.568, 1.20029e-17
0.569, 1.0395e-17
0.57, 8.60949e-18
0.571, 1.39294e-17
0.572, 8.23594e-18
0.573, 1.19571e-17
0.574, 1.14151e-17
0.575, 7.67554e-18
0.576, 1.21073e-17
0.577, 1.06771e-17
0.578, 7.82572e-18
0.579, 1.17246e-17
0.58, 1.10048e-17
0.581, 8.15351e-18
0.582, 1.223e-17
0.583, 1.00892e-17
0.584, 7.94842e-18
0.585, 1.23802e-17
0.586, 9.7065e-18
0.587, 8.09863e-18
0.588, 1.35962e-17
0.589, 8.61323e-18
0.59, 1.3045e-17
0.591, 6.81858e-18
0.592, 1.30267e-17
0.593, 6.62266e-18
0.594, 1.10544e-17
0.595, 1.37098e-17
0.596, 7.83867e-18
0.597, 1.33362e-17
0.598, 8.17564e-18
0.599, 1.10087e-17
0.6, 9.22316e-18
0.601, 1.01022e-17
0.602, 1.06259e-17
0.603, 1.2926e-17
0.604, 6.16674e-18
0.605, 1.21972e-17
0.606, 1.09446e-17
0.607, 1.25342e-17
0.608, 5.06434e-18
0.609, 1.48252e-17
0.61, 8.42111e-18
0.611, 1.10765e-17
0.612, 7.69226e-18
0.613, 1.14135e-17
0.614, 1.06938e-17
0.615, 9.6188e-18
0.616, 1.01425e-17
0.617, 1.13769e-17
0.618, 1.22559e-17
0.619, 1.24244e-17
0.62, 9.92832e-18
0.621, 7.78755e-18
0.622, 1.07982e-17
0.623, 1.11443e-17
0.624, 1.04246e-17
0.625, 8.63914e-18
0.626, 1.28932e-17
0.627, 6.31156e-18
0.628, 1.16315e-17
0.629, 1.28658e-17
0.63, 7.52756e-18
0.631, 1.12488e-17
0.632, 1.12396e-17
0.633, 9.09886e-18
0.634, 5.89225e-18
0.635, 1.24556e-17
0.636, 9.24902e-18
0.637, 1.19044e-17
0.638, 1.20729e-17
0.639, 8.51103e-18
0.64, 8.85717e-18
0.641, 1.32889e-17
0.642, 5.10854e-18
0.643, 1.18495e-17
0.644, 9.8864e-18
0.645, 9.16672e-18
0.646, 8.44703e-18
0.647, 1.25235e-17
0.648, 8.2511e-18
0.649, 1.28605e-17
0.65, 6.63407e-18
0.651, 1e-17
0.652, 9.8132e-18
0.653, 1.14028e-17
0.654, 1.01502e-17
0.655, 7.83179e-18
0.656, 1.11977e-17
0.657, 1.06557e-17
0.658, 1.1357e-17
0.659, 1.29466e-17
0.66, 5.65439e-18
0.661, 9.19796e-18
0.662, 9.72172e-18
0.663, 1.23771e-17
0.664, 1.29009e-17
0.665, 6.85211e-18
0.666, 1.03957e-17
0.667, 1.09194e-17
0.668, 1.03774e-17
0.669, 8.7695e-18
0.67, 1.14249e-17
0.671, 1.28368e-17
0.672, 5.18935e-18
0.673, 1.35291e-17
0.674, 8.72374e-18
0.675, 1.20897e-17
0.676, 1.22582e-17
0.677, 8.34101e-18
0.678, 7.62132e-18
0.679, 7.61219e-18
0.68, 1.31097e-17
0.681, 6.52807e-18
0.682, 1.20256e-17
0.683, 1.05954e-17
0.684, 1.07639e-17
0.685, 1.05771e-17
0.686, 1.11008e-17
0.687, 1.00259e-17
0.688, 1.01944e-17
0.689, 1.07181e-17
0.69, 1.0709e-17
0.691, 1.12327e-17
0.692, 1.03354e-17
0.693, 9.08279e-18
0.694, 9.9618e-18
0.695, 1.15514e-17
0.696, 1.17199e-17
0.697, 9.22383e-18
0.698, 9.74759e-18
0.699, 9.56079e-18
0.7, 1.16833e-17
0.701, 1.23847e-17
0.702, 1.20202e-17
0.703, 9.16892e-18
0.704, 7.38342e-18
0.705, 1.0927e-17
0.706, 1.10955e-17
0.707, 1.10863e-17
0.708, 1.14324e-17
0.709, 9.82458e-18
0.71, 9.1049e-18
0.711, 1.05168e-17
0.712, 1.10406e-17
0.713, 9.25507e-18
0.714, 1.10223e-17
0.715, 1.27895e-17
0.716, 9.58291e-18
0.717, 1.24159e-17
0.718, 1.36502e-17
0.719, 6.53566e-18
0.72, 1.20332e-17
0.721, 1.02477e-17
0.722, 9.17275e-18
0.723, 7.20961e-18
0.724, 1.3773e-17
0.725, 8.0795e-18
0.726, 1.41099e-17
0.727, 9.48228e-18
0.728, 7.69678e-18
0.729, 1.31943e-17
0.73, 8.38902e-18
0.731, 1.42418e-17
0.732, 8.01545e-18
0.733, 1.10261e-17
0.734, 1.10169e-17
0.735, 8.52091e-18
0.736, 9.93284e-18
0.737, 7.79207e-18
0.738, 1.25791e-17
0.739, 9.5501e-18
0.74, 8.83041e-18
0.741, 1.61043e-17
0.742, 8.27921e-18
0.743, 1.43097e-17
0.744, 7.37276e-18
0.745, 1.07387e-17
0.746, 8.24263e-18
0.747, 1.16086e-17
0.748, 1.0356e-17
0.749, 1.15902e-17
0.75, 9.98238e-18
0.751, 8.37451e-18
0.752, 1.42273e-17
0.753, 9.24441e-18
0.754, 7.63654e-18
0.755, 1.18907e-17
0.756, 1.06381e-17
0.757, 1.11618e-17
0.758, 1.0975e-17
0.759, 9.01186e-18
0.76, 9.35797e-18
0.761, 1.13028e-17
0.762, 1.1116e-17
0.763, 8.7976e-18
0.764, 1.39399e-17
0.765, 4.69367e-18
0.766, 1.53427e-17
0.767, 9.29388e-18
0.768, 6.97546e-18
0.769, 1.0519e-17
0.77, 1.10428e-17
0.771, 1.40534e-17
0.772, 9.2481e-18
0.773, 6.04149e-18
0.774, 1.3493e-17
0.775, 9.04298e-18
0.776, 1.16984e-17
0.777, 1.18668e-17
0.778, 9.54845e-18
0.779, 9.89456e-18
0.78, 9.88542e-18
0.781, 1.00539e-17
0.782, 1.14658e-17
0.783, 1.07462e-17
0.784, 8.42772e-18
0.785, 1.32148e-17
0.786, 7.6989e-18
0.787, 1.14201e-17
0.788, 7.50294e-18
0.789, 1.21123e-17
0.79, 1.10374e-17
0.791, 8.71898e-18
0.792, 9.95326e-18
0.793, 9.94412e-18
0.794, 9.22444e-18
0.795, 1.18798e-17
0.796, 1.02719e-17
0.797, 8.66406e-18
0.798, 1.22076e-17
0.799, 1.14879e-17
0.8, 9.88009e-18
0.801, 7.56165e-18
0.802, 1.2704e-17
0.803, 9.14211e-18
0.804, 1.12646e-17
0.805, 1.1966e-17
0.806, 1.24897e-17
0.807, 4.84227e-18
0.808, 1.26491e-17
0.809, 8.02141e-18
0.81, 1.42295e-17
0.811, 7.64783e-18
0.812, 1.11914e-17
0.813, 1.18928e-17
0.814, 1.24165e-17
0.815, 1.02758e-17
0.816, 7.06917e-18
0.817, 1.06127e-17
0.818, 1.07812e-17
0.819, 9.52862e-18
0.82, 8.27603e-18
0.821, 1.27078e-17
0.822, 6.30375e-18
0.823, 1.07355e-17
0.824, 1.12592e-17
0.825, 1.03619e-17
0.826, 6.97767e-18
0.827, 1.24752e-17
0.828, 7.13701e-18
0.829, 1.29898e-17
0.83, 1.03161e-17
0.831, 9.7741e-18
0.832, 1.17189e-17
0.833, 1.29532e-17
0.834, 9.39138e-18
0.835, 1.16915e-17
0.836, 1.27481e-17
0.837, 8.12048e-18
0.838, 1.23746e-17
0.839, 1.23654e-17
0.84, 8.44829e-18
0.841, 8.61677e-18
0.842, 1.09169e-17
0.843, 1.01972e-17
0.844, 7.16826e-18
0.845, 1.31987e-17
0.846, 7.32761e-18
0.847, 1.24699e-17
0.848, 7.66457e-18
0.849, 1.15634e-17
0.85, 9.60027e-18
0.851, 7.99241e-18
0.852, 1.36676e-17
0.853, 8.50697e-18
0.854, 1.25834e-17
0.855, 6.88996e-18
0.856, 1.14993e-17
0.857, 1.09573e-17
0.858, 1.09481e-17
0.859, 1.07613e-17
0.86, 1.07522e-17
0.861, 9.1443e-18
0.862, 9.66803e-18
0.863, 1.00141e-17
0.864, 9.82736e-18
0.865, 9.99585e-18
0.866, 1.05196e-17
0.867, 9.62225e-18
0.868, 9.25784e-18
0.869, 1.13803e-17
0.87, 1.15488e-17
0.871, 1.04738e-17
0.872, 9.39886e-18
0.873, 1.09884e-17
0.874, 1.36438e-17
0.875, 9.72668e-18
0.876, 8.29645e-18
0.877, 1.25506e-17
0.878, 4.90307e-18
0.879, 1.27099e-17
0.88, 8.0822e-18
0.881, 1.16258e-17
0.882, 1.09061e-17
0.883, 8.23236e-18
0.884, 1.08878e-17
0.885, 1.05233e-17
0.886, 9.62601e-18
0.887, 8.3734e-18
0.888, 1.47591e-17
0.889, 9.24328e-18
0.89, 7.28013e-18
0.891, 1.27777e-17
0.892, 9.21581e-18
0.893, 1.00948e-17
0.894, 9.37512e-18
0.895, 1.22082e-17
0.896, 1.48635e-17
0.897, 6.5055e-18
0.898, 9.87145e-18
0.899, 1.07505e-17
0.9, 1.14519e-17
0.901, 1.10874e-17
0.902, 1.03677e-17
0.903, 7.69406e-18
0.904, 1.07047e-17
0.905, 9.80738e-18
0.906, 1.03311e-17
0.907, 8.54562e-18
0.908, 1.33326e-17
0.909, 7.28383e-18
0.91, 1.22485e-17
0.911, 1.27722e-17
0.912, 6.72348e-18
0.913, 1.20434e-17
0.914, 1.29224e-17
0.915, 8.82766e-18
0.916, 1.27265e-17
0.917, 5.78955e-18
0.918, 1.14647e-17
0.919, 1.18109e-17
0.92, 1.00254e-17
0.921, 9.30567e-18
0.922, 1.10729e-17
0.923, 1.51494e-17
0.924, 1.17651e-17
0.925, 1.14007e-17
0.926, 8.37175e-18
0.927, 1.17377e-17
0.928, 9.24163e-18
0.929, 6.03504e-18
0.93, 1.11773e-17
0.931, 1.25892e-17
0.932, 8.13923e-18
0.933, 1.16828e-17
0.934, 1.00749e-17
0.935, 9.7105e-18
0.936, 1.23659e-17
0.937, 1.28896e-17
0.938, 8.43958e-18
0.939, 1.12726e-17
0.94, 1.23293e-17
0.941, 1.26754e-17
0.942, 6.9819e-18
0.943, 1.1236e-17
0.944, 9.98342e-18
0.945, 8.02029e-18
0.946, 1.31626e-17
0.947, 7.11382e-18
0.948, 1.0835e-17
0.949, 1.22469e-17
0.95, 1.1172e-17
0.951, 9.0312e-18
0.952, 9.19968e-18
0.953, 9.19056e-18
0.954, 1.09578e-17
0.955, 1.34355e-17
0.956, 1.20053e-17
0.957, 8.97632e-18
0.958, 1.02106e-17
0.959, 8.60274e-18
0.96, 1.3745e-17
0.961, 9.47262e-18
0.962, 9.99637e-18
0.963, 1.08754e-17
0.964, 1.35308e-17
0.965, 8.37021e-18
0.966, 1.38678e-17
0.967, 7.64138e-18
0.968, 1.20731e-17
0.969, 1.2064e-17
0.97, 9.74556e-18
0.971, 8.1377e-18
0.972, 1.15036e-17
0.973, 1.0251e-17
0.974, 1.113e-17
0.975, 9.69981e-18
0.976, 7.91432e-18
0.977, 1.18132e-17
0.978, 1.30475e-17
0.979, 8.41977e-18
0.98, 1.28515e-17
0.981, 5.55929e-18
0.982, 9.8134e-18
0.983, 1.22912e-17
0.984, 1.40584e-17
0.985, 9.78594e-18
0.986, 8.88862e-18
0.987, 1.01229e-17
0.988, 1.13572e-17
0.989, 1.22363e-17
0.99, 1.24048e-17
0.991, 9.73109e-18
0.992, 6.52448e-18
0.993, 1.02457e-17
0.994, 1.02365e-17
0.995, 1.00497e-17
0.996, 1.00405e-17
0.997, 8.25504e-18
0.998, 1.23315e-17
0.999, 1.25e-17
1, 6.27359e-18
1.001, 1.05277e-17
1.002, 1.21173e-17
1.003, 9.79887e-18
1.004, 1.03226e-17
1.005, 1.06687e-17
1.006, 8.70559e-18
1.007, 1.40255e-17
1.008, 8.15439e-18
1.009, 1.15203e-17
1.01, 9.02424e-18
1.011, 6.88348e-18
1.012, 1.11376e-17
1.013, 1.27272e-17
1.014, 6.85603e-18
1.015, 1.23536e-17
1.016, 1.23444e-17
1.017, 9.31549e-18
1.018, 9.83924e-18
1.019, 1.0363e-17
1.02, 9.28804e-18
1.021, 8.03543e-18
1.022, 1.05132e-17
1.023, 1.17475e-17
1.024, 1.13831e-17
1.025, 9.7752e-18
1.026, 9.05551e-18
1.027, 8.33581e-18
1.028, 1.56097e-17
1.029, 1.22255e-17
1.03, 9.72944e-18
1.031, 1.02532e-17
1.032, 9.71113e-18
1.033, 9.52434e-18
1.034, 9.87046e-18
1.035, 1.12824e-17
1.036, 1.00298e-17
1.037, 8.06662e-18
1.038, 1.08996e-17
1.039, 1.00023e-17
1.04, 1.21248e-17
1.041, 1.26485e-17
1.042, 6.06687e-18
1.043, 1.28079e-17
1.044, 1.04895e-17
1.045, 1.08356e-17
1.046, 9.76063e-18
1.047, 1.13502e-17
1.048, 9.38707e-18
1.049, 8.48975e-18
1.05, 1.52308e-17
1.051, 1.04254e-17
1.052, 1.09492e-17
1.053, 9.16367e-18
1.054, 1.12861e-17
1.055, 1.18099e-17
1.056, 1.18007e-17
1.057, 1.00152e-17
1.058, 7.87445e-18
1.059, 1.40825e-17
1.06, 8.74434e-18
1.061, 1.1755e-17
1.062, 8.54838e-18
1.063, 1.08485e-17
1.064, 1.08393e-17
1.065, 8.52093e-18
1.066, 1.06434e-17
1.067, 1.0279e-17
1.068, 1.25791e-17
1.069, 9.55014e-18
1.07, 1.23832e-17
1.071, 1.39728e-17
1.072, 6.68054e-18
1.073, 9.51356e-18
1.074, 1.14584e-17
1.075, 1.23375e-17
1.076, 1.09072e-17
1.077, 8.5888e-18
1.078, 1.30206e-17
1.079, 6.08359e-18
1.08, 1.19364e-17
1.081, 9.79565e-18
1.082, 8.18778e-18
1.083, 1.26195e-17
1.084, 6.74841e-18
1.085, 1.36671e-17
1.086, 1.04605e-17
1.087, 8.8526e-18
1.088, 1.32844e-17
1.089, 7.05794e-18
1.09, 1.1312e-17
1.091, 1.04147e-17
1.092, 1.04055e-17
1.093, 8.79769e-18
1.094, 1.46505e-17
1.095, 5.22667e-18
1.096, 1.32111e-17
1.097, 8.40581e-18
1.098, 1.39034e-17
1.099, 8.92044e-18
1.1, 7.31258e-18
1.101, 1.3343e-17
1.102, 8.00481e-18
1.103, 1.1726e-17
1.104, 9.05234e-18
1.105, 9.75373e-18
1.106, 8.67878e-18
1.107, 1.45316e-17
1.108, 1.23908e-17
1.109, 9.53948e-18
1.11, 9.53034e-18
1.111, 8.45537e-18
1.112, 1.69727e-17
1.113, 7.19363e-18
1.114, 1.14477e-17
1.115, 1.10833e-17
1.116, 1.26729e-17
1.117, 6.80177e-18
1.118, 1.14111e-17
1.119, 1.28231e-17
1.12, 6.59667e-18
1.121, 1.10284e-17
1.122, 9.24292e-18
1.123, 8.34559e-18
1.124, 1.34879e-17
1.125, 6.72856e-18
1.126, 1.41801e-17
1.127, 9.90771e-18
1.128, 1.22078e-17
1.129, 1.2021e-17
1.13, 1.07684e-17
1.131, 8.62765e-18
1.132, 1.30594e-17
1.133, 5.7672e-18
1.134, 1.03766e-17
1.135, 1.21438e-17
1.136, 1.30228e-17
1.137, 5.55297e-18
1.138, 9.80707e-18
1.139, 1.15743e-17
1.14, 9.61114e-18
1.141, 6.5822e-18
1.142, 1.15468e-17
1.143, 1.29588e-17
1.144, 6.73238e-18
1.145, 9.56539e-18
1.146, 1.06221e-17
1.147, 1.23893e-17
1.148, 1.07814e-17
1.149, 8.28535e-18
1.15, 1.37829e-17
1.151, 6.66832e-18
1.152, 1.00342e-17
1.153, 1.14462e-17
1.154, 1.17923e-17
1.155, 8.94095e-18
1.156, 6.97783e-18
1.157, 1.38965e-17
1.158, 9.80169e-18
1.159, 1.15689e-17
1.16, 1.29808e-17
1.161, 8.53079e-18
1.162, 1.33178e-17
1.163, 7.26906e-18
1.164, 1.09903e-17
1.165, 9.73765e-18
1.166, 8.48505e-18
1.167, 1.39826e-17
1.168, 8.82203e-18
1.169, 1.18327e-17
1.17, 1.1113e-17
1.171, 1.02157e-17
1.172, 8.25253e-18
1.173, 1.25066e-17
1.174, 7.70133e-18
1.175, 1.2666e-17
1.176, 6.26193e-18
1.177, 1.10489e-17
1.178, 1.17503e-17
1.179, 1.35176e-17
1.18, 7.29116e-18
1.181, 1.06571e-17
1.182, 8.16101e-18
1.183, 1.02835e-17
1.184, 6.89927e-18
1.185, 1.02652e-17
1.186, 9.01259e-18
1.187, 8.11526e-18
1.188, 1.21917e-17
1.189, 9.87334e-18
1.19, 1.07523e-17
1.191, 1.1809e-17
1.192, 1.03788e-17
1.193, 8.77092e-18
1.194, 1.21369e-17
1.195, 1.23053e-17
1.196, 7.32237e-18
1.197, 8.37903e-18
1.198, 1.3699e-17
1.199, 7.82784e-18
1.2, 1.33254e-17
1.201, 8.52008e-18
1.202, 1.384e-17
1.203, 7.96889e-18
1.204, 1.34664e-17
1.205, 7.59531e-18
1.206, 1.04283e-17
1.207, 1.16626e-17
1.208, 1.2364e-17
1.209, 1.07562e-17
1.21, 8.08248e-18
1.211, 1.12708e-17
1.212, 1.01958e-17
1.213, 1.01867e-17
1.214, 7.33532e-18
1.215, 1.21224e-17
1.216, 1.33566e-17
1.217, 5.70917e-18
1.218, 1.01409e-17
1.219, 1.08423e-17
1.22, 1.36753e-17
1.221, 9.75817e-18
1.222, 8.50556e-18
1.223, 1.13386e-17
1.224, 1.27505e-17
1.225, 5.81357e-18
1.226, 1.1844e-17
1.227, 1.25454e-17
1.228, 8.80592e-18
1.229, 1.28824e-17
1.23, 8.25473e-18
1.231, 1.30417e-17
1.232, 8.23644e-18
1.233, 1.19576e-17
1.234, 8.75102e-18
1.235, 1.24722e-17
1.236, 6.0682e-18
1.237, 1.29869e-17
1.238, 9.42501e-18
1.239, 9.94875e-18
1.24, 1.20712e-17
1.241, 1.33055e-17
1.242, 7.61206e-18
1.243, 1.31096e-17
1.244, 9.01481e-18
1.245, 7.7622e-18
1.246, 1.18387e-17
1.247, 1.09414e-17
1.248, 9.68875e-18
1.249, 7.1927e-18
1.25, 1.30455e-17
1.251, 6.99678e-18
1.252, 1.14285e-17
1.253, 9.64303e-18
1.254, 1.08773e-17
1.255, 1.05129e-17
1.256, 1.17472e-17
1.257, 1.10275e-17
1.258, 9.06436e-18
1.259, 9.05519e-18
1.26, 8.69076e-18
1.261, 1.31225e-17
1.262, 7.42902e-18
1.263, 1.32819e-17
1.264, 9.00943e-18
1.265, 1.07767e-17
1.266, 1.20109e-17
1.267, 1.0936e-17
1.268, 1.23479e-17
1.269, 1.21611e-17
1.27, 8.95455e-18
1.271, 9.47831e-18
1.272, 1.00021e-17
1.273, 9.81528e-18
1.274, 1.21154e-17
1.275, 1.3705e-17
1.276, 6.41276e-18
1.277, 8.89052e-18
1.278, 1.06577e-17
1.279, 1.24249e-17
1.28, 1.22381e-17
1.281, 9.03155e-18
1.282, 8.31186e-18
1.283, 1.43423e-17
1.284, 9.53702e-18
1.285, 8.46205e-18
1.286, 1.23609e-17
1.287, 1.2707e-17
1.288, 6.12534e-18
1.289, 1.19782e-17
1.29, 1.26795e-17
1.291, 7.51895e-18
1.292, 1.31942e-17
1.293, 7.50065e-18
1.294, 9.97841e-18
1.295, 1.12127e-17
1.296, 1.03154e-17
1.297, 1.04839e-17
1.298, 1.10076e-17
1.299, 9.93265e-18
1.3, 1.04564e-17
1.301, 8.49326e-18
1.302, 1.54119e-17
1.303, 7.94205e-18
1.304, 1.16632e-17
1.305, 8.63428e-18
1.306, 1.3066e-17
1.307, 9.68181e-18
1.308, 8.96213e-18
1.309, 8.24242e-18
1.31, 1.55163e-17
1.311, 1.2665e-17
1.312, 6.79388e-18
1.313, 1.28243e-17
1.314, 9.26246e-18
1.315, 1.10297e-17
1.316, 1.10205e-17
1.317, 1.08337e-17
1.318, 1.24233e-17
1.319, 1.04602e-17
1.32, 1.06287e-17
1.321, 1.20406e-17
1.322, 9.72219e-18
1.323, 1.02459e-17
1.324, 9.52621e-18
1.325, 1.11158e-17
1.326, 1.03961e-17
1.327, 1.1808e-17
1.328, 8.60144e-18
1.329, 1.30332e-17
1.33, 5.74098e-18
1.331, 1.26596e-17
1.332, 7.32142e-18
1.333, 1.37071e-17
1.334, 8.90183e-18
1.335, 8.00449e-18
1.336, 1.40349e-17
1.337, 1.02955e-17
1.338, 9.04286e-18
1.339, 1.04548e-17
1.34, 8.49165e-18
1.341, 1.54103e-17
1.342, 9.18389e-18
1.343, 9.35238e-18
1.344, 7.56689e-18
1.345, 1.32421e-17
1.346, 9.14731e-18
1.347, 1.19803e-17
1.348, 1.37475e-17
1.349, 8.40931e-18
1.35, 1.28411e-17
1.351, 5.54884e-18
1.352, 1.08688e-17
1.353, 1.17478e-17
1.354, 9.60703e-18
1.355, 1.01308e-17
1.356, 9.41106e-18
1.357, 1.10007e-17
1.358, 1.02809e-17
1.359, 1.00942e-17
1.36, 1.18614e-17
1.361, 1.11417e-17
1.362, 8.82325e-18
1.363, 1.36103e-17
1.364, 8.80495e-18
1.365, 1.23485e-17
1.366, 1.16288e-17
1.367, 8.42221e-18
1.368, 1.01894e-17
1.369, 9.825e-18
1.37, 8.39477e-18
1.371, 1.24712e-17
1.372, 7.66592e-18
1.373, 1.17424e-17
1.374, 1.1378e-17
1.375, 1.06583e-17
1.376, 1.02939e-17
1.377, 8.15307e-18
1.378, 1.25848e-17
1.379, 7.42425e-18
1.38, 1.1856e-17
1.381, 1.02481e-17
1.382, 7.57444e-18
1.383, 1.23615e-17
1.384, 1.34181e-17
1.385, 8.25753e-18
1.386, 1.33998e-17
1.387, 9.30505e-18
1.388, 7.34191e-18
1.389, 1.30171e-17
1.39, 9.09997e-18
1.391, 9.62373e-18
1.392, 1.03251e-17
1.393, 1.20923e-17
1.394, 1.04845e-17
1.395, 8.16602e-18
1.396, 1.2953e-17
1.397, 9.03589e-18
1.398, 9.55964e-18
1.399, 8.83995e-18
1.4, 1.45151e-17
1.401, 9.70984e-18
1.402, 8.27961e-18
1.403, 1.30666e-17
1.404, 8.43893e-18
1.405, 1.30483e-17
1.406, 6.82189e-18
1.407, 1.23194e-17
1.408, 1.28432e-17
1.409, 7.32734e-18
1.41, 1.15814e-17
1.411, 1.17499e-17
1.412, 8.721e-18
1.413, 1.20869e-17
1.414, 1.13672e-17
1.415, 9.58174e-18
1.416, 7.44097e-18
1.417, 1.18727e-17
1.418, 8.66613e-18
1.419, 1.29202e-17
1.42, 8.29254e-18
1.421, 1.37901e-17
1.422, 6.32025e-18
1.423, 1.25283e-17
1.424, 7.72305e-18
1.425, 1.16219e-17
1.426, 1.0014e-17
1.427, 9.29434e-18
1.428, 8.57463e-18
1.429, 1.42498e-17
1.43, 9.08922e-18
1.431, 8.36954e-18
1.432, 1.38671e-17
1.433, 6.21959e-18
1.434, 9.0526e-18
1.435, 9.39875e-18
1.436, 9.92249e-18
1.437, 9.73572e-18
1.438, 1.18582e-17
1.439, 8.82924e-18
1.44, 1.07741e-17
1.441, 1.12978e-17
1.442, 9.15704e-18
1.443, 9.32552e-18
1.444, 9.49401e-18
1.445, 9.6625e-18
1.446, 9.83099e-18
1.447, 8.93367e-18
1.448, 8.03635e-18
1.449, 1.45997e-17
1.45, 9.97198e-18
1.451, 7.83121e-18
1.452, 1.19077e-17
1.453, 1.02998e-17
1.454, 7.62609e-18
1.455, 1.02815e-17
1.456, 9.91707e-18
1.457, 1.09738e-17
1.458, 1.39844e-17
1.459, 9.17909e-18
1.46, 9.70285e-18
1.461, 9.87132e-18
1.462, 7.90818e-18
1.463, 1.48268e-17
1.464, 8.60042e-18
1.465, 1.07229e-17
1.466, 8.93741e-18
1.467, 9.46116e-18
1.468, 9.98491e-18
1.469, 1.05087e-17
1.47, 1.04995e-17
1.471, 8.53638e-18
1.472, 1.22575e-17
1.473, 1.1005e-17
1.474, 7.976e-18
1.475, 1.24077e-17
1.476, 1.25762e-17
1.477, 5.99456e-18
1.478, 1.14921e-17
1.479, 1.1483e-17
1.48, 1.21843e-17
1.481, 8.62251e-18
1.482, 1.23437e-17
1.483, 8.42655e-18
1.484, 1.01938e-17
1.485, 1.07175e-17
1.486, 1.12413e-17
1.487, 1.05216e-17
1.488, 8.91373e-18
1.489, 9.9704e-18
1.49, 1.19152e-17
1.491, 1.06626e-17
1.492, 7.45605e-18
1.493, 1.11772e-17
1.494, 1.04575e-17
1.495, 8.4944e-18
1.496, 1.18603e-17
1.497, 1.20288e-17
1.498, 1.13091e-17
1.499, 8.4578e-18
1.5, 1.05803e-17
1.501, 8.97241e-18
1.502, 6.29869e-18
1.503, 1.03752e-17
1.504, 1.28529e-17
1.505, 8.40286e-18
1.506, 1.54992e-17
1.507, 1.01609e-17
1.508, 6.59909e-18
1.509, 1.03203e-17
1.51, 1.2798e-17
1.511, 8.17034e-18
1.512, 1.54442e-17
1.513, 1.04613e-17
1.514, 9.20869e-18
1.515, 9.55481e-18
1.516, 9.54565e-18
1.517, 1.00694e-17
1.518, 1.05932e-17
1.519, 1.21827e-17
1.52, 1.12854e-17
1.521, 9.32229e-18
1.522, 8.95786e-18
1.523, 1.14356e-17
1.524, 1.2137e-17
1.525, 1.01738e-17
1.526, 1.10529e-17
1.527, 9.44501e-18
1.528, 7.6595e-18
1.529, 1.28018e-17
1.53, 6.93066e-18
1.531, 1.31388e-17
1.532, 9.22164e-18
1.533, 8.14667e-18
1.534, 1.6664e-17
1.535, 5.64147e-18
1.536, 1.14943e-17
1.537, 1.29062e-17
1.538, 9.69962e-18
1.539, 1.02234e-17
1.54, 8.26025e-18
1.541, 1.34025e-17
1.542, 8.0643e-18
1.543, 1.14302e-17
1.544, 1.03553e-17
1.545, 1.12343e-17
1.546, 8.5606e-18
1.547, 1.40582e-17
1.548, 6.05541e-18
1.549, 1.33293e-17
1.55, 1.0478e-17
1.551, 1.01136e-17
1.552, 1.22361e-17
1.553, 1.38256e-17
1.554, 6.71103e-18
1.555, 8.47825e-18
1.556, 1.21994e-17
1.557, 9.52577e-18
1.558, 7.74027e-18
1.559, 1.18167e-17
1.56, 9.67598e-18
1.561, 8.06812e-18
1.562, 1.39209e-17
1.563, 1.03591e-17
1.564, 1.1771e-17
1.565, 1.28277e-17
1.566, 8.37765e-18
1.567, 1.52963e-17
1.568, 1.0491e-17
1.569, 1.10147e-17
1.57, 1.04726e-17
1.571, 9.39765e-18
1.572, 1.0632e-17
1.573, 1.04452e-17
1.574, 1.11466e-17
1.575, 1.1315e-17
1.576, 1.00625e-17
1.577, 9.69804e-18
1.578, 1.03994e-17
1.579, 1.1989e-17
1.58, 1.00259e-17
1.581, 8.59564e-18
1.582, 1.23168e-17
1.583, 1.0709e-17
1.584, 8.03527e-18
1.585, 1.31776e-17
1.586, 8.54989e-18
1.587, 1.51132e-17
1.588, 8.35395e-18
1.589, 1.27857e-17
1.59, 8.51331e-18
1.591, 1.25898e-17
1.592, 9.02792e-18
1.593, 1.00846e-17
1.594, 1.2207e-17
1.595, 1.20203e-17
1.596, 8.81368e-18
1.597, 1.09361e-17
1.598, 1.18152e-17
1.599, 9.49677e-18
1.6, 6.29019e-18
1.601, 1.23206e-17
1.602, 1.35549e-17
1.603, 7.86144e-18
1.604, 1.08721e-17
1.605, 8.55368e-18
1.606, 1.15643e-17
1.607, 9.24593e-18
1.608, 9.9473e-18
1.609, 8.16178e-18
1.61, 1.49028e-17
1.611, 1.09857e-17
1.612, 1.07989e-17
1.613, 1.13226e-17
1.614, 9.00421e-18
1.615, 6.15289e-18
1.616, 1.28939e-17
1.617, 9.1544e-18
1.618, 9.67817e-18
1.619, 1.02019e-17
1.62, 1.14362e-17
1.621, 1.196e-17
1.622, 9.28629e-18
1.623, 1.05206e-17
1.624, 1.10444e-17
1.625, 9.61412e-18
1.626, 9.78262e-18
1.627, 9.9511e-18
1.628, 9.94196e-18
1.629, 1.06434e-17
1.63, 1.06342e-17
1.631, 8.84871e-18
1.632, 1.22146e-17
1.633, 9.3633e-18
1.634, 7.57781e-18
1.635, 1.3253e-17
1.636, 7.91478e-18
1.637, 9.32673e-18
1.638, 8.78468e-18
1.639, 1.44599e-17
1.64, 6.63476e-18
1.641, 1.17771e-17
1.642, 1.03468e-17
1.643, 9.09422e-18
1.644, 8.19689e-18
1.645, 1.22734e-17
1.646, 1.06655e-17
1.647, 8.88e-18
1.648, 1.34894e-17
1.649, 9.03934e-18
1.65, 9.5631e-18
1.651, 1.00868e-17
1.652, 8.47898e-18
1.653, 1.20225e-17
1.654, 1.14805e-17
1.655, 7.74098e-18
1.656, 1.11069e-17
1.657, 9.32143e-18
1.658, 9.48992e-18
1.659, 1.00137e-17
1.66, 1.1248e-17
1.661, 9.99537e-18
1.662, 8.03224e-18
1.663, 1.31745e-17
1.664, 8.36921e-18
1.665, 1.20904e-17
1.666, 7.99563e-18
1.667, 1.33155e-17
1.668, 7.26673e-18
1.669, 1.27643e-17
1.67, 5.29444e-18
1.671, 1.29236e-17
1.672, 8.4736e-18
1.673, 1.21948e-17
1.674, 1.27186e-17
1.675, 5.78162e-18
1.676, 1.25226e-17
1.677, 8.6055e-18
1.678, 1.17938e-17
1.679, 1.07189e-17
1.68, 9.28863e-18
1.681, 9.45707e-18
1.682, 6.961e-18
1.683, 1.10375e-17
1.684, 1.19165e-17
1.685, 1.2085e-17
1.686, 8.34552e-18
1.687, 1.20667e-17
1.688, 9.03778e-18
1.689, 8.67335e-18
1.69, 1.59473e-17
1.691, 9.18796e-18
1.692, 8.46826e-18
1.693, 1.18342e-17
1.694, 1.32461e-17
1.695, 7.01972e-18
1.696, 1.32278e-17
1.697, 8.24488e-18
1.698, 1.37424e-17
1.699, 7.8713e-18
1.7, 1.33689e-17
1.701, 5.18846e-18
1.702, 1.44164e-17
1.703, 6.41364e-18
1.704, 9.77956e-18
1.705, 1.10138e-17
1.706, 1.26034e-17
1.707, 6.73231e-18
1.708, 1.27628e-17
1.709, 8.8456e-18
1.71, 1.23892e-17
1.711, 8.82729e-18
1.712, 1.16603e-17
1.713, 7.92084e-18
1.714, 1.09315e-17
1.715, 9.8565e-18
1.716, 8.24865e-18
1.717, 1.16146e-17
1.718, 1.17831e-17
1.719, 9.46464e-18
1.72, 7.50147e-18
1.721, 1.33543e-17
1.722, 9.79247e-18
1.723, 1.10268e-17
1.724, 1.31492e-17
1.725, 8.52155e-18
1.726, 1.4552e-17
1.727, 8.50319e-18
1.728, 1.16915e-17
1.729, 9.37305e-18
1.73, 8.29808e-18
1.731, 1.25522e-17
1.732, 5.9705e-18
1.733, 9.33644e-18
1.734, 1.30576e-17
1.735, 9.49576e-18
1.736, 1.09077e-17
1.737, 8.94456e-18
1.738, 9.46832e-18
1.739, 9.99207e-18
1.74, 1.21145e-17
1.741, 1.17501e-17
1.742, 1.10304e-17
1.743, 1.08437e-17
1.744, 1.06569e-17
1.745, 1.08253e-17
1.746, 1.08162e-17
1.747, 8.67542e-18
1.748, 1.11532e-17
1.749, 9.01237e-18
1.75, 7.2269e-18
1.751, 1.46784e-17
1.752, 1.14718e-17
1.753, 1.1818e-17
1.754, 9.85482e-18
1.755, 8.06931e-18
1.756, 1.53432e-17
1.757, 8.93921e-18
1.758, 9.46295e-18
1.759, 9.9867e-18
1.76, 1.05105e-17
1.761, 9.25786e-18
1.762, 1.03145e-17
1.763, 1.10159e-17
1.764, 1.22502e-17
1.765, 1.01094e-17
1.766, 6.90283e-18
1.767, 1.13346e-17
1.768, 1.45229e-17
1.769, 7.23067e-18
1.77, 1.09518e-17
1.771, 1.09427e-17
1.772, 1.12888e-17
1.773, 8.97037e-18
1.774, 8.25068e-18
1.775, 1.16166e-17
1.776, 1.00088e-17
1.777, 8.40088e-18
1.778, 1.14115e-17
1.779, 9.9813e-18
1.78, 9.26161e-18
1.781, 9.78536e-18
1.782, 1.10197e-17
1.783, 1.20763e-17
1.784, 1.26001e-17
1.785, 8.32767e-18
1.786, 1.347e-17
1.787, 6.88829e-18
1.788, 9.36603e-18
1.789, 1.09556e-17
1.79, 1.02359e-17
1.791, 1.09373e-17
1.792, 1.11058e-17
1.793, 1.18072e-17
1.794, 7.71243e-18
1.795, 1.03678e-17
1.796, 8.40468e-18
1.797, 1.23035e-17
1.798, 1.01628e-17
1.799, 8.19961e-18
1.8, 1.17432e-17
1.801, 9.0695e-18
1.802, 7.63929e-18
1.803, 1.4025e-17
1.804, 9.04208e-18
1.805, 7.2566e-18
1.806, 1.39976e-17
1.807, 9.1923e-18
1.808, 1.00714e-17
1.809, 1.05951e-17
1.81, 1.07636e-17
1.811, 9.86626e-18
1.812, 9.14657e-18
1.813, 7.18345e-18
1.814, 1.28587e-17
1.815, 9.47442e-18
1.816, 1.05311e-17
1.817, 9.45611e-18
1.818, 9.44695e-18
1.819, 8.37201e-18
1.82, 1.47577e-17
1.821, 8.8866e-18
1.822, 8.87745e-18
1.823, 1.08223e-17
1.824, 9.5697e-18
1.825, 1.00935e-17
1.826, 1.11501e-17
1.827, 1.32726e-17
1.828, 8.82256e-18
1.829, 1.32543e-17
1.83, 6.85024e-18
1.831, 1.23478e-17
1.832, 1.35821e-17
1.833, 5.40171e-18
1.834, 1.07216e-17
1.835, 1.12454e-17
1.836, 1.26573e-17
1.837, 6.07561e-18
1.838, 1.05074e-17
1.839, 9.25476e-18
1.84, 1.13772e-17
1.841, 1.31445e-17
1.842, 8.87203e-18
1.843, 1.29485e-17
1.844, 7.07735e-18
1.845, 1.04433e-17
1.846, 1.04342e-17
1.847, 1.2379e-17
1.848, 1.1304e-17
1.849, 1.12949e-17
1.85, 9.50936e-18
1.851, 9.14495e-18
1.852, 1.14451e-17
1.853, 1.16135e-17
1.854, 1.1782e-17
1.855, 9.46364e-18
1.856, 1.05203e-17
1.857, 1.1044e-17
1.858, 1.15678e-17
1.859, 1.17363e-17
1.86, 9.24019e-18
1.861, 9.94157e-18
1.862, 1.08206e-17
1.863, 1.18773e-17
1.864, 1.18681e-17
1.865, 1.16814e-17
1.866, 9.89587e-18
1.867, 9.3538e-18
1.868, 9.87755e-18
1.869, 8.62495e-18
1.87, 1.25238e-17
1.871, 6.65267e-18
1.872, 1.25055e-17
1.873, 8.9436e-18
1.874, 8.04627e-18
1.875, 1.37215e-17
1.876, 8.91615e-18
1.877, 8.907e-18
1.878, 1.33388e-17
1.879, 9.24399e-18
1.88, 9.94539e-18
1.881, 1.04691e-17
1.882, 1.18811e-17
1.883, 1.00956e-17
1.884, 7.59952e-18
1.885, 1.39853e-17
1.886, 9.00232e-18
1.887, 9.52609e-18
1.888, 8.45113e-18
1.889, 1.32381e-17
1.89, 5.59065e-18
1.891, 1.2154e-17
1.892, 1.26778e-17
1.893, 7.51716e-18
1.894, 1.47911e-17
1.895, 6.96594e-18
1.896, 1.01543e-17
1.897, 1.10333e-17
1.898, 1.12018e-17
1.899, 8.88337e-18
1.9, 8.87421e-18
1.901, 1.41941e-17
1.902, 1.0277e-17
1.903, 9.20203e-18
1.904, 1.09692e-17
1.905, 1.23812e-17
1.906, 9.17461e-18
1.907, 7.922e-18
1.908, 1.18208e-17
1.909, 9.8577e-18
1.91, 9.84855e-18
1.911, 9.48412e-18
1.912, 1.03632e-17
1.913, 9.11054e-18
1.914, 1.10554e-17
1.915, 1.01581e-17
1.916, 1.03266e-17
1.917, 1.08503e-17
1.918, 1.11964e-17
1.919, 9.05565e-18
1.92, 9.5794e-18
1.921, 7.08335e-18
1.922, 1.24033e-17
1.923, 1.02625e-17
1.924, 8.47701e-18
1.925, 1.53957e-17
1.926, 9.16925e-18
1.927, 8.98247e-18
1.928, 7.37461e-18
1.929, 1.34051e-17
1.93, 8.06683e-18
1.931, 1.12551e-17
1.932, 8.93672e-18
1.933, 7.86174e-18
1.934, 1.12277e-17
1.935, 1.29949e-17
1.936, 6.94609e-18
1.937, 1.17331e-17
1.938, 1.19016e-17
1.939, 1.0649e-17
1.94, 8.33056e-18
1.941, 1.31176e-17
1.942, 6.89118e-18
1.943, 1.079e-17
1.944, 1.36231e-17
1.945, 8.64011e-18
1.946, 1.396e-17
1.947, 8.08891e-18
1.948, 1.35865e-17
1.949, 7.18244e-18
1.95, 1.0726e-17
1.951, 1.03616e-17
1.952, 1.10629e-17
1.953, 1.15867e-17
1.954, 9.80119e-18
1.955, 1.10355e-17
1.956, 1.20921e-17
1.957, 8.35263e-18
1.958, 1.17185e-17
1.959, 9.22249e-18
1.96, 6.19353e-18
1.961, 1.18687e-17
1.962, 1.20372e-17
1.963, 9.71878e-18
1.964, 7.75564e-18
1.965, 1.34308e-17
1.966, 9.51368e-18
1.967, 8.43871e-18
1.968, 1.50021e-17
1.969, 6.99934e-18
1.97, 1.21416e-17
1.971, 1.26654e-17
1.972, 5.37319e-18
1.973, 9.98257e-18
1.974, 1.05063e-17
1.975, 8.5432e-18
1.976, 1.27973e-17
1.977, 8.70254e-18
1.978, 1.22461e-17
1.979, 9.21714e-18
1.98, 6.18819e-18
1.981, 1.32845e-17
1.982, 7.76863e-18
1.983, 1.34438e-17
1.984, 9.34907e-18
1.985, 1.14715e-17
1.986, 1.11071e-17
1.987, 1.09203e-17
1.988, 8.60191e-18
1.989, 1.23231e-17
1.99, 1.036e-17
1.991, 9.6403e-18
1.992, 8.38768e-18
1.993, 1.26418e-17
1.994, 6.0601e-18
1.995, 9.07077e-18
1.996, 1.15485e-17
1.997, 1.13617e-17
1.998, 9.3986e-18
1.999, 7.79073e-18
2, 1.38212e-17
2.001, 1.11475e-17
2.002, 1.00725e-17
2.003, 1.07739e-17
2.004, 1.04095e-17
2.005, 8.62399e-18
2.006, 1.55426e-17
2.007, 8.60569e-18
2.008, 1.12611e-17
2.009, 8.40975e-18
2.01, 1.0177e-17
2.011, 6.61511e-18
2.012, 9.98104e-18
2.013, 1.17482e-17
2.014, 1.2272e-17
2.015, 1.17299e-17
2.016, 7.27989e-18
2.017, 1.20669e-17
2.018, 1.01038e-17
2.019, 8.31828e-18
2.02, 1.38158e-17
2.021, 8.65525e-18
2.022, 1.20211e-17
2.023, 9.70274e-18
2.024, 1.05817e-17
2.025, 1.07502e-17
2.026, 1.05635e-17
2.027, 9.31085e-18
2.028, 1.00123e-17
2.029, 1.07136e-17
2.03, 8.7505e-18
2.031, 1.21165e-17
2.032, 8.90986e-18
2.033, 6.76907e-18
2.034, 1.27995e-17
2.035, 7.99422e-18
2.036, 1.2426e-17
2.037, 1.24168e-17
2.038, 7.07857e-18
2.039, 7.60233e-18
2.04, 9.72479e-18
2.041, 7.76166e-18
2.042, 1.07723e-17
2.043, 1.00526e-17
2.044, 8.44477e-18
2.045, 1.23436e-17
2.046, 1.28674e-17
2.047, 5.57517e-18
2.048, 1.1428e-17
2.049, 1.01754e-17
2.05, 9.81098e-18
2.051, 1.08676e-17
2.052, 1.19243e-17
2.053, 1.0494e-17
2.054, 8.17566e-18
2.055, 1.36732e-17
2.056, 8.15734e-18
2.057, 1.20562e-17
2.058, 1.31128e-17
2.059, 9.01805e-18
2.06, 8.29837e-18
2.061, 1.55723e-17
2.062, 8.81297e-18
2.063, 1.30671e-17
2.064, 6.13013e-18
2.065, 1.35817e-17
2.066, 1.12632e-17
2.067, 1.01883e-17
2.068, 1.35542e-17
2.069, 9.63705e-18
2.07, 8.02918e-18
2.071, 1.29938e-17
2.072, 7.65559e-18
2.073, 1.10215e-17
2.074, 9.41366e-18
2.075, 9.93742e-18
2.076, 7.97429e-18
2.077, 1.25837e-17
2.078, 6.17963e-18
2.079, 1.0789e-17
2.08, 1.18457e-17
2.081, 9.88254e-18
2.082, 7.56415e-18
2.083, 1.43052e-17
2.084, 9.14456e-18
2.085, 9.31306e-18
2.086, 9.8368e-18
2.087, 1.03606e-17
2.088, 1.05291e-17
2.089, 1.21186e-17
2.09, 9.80022e-18
2.091, 1.03239e-17
2.092, 9.60424e-18
2.093, 1.11938e-17
2.094, 1.17176e-17
2.095, 8.1557e-18
2.096, 9.21238e-18
2.097, 8.1374e-18
2.098, 1.22139e-17
2.099, 1.02507e-17
2.1, 7.22179e-18
2.101, 1.00548e-17
2.102, 9.6904e-18
2.103, 1.18128e-17
2.104, 1.23366e-17
2.105, 1.25051e-17
2.106, 5.21286e-18
2.107, 1.4796e-17
2.108, 8.21438e-18
2.109, 1.03368e-17
2.11, 8.55135e-18
2.111, 1.28055e-17
2.112, 8.17779e-18
2.113, 1.24319e-17
2.114, 1.04688e-17
2.115, 8.50562e-18
2.116, 1.09834e-17
2.117, 7.9544e-18
2.118, 1.07874e-17
2.119, 9.71245e-18
2.12, 1.11244e-17
2.121, 1.2181e-17
2.122, 9.86264e-18
2.123, 8.78766e-18
2.124, 1.28641e-17
2.125, 8.05881e-18
2.126, 1.28458e-17
2.127, 8.21814e-18
2.128, 1.37157e-17
2.129, 5.53529e-18
2.13, 1.01447e-17
2.131, 1.1379e-17
2.132, 1.19028e-17
2.133, 9.05141e-18
2.134, 7.08829e-18
2.135, 1.16977e-17
2.136, 1.31096e-17
2.137, 6.3503e-18
2.138, 1.38018e-17
2.139, 1.05952e-17
2.14, 1.1119e-17
2.141, 1.0044e-17
2.142, 1.00349e-17
2.143, 1.12692e-17
2.144, 1.01942e-17
2.145, 1.16062e-17
2.146, 1.14194e-17
2.147, 1.15879e-17
2.148, 9.98002e-18
2.149, 8.01688e-18
2.15, 1.1738e-17
2.151, 9.77492e-18
2.152, 9.58814e-18
2.153, 1.06448e-17
2.154, 9.74748e-18
2.155, 8.49487e-18
2.156, 1.50582e-17
2.157, 9.72e-18
2.158, 6.69102e-18
2.159, 1.1478e-17
2.16, 1.16465e-17
2.161, 8.08468e-18
2.162, 1.53586e-17
2.163, 8.06639e-18
2.164, 9.8336e-18
2.165, 7.87047e-18
2.166, 1.15916e-17
2.167, 1.19378e-17
2.168, 9.44173e-18
2.169, 8.18914e-18
2.17, 1.1555e-17
2.171, 7.6379e-18
2.172, 6.9182e-18
2.173, 1.01065e-17
2.174, 1.24066e-17
2.175, 1.23975e-17
2.176, 1.07896e-17
2.177, 1.13134e-17
2.178, 8.99495e-18
2.179, 7.20943e-18
2.18, 1.23517e-17
2.181, 1.28755e-17
2.182, 6.8267e-18
2.183, 1.1969e-17
2.184, 1.12493e-17
2.185, 9.28617e-18
2.186, 9.63229e-18
2.187, 9.26787e-18
2.188, 1.10351e-17
2.189, 1.33352e-17
2.19, 9.06278e-18
2.191, 9.40891e-18
2.192, 1.06432e-17
2.193, 1.11669e-17
2.194, 1.04473e-17
2.195, 8.48411e-18
2.196, 1.07842e-17
2.197, 1.09527e-17
2.198, 9.70009e-18
2.199, 8.62513e-18
2.2, 1.28792e-17
2.201, 8.07392e-18
2.202, 1.07293e-17
2.203, 1.07201e-17
2.204, 7.51355e-18
2.205, 1.19453e-17
2.206, 9.27162e-18
2.207, 9.973e-18
2.208, 1.01415e-17
2.209, 1.15534e-17
2.21, 1.13667e-17
2.211, 1.02917e-17
2.212, 7.44034e-18
2.213, 1.08063e-17
2.214, 1.20406e-17
2.215, 9.18924e-18
2.216, 7.58139e-18
2.217, 1.27237e-17
2.218, 7.91837e-18
2.219, 1.34159e-17
2.22, 7.54477e-18
2.221, 1.23318e-17
2.222, 1.25003e-17
2.223, 7.87258e-18
2.224, 9.63978e-18
2.225, 8.9201e-18
2.226, 8.55567e-18
2.227, 1.22769e-17
2.228, 1.2623e-17
2.229, 6.75184e-18
2.23, 1.08283e-17
2.231, 1.13521e-17
2.232, 1.25864e-17
2.233, 6.89287e-18
2.234, 1.18575e-17
2.235, 1.07825e-17
2.236, 1.07734e-17
2.237, 9.34313e-18
2.238, 9.86691e-18
2.239, 1.03907e-17
2.24, 1.25131e-17
2.241, 8.41839e-18
2.242, 1.56923e-17
2.243, 1.12423e-17
2.244, 8.92385e-18
2.245, 8.91468e-18
2.246, 6.77391e-18
2.247, 1.28044e-17
2.248, 7.99905e-18
2.249, 1.17203e-17
2.25, 1.25993e-17
2.251, 5.83996e-18
2.252, 1.0627e-17
2.253, 9.72965e-18
2.254, 8.47705e-18
2.255, 1.25535e-17
2.256, 7.74822e-18
2.257, 1.0226e-17
2.258, 1.03945e-17
2.259, 1.16288e-17
2.26, 1.00209e-17
2.261, 1.05446e-17
2.262, 9.82494e-18
2.263, 1.17698e-17
2.264, 1.08724e-17
2.265, 1.06856e-17
2.266, 1.19199e-17
2.267, 1.03121e-17
2.268, 7.99365e-18
2.269, 1.20701e-17
2.27, 1.13504e-17
2.271, 7.9662e-18
2.272, 1.07992e-17
2.273, 8.48079e-18
2.274, 1.32678e-17
2.275, 8.4625e-18
2.276, 1.27166e-17
2.277, 6.31255e-18
2.278, 1.09219e-17
2.279, 1.44655e-17
2.28, 1.16142e-17
2.281, 8.76282e-18
2.282, 1.21288e-17
2.283, 8.56694e-18
2.284, 1.05118e-17
2.285, 1.05026e-17
2.286, 6.58549e-18
2.287, 1.10172e-17
2.288, 9.40938e-18
2.289, 1.02884e-17
2.29, 9.21342e-18
2.291, 1.0803e-17
2.292, 1.13268e-17
2.293, 9.71889e-18
2.294, 7.75574e-18
2.295, 1.25427e-17
2.296, 7.73743e-18
2.297, 1.19915e-17
2.298, 9.14018e-18
2.299, 6.46651e-18
2.3, 1.37404e-17
2.301, 1.26655e-17
2.302, 8.74834e-18
2.303, 1.19366e-17
2.304, 1.24604e-17
2.305, 6.58928e-18
2.306, 1.11987e-17
2.307, 1.26106e-17
2.308, 5.85129e-18
2.309, 1.24147e-17
2.31, 1.22279e-17
2.311, 1.23964e-17
2.312, 8.47921e-18
2.313, 9.18059e-18
2.314, 7.57274e-18
2.315, 1.30703e-17
2.316, 8.26498e-18
2.317, 1.37625e-17
2.318, 8.60196e-18
2.319, 1.19679e-17
2.32, 1.01823e-17
2.321, 7.68629e-18
2.322, 1.31838e-17
2.323, 6.95745e-18
2.324, 9.79045e-18
2.325, 1.10248e-17
2.326, 1.15485e-17
2.327, 9.94065e-18
2.328, 7.26694e-18
2.329, 1.13434e-17
2.33, 9.55792e-18
2.331, 9.37114e-18
2.332, 8.47381e-18
2.333, 1.36161e-17
2.334, 8.81076e-18
2.335, 1.16438e-17
2.336, 1.21675e-17
2.337, 9.84912e-18
2.338, 1.00176e-17
2.339, 1.01861e-17
2.34, 1.07098e-17
2.341, 1.14112e-17
2.342, 9.80335e-18
2.343, 1.03271e-17
2.344, 7.47577e-18
2.345, 1.47497e-17
2.346, 7.81273e-18
2.347, 1.06457e-17
2.348, 1.15248e-17
2.349, 1.00946e-17
2.35, 8.66433e-18
2.351, 1.29184e-17
2.352, 6.86967e-18
2.353, 1.23672e-17
2.354, 1.12923e-17
2.355, 1.12831e-17
2.356, 1.05634e-17
2.357, 6.64631e-18
2.358, 8.94643e-18
2.359, 1.03584e-17
2.36, 1.07045e-17
2.361, 1.14059e-17
2.362, 9.798e-18
2.363, 7.83485e-18
2.364, 1.35101e-17
2.365, 1.04811e-17
2.366, 1.20706e-17
2.367, 1.0818e-17
2.368, 1.15195e-17
2.369, 9.37868e-18
2.37, 6.70497e-18
2.371, 1.22025e-17
2.372, 1.27263e-17
2.373, 7.56569e-18
2.374, 1.11093e-17
2.375, 1.26988e-17
2.376, 5.22898e-18
2.377, 1.26805e-17
2.378, 7.87522e-18
2.379, 1.37281e-17
2.38, 7.50164e-18
2.381, 1.10452e-17
2.382, 9.43735e-18
2.383, 9.9611e-18
2.384, 1.17283e-17
2.385, 1.31403e-17
2.386, 1.02889e-17
2.387, 1.15232e-17
2.388, 1.13364e-17
2.389, 8.48511e-18
2.39, 1.02523e-17
2.391, 7.401e-18
2.392, 9.70111e-18
2.393, 8.98143e-18
2.394, 9.6828e-18
2.395, 7.71967e-18
2.396, 1.10856e-17
2.397, 9.47775e-18
2.398, 8.22514e-18
2.399, 1.47885e-17
2.4, 6.78571e-18
2.401, 1.05069e-17
2.402, 9.78723e-18
2.403, 8.71225e-18
2.404, 1.47427e-17
2.405, 9.04924e-18
2.406, 1.01059e-17
2.407, 1.08073e-17
2.408, 9.73233e-18
2.409, 7.94683e-18
2.41, 1.27339e-17
2.411, 8.46143e-18
2.412, 1.48472e-17
2.413, 8.26547e-18
2.414, 8.96687e-18
2.415, 9.31299e-18
2.416, 1.05473e-17
2.417, 1.1071e-17
2.418, 9.46316e-18
2.419, 1.05198e-17
2.42, 1.12212e-17
2.421, 8.72516e-18
2.422, 1.12029e-17
2.423, 1.0128e-17
2.424, 6.21083e-18
2.425, 9.22148e-18
2.426, 1.09887e-17
2.427, 1.2223e-17
2.428, 1.22138e-17
2.429, 1.0606e-17
2.43, 1.11297e-17
2.431, 1.05876e-17
2.432, 8.26924e-18
2.433, 1.25233e-17
2.434, 8.25092e-18
2.435, 1.17945e-17
2.436, 1.17853e-17
2.437, 1.10656e-17
2.438, 8.56961e-18
2.439, 8.38282e-18
2.44, 1.2104e-17
2.441, 1.22725e-17
2.442, 8.17775e-18
2.443, 1.01226e-17
2.444, 7.80419e-18
2.445, 1.22359e-17
2.446, 1.06281e-17
2.447, 8.30965e-18
2.448, 1.38072e-17
2.449, 6.87026e-18
2.45, 1.16573e-17
2.451, 1.04047e-17
2.452, 7.55335e-18
2.453, 1.12745e-17
2.454, 9.66668e-18
2.455, 1.01904e-17
2.456, 9.47073e-18
2.457, 1.05274e-17
2.458, 1.08735e-17
2.459, 1.08644e-17
2.46, 1.05e-17
2.461, 1.10237e-17
2.462, 9.06057e-18
2.463, 7.09742e-18
2.464, 1.38384e-17
2.465, 9.56601e-18
2.466, 1.13332e-17
2.467, 1.1857e-17
2.468, 9.36091e-18
2.469, 8.10832e-18
2.47, 1.36059e-17
2.471, 8.4453e-18
2.472, 1.1456e-17
2.473, 1.41113e-17
2.474, 9.48366e-18
2.475, 9.11924e-18
2.476, 1.08864e-17
2.477, 1.31866e-17
2.478, 8.91414e-18
2.479, 9.26027e-18
2.48, 1.04946e-17
2.481, 9.77487e-18
2.482, 1.24303e-17
2.483, 1.08224e-17
2.484, 7.97106e-18
2.485, 1.22252e-17
2.486, 9.90678e-18
2.487, 9.54235e-18
2.488, 8.82263e-18
2.489, 1.52084e-17
2.49, 9.33724e-18
2.491, 7.19646e-18
2.492, 1.30493e-17
2.493, 7.88869e-18
2.494, 9.83355e-18
2.495, 1.01797e-17
2.496, 7.32833e-18
2.497, 1.37141e-17
2.498, 7.1324e-18
2.499, 1.04983e-17
2.5, 8.5352e-18
2.501, 1.31446e-17
2.502, 8.33925e-18
2.503, 1.20604e-17
2.504, 1.22289e-17
2.505, 9.19995e-18
2.506, 9.54607e-18
2.507, 9.3593e-18
2.508, 8.99489e-18
2.509, 1.34266e-17
2.51, 8.08842e-18
2.511, 1.26978e-17
2.512, 9.31357e-18
2.513, 9.83733e-18
2.514, 8.22946e-18
2.515, 1.3727e-17
2.516, 8.92169e-18
2.517, 7.31382e-18
2.518, 1.12127e-17
2.519, 1.29799e-17
2.52, 6.04293e-18
2.521, 1.08299e-17
2.522, 1.09984e-17
2.523, 1.11669e-17
2.524, 9.55905e-18
2.525, 7.41827e-18
2.526, 1.32711e-17
2.527, 5.97889e-18
2.528, 9.34481e-18
2.529, 1.16449e-17
2.53, 1.39451e-17
2.531, 7.71865e-18
2.532, 1.32162e-17
2.533, 8.05563e-18
2.534, 1.24874e-17
2.535, 5.55041e-18
2.536, 9.62689e-18
2.537, 1.33481e-17
2.538, 9.25332e-18
2.539, 1.10205e-17
2.54, 1.18996e-17
2.541, 1.4022e-17
2.542, 5.66403e-18
2.543, 9.56286e-18
2.544, 1.1863e-17
2.545, 1.16762e-17
2.546, 1.23776e-17
2.547, 1.16579e-17
2.548, 1.16487e-17
2.549, 8.08686e-18
2.55, 9.85409e-18
2.551, 1.03778e-17
2.552, 9.83577e-18
2.553, 9.64898e-18
2.554, 1.07056e-17
2.555, 1.10518e-17
2.556, 9.62153e-18
2.557, 1.08558e-17
2.558, 1.08467e-17
2.559, 1.08375e-17
2.56, 7.4533e-18
2.561, 1.20627e-17
2.562, 1.25864e-17
2.563, 6.00477e-18
2.564, 1.20352e-17
2.565, 1.30919e-17
2.566, 9.3524e-18
2.567, 8.81033e-18
2.568, 1.32421e-17
2.569, 6.30515e-18
2.57, 1.16251e-17
2.571, 1.00172e-17
2.572, 9.29752e-18
2.573, 1.03542e-17
2.574, 1.10556e-17
2.575, 9.09244e-18
2.576, 7.48458e-18
2.577, 1.33374e-17
2.578, 7.46628e-18
2.579, 1.1898e-17
2.58, 1.18889e-17
2.581, 8.327e-18
2.582, 8.67312e-18
2.583, 1.04403e-17
2.584, 9.36534e-18
2.585, 1.11325e-17
2.586, 1.23668e-17
2.587, 1.23577e-17
2.588, 7.73001e-18
2.589, 1.07407e-17
2.59, 1.07315e-17
2.591, 8.41311e-18
2.592, 1.28449e-17
2.593, 8.57243e-18
2.594, 1.10502e-17
2.595, 9.97523e-18
2.596, 9.96608e-18
2.597, 8.18058e-18
2.598, 1.15465e-17
2.599, 1.27808e-17
2.6, 7.62018e-18
2.601, 1.3473e-17
2.602, 1.13322e-17
2.603, 1.11454e-17
2.604, 8.82704e-18
2.605, 1.48575e-17
2.606, 7.56528e-18
2.607, 1.03983e-17
2.608, 9.50096e-18
2.609, 1.16235e-17
2.61, 1.21472e-17
2.611, 1.00065e-17
2.612, 8.75384e-18
2.613, 1.33632e-17
2.614, 7.66974e-18
2.615, 1.10356e-17
2.616, 1.22699e-17
2.617, 1.08397e-17
2.618, 8.52127e-18
2.619, 1.31306e-17
2.62, 6.37135e-18
2.621, 1.29347e-17
2.622, 1.00834e-17
2.623, 9.71896e-18
2.624, 1.18414e-17
2.625, 9.8783e-18
2.626, 9.86915e-18
2.627, 7.19544e-18
2.628, 1.16272e-17
2.629, 9.66406e-18
2.63, 9.65491e-18
2.631, 9.29048e-18
2.632, 9.99185e-18
2.633, 1.15815e-17
2.634, 1.15723e-17
2.635, 8.01041e-18
2.636, 9.77762e-18
2.637, 1.03014e-17
2.638, 9.58165e-18
2.639, 1.01054e-17
2.64, 9.38573e-18
2.641, 1.20411e-17
2.642, 1.18543e-17
2.643, 1.20228e-17
2.644, 9.70439e-18
2.645, 9.69525e-18
2.646, 9.68607e-18
2.647, 1.12757e-17
2.648, 1.12665e-17
2.649, 7.70462e-18
2.65, 9.47184e-18
2.651, 9.99557e-18
2.652, 1.03417e-17
2.653, 9.622e-18
2.654, 8.54702e-18
2.655, 1.59986e-17
2.656, 6.04182e-18
2.657, 1.01183e-17
2.658, 1.18855e-17
2.659, 1.01e-17
2.66, 1.13343e-17
2.661, 1.18581e-17
2.662, 1.23818e-17
2.663, 9.35284e-18
2.664, 8.63316e-18
2.665, 1.4486e-17
2.666, 1.09241e-17
2.667, 1.25137e-17
2.668, 6.2873e-18
2.669, 1.0719e-17
2.67, 1.23086e-17
2.671, 1.22995e-17
2.672, 7.84945e-18
2.673, 9.61663e-18
2.674, 7.2982e-18
2.675, 1.13747e-17
2.676, 1.20761e-17
2.677, 1.10011e-17
2.678, 7.43927e-18
2.679, 8.85119e-18
2.68, 1.50593e-17
2.681, 6.52366e-18
2.682, 9.17902e-18
2.683, 1.09463e-17
2.684, 1.07595e-17
2.685, 1.00398e-17
2.686, 9.85299e-18
2.687, 8.95565e-18
2.688, 9.12413e-18
2.689, 1.01808e-17
2.69, 1.56784e-17
2.691, 1.03402e-17
2.692, 7.31118e-18
2.693, 1.121e-17
2.694, 1.03127e-17
2.695, 1.17246e-17
2.696, 9.76149e-18
2.697, 9.04181e-18
2.698, 1.16972e-17
2.699, 1.22209e-17
2.7, 1.22118e-17
2.701, 8.29465e-18
2.702, 8.10787e-18
2.703, 1.07633e-17
2.704, 1.11094e-17
2.705, 1.23437e-17
2.706, 1.23345e-17
2.707, 7.35156e-18
2.708, 8.40822e-18
2.709, 1.0886e-17
2.71, 9.27812e-18
2.711, 9.80188e-18
2.712, 1.2102e-17
2.713, 1.38692e-17
2.714, 9.24151e-18
2.715, 6.74545e-18
2.716, 1.01114e-17
2.717, 1.02798e-17
2.718, 9.38251e-18
2.719, 8.48519e-18
2.72, 1.25617e-17
2.721, 6.5129e-18
2.722, 1.09446e-17
2.723, 1.27118e-17
2.724, 7.01835e-18
2.725, 1.34041e-17
2.726, 4.51317e-18
2.727, 1.49845e-17
2.728, 9.11339e-18
2.729, 6.97261e-18
2.73, 1.22925e-17
2.731, 1.06847e-17
2.732, 8.72152e-18
2.733, 1.24427e-17
2.734, 7.28211e-18
2.735, 1.31349e-17
2.736, 6.90853e-18
2.737, 1.13403e-17
2.738, 1.18641e-17
2.739, 1.11444e-17
2.74, 9.18123e-18
2.741, 1.07708e-17
2.742, 8.80766e-18
2.743, 1.35947e-17
2.744, 7.54593e-18
2.745, 1.12671e-17
2.746, 1.1258e-17
2.747, 1.12488e-17
2.748, 9.99621e-18
2.749, 8.92125e-18
2.75, 1.22872e-17
2.751, 1.35215e-17
2.752, 7.47271e-18
2.753, 1.10163e-17
2.754, 1.0119e-17
2.755, 8.86635e-18
2.756, 1.32981e-17
2.757, 8.4928e-18
2.758, 9.19418e-18
2.759, 9.18503e-18
2.76, 8.82061e-18
2.761, 1.53839e-17
2.762, 6.13774e-18
2.763, 1.16353e-17
2.764, 1.16261e-17
2.765, 1.00183e-17
2.766, 7.87749e-18
2.767, 1.08882e-17
2.768, 9.63554e-18
2.769, 9.27114e-18
2.77, 1.10383e-17
2.771, 1.0141e-17
2.772, 8.53314e-18
2.773, 1.31425e-17
2.774, 6.73847e-18
2.775, 1.0815e-17
2.776, 1.1161e-17
2.777, 9.37557e-18
2.778, 8.65587e-18
2.779, 1.291e-17
2.78, 5.26249e-18
2.781, 1.41351e-17
2.782, 7.37582e-18
2.783, 1.32286e-17
2.784, 1.0022e-17
2.785, 8.41418e-18
2.786, 1.33788e-17
2.787, 8.0406e-18
2.788, 9.80781e-18
2.789, 7.84467e-18
2.79, 1.19211e-17
2.791, 9.06979e-18
2.792, 9.59356e-18
2.793, 1.01173e-17
2.794, 1.27727e-17
2.795, 8.85556e-18
2.796, 1.36426e-17
2.797, 7.41615e-18
2.798, 1.11374e-17
2.799, 1.04177e-17
2.8, 7.74399e-18
2.801, 1.4485e-17
2.802, 6.83749e-18
2.803, 1.09139e-17
2.804, 1.21482e-17
2.805, 9.82984e-18
2.806, 7.51142e-18
2.807, 1.14102e-17
2.808, 1.03353e-17
2.809, 1.03261e-17
2.81, 7.65244e-18
2.811, 1.15512e-17
2.812, 1.04763e-17
2.813, 8.33552e-18
2.814, 1.09909e-17
2.815, 8.49483e-18
2.816, 1.38148e-17
2.817, 7.76601e-18
2.818, 1.21978e-17
2.819, 8.99117e-18
2.82, 5.07404e-18
2.821, 1.35914e-17
2.822, 7.36501e-18
2.823, 1.23297e-17
2.824, 1.00113e-17
2.825, 8.93628e-18
2.826, 1.19469e-17
2.827, 1.38918e-17
2.828, 9.79702e-18
2.829, 5.87988e-18
2.83, 9.95635e-18
2.831, 1.06577e-17
2.832, 1.34907e-17
2.833, 9.04071e-18
2.834, 8.321e-18
2.835, 1.71937e-17
2.836, 8.83563e-18
2.837, 1.29121e-17
2.838, 6.68568e-18
2.839, 1.14727e-17
2.84, 1.03977e-17
2.841, 1.05662e-17
2.842, 7.35964e-18
2.843, 1.21467e-17
2.844, 1.21375e-17
2.845, 1.07073e-17
2.846, 8.74413e-18
2.847, 1.28206e-17
2.848, 5.52837e-18
2.849, 1.06707e-17
2.85, 1.17273e-17
2.851, 1.17182e-17
2.852, 9.22213e-18
2.853, 6.54841e-18
2.854, 1.11578e-17
2.855, 1.22145e-17
2.856, 1.07843e-17
2.857, 8.99876e-18
2.858, 7.92378e-18
2.859, 1.57306e-17
2.86, 1.19911e-17
2.861, 1.0028e-17
2.862, 6.99904e-18
2.863, 9.83204e-18
2.864, 1.03558e-17
2.865, 1.03466e-17
2.866, 1.19362e-17
2.867, 9.26253e-18
2.868, 9.96392e-18
2.869, 1.06653e-17
2.87, 1.27878e-17
2.871, 9.40355e-18
2.872, 1.01049e-17
2.873, 7.96415e-18
2.874, 1.16853e-17
2.875, 1.09657e-17
2.876, 9.3578e-18
2.877, 8.99338e-18
2.878, 1.25369e-17
2.879, 8.97509e-18
2.88, 1.10976e-17
2.881, 1.39306e-17
2.882, 9.48055e-18
2.883, 9.29376e-18
2.884, 1.19491e-17
2.885, 1.31834e-17
2.886, 8.55576e-18
2.887, 1.13888e-17
2.888, 1.26231e-17
2.889, 7.4625e-18
2.89, 1.40258e-17
2.891, 9.39816e-18
2.892, 1.00995e-17
2.893, 1.2222e-17
2.894, 1.27458e-17
2.895, 5.45356e-18
2.896, 1.00629e-17
2.897, 1.18302e-17
2.898, 1.19987e-17
2.899, 9.14731e-18
2.9, 1.0204e-17
2.901, 1.00172e-17
2.902, 1.17844e-17
2.903, 1.37293e-17
2.904, 6.79231e-18
2.905, 9.80296e-18
2.906, 1.12149e-17
2.907, 1.1561e-17
2.908, 9.2426e-18
2.909, 7.81233e-18
2.91, 1.18888e-17
2.911, 1.01033e-17
2.912, 8.14019e-18
2.913, 1.45259e-17
2.914, 5.27971e-18
2.915, 1.25536e-17
2.916, 7.7483e-18
2.917, 1.12919e-17
2.918, 1.25262e-17
2.919, 8.60904e-18
2.92, 1.3396e-17
2.921, 7.34725e-18
2.922, 1.28448e-17
2.923, 7.50657e-18
2.924, 1.03396e-17
2.925, 1.08633e-17
2.926, 8.72256e-18
2.927, 1.40425e-17
2.928, 7.99372e-18
2.929, 1.01162e-17
2.93, 8.68593e-18
2.931, 1.27624e-17
2.932, 6.53603e-18
2.933, 1.07901e-17
2.934, 1.06033e-17
2.935, 1.20153e-17
2.936, 1.2539e-17
2.937, 7.2008e-18
2.938, 1.12773e-17
2.939, 1.09129e-17
2.94, 1.14366e-17
2.941, 1.07169e-17
2.942, 8.0432e-18
2.943, 1.01657e-17
2.944, 8.91308e-18
2.945, 9.79211e-18
2.946, 1.28027e-17
2.947, 9.24089e-18
2.948, 8.34356e-18
2.949, 1.34858e-17
2.95, 8.68051e-18
2.951, 1.41781e-17
2.952, 9.19515e-18
2.953, 8.83072e-18
2.954, 1.43283e-17
2.955, 7.39133e-18
2.956, 1.0402e-17
2.957, 1.03928e-17
2.958, 8.07441e-18
2.959, 1.23285e-17
2.96, 1.2497e-17
2.961, 6.44825e-18
2.962, 1.31893e-17
2.963, 7.85105e-18
2.964, 1.15722e-17
2.965, 1.13854e-17
2.966, 9.24468e-18
2.967, 8.52497e-18
2.968, 1.18909e-17
2.969, 1.08159e-17
2.97, 1.00963e-17
2.971, 7.95547e-18
2.972, 1.25649e-17
2.973, 9.00301e-18
2.974, 1.05926e-17
2.975, 9.87289e-18
2.976, 1.03966e-17
2.977, 1.19862e-17
2.978, 1.00231e-17
2.979, 8.41522e-18
2.98, 1.19588e-17
2.981, 1.03509e-17
2.982, 1.08747e-17
2.983, 1.0155e-17
2.984, 8.54711e-18
2.985, 1.22683e-17
2.986, 1.11933e-17
2.987, 9.58548e-18
2.988, 7.08942e-18
2.989, 1.22317e-17
2.99, 1.27555e-17
2.991, 6.35145e-18
2.992, 1.20266e-17
2.993, 1.20175e-17
2.994, 8.81089e-18
2.995, 1.21768e-17
2.996, 1.14571e-17
2.997, 9.13865e-18
2.998, 7.53079e-18
2.999, 1.1252e-17
3, 1.2131e-17
3.001, 9.63498e-18
3.002, 1.0514e-17
3.003, 1.1393e-17
3.004, 1.04957e-17
3.005, 9.42072e-18
3.006, 9.5892e-18
3.007, 7.62607e-18
3.008, 1.22355e-17
3.009, 1.29368e-17
3.01, 3.69063e-18
3.011, 1.11422e-17
3.012, 1.1133e-17
3.013, 9.52515e-18
3.014, 7.562e-18
3.015, 1.44807e-17
3.016, 1.02082e-17
3.017, 1.01991e-17
3.018, 8.23595e-18
3.019, 1.37335e-17
3.02, 7.50709e-18
3.021, 1.15836e-17
3.022, 1.26402e-17
3.023, 8.01257e-18
3.024, 1.56418e-17
3.025, 9.41534e-18
3.026, 7.80749e-18
3.027, 1.22392e-17
3.028, 1.22301e-17
3.029, 7.9577e-18
3.03, 1.09684e-17
3.031, 9.36047e-18
3.032, 9.88424e-18
3.033, 1.0408e-17
3.034, 1.16423e-17
3.035, 1.09226e-17
3.036, 1.14463e-17
3.037, 1.09043e-17
3.038, 8.58584e-18
3.039, 1.19518e-17
3.04, 9.98863e-18
3.041, 8.02551e-18
3.042, 1.2102e-17
3.043, 1.01388e-17
3.044, 1.06626e-17
3.045, 9.05474e-18
3.046, 9.75611e-18
3.047, 1.13457e-17
3.048, 1.0626e-17
3.049, 1.04392e-17
3.05, 1.02524e-17
3.051, 1.04209e-17
3.052, 1.16552e-17
3.053, 1.0225e-17
3.054, 9.15e-18
3.055, 1.25159e-17
3.056, 9.6646e-18
3.057, 1.08989e-17
3.058, 1.07121e-17
3.059, 1.0703e-17
3.06, 1.03385e-17
3.061, 1.13952e-17
3.062, 1.13861e-17
3.063, 1.10216e-17
3.064, 1.01243e-17
3.065, 8.87171e-18
3.066, 1.33035e-17
3.067, 6.72179e-18
3.068, 7.77844e-18
3.069, 1.29207e-17
3.07, 8.4707e-18
3.071, 1.13037e-17
3.072, 1.02287e-17
3.073, 1.25288e-17
3.074, 7.36825e-18
3.075, 1.07342e-17
3.076, 1.09027e-17
3.077, 1.0183e-17
3.078, 8.21984e-18
3.079, 1.30069e-17
3.08, 7.84627e-18
3.081, 1.38767e-17
3.082, 7.47267e-18
3.083, 1.08386e-17
3.084, 7.98727e-18
3.085, 1.13532e-17
3.086, 1.02782e-17
3.087, 9.38092e-18
3.088, 9.37177e-18
3.089, 1.04284e-17
3.09, 1.11298e-17
3.091, 1.12983e-17
3.092, 8.44698e-18
3.093, 1.25235e-17
3.094, 8.25105e-18
3.095, 1.33933e-17
3.096, 8.58802e-18
3.097, 1.05329e-17
3.098, 9.45789e-18
3.099, 1.01593e-17
3.1, 1.01501e-17
3.101, 9.96335e-18
3.102, 1.102e-17
3.103, 1.01227e-17
3.104, 1.10017e-17
3.105, 1.08149e-17
3.106, 1.11611e-17
3.107, 1.16848e-17
3.108, 9.54402e-18
3.109, 8.29142e-18
3.11, 9.34807e-18
3.111, 8.62838e-18
3.112, 1.25272e-17
3.113, 5.59026e-18
3.114, 1.01996e-17
3.115, 8.41414e-18
3.116, 1.12472e-17
3.117, 1.01722e-17
3.118, 8.03142e-18
3.119, 1.22855e-17
3.12, 1.03224e-17
3.121, 8.7145e-18
3.122, 1.0837e-17
3.123, 9.2291e-18
3.124, 9.93047e-18
3.125, 9.56606e-18
3.126, 7.60291e-18
3.127, 1.27452e-17
3.128, 7.93987e-18
3.129, 1.23716e-17
3.13, 1.23625e-17
3.131, 7.91242e-18
3.132, 7.19271e-18
3.133, 1.28679e-17
3.134, 8.24023e-18
3.135, 1.30272e-17
3.136, 8.39957e-18
3.137, 1.31866e-17
3.138, 8.38127e-18
3.139, 1.0859e-17
3.14, 9.78405e-18
3.141, 6.93271e-18
3.142, 1.17197e-17
3.143, 1.24211e-17
3.144, 1.22343e-17
3.145, 1.27581e-17
3.146, 5.99879e-18
3.147, 9.71997e-18
3.148, 9.53319e-18
3.149, 1.2011e-17
3.15, 1.32452e-17
3.151, 7.37411e-18
3.152, 1.09177e-17
3.153, 9.13216e-18
3.154, 8.94538e-18
3.155, 1.24889e-17
3.156, 9.10473e-18
3.157, 7.14157e-18
3.158, 1.38826e-17
3.159, 9.61016e-18
3.16, 1.06668e-17
3.161, 1.04801e-17
3.162, 1.27802e-17
3.163, 7.44194e-18
3.164, 1.47158e-17
3.165, 8.66709e-18
3.166, 1.2033e-17
3.167, 9.71461e-18
3.168, 7.57384e-18
3.169, 1.36043e-17
3.17, 8.26606e-18
3.171, 1.10991e-17
3.172, 9.31359e-18
3.173, 1.0015e-17
3.174, 9.29532e-18
3.175, 9.81908e-18
3.176, 1.14087e-17
3.177, 9.80078e-18
3.178, 9.96926e-18
3.179, 9.07194e-18
3.18, 9.5957e-18
3.181, 1.01194e-17
3.182, 8.51158e-18
3.183, 1.32986e-17
3.184, 8.13802e-18
3.185, 1.36356e-17
3.186, 6.16574e-18
3.187, 1.02422e-17
3.188, 1.12989e-17
3.189, 1.39543e-17
3.19, 1.00371e-17
3.191, 9.85035e-18
3.192, 1.00188e-17
3.193, 1.05426e-17
3.194, 9.8229e-18
3.195, 1.03466e-17
3.196, 1.06927e-17
3.197, 8.72962e-18
3.198, 1.24508e-17
3.199, 7.82311e-18
3.2, 1.33207e-17
3.201, 6.38373e-18
3.202, 1.18813e-17
3.203, 1.22274e-17
3.204, 1.22183e-17
3.205, 8.65639e-18
3.206, 9.89069e-18
3.207, 9.34863e-18
3.208, 9.69475e-18
3.209, 9.50798e-18
3.21, 9.14357e-18
3.211, 1.1266e-17
3.212, 1.37438e-17
3.213, 8.93846e-18
3.214, 1.03504e-17
3.215, 9.45306e-18
3.216, 1.03321e-17
3.217, 1.01453e-17
3.218, 1.38665e-17
3.219, 8.35063e-18
3.22, 1.47364e-17
3.221, 5.66778e-18
3.222, 7.79026e-18
3.223, 1.25773e-17
3.224, 9.01543e-18
3.225, 7.94045e-18
3.226, 1.48591e-17
3.227, 7.92216e-18
3.228, 1.34197e-17
3.229, 9.32494e-18
3.23, 9.84868e-18
3.231, 9.83955e-18
3.232, 9.65276e-18
3.233, 1.0887e-17
3.234, 1.01674e-17
3.235, 1.06911e-17
3.236, 1.12149e-17
3.237, 9.60701e-18
3.238, 6.93329e-18
3.239, 1.10098e-17
3.24, 1.0823e-17
3.241, 1.09915e-17
3.242, 1.116e-17
3.243, 9.55209e-18
3.244, 7.41131e-18
3.245, 1.433e-17
3.246, 9.52464e-18
3.247, 7.20623e-18
3.248, 1.32367e-17
3.249, 7.36555e-18
3.25, 1.21526e-17
3.251, 1.21434e-17
3.252, 8.75918e-18
3.253, 9.46058e-18
3.254, 6.25398e-18
3.255, 1.05081e-17
3.256, 1.29859e-17
3.257, 8.5358e-18
3.258, 1.26123e-17
3.259, 8.16223e-18
3.26, 1.2594e-17
3.261, 7.9663e-18
3.262, 1.16875e-17
3.263, 9.72435e-18
3.264, 1.02481e-17
3.265, 8.28497e-18
3.266, 1.28943e-17
3.267, 5.60215e-18
3.268, 9.85625e-18
3.269, 1.02024e-17
3.27, 1.07261e-17
3.271, 8.76299e-18
3.272, 1.42605e-17
3.273, 8.3894e-18
3.274, 1.01566e-17
3.275, 8.54876e-18
3.276, 1.19147e-17
3.277, 9.06334e-18
3.278, 8.34367e-18
3.279, 1.27754e-17
3.28, 6.90429e-18
3.281, 1.15137e-17
3.282, 1.04387e-17
3.283, 1.22059e-17
3.284, 1.32626e-17
3.285, 6.50329e-18
3.286, 1.39548e-17
3.287, 1.07482e-17
3.288, 9.85091e-18
3.289, 1.07299e-17
3.29, 9.12207e-18
3.291, 9.82345e-18
3.292, 1.08801e-17
3.293, 1.14039e-17
3.294, 9.79602e-18
3.295, 1.01421e-17
3.296, 1.13764e-17
3.297, 1.01238e-17
3.298, 9.04886e-18
3.299, 6.19752e-18
3.3, 1.34714e-17
3.301, 9.55431e-18
3.302, 8.47934e-18
3.303, 1.57533e-17
3.304, 9.52687e-18
3.305, 8.27427e-18
3.306, 1.57258e-17
3.307, 7.54539e-18
3.308, 1.03784e-17
3.309, 1.17903e-17
3.31, 1.17812e-17
3.311, 1.01733e-17
3.312, 8.03255e-18
3.313, 1.24643e-17
3.314, 6.2379e-18
3.315, 1.2446e-17
3.316, 1.01276e-17
3.317, 1.06514e-17
3.318, 1.08198e-17
3.319, 1.01002e-17
3.32, 9.02517e-18
3.321, 9.72657e-18
3.322, 1.39807e-17
3.323, 9.35299e-18
3.324, 1.04097e-17
3.325, 1.09334e-17
3.326, 1.02137e-17
3.327, 1.07375e-17
3.328, 1.07283e-17
3.329, 1.12521e-17
3.33, 1.17759e-17
3.331, 8.92452e-18
3.332, 6.9614e-18
3.333, 1.38801e-17
3.334, 9.07473e-18
3.335, 7.46686e-18
3.336, 1.34973e-17
3.337, 8.86965e-18
3.338, 1.40119e-17
3.339, 6.71972e-18
3.34, 1.07962e-17
3.341, 8.30013e-18
3.342, 1.09555e-17
3.343, 1.13017e-17
3.344, 1.0582e-17
3.345, 1.03952e-17
3.346, 1.00308e-17
3.347, 1.21532e-17
3.348, 1.26769e-17
3.349, 6.8058e-18
3.35, 1.42573e-17
3.351, 1.06954e-17
3.352, 1.06863e-17
3.353, 7.83496e-18
3.354, 1.12009e-17
3.355, 1.29681e-17
3.356, 6.74171e-18
3.357, 1.04629e-17
3.358, 1.00985e-17
3.359, 1.09775e-17
3.36, 1.07907e-17
3.361, 1.22027e-17
3.362, 9.88425e-18
3.363, 8.27637e-18
3.364, 1.35963e-17
3.365, 6.30405e-18
3.366, 1.05582e-17
3.367, 1.23254e-17
3.368, 1.03622e-17
3.369, 8.93201e-18
3.37, 1.01663e-17
3.371, 8.20315e-18
3.372, 1.42336e-17
3.373, 1.04941e-17
3.374, 1.1906e-17
3.375, 9.05472e-18
3.376, 6.20339e-18
3.377, 1.20562e-17
3.378, 1.13365e-17
3.379, 8.66287e-18
3.38, 1.23841e-17
3.381, 9.53271e-18
3.382, 9.52357e-18
3.383, 1.04026e-17
3.384, 1.18145e-17
3.385, 1.03843e-17
3.386, 8.42116e-18
3.387, 1.30305e-17
3.388, 6.6265e-18
3.389, 1.0703e-17
3.39, 1.10491e-17
3.391, 8.19775e-18
3.392, 1.15637e-17
3.393, 8.00186e-18
3.394, 1.20783e-17
3.395, 1.04704e-17
3.396, 1.09942e-17
3.397, 1.1518e-17
3.398, 8.84424e-18
3.399, 1.06115e-17
3.4, 6.87195e-18
3.401, 9.88263e-18
3.402, 1.11169e-17
3.403, 1.03972e-17
3.404, 8.43407e-18
3.405, 1.12671e-17
3.406, 9.30394e-18
3.407, 9.47241e-18
3.408, 8.21982e-18
3.409, 1.42503e-17
3.41, 8.37916e-18
3.411, 1.24556e-17
3.412, 5.51867e-18
3.413, 8.88461e-18
3.414, 1.13624e-17
3.415, 1.31296e-17
3.416, 8.14661e-18
3.417, 1.2756e-17
3.418, 8.66123e-18
3.419, 1.09613e-17
3.42, 9.35349e-18
3.421, 8.81142e-18
3.422, 1.16444e-17
3.423, 8.97077e-18
3.424, 6.65233e-18
3.425, 1.03735e-17
3.426, 1.19631e-17
3.427, 1.31974e-17
3.428, 6.97102e-18
3.429, 1.15804e-17
3.43, 1.17489e-17
3.431, 8.89756e-18
3.432, 9.42134e-18
3.433, 9.94509e-18
3.434, 1.22452e-17
3.435, 1.20584e-17
3.436, 1.22269e-17
3.437, 1.11519e-17
3.438, 1.09651e-17
3.439, 7.22565e-18
3.44, 1.05916e-17
3.441, 1.18259e-17
3.442, 1.03956e-17
3.443, 9.32066e-18
3.444, 9.13388e-18
3.445, 1.24998e-17
3.446, 1.10696e-17
3.447, 1.30144e-17
3.448, 1.08737e-17
3.449, 9.08815e-18
3.45, 1.03224e-17
3.451, 9.42511e-18
3.452, 9.59359e-18
3.453, 9.76208e-18
3.454, 8.86476e-18
3.455, 1.4007e-17
3.456, 7.0701e-18
3.457, 1.15019e-17
3.458, 1.11374e-17
3.459, 1.0773e-17
3.46, 1.07638e-17
3.461, 1.03994e-17
3.462, 9.50211e-18
3.463, 8.60478e-18
3.464, 1.19707e-17
3.465, 9.65227e-18
3.466, 9.99838e-18
3.467, 9.8116e-18
3.468, 8.91427e-18
3.469, 8.54986e-18
3.47, 1.52908e-17
3.471, 1.06632e-17
3.472, 7.10129e-18
3.473, 9.93431e-18
3.474, 1.0458e-17
3.475, 9.38308e-18
3.476, 8.13048e-18
3.477, 9.18713e-18
3.478, 8.82271e-18
3.479, 1.3965e-17
3.48, 7.38329e-18
3.481, 1.28809e-17
3.482, 5.94392e-18
3.483, 9.84277e-18
3.484, 1.33863e-17
3.485, 7.33757e-18
3.486, 1.01706e-17
3.487, 8.20745e-18
3.488, 1.15733e-17
3.489, 1.03207e-17
3.49, 1.10221e-17
3.491, 8.70375e-18
3.492, 1.31355e-17
3.493, 5.66565e-18
3.494, 1.25843e-17
3.495, 8.48952e-18
3.496, 1.36318e-17
3.497, 8.82647e-18
3.498, 1.14819e-17
3.499, 8.27528e-18
3.5, 1.28847e-17
3.501, 6.48063e-18
3.502, 9.84652e-18
3.503, 1.16137e-17
3.504, 1.49797e-17
3.505, 1.0352e-17
3.506, 8.21123e-18
3.507, 1.10442e-17
3.508, 1.08575e-17
3.509, 1.12036e-17
3.51, 1.22602e-17
3.511, 1.01195e-17
3.512, 7.80106e-18
3.513, 1.32986e-17
3.514, 6.36166e-18
3.515, 1.20368e-17
3.516, 1.25606e-17
3.517, 6.51185e-18
3.518, 1.20094e-17
3.519, 1.32437e-17
3.52, 8.61606e-18
3.521, 1.07385e-17
3.522, 6.82139e-18
3.523, 1.10755e-17
3.524, 8.57948e-18
3.525, 1.14125e-17
3.526, 9.80463e-18
3.527, 9.97311e-18
3.528, 1.13851e-17
3.529, 1.33299e-17
3.53, 7.28112e-18
3.531, 1.29563e-17
3.532, 1.11708e-17
3.533, 9.38525e-18
3.534, 7.59976e-18
3.535, 1.45184e-17
3.536, 8.292e-18
3.537, 1.23685e-17
3.538, 9.87246e-18
3.539, 7.37642e-18
3.54, 1.12753e-17
3.541, 1.10885e-17
3.542, 1.07241e-17
3.543, 1.17807e-17
3.544, 1.28374e-17
3.545, 5.01224e-18
3.546, 1.53059e-17
3.547, 8.54665e-18
3.548, 1.08468e-17
3.549, 1.04823e-17
3.55, 1.01179e-17
3.551, 1.01087e-17
3.552, 8.50088e-18
3.553, 1.34655e-17
3.554, 8.12729e-18
3.555, 1.18485e-17
3.556, 8.64189e-18
3.557, 1.25407e-17
3.558, 5.95905e-18
3.559, 1.09237e-17
3.56, 1.05593e-17
3.561, 1.23265e-17
3.562, 9.83045e-18
3.563, 7.68967e-18
3.564, 1.2299e-17
3.565, 8.55958e-18
3.566, 1.06821e-17
3.567, 9.42943e-18
3.568, 6.04521e-18
3.569, 1.06546e-17
3.57, 1.24218e-17
3.571, 1.2235e-17
3.572, 1.00942e-17
3.573, 7.59819e-18
3.574, 1.27405e-17
3.575, 6.33645e-18
3.576, 9.52473e-18
3.577, 9.16031e-18
3.578, 1.12828e-17
3.579, 1.21618e-17
3.58, 1.28632e-17
3.581, 5.21574e-18
3.582, 1.33778e-17
3.583, 8.03959e-18
3.584, 1.33595e-17
3.585, 8.73187e-18
3.586, 1.26307e-17
3.587, 7.11484e-18
3.588, 1.26124e-17
3.589, 7.09652e-18
3.59, 1.18835e-17
3.591, 1.16967e-17
3.592, 1.16876e-17
3.593, 1.22113e-17
3.594, 1.00706e-17
3.595, 6.5087e-18
3.596, 1.11181e-17
3.597, 9.68783e-18
3.598, 1.02116e-17
3.599, 1.03801e-17
3.6, 9.66039e-18
3.601, 1.14276e-17
3.602, 1.12408e-17
3.603, 1.26527e-17
3.604, 9.09086e-18
3.605, 8.54879e-18
3.606, 1.4224e-17
3.607, 7.28703e-18
3.608, 1.13635e-17
3.609, 9.40035e-18
3.61, 7.7925e-18
3.611, 1.16913e-17
3.612, 9.90583e-18
3.613, 9.18614e-18
3.614, 1.00652e-17
3.615, 1.18324e-17
3.616, 9.15865e-18
3.617, 7.01789e-18
3.618, 1.21602e-17
3.619, 1.0197e-17
3.62, 8.23391e-18
3.621, 1.19551e-17
3.622, 8.39325e-18
3.623, 1.30026e-17
3.624, 9.08549e-18
3.625, 9.07632e-18
3.626, 1.11988e-17
3.627, 1.13673e-17
3.628, 1.02923e-17
3.629, 9.21737e-18
3.63, 7.96477e-18
3.631, 1.27518e-17
3.632, 8.65703e-18
3.633, 1.48651e-17
3.634, 8.28339e-18
3.635, 1.02282e-17
3.636, 9.50856e-18
3.637, 8.61124e-18
3.638, 1.42864e-17
3.639, 6.9942e-18
3.64, 1.24918e-17
3.641, 9.64045e-18
3.642, 7.32202e-18
3.643, 1.38854e-17
3.644, 7.48132e-18
3.645, 1.29789e-17
3.646, 6.9301e-18
3.647, 9.94076e-18
3.648, 1.06422e-17
3.649, 1.08106e-17
3.65, 1.15121e-17
3.651, 1.07923e-17
3.652, 1.00727e-17
3.653, 9.35296e-18
3.654, 7.56745e-18
3.655, 1.53743e-17
3.656, 1.32335e-17
3.657, 6.82947e-18
3.658, 1.28599e-17
3.659, 8.58753e-18
3.66, 1.2664e-17
3.661, 7.8587e-18
3.662, 1.24681e-17
3.663, 5.88639e-18
3.664, 1.17392e-17
3.665, 1.33288e-17
3.666, 9.23402e-18
3.667, 6.5603e-18
3.668, 1.22355e-17
3.669, 1.22263e-17
3.67, 9.55265e-18
3.671, 9.18822e-18
3.672, 5.98163e-18
3.673, 1.00581e-17
3.674, 1.25358e-17
3.675, 7.73053e-18
3.676, 1.1807e-17
3.677, 1.2686e-17
3.678, 5.57145e-18
3.679, 1.12466e-17
3.68, 1.17704e-17
3.681, 1.10507e-17
3.682, 9.44282e-18
3.683, 9.96656e-18
3.684, 1.03127e-17
3.685, 9.41537e-18
3.686, 8.34038e-18
3.687, 1.22392e-17
3.688, 1.15195e-17
3.689, 9.55638e-18
3.69, 7.59325e-18
3.691, 1.13144e-17
3.692, 1.05948e-17
3.693, 8.98689e-18
3.694, 1.02212e-17
3.695, 1.18108e-17
3.696, 1.18016e-17
3.697, 7.17392e-18
3.698, 1.10728e-17
3.699, 1.05307e-17
3.7, 8.56758e-18
3.701, 1.15782e-17
3.702, 1.05033e-17
3.703, 7.82957e-18
3.704, 1.08402e-17
3.705, 1.11864e-17
3.706, 1.17101e-17
3.707, 1.1701e-17
3.708, 1.0626e-17
3.709, 9.3734e-18
3.71, 7.5879e-18
3.711, 1.09538e-17
3.712, 1.23658e-17
3.713, 1.16461e-17
3.714, 1.16369e-17
3.715, 9.14088e-18
3.716, 9.48702e-18
3.717, 1.24977e-17
3.718, 8.93582e-18
3.719, 1.0703e-17
3.72, 1.14044e-17
3.721, 9.61888e-18
3.722, 9.25444e-18
3.723, 9.42293e-18
3.724, 8.52562e-18
3.725, 1.40232e-17
3.726, 1.0106e-17
3.727, 1.11627e-17
3.728, 1.09759e-17
3.729, 9.36804e-18
3.73, 9.53652e-18
3.731, 9.70499e-18
3.732, 1.00511e-17
3.733, 1.05749e-17
3.734, 9.85515e-18
3.735, 1.03789e-17
3.736, 1.17908e-17
3.737, 1.32028e-17
3.738, 8.04218e-18
3.739, 1.37174e-17
3.74, 7.49099e-18
3.741, 1.06793e-17
3.742, 9.9596e-18
3.743, 9.95045e-18
3.744, 7.98731e-18
3.745, 1.40178e-17
3.746, 9.39009e-18
3.747, 1.18679e-17
3.748, 1.38126e-17
3.749, 5.09934e-18
3.75, 1.29062e-17
3.751, 6.67978e-18
3.752, 1.21773e-17
3.753, 1.27011e-17
3.754, 7.54051e-18
3.755, 1.17946e-17
3.756, 9.29856e-18
3.757, 9.46707e-18
3.758, 8.3921e-18
3.759, 1.38896e-17
3.76, 7.13034e-18
3.761, 1.04963e-17
3.762, 1.22635e-17
3.763, 1.03004e-17
3.764, 9.04773e-18
3.765, 8.86094e-18
3.766, 1.38255e-17
3.767, 5.82278e-18
3.768, 1.27414e-17
3.769, 9.00196e-18
3.77, 8.9928e-18
3.771, 1.32469e-17
3.772, 9.32977e-18
3.773, 1.00312e-17
3.774, 1.26865e-17
3.775, 1.01905e-17
3.776, 1.07143e-17
3.777, 9.81693e-18
3.778, 9.98542e-18
3.779, 9.08809e-18
3.78, 9.61184e-18
3.781, 1.08461e-17
3.782, 9.94881e-18
3.783, 8.87385e-18
3.784, 1.20622e-17
3.785, 8.50031e-18
3.786, 1.0978e-17
3.787, 8.83727e-18
3.788, 1.1315e-17
3.789, 1.09506e-17
3.79, 7.74395e-18
3.791, 1.19981e-17
3.792, 9.67968e-18
3.793, 9.49286e-18
3.794, 1.00166e-17
3.795, 1.10733e-17
3.796, 1.37287e-17
3.797, 9.45625e-18
3.798, 7.67073e-18
3.799, 1.56552e-17
3.8, 1.10275e-17
3.801, 8.53149e-18
3.802, 1.52725e-17
3.803, 9.57903e-18
3.804, 8.6817e-18
3.805, 1.31134e-17
3.806, 5.6436e-18
3.807, 1.0253e-17
3.808, 1.14873e-17
3.809, 1.13005e-17
3.81, 7.561e-18
3.811, 1.07493e-17
3.812, 1.09178e-17
3.813, 8.95462e-18
3.814, 1.01889e-17
3.815, 1.19561e-17
3.816, 1.28351e-17
3.817, 9.09564e-18
3.818, 9.79703e-18
3.819, 1.28077e-17
3.82, 8.71291e-18
3.821, 1.52763e-17
3.822, 9.93805e-18
3.823, 7.44202e-18
3.824, 1.0275e-17
3.825, 9.91064e-18
3.826, 1.20331e-17
3.827, 1.2024e-17
3.828, 1.27254e-17
3.829, 3.8344e-18
3.83, 1.23518e-17
3.831, 1.26979e-17
3.832, 7.89257e-18
3.833, 1.1969e-17
3.834, 9.473e-18
3.835, 1.05297e-17
3.836, 9.80996e-18
3.837, 1.12219e-17
3.838, 1.19233e-17
3.839, 1.17365e-17
3.84, 1.17274e-17
3.841, 9.94184e-18
3.842, 1.06432e-17
3.843, 1.22328e-17
3.844, 1.11578e-17
3.845, 9.37232e-18
3.846, 9.71844e-18
3.847, 8.82111e-18
3.848, 1.36081e-17
3.849, 6.84881e-18
3.85, 1.11029e-17
3.851, 1.00279e-17
3.852, 1.00188e-17
3.853, 9.29909e-18
3.854, 7.51358e-18
3.855, 1.23006e-17
3.856, 1.24691e-17
3.857, 5.88741e-18
3.858, 1.10297e-17
3.859, 1.031e-17
3.86, 1.15443e-17
3.861, 1.22457e-17
3.862, 9.572e-18
3.863, 7.07598e-18
3.864, 1.20406e-17
3.865, 1.20314e-17
3.866, 9.89063e-18
3.867, 1.14802e-17
3.868, 1.05829e-17
3.869, 1.00408e-17
3.87, 7.01185e-18
3.871, 1.17989e-17
3.872, 9.65808e-18
3.873, 7.87257e-18
3.874, 1.33701e-17
3.875, 1.05188e-17
3.876, 1.15755e-17
3.877, 1.28098e-17
3.878, 6.22811e-18
3.879, 1.24362e-17
3.88, 9.94012e-18
3.881, 1.04639e-17
3.882, 9.7442e-18
3.883, 1.0268e-17
3.884, 1.09693e-17
3.885, 1.13155e-17
3.886, 1.05958e-17
3.887, 1.11195e-17
3.888, 7.20241e-18
3.889, 9.14726e-18
3.89, 8.42757e-18
3.891, 1.17935e-17
3.892, 8.94217e-18
3.893, 1.05318e-17
3.894, 1.05226e-17
3.895, 7.49363e-18
3.896, 1.37017e-17
3.897, 8.89637e-18
3.898, 1.03083e-17
3.899, 1.08321e-17
3.9, 1.01124e-17
3.901, 8.68212e-18
3.902, 1.29362e-17
3.903, 7.0651e-18
3.904, 1.11416e-17
3.905, 9.53372e-18
3.906, 1.09457e-17
3.907, 1.11141e-17
3.908, 1.2526e-17
3.909, 7.36542e-18
3.91, 1.19748e-17
3.911, 9.30108e-18
3.912, 9.29193e-18
3.913, 1.12368e-17
3.914, 1.105e-17
3.915, 1.26396e-17
3.916, 6.41319e-18
3.917, 1.10226e-17
3.918, 1.22569e-17
3.919, 1.27806e-17
3.92, 5.31078e-18
3.921, 1.4894e-17
3.922, 1.07992e-17
3.923, 1.04348e-17
3.924, 8.82691e-18
3.925, 1.18375e-17
3.926, 1.04073e-17
3.927, 7.73363e-18
3.928, 1.34088e-17
3.929, 6.11663e-18
3.93, 9.66018e-18
3.931, 9.82866e-18
3.932, 1.07077e-17
3.933, 1.3896e-17
3.934, 1.0867e-17
3.935, 1.05026e-17
3.936, 8.1842e-18
3.937, 1.17278e-17
3.938, 9.94225e-18
3.939, 7.62384e-18
3.94, 1.24108e-17
3.941, 1.31122e-17
3.942, 6.17531e-18
3.943, 1.29163e-17
3.944, 9.70975e-18
3.945, 9.87822e-18
3.946, 1.05796e-17
3.947, 1.1281e-17
3.948, 1.18048e-17
3.949, 1.17956e-17
3.95, 8.58901e-18
3.951, 1.01786e-17
3.952, 6.972e-18
3.953, 1.28248e-17
3.954, 5.53261e-18
3.955, 1.19183e-17
3.956, 1.22645e-17
3.957, 9.94605e-18
3.958, 9.04873e-18
3.959, 8.86193e-18
3.96, 1.34713e-17
3.961, 8.13309e-18
3.962, 1.18543e-17
3.963, 9.89112e-18
3.964, 9.17144e-18
3.965, 9.6952e-18
3.966, 1.23506e-17
3.967, 1.35849e-17
3.968, 7.53612e-18
3.969, 9.6586e-18
3.97, 7.51782e-18
3.971, 1.24824e-17
3.972, 8.0324e-18
3.973, 1.17536e-17
3.974, 8.54699e-18
3.975, 1.22682e-17
3.976, 9.23923e-18
3.977, 6.9208e-18
3.978, 1.13526e-17
3.979, 1.02776e-17
3.98, 1.11566e-17
3.981, 1.04369e-17
3.982, 8.47376e-18
3.983, 1.14844e-17
3.984, 7.92256e-18
3.985, 1.04003e-17
3.986, 7.90425e-18
3.987, 1.12702e-17
3.988, 1.16163e-17
3.989, 1.16072e-17
3.99, 8.4006e-18
3.991, 9.81253e-18
3.992, 7.49409e-18
3.993, 1.086e-17
3.994, 1.13838e-17
3.995, 1.19075e-17
3.996, 8.5233e-18
3.997, 1.27774e-17
3.998, 7.9721e-18
3.999, 1.25815e-17
4, 7.95383e-18
4.001, 9.01047e-18
4.002, 9.17899e-18
4.003, 1.04133e-17
4.004, 8.45013e-18
4.005, 1.53688e-17
4.006, 9.14237e-18
4.007, 8.06742e-18
4.008, 1.09004e-17
4.009, 8.22676e-18
4.01, 1.03492e-17
4.011, 9.27426e-18
4.012, 8.55458e-18
4.013, 1.31639e-17
4.014, 6.04938e-18
4.015, 9.59295e-18
4.016, 1.34918e-17
4.017, 8.86411e-18
4.018, 1.31182e-17
4.019, 7.60235e-18
4.02, 1.30999e-17
4.021, 5.63008e-18
4.022, 9.70655e-18
4.023, 1.30725e-17
4.024, 8.97772e-18
4.025, 1.00344e-17
4.026, 1.34003e-17
4.027, 1.0549e-17
4.028, 1.03622e-17
4.029, 1.03531e-17
4.03, 7.67935e-18
4.031, 1.31769e-17
4.032, 9.08213e-18
4.033, 9.07297e-18
4.034, 9.59675e-18
4.035, 1.04758e-17
4.036, 1.0289e-17
4.037, 1.18786e-17
4.038, 1.27576e-17
4.039, 7.06411e-18
4.04, 1.18511e-17
4.041, 1.00656e-17
4.042, 1.02341e-17
4.043, 8.9815e-18
4.044, 9.86053e-18
4.045, 8.78557e-18
4.046, 1.4816e-17
4.047, 1.00107e-17
4.048, 8.93572e-18
4.049, 9.45949e-18
4.05, 1.1582e-17
4.051, 1.38821e-17
4.052, 8.01096e-18
4.053, 1.24427e-17
4.054, 6.21631e-18
4.055, 1.34902e-17
4.056, 1.0106e-17
4.057, 1.08074e-17
4.058, 1.00877e-17
4.059, 9.01274e-18
4.06, 8.82596e-18
4.061, 1.32577e-17
4.062, 8.0971e-18
4.063, 1.23512e-17
4.064, 9.49986e-18
4.065, 7.53674e-18
4.066, 1.44554e-17
4.067, 7.16316e-18
4.068, 8.93038e-18
4.069, 9.45413e-18
4.07, 1.01555e-17
4.071, 1.19227e-17
4.072, 1.17359e-17
4.073, 1.17268e-17
4.074, 8.52018e-18
4.075, 1.06427e-17
4.076, 7.79132e-18
4.077, 1.18678e-17
4.078, 1.13257e-17
4.079, 9.71788e-18
4.08, 7.5771e-18
4.081, 1.20089e-17
4.082, 1.07562e-17
4.083, 1.07471e-17
4.084, 7.89576e-18
4.085, 1.21499e-17
4.086, 8.23274e-18
4.087, 9.99996e-18
4.088, 7.68153e-18
4.089, 1.40673e-17
4.09, 1.15712e-17
4.091, 1.2095e-17
4.092, 8.53311e-18
4.093, 1.03003e-17
4.094, 8.33717e-18
4.095, 1.34795e-17
4.096, 6.00961e-18
4.097, 1.16848e-17
4.098, 9.54402e-18
4.099, 9.7125e-18
4.1, 1.09468e-17
4.101, 1.20035e-17
4.102, 1.19943e-17
4.103, 8.78773e-18
4.104, 1.16208e-17
4.105, 8.94708e-18
4.106, 7.16155e-18
4.107, 1.3192e-17
4.108, 7.32092e-18
4.109, 1.01539e-17
4.11, 8.36843e-18
4.111, 1.35107e-17
4.112, 4.61977e-18
4.113, 1.40253e-17
4.114, 1.01082e-17
4.115, 9.38851e-18
4.116, 1.02675e-17
4.117, 1.13242e-17
4.118, 1.30914e-17
4.119, 8.81897e-18
4.12, 1.43165e-17
4.121, 9.3336e-18
4.122, 6.65991e-18
4.123, 1.00259e-17
4.124, 1.01943e-17
4.125, 9.29701e-18
4.126, 8.39969e-18
4.127, 9.45633e-18
4.128, 9.09191e-18
4.129, 8.19458e-18
4.13, 1.17381e-17
4.131, 1.15513e-17
4.132, 9.94348e-18
4.133, 1.04672e-17
4.134, 9.74752e-18
4.135, 7.78439e-18
4.136, 1.07951e-17
4.137, 1.13188e-17
4.138, 9.0004e-18
4.139, 9.34653e-18
4.14, 1.23572e-17
4.141, 1.25257e-17
4.142, 8.25323e-18
4.143, 1.0731e-17
4.144, 8.76785e-18
4.145, 1.12456e-17
4.146, 8.92719e-18
4.147, 9.45095e-18
4.148, 9.26417e-18
4.149, 1.10314e-17
4.15, 1.22657e-17
4.151, 9.59198e-18
4.152, 9.58283e-18
4.153, 1.08171e-17
4.154, 1.04527e-17
4.155, 1.1687e-17
4.156, 9.72386e-18
4.157, 1.06029e-17
4.158, 1.18372e-17
4.159, 8.80823e-18
4.16, 1.09307e-17
4.161, 8.6123e-18
4.162, 1.12677e-17
4.163, 9.30453e-18
4.164, 8.9401e-18
4.165, 1.12402e-17
4.166, 1.03429e-17
4.167, 1.05114e-17
4.168, 1.10351e-17
4.169, 9.96016e-18
4.17, 1.04839e-17
4.171, 8.52078e-18
4.172, 1.54394e-17
4.173, 7.96957e-18
4.174, 1.16908e-17
4.175, 8.6618e-18
4.176, 1.30936e-17
4.177, 9.70933e-18
4.178, 1.09436e-17
4.179, 1.02239e-17
4.18, 7.55022e-18
4.181, 1.16267e-17
4.182, 8.77536e-18
4.183, 1.21413e-17
4.184, 8.57948e-18
4.185, 1.26559e-17
4.186, 5.36372e-18
4.187, 8.72965e-18
4.188, 1.56483e-17
4.189, 8.35607e-18
4.19, 1.04785e-17
4.191, 9.40359e-18
4.192, 9.39443e-18
4.193, 1.02735e-17
4.194, 1.16854e-17
4.195, 1.16762e-17
4.196, 1.00684e-17
4.197, 1.05921e-17
4.198, 1.09382e-17
4.199, 8.0869e-18
4.2, 1.14529e-17
4.201, 8.60151e-18
4.202, 1.28556e-17
4.203, 8.05031e-18
4.204, 1.15939e-17
4.205, 1.03413e-17
4.206, 7.48994e-18
4.207, 1.15664e-17
4.208, 1.15573e-17
4.209, 1.11928e-17
4.21, 8.8744e-18
4.211, 1.1885e-17
4.212, 1.02772e-17
4.213, 1.0268e-17
4.214, 1.00812e-17
4.215, 1.02497e-17
4.216, 8.28658e-18
4.217, 1.4317e-17
4.218, 9.68937e-18
4.219, 8.96969e-18
4.22, 1.10922e-17
4.221, 1.09054e-17
4.222, 1.14291e-17
4.223, 9.64364e-18
4.224, 9.27923e-18
4.225, 1.14017e-17
4.226, 1.37018e-17
4.227, 8.00834e-18
4.228, 1.4927e-17
4.229, 7.45714e-18
4.23, 1.02902e-17
4.231, 1.01034e-17
4.232, 1.22258e-17
4.233, 1.20391e-17
4.234, 1.22076e-17
4.235, 7.93514e-18
4.236, 1.05905e-17
4.237, 9.1603e-18
4.238, 9.68405e-18
4.239, 8.78672e-18
4.24, 1.48172e-17
4.241, 1.00119e-17
4.242, 8.0487e-18
4.243, 1.05265e-17
4.244, 1.06949e-17
4.245, 9.97525e-18
4.246, 9.78847e-18
4.247, 8.89114e-18
4.248, 7.99381e-18
4.249, 1.45571e-17
4.25, 7.6202e-18
4.251, 1.02756e-17
4.252, 1.02664e-17
4.253, 1.07902e-17
4.254, 1.13139e-17
4.255, 1.18377e-17
4.256, 1.02298e-17
4.257, 1.07536e-17
4.258, 8.43516e-18
4.259, 1.53538e-17
4.26, 1.05485e-17
4.261, 8.40773e-18
4.262, 1.28395e-17
4.263, 7.6789e-18
4.264, 1.31765e-17
4.265, 7.48297e-18
4.266, 1.29805e-17
4.267, 8.53049e-18
4.268, 1.36728e-17
4.269, 9.578e-18
4.27, 8.50302e-18
4.271, 1.22242e-17
4.272, 1.09716e-17
4.273, 1.09625e-17
4.274, 7.93352e-18
4.275, 1.18324e-17
4.276, 1.0935e-17
4.277, 8.97189e-18
4.278, 9.49565e-18
4.279, 1.00194e-17
4.28, 8.94445e-18
4.281, 7.69184e-18
4.282, 1.1946e-17
4.283, 9.98281e-18
4.284, 1.05066e-17
4.285, 9.78688e-18
4.286, 7.11316e-18
4.287, 1.06567e-17
4.288, 1.04699e-17
4.289, 1.31253e-17
4.29, 6.89893e-18
4.291, 1.43505e-17
4.292, 1.00781e-17
4.293, 1.23782e-17
4.294, 1.25467e-17
4.295, 6.49793e-18
4.296, 1.12849e-17
4.297, 1.28745e-17
4.298, 5.40467e-18
4.299, 1.23233e-17
4.3, 1.35576e-17
4.301, 6.97594e-18
4.302, 1.24735e-17
4.303, 7.66819e-18
4.304, 1.26328e-17
4.305, 1.19132e-17
4.306, 1.06605e-17
4.307, 9.40795e-18
4.308, 8.33298e-18
4.309, 1.68503e-17
4.31, 6.00543e-18
4.311, 1.07924e-17
4.312, 1.00727e-17
4.313, 1.05965e-17
4.314, 9.16625e-18
4.315, 1.05782e-17
4.316, 9.50321e-18
4.317, 1.05599e-17
4.318, 1.16165e-17
4.319, 1.21403e-17
4.32, 1.2664e-17
4.321, 7.68108e-18
4.322, 1.17575e-17
4.323, 1.08602e-17
4.324, 9.60762e-18
4.325, 9.95374e-18
4.326, 7.99062e-18
4.327, 1.43763e-17
4.328, 7.4394e-18
4.329, 1.04501e-17
4.33, 9.73037e-18
4.331, 1.06094e-17
4.332, 1.07779e-17
4.333, 1.09464e-17
4.334, 9.69378e-18
4.335, 9.32937e-18
4.336, 1.16295e-17
4.337, 1.28638e-17
4.338, 8.05845e-18
4.339, 1.21349e-17
4.34, 1.106e-17
4.341, 1.14061e-17
