sim_time, unit_box_Custom?world_pose/position/x
0.001, -9.80006e-14
0.002, -9.80001e-14
0.003, -9.80001e-14
0.004, -9.80001e-14
0.005, -9.80001e-14
0.006, -9.80001e-14
0.007, -9.80001e-14
0.008, -9.80001e-14
0.009, -9.80001e-14
0.01, -9.80001e-14
0.011, -9.80001e-14
0.012, -9.80001e-14
0.013, -9.80001e-14
0.014, -9.80001e-14
0.015, -9.80001e-14
0.016, -9.80001e-14
0.017, -9.80001e-14
0.018, -9.80001e-14
0.019, -9.80001e-14
0.02, -9.80001e-14
0.021, -9.80001e-14
0.022, -9.80001e-14
0.023, -9.80001e-14
0.024, -9.80001e-14
0.025, -9.80001e-14
0.026, -9.80001e-14
0.027, -9.80001e-14
0.028, -9.80001e-14
0.029, -9.80001e-14
0.03, -9.80001e-14
0.031, -9.80001e-14
0.032, -9.80001e-14
0.033, -9.80001e-14
0.034, -9.80001e-14
0.035, -9.80001e-14
0.036, -9.80001e-14
0.037, -9.80001e-14
0.038, -9.80001e-14
0.039, -9.80001e-14
0.04, -9.80001e-14
0.041, -9.80001e-14
0.042, -9.80001e-14
0.043, -9.80001e-14
0.044, -9.80001e-14
0.045, -9.80001e-14
0.046, -9.80001e-14
0.047, -9.80001e-14
0.048, -9.80001e-14
0.049, -9.80001e-14
0.05, -9.80001e-14
0.051, -9.80001e-14
0.052, -9.80001e-14
0.053, -9.80001e-14
0.054, -9.80001e-14
0.055, -9.80001e-14
0.056, -9.80001e-14
0.057, -9.80001e-14
0.058, -9.80001e-14
0.059, -9.80001e-14
0.06, -9.80001e-14
0.061, -9.80001e-14
0.062, -9.80001e-14
0.063, -9.80001e-14
0.064, -9.80001e-14
0.065, -9.80001e-14
0.066, -9.80001e-14
0.067, -9.80001e-14
0.068, -9.80001e-14
0.069, -9.80001e-14
0.07, -9.80001e-14
0.071, -9.80001e-14
0.072, -9.80001e-14
0.073, -9.80001e-14
0.074, -9.80001e-14
0.075, -9.80001e-14
0.076, -9.80001e-14
0.077, -9.80001e-14
0.078, -9.80001e-14
0.079, -9.80001e-14
0.08, -9.80001e-14
0.081, -9.80001e-14
0.082, -9.80001e-14
0.083, -9.80001e-14
0.084, -9.80001e-14
0.085, -9.80001e-14
0.086, -9.80001e-14
0.087, -9.80001e-14
0.088, -9.80001e-14
0.089, -9.80001e-14
0.09, -9.80001e-14
0.091, -9.80001e-14
0.092, -9.80001e-14
0.093, -9.80001e-14
0.094, -9.80001e-14
0.095, -9.80001e-14
0.096, -9.80001e-14
0.097, -9.80001e-14
0.098, -9.80001e-14
0.099, -9.80001e-14
0.1, -9.80001e-14
0.101, -9.80001e-14
0.102, -9.80001e-14
0.103, -9.80001e-14
0.104, -9.80001e-14
0.105, -9.80001e-14
0.106, -9.80001e-14
0.107, -9.80001e-14
0.108, -9.80001e-14
0.109, -9.80001e-14
0.11, -9.80001e-14
0.111, -9.80001e-14
0.112, -9.80001e-14
0.113, -9.80001e-14
0.114, -9.80001e-14
0.115, -9.80001e-14
0.116, -9.80001e-14
0.117, -9.80001e-14
0.118, -9.80001e-14
0.119, -9.80001e-14
0.12, -9.80001e-14
0.121, -9.80001e-14
0.122, -9.80001e-14
0.123, -9.80001e-14
0.124, -9.80001e-14
0.125, -9.80001e-14
0.126, -9.80001e-14
0.127, -9.80001e-14
0.128, -9.80001e-14
0.129, -9.80001e-14
0.13, -9.80001e-14
0.131, -9.80001e-14
0.132, -9.80001e-14
0.133, -9.80001e-14
0.134, -9.80001e-14
0.135, -9.80001e-14
0.136, -9.80001e-14
0.137, -9.80001e-14
0.138, -9.80001e-14
0.139, -9.80001e-14
0.14, -9.80001e-14
0.141, -9.80001e-14
0.142, -9.80001e-14
0.143, -9.80001e-14
0.144, -9.80001e-14
0.145, -9.80001e-14
0.146, -9.80001e-14
0.147, -9.80001e-14
0.148, -9.80001e-14
0.149, -9.80001e-14
0.15, -9.80001e-14
0.151, -9.80001e-14
0.152, -9.80001e-14
0.153, -9.80001e-14
0.154, -9.80001e-14
0.155, -9.80001e-14
0.156, -9.80001e-14
0.157, -9.80001e-14
0.158, -9.80001e-14
0.159, -9.80001e-14
0.16, -9.80001e-14
0.161, -9.80001e-14
0.162, -9.80001e-14
0.163, -9.80001e-14
0.164, -9.80001e-14
0.165, -9.80001e-14
0.166, -9.80001e-14
0.167, -9.80001e-14
0.168, -9.80001e-14
0.169, -9.80001e-14
0.17, -9.80001e-14
0.171, -9.80001e-14
0.172, -9.80001e-14
0.173, -9.80001e-14
0.174, -9.80001e-14
0.175, -9.80001e-14
0.176, -9.80001e-14
0.177, -9.80001e-14
0.178, -9.80001e-14
0.179, -9.80001e-14
0.18, -9.80001e-14
0.181, -9.80001e-14
0.182, -9.80001e-14
0.183, -9.80001e-14
0.184, -9.80001e-14
0.185, -9.80001e-14
0.186, -9.80001e-14
0.187, -9.80001e-14
0.188, -9.80001e-14
0.189, -9.80001e-14
0.19, -9.80001e-14
0.191, -9.80001e-14
0.192, -9.80001e-14
0.193, -9.80001e-14
0.194, -9.80001e-14
0.195, -9.80001e-14
0.196, -9.80001e-14
0.197, -9.80001e-14
0.198, -9.80001e-14
0.199, -9.80001e-14
0.2, -9.80001e-14
0.201, -9.80001e-14
0.202, -9.80001e-14
0.203, -9.80001e-14
0.204, -9.80001e-14
0.205, -9.80001e-14
0.206, -9.80001e-14
0.207, -9.80001e-14
0.208, -9.80001e-14
0.209, -9.80001e-14
0.21, -9.80001e-14
0.211, -9.80001e-14
0.212, -9.80001e-14
0.213, -9.80001e-14
0.214, -9.80001e-14
0.215, -9.80001e-14
0.216, -9.80001e-14
0.217, -9.80001e-14
0.218, -9.80001e-14
0.219, -9.80001e-14
0.22, -9.80001e-14
0.221, -9.80001e-14
0.222, -9.80001e-14
0.223, -9.80001e-14
0.224, -9.80001e-14
0.225, -9.80001e-14
0.226, -9.80001e-14
0.227, -9.80001e-14
0.228, -9.80001e-14
0.229, -9.80001e-14
0.23, -9.80001e-14
0.231, -9.80001e-14
0.232, -9.80001e-14
0.233, -9.80001e-14
0.234, -9.80001e-14
0.235, -9.80001e-14
0.236, -9.80001e-14
0.237, -9.80001e-14
0.238, -9.80001e-14
0.239, -9.80001e-14
0.24, -9.80001e-14
0.241, -9.80001e-14
0.242, -9.80001e-14
0.243, -9.80001e-14
0.244, -9.80001e-14
0.245, -9.80001e-14
0.246, -9.80001e-14
0.247, -9.80001e-14
0.248, -9.80001e-14
0.249, -9.80001e-14
0.25, -9.80001e-14
0.251, -9.80001e-14
0.252, -9.80001e-14
0.253, -9.80001e-14
0.254, -9.80001e-14
0.255, -9.80001e-14
0.256, -9.80001e-14
0.257, -9.80001e-14
0.258, -9.80001e-14
0.259, -9.80001e-14
0.26, -9.80001e-14
0.261, -9.80001e-14
0.262, -9.80001e-14
0.263, -9.80001e-14
0.264, -9.80001e-14
0.265, -9.80001e-14
0.266, -9.80001e-14
0.267, -9.80001e-14
0.268, -9.80001e-14
0.269, -9.80001e-14
0.27, -9.80001e-14
0.271, -9.80001e-14
0.272, -9.80001e-14
0.273, -9.80001e-14
0.274, -9.80001e-14
0.275, -9.80001e-14
0.276, -9.80001e-14
0.277, -9.80001e-14
0.278, -9.80001e-14
0.279, -9.80001e-14
0.28, -9.80001e-14
0.281, -9.80001e-14
0.282, -9.80001e-14
0.283, -9.80001e-14
0.284, -9.80001e-14
0.285, -9.80001e-14
0.286, -9.80001e-14
0.287, -9.80001e-14
0.288, -9.80001e-14
0.289, -9.80001e-14
0.29, -9.80001e-14
0.291, -9.80001e-14
0.292, -9.80001e-14
0.293, -9.80001e-14
0.294, -9.80001e-14
0.295, -9.80001e-14
0.296, -9.80001e-14
0.297, -9.80001e-14
0.298, -9.80001e-14
0.299, -9.80001e-14
0.3, -9.80001e-14
0.301, -9.80001e-14
0.302, -9.80001e-14
0.303, -9.80001e-14
0.304, -9.80001e-14
0.305, -9.80001e-14
0.306, -9.80001e-14
0.307, -9.80001e-14
0.308, -9.80001e-14
0.309, -9.80001e-14
0.31, -9.80001e-14
0.311, -9.80001e-14
0.312, -9.80001e-14
0.313, -9.80001e-14
0.314, -9.80001e-14
0.315, -9.80001e-14
0.316, -9.80001e-14
0.317, -9.80001e-14
0.318, -9.80001e-14
0.319, -9.80001e-14
0.32, -9.80001e-14
0.321, -9.80001e-14
0.322, -9.80001e-14
0.323, -9.80001e-14
0.324, -9.80001e-14
0.325, -9.80001e-14
0.326, -9.80001e-14
0.327, -9.80001e-14
0.328, -9.80001e-14
0.329, -9.80001e-14
0.33, -9.80001e-14
0.331, -9.80001e-14
0.332, -9.80001e-14
0.333, -9.80001e-14
0.334, -9.80001e-14
0.335, -9.80001e-14
0.336, -9.80001e-14
0.337, -9.80001e-14
0.338, -9.80001e-14
0.339, -9.80001e-14
0.34, -9.80001e-14
0.341, -9.80001e-14
0.342, -9.80001e-14
0.343, -9.80001e-14
0.344, -9.80001e-14
0.345, -9.80001e-14
0.346, -9.80001e-14
0.347, -9.80001e-14
0.348, -9.80001e-14
0.349, -9.80001e-14
0.35, -9.80001e-14
0.351, -9.80001e-14
0.352, -9.80001e-14
0.353, -9.80001e-14
0.354, -9.80001e-14
0.355, -9.80001e-14
0.356, -9.80001e-14
0.357, -9.80001e-14
0.358, -9.80001e-14
0.359, -9.80001e-14
0.36, -9.80001e-14
0.361, -9.80001e-14
0.362, -9.80001e-14
0.363, -9.80001e-14
0.364, -9.80001e-14
0.365, -9.80001e-14
0.366, -9.80001e-14
0.367, -9.80001e-14
0.368, -9.80001e-14
0.369, -9.80001e-14
0.37, -9.80001e-14
0.371, -9.80001e-14
0.372, -9.80001e-14
0.373, -9.80001e-14
0.374, -9.80001e-14
0.375, -9.80001e-14
0.376, -9.80001e-14
0.377, -9.80001e-14
0.378, -9.80001e-14
0.379, -9.80001e-14
0.38, -9.80001e-14
0.381, -9.80001e-14
0.382, -9.80001e-14
0.383, -9.80001e-14
0.384, -9.80001e-14
0.385, -9.80001e-14
0.386, -9.80001e-14
0.387, -9.80001e-14
0.388, -9.80001e-14
0.389, -9.80001e-14
0.39, -9.80001e-14
0.391, -9.80001e-14
0.392, -9.80001e-14
0.393, -9.80001e-14
0.394, -9.80001e-14
0.395, -9.80001e-14
0.396, -9.80001e-14
0.397, -9.80001e-14
0.398, -9.80001e-14
0.399, -9.80001e-14
0.4, -9.80001e-14
0.401, -9.80001e-14
0.402, -9.80001e-14
0.403, -9.80001e-14
0.404, -9.80001e-14
0.405, -9.80001e-14
0.406, -9.80001e-14
0.407, -9.80001e-14
0.408, -9.80001e-14
0.409, -9.80001e-14
0.41, -9.80001e-14
0.411, -9.80001e-14
0.412, -9.80001e-14
0.413, -9.80001e-14
0.414, -9.80001e-14
0.415, -9.80001e-14
0.416, -9.80001e-14
0.417, -9.80001e-14
0.418, -9.80001e-14
0.419, -9.80001e-14
0.42, -9.80001e-14
0.421, -9.80001e-14
0.422, -9.80001e-14
0.423, -9.80001e-14
0.424, -9.80001e-14
0.425, -9.80001e-14
0.426, -9.80001e-14
0.427, -9.80001e-14
0.428, -9.80001e-14
0.429, -9.80001e-14
0.43, -9.80001e-14
0.431, -9.80001e-14
0.432, -9.80001e-14
0.433, -9.80001e-14
0.434, -9.80001e-14
0.435, -9.80001e-14
0.436, -9.80001e-14
0.437, -9.80001e-14
0.438, -9.80001e-14
0.439, -9.80001e-14
0.44, -9.80001e-14
0.441, -9.80001e-14
0.442, -9.80001e-14
0.443, -9.80001e-14
0.444, -9.80001e-14
0.445, -9.80001e-14
0.446, -9.80001e-14
0.447, -9.80001e-14
0.448, -9.80001e-14
0.449, -9.80001e-14
0.45, -9.80001e-14
0.451, -9.80001e-14
0.452, -9.80001e-14
0.453, -9.80001e-14
0.454, -9.80001e-14
0.455, -9.80001e-14
0.456, -9.80001e-14
0.457, -9.80001e-14
0.458, -9.80001e-14
0.459, -9.80001e-14
0.46, -9.80001e-14
0.461, -9.80001e-14
0.462, -9.80001e-14
0.463, -9.80001e-14
0.464, -9.80001e-14
0.465, -9.80001e-14
0.466, -9.80001e-14
0.467, -9.80001e-14
0.468, -9.80001e-14
0.469, -9.80001e-14
0.47, -9.80001e-14
0.471, -9.80001e-14
0.472, -9.80001e-14
0.473, -9.80001e-14
0.474, -9.80001e-14
0.475, -9.80001e-14
0.476, -9.80001e-14
0.477, -9.80001e-14
0.478, -9.80001e-14
0.479, -9.80001e-14
0.48, -9.80001e-14
0.481, -9.80001e-14
0.482, -9.80001e-14
0.483, -9.80001e-14
0.484, -9.80001e-14
0.485, -9.80001e-14
0.486, -9.80001e-14
0.487, -9.80001e-14
0.488, -9.80001e-14
0.489, -9.80001e-14
0.49, -9.80001e-14
0.491, -9.80001e-14
0.492, -9.80001e-14
0.493, -9.80001e-14
0.494, -9.80001e-14
0.495, -9.80001e-14
0.496, -9.80001e-14
0.497, -9.80001e-14
0.498, -9.80001e-14
0.499, -9.80001e-14
0.5, -9.80001e-14
0.501, -9.80001e-14
0.502, -9.80001e-14
0.503, -9.80001e-14
0.504, -9.80001e-14
0.505, -9.80001e-14
0.506, -9.80001e-14
0.507, -9.80001e-14
0.508, -9.80001e-14
0.509, -9.80001e-14
0.51, -9.80001e-14
0.511, -9.80001e-14
0.512, -9.80001e-14
0.513, -9.80001e-14
0.514, -9.80001e-14
0.515, -9.80001e-14
0.516, -9.80001e-14
0.517, -9.80001e-14
0.518, -9.80001e-14
0.519, -9.80001e-14
0.52, -9.80001e-14
0.521, -9.80001e-14
0.522, -9.80001e-14
0.523, -9.80001e-14
0.524, -9.80001e-14
0.525, -9.80001e-14
0.526, -9.80001e-14
0.527, -9.80001e-14
0.528, -9.80001e-14
0.529, -9.80001e-14
0.53, -9.80001e-14
0.531, -9.80001e-14
0.532, -9.80001e-14
0.533, -9.80001e-14
0.534, -9.80001e-14
0.535, -9.80001e-14
0.536, -9.80001e-14
0.537, -9.80001e-14
0.538, -9.80001e-14
0.539, -9.80001e-14
0.54, -9.80001e-14
0.541, -9.80001e-14
0.542, -9.80001e-14
0.543, -9.80001e-14
0.544, -9.80001e-14
0.545, -9.80001e-14
0.546, -9.80001e-14
0.547, -9.80001e-14
0.548, -9.80001e-14
0.549, -9.80001e-14
0.55, -9.80001e-14
0.551, -9.80001e-14
0.552, -9.80001e-14
0.553, -9.80001e-14
0.554, -9.80001e-14
0.555, -9.80001e-14
0.556, -9.80001e-14
0.557, -9.80001e-14
0.558, -9.80001e-14
0.559, -9.80001e-14
0.56, -9.80001e-14
0.561, -9.80001e-14
0.562, -9.80001e-14
0.563, -9.80001e-14
0.564, -9.80001e-14
0.565, -9.80001e-14
0.566, -9.80001e-14
0.567, -9.80001e-14
0.568, -9.80001e-14
0.569, -9.80001e-14
0.57, -9.80001e-14
0.571, -9.80001e-14
0.572, -9.80001e-14
0.573, -9.80001e-14
0.574, -9.80001e-14
0.575, -9.80001e-14
0.576, -9.80001e-14
0.577, -9.80001e-14
0.578, -9.80001e-14
0.579, -9.80001e-14
0.58, -9.80001e-14
0.581, -9.80001e-14
0.582, -9.80001e-14
0.583, -9.80001e-14
0.584, -9.80001e-14
0.585, -9.80001e-14
0.586, -9.80001e-14
0.587, -9.80001e-14
0.588, -9.80001e-14
0.589, -9.80001e-14
0.59, -9.80001e-14
0.591, -9.80001e-14
0.592, -9.80001e-14
0.593, -9.80001e-14
0.594, -9.80001e-14
0.595, -9.80001e-14
0.596, -9.80001e-14
0.597, -9.80001e-14
0.598, -9.80001e-14
0.599, -9.80001e-14
0.6, -9.80001e-14
0.601, -9.80001e-14
0.602, -9.80001e-14
0.603, -9.80001e-14
0.604, -9.80001e-14
0.605, -9.80001e-14
0.606, -9.80001e-14
0.607, -9.80001e-14
0.608, -9.80001e-14
0.609, -9.80001e-14
0.61, -9.80001e-14
0.611, -9.80001e-14
0.612, -9.80001e-14
0.613, -9.80001e-14
0.614, -9.80001e-14
0.615, -9.80001e-14
0.616, -9.80001e-14
0.617, -9.80001e-14
0.618, -9.80001e-14
0.619, -9.80001e-14
0.62, -9.80001e-14
0.621, -9.80001e-14
0.622, -9.80001e-14
0.623, -9.80001e-14
0.624, -9.80001e-14
0.625, -9.80001e-14
0.626, -9.80001e-14
0.627, -9.80001e-14
0.628, -9.80001e-14
0.629, -9.80001e-14
0.63, -9.80001e-14
0.631, -9.80001e-14
0.632, -9.80001e-14
0.633, -9.80001e-14
0.634, -9.80001e-14
0.635, -9.80001e-14
0.636, -9.80001e-14
0.637, -9.80001e-14
0.638, -9.80001e-14
0.639, -9.80001e-14
0.64, -9.80001e-14
0.641, -9.80001e-14
0.642, -9.80001e-14
0.643, -9.80001e-14
0.644, -9.80001e-14
0.645, -9.80001e-14
0.646, -9.80001e-14
0.647, -9.80001e-14
0.648, -9.80001e-14
0.649, -9.80001e-14
0.65, -9.80001e-14
0.651, -9.80001e-14
0.652, -9.80001e-14
0.653, -9.80001e-14
0.654, -9.80001e-14
0.655, -9.80001e-14
0.656, -9.80001e-14
0.657, -9.80001e-14
0.658, -9.80001e-14
0.659, -9.80001e-14
0.66, -9.80001e-14
0.661, -9.80001e-14
0.662, -9.80001e-14
0.663, -9.80001e-14
0.664, -9.80001e-14
0.665, -9.80001e-14
0.666, -9.80001e-14
0.667, -9.80001e-14
0.668, -9.80001e-14
0.669, -9.80001e-14
0.67, -9.80001e-14
0.671, -9.80001e-14
0.672, -9.80001e-14
0.673, -9.80001e-14
0.674, -9.80001e-14
0.675, -9.80001e-14
0.676, -9.80001e-14
0.677, -9.80001e-14
0.678, -9.80001e-14
0.679, -9.80001e-14
0.68, -9.80001e-14
0.681, -9.80001e-14
0.682, -9.80001e-14
0.683, -9.80001e-14
0.684, -9.80001e-14
0.685, -9.80001e-14
0.686, -9.80001e-14
0.687, -9.80001e-14
0.688, -9.80001e-14
0.689, -9.80001e-14
0.69, -9.80001e-14
0.691, -9.80001e-14
0.692, -9.80001e-14
0.693, -9.80001e-14
0.694, -9.80001e-14
0.695, -9.80001e-14
0.696, -9.80001e-14
0.697, -9.80001e-14
0.698, -9.80001e-14
0.699, -9.80001e-14
0.7, -9.80001e-14
0.701, -9.80001e-14
0.702, -9.80001e-14
0.703, -9.80001e-14
0.704, -9.80001e-14
0.705, -9.80001e-14
0.706, -9.80001e-14
0.707, -9.80001e-14
0.708, -9.80001e-14
0.709, -9.80001e-14
0.71, -9.80001e-14
0.711, -9.80001e-14
0.712, -9.80001e-14
0.713, -9.80001e-14
0.714, -9.80001e-14
0.715, -9.80001e-14
0.716, -9.80001e-14
0.717, -9.80001e-14
0.718, -9.80001e-14
0.719, -9.80001e-14
0.72, -9.80001e-14
0.721, -9.80001e-14
0.722, -9.80001e-14
0.723, -9.80001e-14
0.724, -9.80001e-14
0.725, -9.80001e-14
0.726, -9.80001e-14
0.727, -9.80001e-14
0.728, -9.80001e-14
0.729, -9.80001e-14
0.73, -9.80001e-14
0.731, -9.80001e-14
0.732, -9.80001e-14
0.733, -9.80001e-14
0.734, -9.80001e-14
0.735, -9.80001e-14
0.736, -9.80001e-14
0.737, -9.80001e-14
0.738, -9.80001e-14
0.739, -9.80001e-14
0.74, -9.80001e-14
0.741, -9.80001e-14
0.742, -9.80001e-14
0.743, -9.80001e-14
0.744, -9.80001e-14
0.745, -9.80001e-14
0.746, -9.80001e-14
0.747, -9.80001e-14
0.748, -9.80001e-14
0.749, -9.80001e-14
0.75, -9.80001e-14
0.751, -9.80001e-14
0.752, -9.80001e-14
0.753, -9.80001e-14
0.754, -9.80001e-14
0.755, -9.80001e-14
0.756, -9.80001e-14
0.757, -9.80001e-14
0.758, -9.80001e-14
0.759, -9.80001e-14
0.76, -9.80001e-14
0.761, -9.80001e-14
0.762, -9.80001e-14
0.763, -9.80001e-14
0.764, -9.80001e-14
0.765, -9.80001e-14
0.766, -9.80001e-14
0.767, -9.80001e-14
0.768, -9.80001e-14
0.769, -9.80001e-14
0.77, -9.80001e-14
0.771, -9.80001e-14
0.772, -9.80001e-14
0.773, -9.80001e-14
0.774, -9.80001e-14
0.775, -9.80001e-14
0.776, -9.80001e-14
0.777, -9.80001e-14
0.778, -9.80001e-14
0.779, -9.80001e-14
0.78, -9.80001e-14
0.781, -9.80001e-14
0.782, -9.80001e-14
0.783, -9.80001e-14
0.784, -9.80001e-14
0.785, -9.80001e-14
0.786, -9.80001e-14
0.787, -9.80001e-14
0.788, -9.80001e-14
0.789, -9.80001e-14
0.79, -9.80001e-14
0.791, -9.80001e-14
0.792, -9.80001e-14
0.793, -9.80001e-14
0.794, -9.80001e-14
0.795, -9.80001e-14
0.796, -9.80001e-14
0.797, -9.80001e-14
0.798, -9.80001e-14
0.799, -9.80001e-14
0.8, -9.80001e-14
0.801, -9.80001e-14
0.802, -9.80001e-14
0.803, -9.80001e-14
0.804, -9.80001e-14
0.805, -9.80001e-14
0.806, -9.80001e-14
0.807, -9.80001e-14
0.808, -9.80001e-14
0.809, -9.80001e-14
0.81, -9.80001e-14
0.811, -9.80001e-14
0.812, -9.80001e-14
0.813, -9.80001e-14
0.814, -9.80001e-14
0.815, -9.80001e-14
0.816, -9.80001e-14
0.817, -9.80001e-14
0.818, -9.80001e-14
0.819, -9.80001e-14
0.82, -9.80001e-14
0.821, -9.80001e-14
0.822, -9.80001e-14
0.823, -9.80001e-14
0.824, -9.80001e-14
0.825, -9.80001e-14
0.826, -9.80001e-14
0.827, -9.80001e-14
0.828, -9.80001e-14
0.829, -9.80001e-14
0.83, -9.80001e-14
0.831, -9.80001e-14
0.832, -9.80001e-14
0.833, -9.80001e-14
0.834, -9.80001e-14
0.835, -9.80001e-14
0.836, -9.80001e-14
0.837, -9.80001e-14
0.838, -9.80001e-14
0.839, -9.80001e-14
0.84, -9.80001e-14
0.841, -9.80001e-14
0.842, -9.80001e-14
0.843, -9.80001e-14
0.844, -9.80001e-14
0.845, -9.80001e-14
0.846, -9.80001e-14
0.847, -9.80001e-14
0.848, -9.80001e-14
0.849, -9.80001e-14
0.85, -9.80001e-14
0.851, -9.80001e-14
0.852, -9.80001e-14
0.853, -9.80001e-14
0.854, -9.80001e-14
0.855, -9.80001e-14
0.856, -9.80001e-14
0.857, -9.80001e-14
0.858, -9.80001e-14
0.859, -9.80001e-14
0.86, -9.80001e-14
0.861, -9.80001e-14
0.862, -9.80001e-14
0.863, -9.80001e-14
0.864, -9.80001e-14
0.865, -9.80001e-14
0.866, -9.80001e-14
0.867, -9.80001e-14
0.868, -9.80001e-14
0.869, -9.80001e-14
0.87, -9.80001e-14
0.871, -9.80001e-14
0.872, -9.80001e-14
0.873, -9.80001e-14
0.874, -9.80001e-14
0.875, -9.80001e-14
0.876, -9.80001e-14
0.877, -9.80001e-14
0.878, -9.80001e-14
0.879, -9.80001e-14
0.88, -9.80001e-14
0.881, -9.80001e-14
0.882, -9.80001e-14
0.883, -9.80001e-14
0.884, -9.80001e-14
0.885, -9.80001e-14
0.886, -9.80001e-14
0.887, -9.80001e-14
0.888, -9.80001e-14
0.889, -9.80001e-14
0.89, -9.80001e-14
0.891, -9.80001e-14
0.892, -9.80001e-14
0.893, -9.80001e-14
0.894, -9.80001e-14
0.895, -9.80001e-14
0.896, -9.80001e-14
0.897, -9.80001e-14
0.898, -9.80001e-14
0.899, -9.80001e-14
0.9, -9.80001e-14
0.901, -9.80001e-14
0.902, -9.80001e-14
0.903, -9.80001e-14
0.904, -9.80001e-14
0.905, -9.80001e-14
0.906, -9.80001e-14
0.907, -9.80001e-14
0.908, -9.80001e-14
0.909, -9.80001e-14
0.91, -9.80001e-14
0.911, -9.80001e-14
0.912, -9.80001e-14
0.913, -9.80001e-14
0.914, -9.80001e-14
0.915, -9.80001e-14
0.916, -9.80001e-14
0.917, -9.80001e-14
0.918, -9.80001e-14
0.919, -9.80001e-14
0.92, -9.80001e-14
0.921, -9.80001e-14
0.922, -9.80001e-14
0.923, -9.80001e-14
0.924, -9.80001e-14
0.925, -9.80001e-14
0.926, -9.80001e-14
0.927, -9.80001e-14
0.928, -9.80001e-14
0.929, -9.80001e-14
0.93, -9.80001e-14
0.931, -9.80001e-14
0.932, -9.80001e-14
0.933, -9.80001e-14
0.934, -9.80001e-14
0.935, -9.80001e-14
0.936, -9.80001e-14
0.937, -9.80001e-14
0.938, -9.80001e-14
0.939, -9.80001e-14
0.94, -9.80001e-14
0.941, -9.80001e-14
0.942, -9.80001e-14
0.943, -9.80001e-14
0.944, -9.80001e-14
0.945, -9.80001e-14
0.946, -9.80001e-14
0.947, -9.80001e-14
0.948, -9.80001e-14
0.949, -9.80001e-14
0.95, -9.80001e-14
0.951, -9.80001e-14
0.952, -9.80001e-14
0.953, -9.80001e-14
0.954, -9.80001e-14
0.955, -9.80001e-14
0.956, -9.80001e-14
0.957, -9.80001e-14
0.958, -9.80001e-14
0.959, -9.80001e-14
0.96, -9.80001e-14
0.961, -9.80001e-14
0.962, -9.80001e-14
0.963, -9.80001e-14
0.964, -9.80001e-14
0.965, -9.80001e-14
0.966, -9.80001e-14
0.967, -9.80001e-14
0.968, -9.80001e-14
0.969, -9.80001e-14
0.97, -9.80001e-14
0.971, -9.80001e-14
0.972, -9.80001e-14
0.973, -9.80001e-14
0.974, -9.80001e-14
0.975, -9.80001e-14
0.976, -9.80001e-14
0.977, -9.80001e-14
0.978, -9.80001e-14
0.979, -9.80001e-14
0.98, -9.80001e-14
0.981, -9.80001e-14
0.982, -9.80001e-14
0.983, -9.80001e-14
0.984, -9.80001e-14
0.985, -9.80001e-14
0.986, -9.80001e-14
0.987, -9.80001e-14
0.988, -9.80001e-14
0.989, -9.80001e-14
0.99, -9.80001e-14
0.991, -9.80001e-14
0.992, -9.80001e-14
0.993, -9.80001e-14
0.994, -9.80001e-14
0.995, -9.80001e-14
0.996, -9.80001e-14
0.997, -9.80001e-14
0.998, -9.80001e-14
0.999, -9.80001e-14
1, -9.80001e-14
1.001, -9.80001e-14
1.002, -9.80001e-14
1.003, -9.80001e-14
1.004, -9.80001e-14
1.005, -9.80001e-14
1.006, -9.80001e-14
1.007, -9.80001e-14
1.008, -9.80001e-14
1.009, -9.80001e-14
1.01, -9.80001e-14
1.011, -9.80001e-14
1.012, -9.80001e-14
1.013, -9.80001e-14
1.014, -9.80001e-14
1.015, -9.80001e-14
1.016, -9.80001e-14
1.017, -9.80001e-14
1.018, -9.80001e-14
1.019, -9.80001e-14
1.02, -9.80001e-14
1.021, -9.80001e-14
1.022, -9.80001e-14
1.023, -9.80001e-14
1.024, -9.80001e-14
1.025, -9.80001e-14
1.026, -9.80001e-14
1.027, -9.80001e-14
1.028, -9.80001e-14
1.029, -9.80001e-14
1.03, -9.80001e-14
1.031, -9.80001e-14
1.032, -9.80001e-14
1.033, -9.80001e-14
1.034, -9.80001e-14
1.035, -9.80001e-14
1.036, -9.80001e-14
1.037, -9.80001e-14
1.038, -9.80001e-14
1.039, -9.80001e-14
1.04, -9.80001e-14
1.041, -9.80001e-14
1.042, -9.80001e-14
1.043, -9.80001e-14
1.044, -9.80001e-14
1.045, -9.80001e-14
1.046, -9.80001e-14
1.047, -9.80001e-14
1.048, -9.80001e-14
1.049, -9.80001e-14
1.05, -9.80001e-14
1.051, -9.80001e-14
1.052, -9.80001e-14
1.053, -9.80001e-14
1.054, -9.80001e-14
1.055, -9.80001e-14
1.056, -9.80001e-14
1.057, -9.80001e-14
1.058, -9.80001e-14
1.059, -9.80001e-14
1.06, -9.80001e-14
1.061, -9.80001e-14
1.062, -9.80001e-14
1.063, -9.80001e-14
1.064, -9.80001e-14
1.065, -9.80001e-14
1.066, -9.80001e-14
1.067, -9.80001e-14
1.068, -9.80001e-14
1.069, -9.80001e-14
1.07, -9.80001e-14
1.071, -9.80001e-14
1.072, -9.80001e-14
1.073, -9.80001e-14
1.074, -9.80001e-14
1.075, -9.80001e-14
1.076, -9.80001e-14
1.077, -9.80001e-14
1.078, -9.80001e-14
1.079, -9.80001e-14
1.08, -9.80001e-14
1.081, -9.80001e-14
1.082, -9.80001e-14
1.083, -9.80001e-14
1.084, -9.80001e-14
1.085, -9.80001e-14
1.086, -9.80001e-14
1.087, -9.80001e-14
1.088, -9.80001e-14
1.089, -9.80001e-14
1.09, -9.80001e-14
1.091, -9.80001e-14
1.092, -9.80001e-14
1.093, -9.80001e-14
1.094, -9.80001e-14
1.095, -9.80001e-14
1.096, -9.80001e-14
1.097, -9.80001e-14
1.098, -9.80001e-14
1.099, -9.80001e-14
1.1, -9.80001e-14
1.101, -9.80001e-14
1.102, -9.80001e-14
1.103, -9.80001e-14
1.104, -9.80001e-14
1.105, -9.80001e-14
1.106, -9.80001e-14
1.107, -9.80001e-14
1.108, -9.80001e-14
1.109, -9.80001e-14
1.11, -9.80001e-14
1.111, -9.80001e-14
1.112, -9.80001e-14
1.113, -9.80001e-14
1.114, -9.80001e-14
1.115, -9.80001e-14
1.116, -9.80001e-14
1.117, -9.80001e-14
1.118, -9.80001e-14
1.119, -9.80001e-14
1.12, -9.80001e-14
1.121, -9.80001e-14
1.122, -9.80001e-14
1.123, -9.80001e-14
1.124, -9.80001e-14
1.125, -9.80001e-14
1.126, -9.80001e-14
1.127, -9.80001e-14
1.128, -9.80001e-14
1.129, -9.80001e-14
1.13, -9.80001e-14
1.131, -9.80001e-14
1.132, -9.80001e-14
1.133, -9.80001e-14
1.134, -9.80001e-14
1.135, -9.80001e-14
1.136, -9.80001e-14
1.137, -9.80001e-14
1.138, -9.80001e-14
1.139, -9.80001e-14
1.14, -9.80001e-14
1.141, -9.80001e-14
1.142, -9.80001e-14
1.143, -9.80001e-14
1.144, -9.80001e-14
1.145, -9.80001e-14
1.146, -9.80001e-14
1.147, -9.80001e-14
1.148, -9.80001e-14
1.149, -9.80001e-14
1.15, -9.80001e-14
1.151, -9.80001e-14
1.152, -9.80001e-14
1.153, -9.80001e-14
1.154, -9.80001e-14
1.155, -9.80001e-14
1.156, -9.80001e-14
1.157, -9.80001e-14
1.158, -9.80001e-14
1.159, -9.80001e-14
1.16, -9.80001e-14
1.161, -9.80001e-14
1.162, -9.80001e-14
1.163, -9.80001e-14
1.164, -9.80001e-14
1.165, -9.80001e-14
1.166, -9.80001e-14
1.167, -9.80001e-14
1.168, -9.80001e-14
1.169, -9.80001e-14
1.17, -9.80001e-14
1.171, -9.80001e-14
1.172, -9.80001e-14
1.173, -9.80001e-14
1.174, -9.80001e-14
1.175, -9.80001e-14
1.176, -9.80001e-14
1.177, -9.80001e-14
1.178, -9.80001e-14
1.179, -9.80001e-14
1.18, -9.80001e-14
1.181, -9.80001e-14
1.182, -9.80001e-14
1.183, -9.80001e-14
1.184, -9.80001e-14
1.185, -9.80001e-14
1.186, -9.80001e-14
1.187, -9.80001e-14
1.188, -9.80001e-14
1.189, -9.80001e-14
1.19, -9.80001e-14
1.191, -9.80001e-14
1.192, -9.80001e-14
1.193, -9.80001e-14
1.194, -9.80001e-14
1.195, -9.80001e-14
1.196, -9.80001e-14
1.197, -9.80001e-14
1.198, -9.80001e-14
1.199, -9.80001e-14
1.2, -9.80001e-14
1.201, -9.80001e-14
1.202, -9.80001e-14
1.203, -9.80001e-14
1.204, -9.80001e-14
1.205, -9.80001e-14
1.206, -9.80001e-14
1.207, -9.80001e-14
1.208, -9.80001e-14
1.209, -9.80001e-14
1.21, -9.80001e-14
1.211, -9.80001e-14
1.212, -9.80001e-14
1.213, -9.80001e-14
1.214, -9.80001e-14
1.215, -9.80001e-14
1.216, -9.80001e-14
1.217, -9.80001e-14
1.218, -9.80001e-14
1.219, -9.80001e-14
1.22, -9.80001e-14
1.221, -9.80001e-14
1.222, -9.80001e-14
1.223, -9.80001e-14
1.224, -9.80001e-14
1.225, -9.80001e-14
1.226, -9.80001e-14
1.227, -9.80001e-14
1.228, -9.80001e-14
1.229, -9.80001e-14
1.23, -9.80001e-14
1.231, -9.80001e-14
1.232, -9.80001e-14
1.233, -9.80001e-14
1.234, -9.80001e-14
1.235, -9.80001e-14
1.236, -9.80001e-14
1.237, -9.80001e-14
1.238, -9.80001e-14
1.239, -9.80001e-14
1.24, -9.80001e-14
1.241, -9.80001e-14
1.242, -9.80001e-14
1.243, -9.80001e-14
1.244, -9.80001e-14
1.245, -9.80001e-14
1.246, -9.80001e-14
1.247, -9.80001e-14
1.248, -9.80001e-14
1.249, -9.80001e-14
1.25, -9.80001e-14
1.251, -9.80001e-14
1.252, -9.80001e-14
1.253, -9.80001e-14
1.254, -9.80001e-14
1.255, -9.80001e-14
1.256, -9.80001e-14
1.257, -9.80001e-14
1.258, -9.80001e-14
1.259, -9.80001e-14
1.26, -9.80001e-14
1.261, -9.80001e-14
1.262, -9.80001e-14
1.263, -9.80001e-14
1.264, -9.80001e-14
1.265, -9.80001e-14
1.266, -9.80001e-14
1.267, -9.80001e-14
1.268, -9.80001e-14
1.269, -9.80001e-14
1.27, -9.80001e-14
1.271, -9.80001e-14
1.272, -9.80001e-14
1.273, -9.80001e-14
1.274, -9.80001e-14
1.275, -9.80001e-14
1.276, -9.80001e-14
1.277, -9.80001e-14
1.278, -9.80001e-14
1.279, -9.80001e-14
1.28, -9.80001e-14
1.281, -9.80001e-14
1.282, -9.80001e-14
1.283, -9.80001e-14
1.284, -9.80001e-14
1.285, -9.80001e-14
1.286, -9.80001e-14
1.287, -9.80001e-14
1.288, -9.80001e-14
1.289, -9.80001e-14
1.29, -9.80001e-14
1.291, -9.80001e-14
1.292, -9.80001e-14
1.293, -9.80001e-14
1.294, -9.80001e-14
1.295, -9.80001e-14
1.296, -9.80001e-14
1.297, -9.80001e-14
1.298, -9.80001e-14
1.299, -9.80001e-14
1.3, -9.80001e-14
1.301, -9.80001e-14
1.302, -9.80001e-14
1.303, -9.80001e-14
1.304, -9.80001e-14
1.305, -9.80001e-14
1.306, -9.80001e-14
1.307, -9.80001e-14
1.308, -9.80001e-14
1.309, -9.80001e-14
1.31, -9.80001e-14
1.311, -9.80001e-14
1.312, -9.80001e-14
1.313, -9.80001e-14
1.314, -9.80001e-14
1.315, -9.80001e-14
1.316, -9.80001e-14
1.317, -9.80001e-14
1.318, -9.80001e-14
1.319, -9.80001e-14
1.32, -9.80001e-14
1.321, -9.80001e-14
1.322, -9.80001e-14
1.323, -9.80001e-14
1.324, -9.80001e-14
1.325, -9.80001e-14
1.326, -9.80001e-14
1.327, -9.80001e-14
1.328, -9.80001e-14
1.329, -9.80001e-14
1.33, -9.80001e-14
1.331, -9.80001e-14
1.332, -9.80001e-14
1.333, -9.80001e-14
1.334, -9.80001e-14
1.335, -9.80001e-14
1.336, -9.80001e-14
1.337, -9.80001e-14
1.338, -9.80001e-14
1.339, -9.80001e-14
1.34, -9.80001e-14
1.341, -9.80001e-14
1.342, -9.80001e-14
1.343, -9.80001e-14
1.344, -9.80001e-14
1.345, -9.80001e-14
1.346, -9.80001e-14
1.347, -9.80001e-14
1.348, -9.80001e-14
1.349, -9.80001e-14
1.35, -9.80001e-14
1.351, -9.80001e-14
1.352, -9.80001e-14
1.353, -9.80001e-14
1.354, -9.80001e-14
1.355, -9.80001e-14
1.356, -9.80001e-14
1.357, -9.80001e-14
1.358, -9.80001e-14
1.359, -9.80001e-14
1.36, -9.80001e-14
1.361, -9.80001e-14
1.362, -9.80001e-14
1.363, -9.80001e-14
1.364, -9.80001e-14
1.365, -9.80001e-14
1.366, -9.80001e-14
1.367, -9.80001e-14
1.368, -9.80001e-14
1.369, -9.80001e-14
1.37, -9.80001e-14
1.371, -9.80001e-14
1.372, -9.80001e-14
1.373, -9.80001e-14
1.374, -9.80001e-14
1.375, -9.80001e-14
1.376, -9.80001e-14
1.377, -9.80001e-14
1.378, -9.80001e-14
1.379, -9.80001e-14
1.38, -9.80001e-14
1.381, -9.80001e-14
1.382, -9.80001e-14
1.383, -9.80001e-14
1.384, -9.80001e-14
1.385, -9.80001e-14
1.386, -9.80001e-14
1.387, -9.80001e-14
1.388, -9.80001e-14
1.389, -9.80001e-14
1.39, -9.80001e-14
1.391, -9.80001e-14
1.392, -9.80001e-14
1.393, -9.80001e-14
1.394, -9.80001e-14
1.395, -9.80001e-14
1.396, -9.80001e-14
1.397, -9.80001e-14
1.398, -9.80001e-14
1.399, -9.80001e-14
1.4, -9.80001e-14
1.401, -9.80001e-14
1.402, -9.80001e-14
1.403, -9.80001e-14
1.404, -9.80001e-14
1.405, -9.80001e-14
1.406, -9.80001e-14
1.407, -9.80001e-14
1.408, -9.80001e-14
1.409, -9.80001e-14
1.41, -9.80001e-14
1.411, -9.80001e-14
1.412, -9.80001e-14
1.413, -9.80001e-14
1.414, -9.80001e-14
1.415, -9.80001e-14
1.416, -9.80001e-14
1.417, -9.80001e-14
1.418, -9.80001e-14
1.419, -9.80001e-14
1.42, -9.80001e-14
1.421, -9.80001e-14
1.422, -9.80001e-14
1.423, -9.80001e-14
1.424, -9.80001e-14
1.425, -9.80001e-14
1.426, -9.80001e-14
1.427, -9.80001e-14
1.428, -9.80001e-14
1.429, -9.80001e-14
1.43, -9.80001e-14
1.431, -9.80001e-14
1.432, -9.80001e-14
1.433, -9.80001e-14
1.434, -9.80001e-14
1.435, -9.80001e-14
1.436, -9.80001e-14
1.437, -9.80001e-14
1.438, -9.80001e-14
1.439, -9.80001e-14
1.44, -9.80001e-14
1.441, -9.80001e-14
1.442, -9.80001e-14
1.443, -9.80001e-14
1.444, -9.80001e-14
1.445, -9.80001e-14
1.446, -9.80001e-14
1.447, -9.80001e-14
1.448, -9.80001e-14
1.449, -9.80001e-14
1.45, -9.80001e-14
1.451, -9.80001e-14
1.452, -9.80001e-14
1.453, -9.80001e-14
1.454, -9.80001e-14
1.455, -9.80001e-14
1.456, -9.80001e-14
1.457, -9.80001e-14
1.458, -9.80001e-14
1.459, -9.80001e-14
1.46, -9.80001e-14
1.461, -9.80001e-14
1.462, -9.80001e-14
1.463, -9.80001e-14
1.464, -9.80001e-14
1.465, -9.80001e-14
1.466, -9.80001e-14
1.467, -9.80001e-14
1.468, -9.80001e-14
1.469, -9.80001e-14
1.47, -9.80001e-14
1.471, -9.80001e-14
1.472, -9.80001e-14
1.473, -9.80001e-14
1.474, -9.80001e-14
1.475, -9.80001e-14
1.476, -9.80001e-14
1.477, -9.80001e-14
1.478, -9.80001e-14
1.479, -9.80001e-14
1.48, -9.80001e-14
1.481, -9.80001e-14
1.482, -9.80001e-14
1.483, -9.80001e-14
1.484, -9.80001e-14
1.485, -9.80001e-14
1.486, -9.80001e-14
1.487, -9.80001e-14
1.488, -9.80001e-14
1.489, -9.80001e-14
1.49, -9.80001e-14
1.491, -9.80001e-14
1.492, -9.80001e-14
1.493, -9.80001e-14
1.494, -9.80001e-14
1.495, -9.80001e-14
1.496, -9.80001e-14
1.497, -9.80001e-14
1.498, -9.80001e-14
1.499, -9.80001e-14
1.5, -9.80001e-14
1.501, -9.80001e-14
1.502, -9.80001e-14
1.503, -9.80001e-14
1.504, -9.80001e-14
1.505, -9.80001e-14
1.506, -9.80001e-14
1.507, -9.80001e-14
1.508, -9.80001e-14
1.509, -9.80001e-14
1.51, -9.80001e-14
1.511, -9.80001e-14
1.512, -9.80001e-14
1.513, -9.80001e-14
1.514, -9.80001e-14
1.515, -9.80001e-14
1.516, -9.80001e-14
1.517, -9.80001e-14
1.518, -9.80001e-14
1.519, -9.80001e-14
1.52, -9.80001e-14
1.521, -9.80001e-14
1.522, -9.80001e-14
1.523, -9.80001e-14
1.524, -9.80001e-14
1.525, -9.80001e-14
1.526, -9.80001e-14
1.527, -9.80001e-14
1.528, -9.80001e-14
1.529, -9.80001e-14
1.53, -9.80001e-14
1.531, -9.80001e-14
1.532, -9.80001e-14
1.533, -9.80001e-14
1.534, -9.80001e-14
1.535, -9.80001e-14
1.536, -9.80001e-14
1.537, -9.80001e-14
1.538, -9.80001e-14
1.539, -9.80001e-14
1.54, -9.80001e-14
1.541, -9.80001e-14
1.542, -9.80001e-14
1.543, -9.80001e-14
1.544, -9.80001e-14
1.545, -9.80001e-14
1.546, -9.80001e-14
1.547, -9.80001e-14
1.548, -9.80001e-14
1.549, -9.80001e-14
1.55, -9.80001e-14
1.551, -9.80001e-14
1.552, -9.80001e-14
1.553, -9.80001e-14
1.554, -9.80001e-14
1.555, -9.80001e-14
1.556, -9.80001e-14
1.557, -9.80001e-14
1.558, -9.80001e-14
1.559, -9.80001e-14
1.56, -9.80001e-14
1.561, -9.80001e-14
1.562, -9.80001e-14
1.563, -9.80001e-14
1.564, -9.80001e-14
1.565, -9.80001e-14
1.566, -9.80001e-14
1.567, -9.80001e-14
1.568, -9.80001e-14
1.569, -9.80001e-14
1.57, -9.80001e-14
1.571, -9.80001e-14
1.572, -9.80001e-14
1.573, -9.80001e-14
1.574, -9.80001e-14
1.575, -9.80001e-14
1.576, -9.80001e-14
1.577, -9.80001e-14
1.578, -9.80001e-14
1.579, -9.80001e-14
1.58, -9.80001e-14
1.581, -9.80001e-14
1.582, -9.80001e-14
1.583, -9.80001e-14
1.584, -9.80001e-14
1.585, -9.80001e-14
1.586, -9.80001e-14
1.587, -9.80001e-14
1.588, -9.80001e-14
1.589, -9.80001e-14
1.59, -9.80001e-14
1.591, -9.80001e-14
1.592, -9.80001e-14
1.593, -9.80001e-14
1.594, -9.80001e-14
1.595, -9.80001e-14
1.596, -9.80001e-14
1.597, -9.80001e-14
1.598, -9.80001e-14
1.599, -9.80001e-14
1.6, -9.80001e-14
1.601, -9.80001e-14
1.602, -9.80001e-14
1.603, -9.80001e-14
1.604, -9.80001e-14
1.605, -9.80001e-14
1.606, -9.80001e-14
1.607, -9.80001e-14
1.608, -9.80001e-14
1.609, -9.80001e-14
1.61, -9.80001e-14
1.611, -9.80001e-14
1.612, -9.80001e-14
1.613, -9.80001e-14
1.614, -9.80001e-14
1.615, -9.80001e-14
1.616, -9.80001e-14
1.617, -9.80001e-14
1.618, -9.80001e-14
1.619, -9.80001e-14
1.62, -9.80001e-14
1.621, -9.80001e-14
1.622, -9.80001e-14
1.623, -9.80001e-14
1.624, -9.80001e-14
1.625, -9.80001e-14
1.626, -9.80001e-14
1.627, -9.80001e-14
1.628, -9.80001e-14
1.629, -9.80001e-14
1.63, -9.80001e-14
1.631, -9.80001e-14
1.632, -9.80001e-14
1.633, -9.80001e-14
1.634, -9.80001e-14
1.635, -9.80001e-14
1.636, -9.80001e-14
1.637, -9.80001e-14
1.638, -9.80001e-14
1.639, -9.80001e-14
1.64, -9.80001e-14
1.641, -9.80001e-14
1.642, -9.80001e-14
1.643, -9.80001e-14
1.644, -9.80001e-14
1.645, -9.80001e-14
1.646, -9.80001e-14
1.647, -9.80001e-14
1.648, -9.80001e-14
1.649, -9.80001e-14
1.65, -9.80001e-14
1.651, -9.80001e-14
1.652, -9.80001e-14
1.653, -9.80001e-14
1.654, -9.80001e-14
1.655, -9.80001e-14
1.656, -9.80001e-14
1.657, -9.80001e-14
1.658, -9.80001e-14
1.659, -9.80001e-14
1.66, -9.80001e-14
1.661, -9.80001e-14
1.662, -9.80001e-14
1.663, -9.80001e-14
1.664, -9.80001e-14
1.665, -9.80001e-14
1.666, -9.80001e-14
1.667, -9.80001e-14
1.668, -9.80001e-14
1.669, -9.80001e-14
1.67, -9.80001e-14
1.671, -9.80001e-14
1.672, -9.80001e-14
1.673, -9.80001e-14
1.674, -9.80001e-14
1.675, -9.80001e-14
1.676, -9.80001e-14
1.677, -9.80001e-14
1.678, -9.80001e-14
1.679, -9.80001e-14
1.68, -9.80001e-14
1.681, -9.80001e-14
1.682, -9.80001e-14
1.683, -9.80001e-14
1.684, -9.80001e-14
1.685, -9.80001e-14
1.686, -9.80001e-14
1.687, -9.80001e-14
1.688, -9.80001e-14
1.689, -9.80001e-14
1.69, -9.80001e-14
1.691, -9.80001e-14
1.692, -9.80001e-14
1.693, -9.80001e-14
1.694, -9.80001e-14
1.695, -9.80001e-14
1.696, -9.80001e-14
1.697, -9.80001e-14
1.698, -9.80001e-14
1.699, -9.80001e-14
1.7, -9.80001e-14
1.701, -9.80001e-14
1.702, -9.80001e-14
1.703, -9.80001e-14
1.704, -9.80001e-14
1.705, -9.80001e-14
1.706, -9.80001e-14
1.707, -9.80001e-14
1.708, -9.80001e-14
1.709, -9.80001e-14
1.71, -9.80001e-14
1.711, -9.80001e-14
1.712, -9.80001e-14
1.713, -9.80001e-14
1.714, -9.80001e-14
1.715, -9.80001e-14
1.716, -9.80001e-14
1.717, -9.80001e-14
1.718, -9.80001e-14
1.719, -9.80001e-14
1.72, -9.80001e-14
1.721, -9.80001e-14
1.722, -9.80001e-14
1.723, -9.80001e-14
1.724, -9.80001e-14
1.725, -9.80001e-14
1.726, -9.80001e-14
1.727, -9.80001e-14
1.728, -9.80001e-14
1.729, -9.80001e-14
1.73, -9.80001e-14
1.731, -9.80001e-14
1.732, -9.80001e-14
1.733, -9.80001e-14
1.734, -9.80001e-14
1.735, -9.80001e-14
1.736, -9.80001e-14
1.737, -9.80001e-14
1.738, -9.80001e-14
1.739, -9.80001e-14
1.74, -9.80001e-14
1.741, -9.80001e-14
1.742, -9.80001e-14
1.743, -9.80001e-14
1.744, -9.80001e-14
1.745, -9.80001e-14
1.746, -9.80001e-14
1.747, -9.80001e-14
1.748, -9.80001e-14
1.749, -9.80001e-14
1.75, -9.80001e-14
1.751, -9.80001e-14
1.752, -9.80001e-14
1.753, -9.80001e-14
1.754, -9.80001e-14
1.755, -9.80001e-14
1.756, -9.80001e-14
1.757, -9.80001e-14
1.758, -9.80001e-14
1.759, -9.80001e-14
1.76, -9.80001e-14
1.761, -9.80001e-14
1.762, -9.80001e-14
1.763, -9.80001e-14
1.764, -9.80001e-14
1.765, -9.80001e-14
1.766, -9.80001e-14
1.767, -9.80001e-14
1.768, -9.80001e-14
1.769, -9.80001e-14
1.77, -9.80001e-14
1.771, -9.80001e-14
1.772, -9.80001e-14
1.773, -9.80001e-14
1.774, -9.80001e-14
1.775, -9.80001e-14
1.776, -9.80001e-14
1.777, -9.80001e-14
1.778, -9.80001e-14
1.779, -9.80001e-14
1.78, -9.80001e-14
1.781, -9.80001e-14
1.782, -9.80001e-14
1.783, -9.80001e-14
1.784, -9.80001e-14
1.785, -9.80001e-14
1.786, -9.80001e-14
1.787, -9.80001e-14
1.788, -9.80001e-14
1.789, -9.80001e-14
1.79, -9.80001e-14
1.791, -9.80001e-14
1.792, -9.80001e-14
1.793, -9.80001e-14
1.794, -9.80001e-14
1.795, -9.80001e-14
1.796, -9.80001e-14
1.797, -9.80001e-14
1.798, -9.80001e-14
1.799, -9.80001e-14
1.8, -9.80001e-14
1.801, -9.80001e-14
1.802, -9.80001e-14
1.803, -9.80001e-14
1.804, -9.80001e-14
1.805, -9.80001e-14
1.806, -9.80001e-14
1.807, -9.80001e-14
1.808, -9.80001e-14
1.809, -9.80001e-14
1.81, -9.80001e-14
1.811, -9.80001e-14
1.812, -9.80001e-14
1.813, -9.80001e-14
1.814, -9.80001e-14
1.815, -9.80001e-14
1.816, -9.80001e-14
1.817, -9.80001e-14
1.818, -9.80001e-14
1.819, -9.80001e-14
1.82, -9.80001e-14
1.821, -9.80001e-14
1.822, -9.80001e-14
1.823, -9.80001e-14
1.824, -9.80001e-14
1.825, -9.80001e-14
1.826, -9.80001e-14
1.827, -9.80001e-14
1.828, -9.80001e-14
1.829, -9.80001e-14
1.83, -9.80001e-14
1.831, -9.80001e-14
1.832, -9.80001e-14
1.833, -9.80001e-14
1.834, -9.80001e-14
1.835, -9.80001e-14
1.836, -9.80001e-14
1.837, -9.80001e-14
1.838, -9.80001e-14
1.839, -9.80001e-14
1.84, -9.80001e-14
1.841, -9.80001e-14
1.842, -9.80001e-14
1.843, -9.80001e-14
1.844, -9.80001e-14
1.845, -9.80001e-14
1.846, -9.80001e-14
1.847, -9.80001e-14
1.848, -9.80001e-14
1.849, -9.80001e-14
1.85, -9.80001e-14
1.851, -9.80001e-14
1.852, -9.80001e-14
1.853, -9.80001e-14
1.854, -9.80001e-14
1.855, -9.80001e-14
1.856, -9.80001e-14
1.857, -9.80001e-14
1.858, -9.80001e-14
1.859, -9.80001e-14
1.86, -9.80001e-14
1.861, -9.80001e-14
1.862, -9.80001e-14
1.863, -9.80001e-14
1.864, -9.80001e-14
1.865, -9.80001e-14
1.866, -9.80001e-14
1.867, -9.80001e-14
1.868, -9.80001e-14
1.869, -9.80001e-14
1.87, -9.80001e-14
1.871, -9.80001e-14
1.872, -9.80001e-14
1.873, -9.80001e-14
1.874, -9.80001e-14
1.875, -9.80001e-14
1.876, -9.80001e-14
1.877, -9.80001e-14
1.878, -9.80001e-14
1.879, -9.80001e-14
1.88, -9.80001e-14
1.881, -9.80001e-14
1.882, -9.80001e-14
1.883, -9.80001e-14
1.884, -9.80001e-14
1.885, -9.80001e-14
1.886, -9.80001e-14
1.887, -9.80001e-14
1.888, -9.80001e-14
1.889, -9.80001e-14
1.89, -9.80001e-14
1.891, -9.80001e-14
1.892, -9.80001e-14
1.893, -9.80001e-14
1.894, -9.80001e-14
1.895, -9.80001e-14
1.896, -9.80001e-14
1.897, -9.80001e-14
1.898, -9.80001e-14
1.899, -9.80001e-14
1.9, -9.80001e-14
1.901, -9.80001e-14
1.902, -9.80001e-14
1.903, -9.80001e-14
1.904, -9.80001e-14
1.905, -9.80001e-14
1.906, -9.80001e-14
1.907, -9.80001e-14
1.908, -9.80001e-14
1.909, -9.80001e-14
1.91, -9.80001e-14
1.911, -9.80001e-14
1.912, -9.80001e-14
1.913, -9.80001e-14
1.914, -9.80001e-14
1.915, -9.80001e-14
1.916, -9.80001e-14
1.917, -9.80001e-14
1.918, -9.80001e-14
1.919, -9.80001e-14
1.92, -9.80001e-14
1.921, -9.80001e-14
1.922, -9.80001e-14
1.923, -9.80001e-14
1.924, -9.80001e-14
1.925, -9.80001e-14
1.926, -9.80001e-14
1.927, -9.80001e-14
1.928, -9.80001e-14
1.929, -9.80001e-14
1.93, -9.80001e-14
1.931, -9.80001e-14
1.932, -9.80001e-14
1.933, -9.80001e-14
1.934, -9.80001e-14
1.935, -9.80001e-14
1.936, -9.80001e-14
1.937, -9.80001e-14
1.938, -9.80001e-14
1.939, -9.80001e-14
1.94, -9.80001e-14
1.941, -9.80001e-14
1.942, -9.80001e-14
1.943, -9.80001e-14
1.944, -9.80001e-14
1.945, -9.80001e-14
1.946, -9.80001e-14
1.947, -9.80001e-14
1.948, -9.80001e-14
1.949, -9.80001e-14
1.95, -9.80001e-14
1.951, -9.80001e-14
1.952, -9.80001e-14
1.953, -9.80001e-14
1.954, -9.80001e-14
1.955, -9.80001e-14
1.956, -9.80001e-14
1.957, -9.80001e-14
1.958, -9.80001e-14
1.959, -9.80001e-14
1.96, -9.80001e-14
1.961, -9.80001e-14
1.962, -9.80001e-14
1.963, -9.80001e-14
1.964, -9.80001e-14
1.965, -9.80001e-14
1.966, -9.80001e-14
1.967, -9.80001e-14
1.968, -9.80001e-14
1.969, -9.80001e-14
1.97, -9.80001e-14
1.971, -9.80001e-14
1.972, -9.80001e-14
1.973, -9.80001e-14
1.974, -9.80001e-14
1.975, -9.80001e-14
1.976, -9.80001e-14
1.977, -9.80001e-14
1.978, -9.80001e-14
1.979, -9.80001e-14
1.98, -9.80001e-14
1.981, -9.80001e-14
1.982, -9.80001e-14
1.983, -9.80001e-14
1.984, -9.80001e-14
1.985, -9.80001e-14
1.986, -9.80001e-14
1.987, -9.80001e-14
1.988, -9.80001e-14
1.989, -9.80001e-14
1.99, -9.80001e-14
1.991, -9.80001e-14
1.992, -9.80001e-14
1.993, -9.80001e-14
1.994, -9.80001e-14
1.995, -9.80001e-14
1.996, -9.80001e-14
1.997, -9.80001e-14
1.998, -9.80001e-14
1.999, -9.80001e-14
2, -9.80001e-14
2.001, -9.80001e-14
2.002, -9.80001e-14
2.003, -9.80001e-14
2.004, -9.80001e-14
2.005, -9.80001e-14
2.006, -9.80001e-14
2.007, -9.80001e-14
2.008, -9.80001e-14
2.009, -9.80001e-14
2.01, -9.80001e-14
2.011, -9.80001e-14
2.012, -9.80001e-14
2.013, -9.80001e-14
2.014, -9.80001e-14
2.015, -9.80001e-14
2.016, -9.80001e-14
2.017, -9.80001e-14
2.018, -9.80001e-14
2.019, -9.80001e-14
2.02, -9.80001e-14
2.021, -9.80001e-14
2.022, -9.80001e-14
2.023, -9.80001e-14
2.024, -9.80001e-14
2.025, -9.80001e-14
2.026, -9.80001e-14
2.027, -9.80001e-14
2.028, -9.80001e-14
2.029, -9.80001e-14
2.03, -9.80001e-14
2.031, -9.80001e-14
2.032, -9.80001e-14
2.033, -9.80001e-14
2.034, -9.80001e-14
2.035, -9.80001e-14
2.036, -9.80001e-14
2.037, -9.80001e-14
2.038, -9.80001e-14
2.039, -9.80001e-14
2.04, -9.80001e-14
2.041, -9.80001e-14
2.042, -9.80001e-14
2.043, -9.80001e-14
2.044, -9.80001e-14
2.045, -9.80001e-14
2.046, -9.80001e-14
2.047, -9.80001e-14
2.048, -9.80001e-14
2.049, -9.80001e-14
2.05, -9.80001e-14
2.051, -9.80001e-14
2.052, -9.80001e-14
2.053, -9.80001e-14
2.054, -9.80001e-14
2.055, -9.80001e-14
2.056, -9.80001e-14
2.057, -9.80001e-14
2.058, -9.80001e-14
2.059, -9.80001e-14
2.06, -9.80001e-14
2.061, -9.80001e-14
2.062, -9.80001e-14
2.063, -9.80001e-14
2.064, -9.80001e-14
2.065, -9.80001e-14
2.066, -9.80001e-14
2.067, -9.80001e-14
2.068, -9.80001e-14
2.069, -9.80001e-14
2.07, -9.80001e-14
2.071, -9.80001e-14
2.072, -9.80001e-14
2.073, -9.80001e-14
2.074, -9.80001e-14
2.075, -9.80001e-14
2.076, -9.80001e-14
2.077, -9.80001e-14
2.078, -9.80001e-14
2.079, -9.80001e-14
2.08, -9.80001e-14
2.081, -9.80001e-14
2.082, -9.80001e-14
2.083, -9.80001e-14
2.084, -9.80001e-14
2.085, -9.80001e-14
2.086, -9.80001e-14
2.087, -9.80001e-14
2.088, -9.80001e-14
2.089, -9.80001e-14
2.09, -9.80001e-14
2.091, -9.80001e-14
2.092, -9.80001e-14
2.093, -9.80001e-14
2.094, -9.80001e-14
2.095, -9.80001e-14
2.096, -9.80001e-14
2.097, -9.80001e-14
2.098, -9.80001e-14
2.099, -9.80001e-14
2.1, -9.80001e-14
2.101, -9.80001e-14
2.102, -9.80001e-14
2.103, -9.80001e-14
2.104, -9.80001e-14
2.105, -9.80001e-14
2.106, -9.80001e-14
2.107, -9.80001e-14
2.108, -9.80001e-14
2.109, -9.80001e-14
2.11, -9.80001e-14
2.111, -9.80001e-14
2.112, -9.80001e-14
2.113, -9.80001e-14
2.114, -9.80001e-14
2.115, -9.80001e-14
2.116, -9.80001e-14
2.117, -9.80001e-14
2.118, -9.80001e-14
2.119, -9.80001e-14
2.12, -9.80001e-14
2.121, -9.80001e-14
2.122, -9.80001e-14
2.123, -9.80001e-14
2.124, -9.80001e-14
2.125, -9.80001e-14
2.126, -9.80001e-14
2.127, -9.80001e-14
2.128, -9.80001e-14
2.129, -9.80001e-14
2.13, -9.80001e-14
2.131, -9.80001e-14
2.132, -9.80001e-14
2.133, -9.80001e-14
2.134, -9.80001e-14
2.135, -9.80001e-14
2.136, -9.80001e-14
2.137, -9.80001e-14
2.138, -9.80001e-14
2.139, -9.80001e-14
2.14, -9.80001e-14
2.141, -9.80001e-14
2.142, -9.80001e-14
2.143, -9.80001e-14
2.144, -9.80001e-14
2.145, -9.80001e-14
2.146, -9.80001e-14
2.147, -9.80001e-14
2.148, -9.80001e-14
2.149, -9.80001e-14
2.15, -9.80001e-14
2.151, -9.80001e-14
2.152, -9.80001e-14
2.153, -9.80001e-14
2.154, -9.80001e-14
2.155, -9.80001e-14
2.156, -9.80001e-14
2.157, -9.80001e-14
2.158, -9.80001e-14
2.159, -9.80001e-14
2.16, -9.80001e-14
2.161, -9.80001e-14
2.162, -9.80001e-14
2.163, -9.80001e-14
2.164, -9.80001e-14
2.165, -9.80001e-14
2.166, -9.80001e-14
2.167, -9.80001e-14
2.168, -9.80001e-14
2.169, -9.80001e-14
2.17, -9.80001e-14
2.171, -9.80001e-14
2.172, -9.80001e-14
2.173, -9.80001e-14
2.174, -9.80001e-14
2.175, -9.80001e-14
2.176, -9.80001e-14
2.177, -9.80001e-14
2.178, -9.80001e-14
2.179, -9.80001e-14
2.18, -9.80001e-14
2.181, -9.80001e-14
2.182, -9.80001e-14
2.183, -9.80001e-14
2.184, -9.80001e-14
2.185, -9.80001e-14
2.186, -9.80001e-14
2.187, -9.80001e-14
2.188, -9.80001e-14
2.189, -9.80001e-14
2.19, -9.80001e-14
2.191, -9.80001e-14
2.192, -9.80001e-14
2.193, -9.80001e-14
2.194, -9.80001e-14
2.195, -9.80001e-14
2.196, -9.80001e-14
2.197, -9.80001e-14
2.198, -9.80001e-14
2.199, -9.80001e-14
2.2, -9.80001e-14
2.201, -9.80001e-14
2.202, -9.80001e-14
2.203, -9.80001e-14
2.204, -9.80001e-14
2.205, -9.80001e-14
2.206, -9.80001e-14
2.207, -9.80001e-14
2.208, -9.80001e-14
2.209, -9.80001e-14
2.21, -9.80001e-14
2.211, -9.80001e-14
2.212, -9.80001e-14
2.213, -9.80001e-14
2.214, -9.80001e-14
2.215, -9.80001e-14
2.216, -9.80001e-14
2.217, -9.80001e-14
2.218, -9.80001e-14
2.219, -9.80001e-14
2.22, -9.80001e-14
2.221, -9.80001e-14
2.222, -9.80001e-14
2.223, -9.80001e-14
2.224, -9.80001e-14
2.225, -9.80001e-14
2.226, -9.80001e-14
2.227, -9.80001e-14
2.228, -9.80001e-14
2.229, -9.80001e-14
2.23, -9.80001e-14
2.231, -9.80001e-14
2.232, -9.80001e-14
2.233, -9.80001e-14
2.234, -9.80001e-14
2.235, -9.80001e-14
2.236, -9.80001e-14
2.237, -9.80001e-14
2.238, -9.80001e-14
2.239, -9.80001e-14
2.24, -9.80001e-14
2.241, -9.80001e-14
2.242, -9.80001e-14
2.243, -9.80001e-14
2.244, -9.80001e-14
2.245, -9.80001e-14
2.246, -9.80001e-14
2.247, -9.80001e-14
2.248, -9.80001e-14
2.249, -9.80001e-14
2.25, -9.80001e-14
2.251, -9.80001e-14
2.252, -9.80001e-14
2.253, -9.80001e-14
2.254, -9.80001e-14
2.255, -9.80001e-14
2.256, -9.80001e-14
2.257, -9.80001e-14
2.258, -9.80001e-14
2.259, -9.80001e-14
2.26, -9.80001e-14
2.261, -9.80001e-14
2.262, -9.80001e-14
2.263, -9.80001e-14
2.264, -9.80001e-14
2.265, -9.80001e-14
2.266, -9.80001e-14
2.267, -9.80001e-14
2.268, -9.80001e-14
2.269, -9.80001e-14
2.27, -9.80001e-14
2.271, -9.80001e-14
2.272, -9.80001e-14
2.273, -9.80001e-14
2.274, -9.80001e-14
2.275, -9.80001e-14
2.276, -9.80001e-14
2.277, -9.80001e-14
2.278, -9.80001e-14
2.279, -9.80001e-14
2.28, -9.80001e-14
2.281, -9.80001e-14
2.282, -9.80001e-14
2.283, -9.80001e-14
2.284, -9.80001e-14
2.285, -9.80001e-14
2.286, -9.80001e-14
2.287, -9.80001e-14
2.288, -9.80001e-14
2.289, -9.80001e-14
2.29, -9.80001e-14
2.291, -9.80001e-14
2.292, -9.80001e-14
2.293, -9.80001e-14
2.294, -9.80001e-14
2.295, -9.80001e-14
2.296, -9.80001e-14
2.297, -9.80001e-14
2.298, -9.80001e-14
2.299, -9.80001e-14
2.3, -9.80001e-14
2.301, -9.80001e-14
2.302, -9.80001e-14
2.303, -9.80001e-14
2.304, -9.80001e-14
2.305, -9.80001e-14
2.306, -9.80001e-14
2.307, -9.80001e-14
2.308, -9.80001e-14
2.309, -9.80001e-14
2.31, -9.80001e-14
2.311, -9.80001e-14
2.312, -9.80001e-14
2.313, -9.80001e-14
2.314, -9.80001e-14
2.315, -9.80001e-14
2.316, -9.80001e-14
2.317, -9.80001e-14
2.318, -9.80001e-14
2.319, -9.80001e-14
2.32, -9.80001e-14
2.321, -9.80001e-14
2.322, -9.80001e-14
2.323, -9.80001e-14
2.324, -9.80001e-14
2.325, -9.80001e-14
2.326, -9.80001e-14
2.327, -9.80001e-14
2.328, -9.80001e-14
2.329, -9.80001e-14
2.33, -9.80001e-14
2.331, -9.80001e-14
2.332, -9.80001e-14
2.333, -9.80001e-14
2.334, -9.80001e-14
2.335, -9.80001e-14
2.336, -9.80001e-14
2.337, -9.80001e-14
2.338, -9.80001e-14
2.339, -9.80001e-14
2.34, -9.80001e-14
2.341, -9.80001e-14
2.342, -9.80001e-14
2.343, -9.80001e-14
2.344, -9.80001e-14
2.345, -9.80001e-14
2.346, -9.80001e-14
2.347, -9.80001e-14
2.348, -9.80001e-14
2.349, -9.80001e-14
2.35, -9.80001e-14
2.351, -9.80001e-14
2.352, -9.80001e-14
2.353, -9.80001e-14
2.354, -9.80001e-14
2.355, -9.80001e-14
2.356, -9.80001e-14
2.357, -9.80001e-14
2.358, -9.80001e-14
2.359, -9.80001e-14
2.36, -9.80001e-14
2.361, -9.80001e-14
2.362, -9.80001e-14
2.363, -9.80001e-14
2.364, -9.80001e-14
2.365, -9.80001e-14
2.366, -9.80001e-14
2.367, -9.80001e-14
2.368, -9.80001e-14
2.369, -9.80001e-14
2.37, -9.80001e-14
2.371, -9.80001e-14
2.372, -9.80001e-14
2.373, -9.80001e-14
2.374, -9.80001e-14
2.375, -9.80001e-14
2.376, -9.80001e-14
2.377, -9.80001e-14
2.378, -9.80001e-14
2.379, -9.80001e-14
2.38, -9.80001e-14
2.381, -9.80001e-14
2.382, -9.80001e-14
2.383, -9.80001e-14
2.384, -9.80001e-14
2.385, -9.80001e-14
2.386, -9.80001e-14
2.387, -9.80001e-14
2.388, -9.80001e-14
2.389, -9.80001e-14
2.39, -9.80001e-14
2.391, -9.80001e-14
2.392, -9.80001e-14
2.393, -9.80001e-14
2.394, -9.80001e-14
2.395, -9.80001e-14
2.396, -9.80001e-14
2.397, -9.80001e-14
2.398, -9.80001e-14
2.399, -9.80001e-14
2.4, -9.80001e-14
2.401, -9.80001e-14
2.402, -9.80001e-14
2.403, -9.80001e-14
2.404, -9.80001e-14
2.405, -9.80001e-14
2.406, -9.80001e-14
2.407, -9.80001e-14
2.408, -9.80001e-14
2.409, -9.80001e-14
2.41, -9.80001e-14
2.411, -9.80001e-14
2.412, -9.80001e-14
2.413, -9.80001e-14
2.414, -9.80001e-14
2.415, -9.80001e-14
2.416, -9.80001e-14
2.417, -9.80001e-14
2.418, -9.80001e-14
2.419, -9.80001e-14
2.42, -9.80001e-14
2.421, -9.80001e-14
2.422, -9.80001e-14
2.423, -9.80001e-14
2.424, -9.80001e-14
2.425, -9.80001e-14
2.426, -9.80001e-14
2.427, -9.80001e-14
2.428, -9.80001e-14
2.429, -9.80001e-14
2.43, -9.80001e-14
2.431, -9.80001e-14
2.432, -9.80001e-14
2.433, -9.80001e-14
2.434, -9.80001e-14
2.435, -9.80001e-14
2.436, -9.80001e-14
2.437, -9.80001e-14
2.438, -9.80001e-14
2.439, -9.80001e-14
2.44, -9.80001e-14
2.441, -9.80001e-14
2.442, -9.80001e-14
2.443, -9.80001e-14
2.444, -9.80001e-14
2.445, -9.80001e-14
2.446, -9.80001e-14
2.447, -9.80001e-14
2.448, -9.80001e-14
2.449, -9.80001e-14
2.45, -9.80001e-14
2.451, -9.80001e-14
2.452, -9.80001e-14
2.453, -9.80001e-14
2.454, -9.80001e-14
2.455, -9.80001e-14
2.456, -9.80001e-14
2.457, -9.80001e-14
2.458, -9.80001e-14
2.459, -9.80001e-14
2.46, -9.80001e-14
2.461, -9.80001e-14
2.462, -9.80001e-14
2.463, -9.80001e-14
2.464, -9.80001e-14
2.465, -9.80001e-14
2.466, -9.80001e-14
2.467, -9.80001e-14
2.468, -9.80001e-14
2.469, -9.80001e-14
2.47, -9.80001e-14
2.471, -9.80001e-14
2.472, -9.80001e-14
2.473, -9.80001e-14
2.474, -9.80001e-14
2.475, -9.80001e-14
2.476, -9.80001e-14
2.477, -9.80001e-14
2.478, -9.80001e-14
2.479, -9.80001e-14
2.48, -9.80001e-14
2.481, -9.80001e-14
2.482, -9.80001e-14
2.483, -9.80001e-14
2.484, -9.80001e-14
2.485, -9.80001e-14
2.486, -9.80001e-14
2.487, -9.80001e-14
2.488, -9.80001e-14
2.489, -9.80001e-14
2.49, -9.80001e-14
2.491, -9.80001e-14
2.492, -9.80001e-14
2.493, -9.80001e-14
2.494, -9.80001e-14
2.495, -9.80001e-14
2.496, -9.80001e-14
2.497, -9.80001e-14
2.498, -9.80001e-14
2.499, -9.80001e-14
2.5, -9.80001e-14
2.501, -9.80001e-14
2.502, -9.80001e-14
2.503, -9.80001e-14
2.504, -9.80001e-14
2.505, -9.80001e-14
2.506, -9.80001e-14
2.507, -9.80001e-14
2.508, -9.80001e-14
2.509, -9.80001e-14
2.51, -9.80001e-14
2.511, -9.80001e-14
2.512, -9.80001e-14
2.513, -9.80001e-14
2.514, -9.80001e-14
2.515, -9.80001e-14
2.516, -9.80001e-14
2.517, -9.80001e-14
2.518, -9.80001e-14
2.519, -9.80001e-14
2.52, -9.80001e-14
2.521, -9.80001e-14
2.522, -9.80001e-14
2.523, -9.80001e-14
2.524, -9.80001e-14
2.525, -9.80001e-14
2.526, -9.80001e-14
2.527, -9.80001e-14
2.528, -9.80001e-14
2.529, -9.80001e-14
2.53, -9.80001e-14
2.531, -9.80001e-14
2.532, -9.80001e-14
2.533, -9.80001e-14
2.534, -9.80001e-14
2.535, -9.80001e-14
2.536, -9.80001e-14
2.537, -9.80001e-14
2.538, -9.80001e-14
2.539, -9.80001e-14
2.54, -9.80001e-14
2.541, -9.80001e-14
2.542, -9.80001e-14
2.543, -9.80001e-14
2.544, -9.80001e-14
2.545, -9.80001e-14
2.546, -9.80001e-14
2.547, -9.80001e-14
2.548, -9.80001e-14
2.549, -9.80001e-14
2.55, -9.80001e-14
2.551, -9.80001e-14
2.552, -9.80001e-14
2.553, -9.80001e-14
2.554, -9.80001e-14
2.555, -9.80001e-14
2.556, -9.80001e-14
2.557, -9.80001e-14
2.558, -9.80001e-14
2.559, -9.80001e-14
2.56, -9.80001e-14
2.561, -9.80001e-14
2.562, -9.80001e-14
2.563, -9.80001e-14
2.564, -9.80001e-14
2.565, -9.80001e-14
2.566, -9.80001e-14
2.567, -9.80001e-14
2.568, -9.80001e-14
2.569, -9.80001e-14
2.57, -9.80001e-14
2.571, -9.80001e-14
2.572, -9.80001e-14
2.573, -9.80001e-14
2.574, -9.80001e-14
2.575, -9.80001e-14
2.576, -9.80001e-14
2.577, -9.80001e-14
2.578, -9.80001e-14
2.579, -9.80001e-14
2.58, -9.80001e-14
2.581, -9.80001e-14
2.582, -9.80001e-14
2.583, -9.80001e-14
2.584, -9.80001e-14
2.585, -9.80001e-14
2.586, -9.80001e-14
2.587, -9.80001e-14
2.588, -9.80001e-14
2.589, -9.80001e-14
2.59, -9.80001e-14
2.591, -9.80001e-14
2.592, -9.80001e-14
2.593, -9.80001e-14
2.594, -9.80001e-14
2.595, -9.80001e-14
2.596, -9.80001e-14
2.597, -9.80001e-14
2.598, -9.80001e-14
2.599, -9.80001e-14
2.6, -9.80001e-14
2.601, -9.80001e-14
2.602, -9.80001e-14
2.603, -9.80001e-14
2.604, -9.80001e-14
2.605, -9.80001e-14
2.606, -9.80001e-14
2.607, -9.80001e-14
2.608, -9.80001e-14
2.609, -9.80001e-14
2.61, -9.80001e-14
2.611, -9.80001e-14
2.612, -9.80001e-14
2.613, -9.80001e-14
2.614, -9.80001e-14
2.615, -9.80001e-14
2.616, -9.80001e-14
2.617, -9.80001e-14
2.618, -9.80001e-14
2.619, -9.80001e-14
2.62, -9.80001e-14
2.621, -9.80001e-14
2.622, -9.80001e-14
2.623, -9.80001e-14
2.624, -9.80001e-14
2.625, -9.80001e-14
2.626, -9.80001e-14
2.627, -9.80001e-14
2.628, -9.80001e-14
2.629, -9.80001e-14
2.63, -9.80001e-14
2.631, -9.80001e-14
2.632, -9.80001e-14
2.633, -9.80001e-14
2.634, -9.80001e-14
2.635, -9.80001e-14
2.636, -9.80001e-14
2.637, -9.80001e-14
2.638, -9.80001e-14
2.639, -9.80001e-14
2.64, -9.80001e-14
2.641, -9.80001e-14
2.642, -9.80001e-14
2.643, -9.80001e-14
2.644, -9.80001e-14
2.645, -9.80001e-14
2.646, -9.80001e-14
2.647, -9.80001e-14
2.648, -9.80001e-14
2.649, -9.80001e-14
2.65, -9.80001e-14
2.651, -9.80001e-14
2.652, -9.80001e-14
2.653, -9.80001e-14
2.654, -9.80001e-14
2.655, -9.80001e-14
2.656, -9.80001e-14
2.657, -9.80001e-14
2.658, -9.80001e-14
2.659, -9.80001e-14
2.66, -9.80001e-14
2.661, -9.80001e-14
2.662, -9.80001e-14
2.663, -9.80001e-14
2.664, -9.80001e-14
2.665, -9.80001e-14
2.666, -9.80001e-14
2.667, -9.80001e-14
2.668, -9.80001e-14
2.669, -9.80001e-14
2.67, -9.80001e-14
2.671, -9.8e-14
2.672, -9.80001e-14
2.673, -9.80001e-14
2.674, -9.80001e-14
2.675, -9.80001e-14
2.676, -9.80001e-14
2.677, -9.80001e-14
2.678, -9.80001e-14
2.679, -9.80001e-14
2.68, -9.8e-14
2.681, -9.80001e-14
2.682, -9.80001e-14
2.683, -9.80001e-14
2.684, -9.80001e-14
2.685, -9.80001e-14
2.686, -9.80001e-14
2.687, -9.80001e-14
2.688, -9.80001e-14
2.689, -9.80001e-14
2.69, -9.80001e-14
2.691, -9.80001e-14
2.692, -9.80001e-14
2.693, -9.80001e-14
2.694, -9.80001e-14
2.695, -9.80001e-14
2.696, -9.80001e-14
2.697, -9.80001e-14
2.698, -9.80001e-14
2.699, -9.80001e-14
2.7, -9.8e-14
2.701, -9.80001e-14
2.702, -9.80001e-14
2.703, -9.80001e-14
2.704, -9.80001e-14
2.705, -9.80001e-14
2.706, -9.8e-14
2.707, -9.80001e-14
2.708, -9.80001e-14
2.709, -9.80001e-14
2.71, -9.80001e-14
2.711, -9.80001e-14
2.712, -9.80001e-14
2.713, -9.8e-14
2.714, -9.80001e-14
2.715, -9.80001e-14
2.716, -9.80001e-14
2.717, -9.80001e-14
2.718, -9.80001e-14
2.719, -9.80001e-14
2.72, -9.80001e-14
2.721, -9.80001e-14
2.722, -9.80001e-14
2.723, -9.80001e-14
2.724, -9.80001e-14
2.725, -9.8e-14
2.726, -9.80001e-14
2.727, -9.80001e-14
2.728, -9.80001e-14
2.729, -9.80001e-14
2.73, -9.80001e-14
2.731, -9.80001e-14
2.732, -9.80001e-14
2.733, -9.80001e-14
2.734, -9.80001e-14
2.735, -9.8e-14
2.736, -9.80001e-14
2.737, -9.80001e-14
2.738, -9.80001e-14
2.739, -9.80001e-14
2.74, -9.80001e-14
2.741, -9.80001e-14
2.742, -9.80001e-14
2.743, -9.80001e-14
2.744, -9.80001e-14
2.745, -9.80001e-14
2.746, -9.80001e-14
2.747, -9.80001e-14
2.748, -9.80001e-14
2.749, -9.80001e-14
2.75, -9.80001e-14
2.751, -9.80001e-14
2.752, -9.80001e-14
2.753, -9.80001e-14
2.754, -9.80001e-14
2.755, -9.80001e-14
2.756, -9.80001e-14
2.757, -9.80001e-14
2.758, -9.80001e-14
2.759, -9.80001e-14
2.76, -9.80001e-14
2.761, -9.8e-14
2.762, -9.80001e-14
2.763, -9.80001e-14
2.764, -9.80001e-14
2.765, -9.80001e-14
2.766, -9.80001e-14
2.767, -9.80001e-14
2.768, -9.80001e-14
2.769, -9.80001e-14
2.77, -9.80001e-14
2.771, -9.80001e-14
2.772, -9.80001e-14
2.773, -9.80001e-14
2.774, -9.80001e-14
2.775, -9.80001e-14
2.776, -9.8e-14
2.777, -9.80001e-14
2.778, -9.80001e-14
2.779, -9.8e-14
2.78, -9.80001e-14
2.781, -9.8e-14
2.782, -9.80001e-14
2.783, -9.80001e-14
2.784, -9.80001e-14
2.785, -9.80001e-14
2.786, -9.8e-14
2.787, -9.80001e-14
2.788, -9.80001e-14
2.789, -9.80001e-14
2.79, -9.80001e-14
2.791, -9.80001e-14
2.792, -9.80001e-14
2.793, -9.80001e-14
2.794, -9.80001e-14
2.795, -9.80001e-14
2.796, -9.80001e-14
2.797, -9.80001e-14
2.798, -9.80001e-14
2.799, -9.8e-14
2.8, -9.80001e-14
2.801, -9.8e-14
2.802, -9.80001e-14
2.803, -9.80001e-14
2.804, -9.8e-14
2.805, -9.8e-14
2.806, -9.80001e-14
2.807, -9.8e-14
2.808, -9.8e-14
2.809, -9.80001e-14
2.81, -9.80001e-14
2.811, -9.80001e-14
2.812, -9.80001e-14
2.813, -9.80001e-14
2.814, -9.80001e-14
2.815, -9.80001e-14
2.816, -9.8e-14
2.817, -9.80001e-14
2.818, -9.8e-14
2.819, -9.8e-14
2.82, -9.80001e-14
2.821, -9.8e-14
2.822, -9.80001e-14
2.823, -9.8e-14
2.824, -9.80001e-14
2.825, -9.80001e-14
2.826, -9.80001e-14
2.827, -9.8e-14
2.828, -9.8e-14
2.829, -9.80001e-14
2.83, -9.80001e-14
2.831, -9.80001e-14
2.832, -9.80001e-14
2.833, -9.80001e-14
2.834, -9.80001e-14
2.835, -9.8e-14
2.836, -9.80001e-14
2.837, -9.8e-14
2.838, -9.80001e-14
2.839, -9.8e-14
2.84, -9.80001e-14
2.841, -9.8e-14
2.842, -9.80001e-14
2.843, -9.80001e-14
2.844, -9.8e-14
2.845, -9.8e-14
2.846, -9.80001e-14
2.847, -9.8e-14
2.848, -9.80001e-14
2.849, -9.80001e-14
2.85, -9.8e-14
2.851, -9.8e-14
2.852, -9.8e-14
2.853, -9.80001e-14
2.854, -9.80001e-14
2.855, -9.8e-14
2.856, -9.8e-14
2.857, -9.80001e-14
2.858, -9.80001e-14
2.859, -9.80001e-14
2.86, -9.80001e-14
2.861, -9.8e-14
2.862, -9.80001e-14
2.863, -9.80001e-14
2.864, -9.80001e-14
2.865, -9.80001e-14
2.866, -9.8e-14
2.867, -9.80001e-14
2.868, -9.8e-14
2.869, -9.80001e-14
2.87, -9.8e-14
2.871, -9.80001e-14
2.872, -9.8e-14
2.873, -9.80001e-14
2.874, -9.80001e-14
2.875, -9.8e-14
2.876, -9.80001e-14
2.877, -9.80001e-14
2.878, -9.80001e-14
2.879, -9.80001e-14
2.88, -9.80001e-14
2.881, -9.80001e-14
2.882, -9.80001e-14
2.883, -9.80001e-14
2.884, -9.80001e-14
2.885, -9.8e-14
2.886, -9.80001e-14
2.887, -9.8e-14
2.888, -9.8e-14
2.889, -9.80001e-14
2.89, -9.8e-14
2.891, -9.80001e-14
2.892, -9.80001e-14
2.893, -9.8e-14
2.894, -9.8e-14
2.895, -9.80001e-14
2.896, -9.80001e-14
2.897, -9.80001e-14
2.898, -9.8e-14
2.899, -9.8e-14
2.9, -9.80001e-14
2.901, -9.80001e-14
2.902, -9.80001e-14
2.903, -9.8e-14
2.904, -9.8e-14
2.905, -9.80001e-14
2.906, -9.8e-14
2.907, -9.8e-14
2.908, -9.8e-14
2.909, -9.80001e-14
2.91, -9.8e-14
2.911, -9.8e-14
2.912, -9.80001e-14
2.913, -9.8e-14
2.914, -9.80001e-14
2.915, -9.8e-14
2.916, -9.80001e-14
2.917, -9.80001e-14
2.918, -9.8e-14
2.919, -9.80001e-14
2.92, -9.8e-14
2.921, -9.8e-14
2.922, -9.8e-14
2.923, -9.8e-14
2.924, -9.8e-14
2.925, -9.8e-14
2.926, -9.8e-14
2.927, -9.8e-14
2.928, -9.8e-14
2.929, -9.8e-14
2.93, -9.8e-14
2.931, -9.8e-14
2.932, -9.80001e-14
2.933, -9.8e-14
2.934, -9.8e-14
2.935, -9.8e-14
2.936, -9.8e-14
2.937, -9.80001e-14
2.938, -9.8e-14
2.939, -9.8e-14
2.94, -9.8e-14
2.941, -9.8e-14
2.942, -9.8e-14
2.943, -9.8e-14
2.944, -9.8e-14
2.945, -9.80001e-14
2.946, -9.8e-14
2.947, -9.8e-14
2.948, -9.8e-14
2.949, -9.8e-14
2.95, -9.8e-14
2.951, -9.8e-14
2.952, -9.8e-14
2.953, -9.8e-14
2.954, -9.8e-14
2.955, -9.8e-14
2.956, -9.8e-14
2.957, -9.8e-14
2.958, -9.80001e-14
2.959, -9.8e-14
2.96, -9.8e-14
2.961, -9.80001e-14
2.962, -9.8e-14
2.963, -9.80001e-14
2.964, -9.8e-14
2.965, -9.8e-14
2.966, -9.8e-14
2.967, -9.8e-14
2.968, -9.8e-14
2.969, -9.8e-14
2.97, -9.8e-14
2.971, -9.8e-14
2.972, -9.8e-14
2.973, -9.8e-14
2.974, -9.8e-14
2.975, -9.8e-14
2.976, -9.8e-14
2.977, -9.8e-14
2.978, -9.8e-14
2.979, -9.8e-14
2.98, -9.8e-14
2.981, -9.8e-14
2.982, -9.8e-14
2.983, -9.8e-14
2.984, -9.8e-14
2.985, -9.8e-14
2.986, -9.8e-14
2.987, -9.8e-14
2.988, -9.80001e-14
2.989, -9.8e-14
2.99, -9.8e-14
2.991, -9.8e-14
2.992, -9.8e-14
2.993, -9.8e-14
2.994, -9.8e-14
2.995, -9.8e-14
2.996, -9.8e-14
2.997, -9.8e-14
2.998, -9.80001e-14
2.999, -9.8e-14
3, -9.8e-14
3.001, -9.8e-14
3.002, -9.8e-14
3.003, -9.8e-14
3.004, -9.8e-14
3.005, -9.8e-14
3.006, -9.8e-14
3.007, -9.8e-14
3.008, -9.8e-14
3.009, -9.8e-14
3.01, -9.80001e-14
3.011, -9.8e-14
3.012, -9.8e-14
3.013, -9.8e-14
3.014, -9.8e-14
3.015, -9.8e-14
3.016, -9.8e-14
3.017, -9.8e-14
3.018, -9.8e-14
3.019, -9.8e-14
3.02, -9.8e-14
3.021, -9.8e-14
3.022, -9.8e-14
3.023, -9.80001e-14
3.024, -9.8e-14
3.025, -9.8e-14
3.026, -9.8e-14
3.027, -9.8e-14
3.028, -9.8e-14
3.029, -9.8e-14
3.03, -9.8e-14
3.031, -9.8e-14
3.032, -9.8e-14
3.033, -9.8e-14
3.034, -9.8e-14
3.035, -9.8e-14
3.036, -9.8e-14
3.037, -9.8e-14
3.038, -9.8e-14
3.039, -9.8e-14
3.04, -9.8e-14
3.041, -9.8e-14
3.042, -9.8e-14
3.043, -9.8e-14
3.044, -9.8e-14
3.045, -9.8e-14
3.046, -9.8e-14
3.047, -9.8e-14
3.048, -9.8e-14
3.049, -9.8e-14
3.05, -9.8e-14
3.051, -9.8e-14
3.052, -9.8e-14
3.053, -9.8e-14
3.054, -9.8e-14
3.055, -9.8e-14
3.056, -9.8e-14
3.057, -9.8e-14
3.058, -9.8e-14
3.059, -9.8e-14
3.06, -9.8e-14
3.061, -9.8e-14
3.062, -9.8e-14
3.063, -9.8e-14
3.064, -9.8e-14
3.065, -9.8e-14
3.066, -9.8e-14
3.067, -9.8e-14
3.068, -9.8e-14
3.069, -9.8e-14
3.07, -9.8e-14
3.071, -9.8e-14
3.072, -9.8e-14
3.073, -9.8e-14
3.074, -9.8e-14
3.075, -9.8e-14
3.076, -9.8e-14
3.077, -9.8e-14
3.078, -9.8e-14
3.079, -9.8e-14
3.08, -9.8e-14
3.081, -9.8e-14
3.082, -9.8e-14
3.083, -9.8e-14
3.084, -9.8e-14
3.085, -9.8e-14
3.086, -9.8e-14
3.087, -9.8e-14
3.088, -9.8e-14
3.089, -9.8e-14
3.09, -9.8e-14
3.091, -9.8e-14
3.092, -9.8e-14
3.093, -9.8e-14
3.094, -9.8e-14
3.095, -9.8e-14
3.096, -9.8e-14
3.097, -9.8e-14
3.098, -9.8e-14
3.099, -9.8e-14
3.1, -9.8e-14
3.101, -9.8e-14
3.102, -9.8e-14
3.103, -9.8e-14
3.104, -9.8e-14
3.105, -9.8e-14
3.106, -9.8e-14
3.107, -9.8e-14
3.108, -9.8e-14
3.109, -9.8e-14
3.11, -9.8e-14
3.111, -9.8e-14
3.112, -9.8e-14
3.113, -9.8e-14
3.114, -9.8e-14
3.115, -9.8e-14
3.116, -9.8e-14
3.117, -9.8e-14
3.118, -9.8e-14
3.119, -9.8e-14
3.12, -9.8e-14
3.121, -9.8e-14
3.122, -9.8e-14
3.123, -9.8e-14
3.124, -9.8e-14
3.125, -9.8e-14
3.126, -9.8e-14
3.127, -9.8e-14
3.128, -9.8e-14
3.129, -9.8e-14
3.13, -9.8e-14
3.131, -9.8e-14
3.132, -9.8e-14
3.133, -9.8e-14
3.134, -9.8e-14
3.135, -9.8e-14
3.136, -9.8e-14
3.137, -9.8e-14
3.138, -9.8e-14
3.139, -9.8e-14
3.14, -9.8e-14
3.141, -9.8e-14
3.142, -9.8e-14
3.143, -9.8e-14
3.144, -9.8e-14
3.145, -9.8e-14
3.146, -9.8e-14
3.147, -9.8e-14
3.148, -9.8e-14
3.149, -9.8e-14
3.15, -9.8e-14
3.151, -9.8e-14
3.152, -9.8e-14
3.153, -9.8e-14
3.154, -9.8e-14
3.155, -9.8e-14
3.156, -9.8e-14
3.157, -9.8e-14
3.158, -9.8e-14
3.159, -9.8e-14
3.16, -9.8e-14
3.161, -9.8e-14
3.162, -9.8e-14
3.163, -9.8e-14
3.164, -9.8e-14
3.165, -9.8e-14
3.166, -9.8e-14
3.167, -9.8e-14
3.168, -9.8e-14
3.169, -9.8e-14
3.17, -9.8e-14
3.171, -9.8e-14
3.172, -9.8e-14
3.173, -9.8e-14
3.174, -9.8e-14
3.175, -9.8e-14
3.176, -9.8e-14
3.177, -9.8e-14
3.178, -9.8e-14
3.179, -9.8e-14
3.18, -9.8e-14
3.181, -9.8e-14
3.182, -9.8e-14
3.183, -9.8e-14
3.184, -9.8e-14
3.185, -9.8e-14
3.186, -9.8e-14
3.187, -9.8e-14
3.188, -9.8e-14
3.189, -9.8e-14
3.19, -9.8e-14
3.191, -9.8e-14
3.192, -9.8e-14
3.193, -9.8e-14
3.194, -9.8e-14
3.195, -9.8e-14
3.196, -9.8e-14
3.197, -9.8e-14
3.198, -9.8e-14
3.199, -9.8e-14
3.2, -9.8e-14
3.201, -9.8e-14
3.202, -9.8e-14
3.203, -9.8e-14
3.204, -9.8e-14
3.205, -9.8e-14
3.206, -9.8e-14
3.207, -9.8e-14
3.208, -9.8e-14
3.209, -9.8e-14
3.21, -9.8e-14
3.211, -9.8e-14
3.212, -9.8e-14
3.213, -9.8e-14
3.214, -9.8e-14
3.215, -9.8e-14
3.216, -9.8e-14
3.217, -9.8e-14
3.218, -9.8e-14
3.219, -9.8e-14
3.22, -9.8e-14
3.221, -9.8e-14
3.222, -9.8e-14
3.223, -9.8e-14
3.224, -9.8e-14
3.225, -9.8e-14
3.226, -9.8e-14
3.227, -9.8e-14
3.228, -9.8e-14
3.229, -9.8e-14
3.23, -9.8e-14
3.231, -9.8e-14
3.232, -9.8e-14
3.233, -9.8e-14
3.234, -9.8e-14
3.235, -9.8e-14
3.236, -9.8e-14
3.237, -9.8e-14
3.238, -9.8e-14
3.239, -9.8e-14
3.24, -9.8e-14
3.241, -9.8e-14
3.242, -9.8e-14
3.243, -9.8e-14
3.244, -9.8e-14
3.245, -9.8e-14
3.246, -9.8e-14
3.247, -9.8e-14
3.248, -9.8e-14
3.249, -9.8e-14
3.25, -9.8e-14
3.251, -9.8e-14
3.252, -9.8e-14
3.253, -9.8e-14
3.254, -9.8e-14
3.255, -9.8e-14
3.256, -9.8e-14
3.257, -9.8e-14
3.258, -9.8e-14
3.259, -9.8e-14
3.26, -9.8e-14
3.261, -9.8e-14
3.262, -9.8e-14
3.263, -9.8e-14
3.264, -9.8e-14
3.265, -9.8e-14
3.266, -9.8e-14
3.267, -9.8e-14
3.268, -9.8e-14
3.269, -9.8e-14
3.27, -9.8e-14
3.271, -9.8e-14
3.272, -9.8e-14
3.273, -9.8e-14
3.274, -9.8e-14
3.275, -9.8e-14
3.276, -9.8e-14
3.277, -9.8e-14
3.278, -9.8e-14
3.279, -9.8e-14
3.28, -9.8e-14
3.281, -9.8e-14
3.282, -9.8e-14
3.283, -9.8e-14
3.284, -9.8e-14
3.285, -9.8e-14
3.286, -9.8e-14
3.287, -9.8e-14
3.288, -9.8e-14
3.289, -9.8e-14
3.29, -9.8e-14
3.291, -9.8e-14
3.292, -9.8e-14
3.293, -9.8e-14
3.294, -9.8e-14
3.295, -9.8e-14
3.296, -9.8e-14
3.297, -9.8e-14
3.298, -9.8e-14
3.299, -9.8e-14
3.3, -9.8e-14
3.301, -9.8e-14
3.302, -9.8e-14
3.303, -9.8e-14
3.304, -9.8e-14
3.305, -9.8e-14
3.306, -9.8e-14
3.307, -9.8e-14
3.308, -9.8e-14
3.309, -9.8e-14
3.31, -9.8e-14
3.311, -9.8e-14
3.312, -9.8e-14
3.313, -9.8e-14
3.314, -9.8e-14
3.315, -9.8e-14
3.316, -9.8e-14
3.317, -9.8e-14
3.318, -9.8e-14
3.319, -9.8e-14
3.32, -9.8e-14
3.321, -9.8e-14
3.322, -9.8e-14
3.323, -9.8e-14
3.324, -9.8e-14
3.325, -9.8e-14
3.326, -9.8e-14
3.327, -9.8e-14
3.328, -9.8e-14
3.329, -9.8e-14
3.33, -9.8e-14
3.331, -9.8e-14
3.332, -9.8e-14
3.333, -9.8e-14
3.334, -9.8e-14
3.335, -9.8e-14
3.336, -9.8e-14
3.337, -9.8e-14
3.338, -9.8e-14
3.339, -9.8e-14
3.34, -9.8e-14
3.341, -9.8e-14
3.342, -9.8e-14
3.343, -9.8e-14
3.344, -9.8e-14
3.345, -9.8e-14
3.346, -9.8e-14
3.347, -9.8e-14
3.348, -9.8e-14
3.349, -9.8e-14
3.35, -9.8e-14
3.351, -9.8e-14
3.352, -9.8e-14
3.353, -9.8e-14
3.354, -9.8e-14
3.355, -9.8e-14
3.356, -9.8e-14
3.357, -9.8e-14
3.358, -9.8e-14
3.359, -9.8e-14
3.36, -9.8e-14
3.361, -9.8e-14
3.362, -9.8e-14
3.363, -9.8e-14
3.364, -9.8e-14
3.365, -9.8e-14
3.366, -9.8e-14
3.367, -9.8e-14
3.368, -9.8e-14
3.369, -9.8e-14
3.37, -9.8e-14
3.371, -9.8e-14
3.372, -9.8e-14
3.373, -9.8e-14
3.374, -9.8e-14
3.375, -9.8e-14
3.376, -9.8e-14
3.377, -9.8e-14
3.378, -9.8e-14
3.379, -9.8e-14
3.38, -9.8e-14
3.381, -9.8e-14
3.382, -9.8e-14
3.383, -9.8e-14
3.384, -9.8e-14
3.385, -9.8e-14
3.386, -9.8e-14
3.387, -9.8e-14
3.388, -9.8e-14
3.389, -9.8e-14
3.39, -9.8e-14
3.391, -9.8e-14
3.392, -9.8e-14
3.393, -9.8e-14
3.394, -9.8e-14
3.395, -9.8e-14
3.396, -9.8e-14
3.397, -9.8e-14
3.398, -9.8e-14
3.399, -9.8e-14
3.4, -9.8e-14
3.401, -9.8e-14
3.402, -9.8e-14
3.403, -9.8e-14
3.404, -9.8e-14
3.405, -9.8e-14
3.406, -9.8e-14
3.407, -9.8e-14
3.408, -9.8e-14
3.409, -9.8e-14
3.41, -9.8e-14
3.411, -9.8e-14
3.412, -9.8e-14
3.413, -9.8e-14
3.414, -9.8e-14
3.415, -9.8e-14
3.416, -9.8e-14
3.417, -9.8e-14
3.418, -9.8e-14
3.419, -9.8e-14
3.42, -9.8e-14
3.421, -9.8e-14
3.422, -9.8e-14
3.423, -9.8e-14
3.424, -9.8e-14
3.425, -9.8e-14
3.426, -9.8e-14
3.427, -9.8e-14
3.428, -9.8e-14
3.429, -9.8e-14
3.43, -9.8e-14
3.431, -9.8e-14
3.432, -9.8e-14
3.433, -9.8e-14
3.434, -9.8e-14
3.435, -9.8e-14
3.436, -9.8e-14
3.437, -9.8e-14
3.438, -9.8e-14
3.439, -9.8e-14
3.44, -9.8e-14
3.441, -9.8e-14
3.442, -9.8e-14
3.443, -9.8e-14
3.444, -9.8e-14
3.445, -9.8e-14
3.446, -9.8e-14
3.447, -9.8e-14
3.448, -9.8e-14
3.449, -9.8e-14
3.45, -9.8e-14
3.451, -9.8e-14
3.452, -9.8e-14
3.453, -9.8e-14
3.454, -9.8e-14
3.455, -9.8e-14
3.456, -9.8e-14
3.457, -9.8e-14
3.458, -9.8e-14
3.459, -9.8e-14
3.46, -9.8e-14
3.461, -9.8e-14
3.462, -9.8e-14
3.463, -9.8e-14
3.464, -9.8e-14
3.465, -9.8e-14
3.466, -9.8e-14
3.467, -9.8e-14
3.468, -9.8e-14
3.469, -9.8e-14
3.47, -9.8e-14
3.471, -9.8e-14
3.472, -9.8e-14
3.473, -9.8e-14
3.474, -9.8e-14
3.475, -9.8e-14
3.476, -9.8e-14
3.477, -9.8e-14
3.478, -9.8e-14
3.479, -9.8e-14
3.48, -9.8e-14
3.481, -9.8e-14
3.482, -9.8e-14
3.483, -9.8e-14
3.484, -9.8e-14
3.485, -9.8e-14
3.486, -9.8e-14
3.487, -9.8e-14
3.488, -9.8e-14
3.489, -9.8e-14
3.49, -9.8e-14
3.491, -9.8e-14
3.492, -9.8e-14
3.493, -9.8e-14
3.494, -9.8e-14
3.495, -9.8e-14
3.496, -9.8e-14
3.497, -9.8e-14
3.498, -9.8e-14
3.499, -9.8e-14
3.5, -9.8e-14
3.501, -9.8e-14
3.502, -9.8e-14
3.503, -9.8e-14
3.504, -9.8e-14
3.505, -9.8e-14
3.506, -9.8e-14
3.507, -9.8e-14
3.508, -9.8e-14
3.509, -9.8e-14
3.51, -9.8e-14
3.511, -9.8e-14
3.512, -9.8e-14
3.513, -9.8e-14
3.514, -9.8e-14
3.515, -9.8e-14
3.516, -9.8e-14
3.517, -9.8e-14
3.518, -9.8e-14
3.519, -9.8e-14
3.52, -9.8e-14
3.521, -9.8e-14
3.522, -9.8e-14
3.523, -9.8e-14
3.524, -9.8e-14
3.525, -9.8e-14
3.526, -9.8e-14
3.527, -9.8e-14
3.528, -9.8e-14
3.529, -9.8e-14
3.53, -9.8e-14
3.531, -9.8e-14
3.532, -9.8e-14
3.533, -9.8e-14
3.534, -9.8e-14
3.535, -9.8e-14
3.536, -9.8e-14
3.537, -9.8e-14
3.538, -9.8e-14
3.539, -9.8e-14
3.54, -9.8e-14
3.541, -9.8e-14
3.542, -9.8e-14
3.543, -9.8e-14
3.544, -9.8e-14
3.545, -9.8e-14
3.546, -9.8e-14
3.547, -9.8e-14
3.548, -9.8e-14
3.549, -9.8e-14
3.55, -9.8e-14
3.551, -9.8e-14
3.552, -9.8e-14
3.553, -9.8e-14
3.554, -9.8e-14
3.555, -9.8e-14
3.556, -9.8e-14
3.557, -9.8e-14
3.558, -9.8e-14
3.559, -9.8e-14
3.56, -9.8e-14
3.561, -9.8e-14
3.562, -9.8e-14
3.563, -9.8e-14
3.564, -9.8e-14
3.565, -9.8e-14
3.566, -9.8e-14
3.567, -9.8e-14
3.568, -9.8e-14
3.569, -9.8e-14
3.57, -9.8e-14
3.571, -9.8e-14
3.572, -9.8e-14
3.573, -9.8e-14
3.574, -9.8e-14
3.575, -9.8e-14
3.576, -9.8e-14
3.577, -9.8e-14
3.578, -9.8e-14
3.579, -9.8e-14
3.58, -9.8e-14
3.581, -9.8e-14
3.582, -9.8e-14
3.583, -9.8e-14
3.584, -9.8e-14
3.585, -9.8e-14
3.586, -9.8e-14
3.587, -9.8e-14
3.588, -9.8e-14
3.589, -9.8e-14
3.59, -9.8e-14
3.591, -9.8e-14
3.592, -9.8e-14
3.593, -9.8e-14
3.594, -9.8e-14
3.595, -9.8e-14
3.596, -9.8e-14
3.597, -9.8e-14
3.598, -9.8e-14
3.599, -9.8e-14
3.6, -9.8e-14
3.601, -9.8e-14
3.602, -9.8e-14
3.603, -9.8e-14
3.604, -9.8e-14
3.605, -9.8e-14
3.606, -9.8e-14
3.607, -9.8e-14
3.608, -9.8e-14
3.609, -9.8e-14
3.61, -9.8e-14
3.611, -9.8e-14
3.612, -9.8e-14
3.613, -9.8e-14
3.614, -9.8e-14
3.615, -9.8e-14
3.616, -9.8e-14
3.617, -9.8e-14
3.618, -9.8e-14
3.619, -9.8e-14
3.62, -9.8e-14
3.621, -9.8e-14
3.622, -9.8e-14
3.623, -9.8e-14
3.624, -9.8e-14
3.625, -9.8e-14
3.626, -9.8e-14
3.627, -9.8e-14
3.628, -9.8e-14
3.629, -9.8e-14
3.63, -9.8e-14
3.631, -9.8e-14
3.632, -9.8e-14
3.633, -9.8e-14
3.634, -9.8e-14
3.635, -9.8e-14
3.636, -9.8e-14
3.637, -9.8e-14
3.638, -9.8e-14
3.639, -9.8e-14
3.64, -9.8e-14
3.641, -9.8e-14
3.642, -9.8e-14
3.643, -9.8e-14
3.644, -9.8e-14
3.645, -9.8e-14
3.646, -9.8e-14
3.647, -9.8e-14
3.648, -9.8e-14
3.649, -9.8e-14
3.65, -9.8e-14
3.651, -9.8e-14
3.652, -9.8e-14
3.653, -9.8e-14
3.654, -9.8e-14
3.655, -9.8e-14
3.656, -9.8e-14
3.657, -9.8e-14
3.658, -9.8e-14
3.659, -9.8e-14
3.66, -9.8e-14
3.661, -9.8e-14
3.662, -9.8e-14
3.663, -9.8e-14
3.664, -9.8e-14
3.665, -9.8e-14
3.666, -9.8e-14
3.667, -9.8e-14
3.668, -9.8e-14
3.669, -9.8e-14
3.67, -9.8e-14
3.671, -9.8e-14
3.672, -9.8e-14
3.673, -9.8e-14
3.674, -9.8e-14
3.675, -9.8e-14
3.676, -9.8e-14
3.677, -9.8e-14
3.678, -9.8e-14
3.679, -9.8e-14
3.68, -9.8e-14
3.681, -9.8e-14
3.682, -9.8e-14
3.683, -9.8e-14
3.684, -9.8e-14
3.685, -9.8e-14
3.686, -9.8e-14
3.687, -9.8e-14
3.688, -9.8e-14
3.689, -9.8e-14
3.69, -9.8e-14
3.691, -9.8e-14
3.692, -9.8e-14
3.693, -9.8e-14
3.694, -9.8e-14
3.695, -9.8e-14
3.696, -9.8e-14
3.697, -9.8e-14
3.698, -9.8e-14
3.699, -9.8e-14
3.7, -9.8e-14
3.701, -9.8e-14
3.702, -9.8e-14
3.703, -9.8e-14
3.704, -9.8e-14
3.705, -9.8e-14
3.706, -9.8e-14
3.707, -9.8e-14
3.708, -9.8e-14
3.709, -9.8e-14
3.71, -9.8e-14
3.711, -9.8e-14
3.712, -9.8e-14
3.713, -9.8e-14
3.714, -9.8e-14
3.715, -9.8e-14
3.716, -9.8e-14
3.717, -9.8e-14
3.718, -9.8e-14
3.719, -9.8e-14
3.72, -9.8e-14
3.721, -9.8e-14
3.722, -9.8e-14
3.723, -9.8e-14
3.724, -9.8e-14
3.725, -9.8e-14
3.726, -9.8e-14
3.727, -9.8e-14
3.728, -9.8e-14
3.729, -9.8e-14
3.73, -9.8e-14
3.731, -9.8e-14
3.732, -9.8e-14
3.733, -9.8e-14
3.734, -9.8e-14
3.735, -9.8e-14
3.736, -9.8e-14
3.737, -9.8e-14
3.738, -9.8e-14
3.739, -9.8e-14
3.74, -9.8e-14
3.741, -9.8e-14
3.742, -9.8e-14
3.743, -9.8e-14
3.744, -9.8e-14
3.745, -9.8e-14
3.746, -9.8e-14
3.747, -9.8e-14
3.748, -9.8e-14
3.749, -9.8e-14
3.75, -9.8e-14
3.751, -9.8e-14
3.752, -9.8e-14
3.753, -9.8e-14
3.754, -9.8e-14
3.755, -9.8e-14
3.756, -9.8e-14
3.757, -9.8e-14
3.758, -9.8e-14
3.759, -9.8e-14
3.76, -9.8e-14
3.761, -9.8e-14
3.762, -9.8e-14
3.763, -9.8e-14
3.764, -9.8e-14
3.765, -9.8e-14
3.766, -9.8e-14
3.767, -9.8e-14
3.768, -9.8e-14
3.769, -9.8e-14
3.77, -9.8e-14
3.771, -9.8e-14
3.772, -9.8e-14
3.773, -9.8e-14
3.774, -9.8e-14
3.775, -9.8e-14
3.776, -9.8e-14
3.777, -9.8e-14
3.778, -9.8e-14
3.779, -9.8e-14
3.78, -9.8e-14
3.781, -9.8e-14
3.782, -9.8e-14
3.783, -9.8e-14
3.784, -9.8e-14
3.785, -9.8e-14
3.786, -9.8e-14
3.787, -9.8e-14
3.788, -9.8e-14
3.789, -9.8e-14
3.79, -9.8e-14
3.791, -9.8e-14
3.792, -9.8e-14
3.793, -9.8e-14
3.794, -9.8e-14
3.795, -9.8e-14
3.796, -9.8e-14
3.797, -9.8e-14
3.798, -9.8e-14
3.799, -9.8e-14
3.8, -9.8e-14
3.801, -9.8e-14
3.802, -9.8e-14
3.803, -9.8e-14
3.804, -9.8e-14
3.805, -9.8e-14
3.806, -9.8e-14
3.807, -9.8e-14
3.808, -9.8e-14
3.809, -9.8e-14
3.81, -9.8e-14
3.811, -9.8e-14
3.812, -9.8e-14
3.813, -9.8e-14
3.814, -9.8e-14
3.815, -9.8e-14
3.816, -9.8e-14
3.817, -9.8e-14
3.818, -9.8e-14
3.819, -9.8e-14
3.82, -9.8e-14
3.821, -9.8e-14
3.822, -9.8e-14
3.823, -9.8e-14
3.824, -9.8e-14
3.825, -9.8e-14
3.826, -9.8e-14
3.827, -9.8e-14
3.828, -9.8e-14
3.829, -9.8e-14
3.83, -9.8e-14
3.831, -9.8e-14
3.832, -9.8e-14
3.833, -9.8e-14
3.834, -9.8e-14
3.835, -9.8e-14
3.836, -9.8e-14
3.837, -9.8e-14
3.838, -9.8e-14
3.839, -9.8e-14
3.84, -9.8e-14
3.841, -9.8e-14
3.842, -9.8e-14
3.843, -9.8e-14
3.844, -9.8e-14
3.845, -9.8e-14
3.846, -9.8e-14
3.847, -9.8e-14
3.848, -9.8e-14
3.849, -9.8e-14
3.85, -9.8e-14
3.851, -9.8e-14
3.852, -9.8e-14
3.853, -9.8e-14
3.854, -9.8e-14
3.855, -9.8e-14
3.856, -9.8e-14
3.857, -9.8e-14
3.858, -9.8e-14
3.859, -9.8e-14
3.86, -9.8e-14
3.861, -9.8e-14
3.862, -9.8e-14
3.863, -9.8e-14
3.864, -9.8e-14
3.865, -9.8e-14
3.866, -9.8e-14
3.867, -9.8e-14
3.868, -9.8e-14
3.869, -9.8e-14
3.87, -9.8e-14
3.871, -9.8e-14
3.872, -9.8e-14
3.873, -9.8e-14
3.874, -9.8e-14
3.875, -9.8e-14
3.876, -9.8e-14
3.877, -9.8e-14
3.878, -9.8e-14
3.879, -9.8e-14
3.88, -9.8e-14
3.881, -9.8e-14
3.882, -9.8e-14
3.883, -9.8e-14
3.884, -9.8e-14
3.885, -9.8e-14
3.886, -9.8e-14
3.887, -9.8e-14
3.888, -9.8e-14
3.889, -9.8e-14
3.89, -9.8e-14
3.891, -9.8e-14
3.892, -9.8e-14
3.893, -9.8e-14
3.894, -9.8e-14
3.895, -9.8e-14
3.896, -9.8e-14
3.897, -9.8e-14
3.898, -9.8e-14
3.899, -9.8e-14
3.9, -9.8e-14
3.901, -9.8e-14
3.902, -9.8e-14
3.903, -9.8e-14
3.904, -9.8e-14
3.905, -9.8e-14
3.906, -9.8e-14
3.907, -9.8e-14
3.908, -9.8e-14
3.909, -9.8e-14
3.91, -9.8e-14
3.911, -9.8e-14
3.912, -9.8e-14
3.913, -9.8e-14
3.914, -9.8e-14
3.915, -9.8e-14
3.916, -9.8e-14
3.917, -9.8e-14
3.918, -9.8e-14
3.919, -9.8e-14
3.92, -9.8e-14
3.921, -9.8e-14
3.922, -9.8e-14
3.923, -9.8e-14
3.924, -9.8e-14
3.925, -9.8e-14
3.926, -9.8e-14
3.927, -9.8e-14
3.928, -9.8e-14
3.929, -9.8e-14
3.93, -9.8e-14
3.931, -9.8e-14
3.932, -9.8e-14
3.933, -9.8e-14
3.934, -9.8e-14
3.935, -9.8e-14
3.936, -9.8e-14
3.937, -9.8e-14
3.938, -9.8e-14
3.939, -9.8e-14
3.94, -9.8e-14
3.941, -9.8e-14
3.942, -9.8e-14
3.943, -9.8e-14
3.944, -9.8e-14
3.945, -9.8e-14
3.946, -9.8e-14
3.947, -9.8e-14
3.948, -9.8e-14
3.949, -9.8e-14
3.95, -9.8e-14
3.951, -9.8e-14
3.952, -9.8e-14
3.953, -9.8e-14
3.954, -9.8e-14
3.955, -9.8e-14
3.956, -9.8e-14
3.957, -9.8e-14
3.958, -9.8e-14
3.959, -9.8e-14
3.96, -9.8e-14
3.961, -9.8e-14
3.962, -9.8e-14
3.963, -9.8e-14
3.964, -9.8e-14
3.965, -9.8e-14
3.966, -9.8e-14
3.967, -9.8e-14
3.968, -9.8e-14
3.969, -9.8e-14
3.97, -9.8e-14
3.971, -9.8e-14
3.972, -9.8e-14
3.973, -9.8e-14
3.974, -9.8e-14
3.975, -9.8e-14
3.976, -9.8e-14
3.977, -9.8e-14
3.978, -9.8e-14
3.979, -9.8e-14
3.98, -9.8e-14
3.981, -9.8e-14
3.982, -9.8e-14
3.983, -9.8e-14
3.984, -9.8e-14
3.985, -9.8e-14
3.986, -9.8e-14
3.987, -9.8e-14
3.988, -9.8e-14
3.989, -9.8e-14
3.99, -9.8e-14
3.991, -9.8e-14
3.992, -9.8e-14
3.993, -9.8e-14
3.994, -9.8e-14
3.995, -9.8e-14
3.996, -9.8e-14
3.997, -9.8e-14
3.998, -9.8e-14
3.999, -9.8e-14
4, -9.8e-14
4.001, -9.8e-14
4.002, -9.8e-14
4.003, -9.8e-14
4.004, -9.8e-14
4.005, -9.8e-14
4.006, -9.8e-14
4.007, -9.8e-14
4.008, -9.8e-14
4.009, -9.8e-14
4.01, -9.8e-14
4.011, -9.8e-14
4.012, -9.8e-14
4.013, -9.8e-14
4.014, -9.8e-14
4.015, -9.8e-14
4.016, -9.8e-14
4.017, -9.8e-14
4.018, -9.8e-14
4.019, -9.8e-14
4.02, -9.8e-14
4.021, -9.8e-14
4.022, -9.8e-14
4.023, -9.8e-14
4.024, -9.8e-14
4.025, -9.8e-14
4.026, -9.8e-14
4.027, -9.8e-14
4.028, -9.8e-14
4.029, -9.8e-14
4.03, -9.8e-14
4.031, -9.8e-14
4.032, -9.8e-14
4.033, -9.8e-14
4.034, -9.8e-14
4.035, -9.8e-14
4.036, -9.8e-14
4.037, -9.8e-14
4.038, -9.8e-14
4.039, -9.8e-14
4.04, -9.8e-14
4.041, -9.8e-14
4.042, -9.8e-14
4.043, -9.8e-14
4.044, -9.8e-14
4.045, -9.8e-14
4.046, -9.8e-14
4.047, -9.8e-14
4.048, -9.8e-14
4.049, -9.8e-14
4.05, -9.8e-14
4.051, -9.8e-14
4.052, -9.8e-14
4.053, -9.8e-14
4.054, -9.8e-14
4.055, -9.8e-14
4.056, -9.8e-14
4.057, -9.8e-14
4.058, -9.8e-14
4.059, -9.8e-14
4.06, -9.8e-14
4.061, -9.8e-14
4.062, -9.8e-14
4.063, -9.8e-14
4.064, -9.8e-14
4.065, -9.8e-14
4.066, -9.8e-14
4.067, -9.8e-14
4.068, -9.8e-14
4.069, -9.8e-14
4.07, -9.8e-14
4.071, -9.8e-14
4.072, -9.8e-14
4.073, -9.8e-14
4.074, -9.8e-14
4.075, -9.8e-14
4.076, -9.8e-14
4.077, -9.8e-14
4.078, -9.8e-14
4.079, -9.8e-14
4.08, -9.8e-14
4.081, -9.8e-14
4.082, -9.8e-14
4.083, -9.8e-14
4.084, -9.8e-14
4.085, -9.8e-14
4.086, -9.8e-14
4.087, -9.8e-14
4.088, -9.8e-14
4.089, -9.8e-14
4.09, -9.8e-14
4.091, -9.8e-14
4.092, -9.8e-14
4.093, -9.8e-14
4.094, -9.8e-14
4.095, -9.8e-14
4.096, -9.8e-14
4.097, -9.8e-14
4.098, -9.8e-14
4.099, -9.8e-14
4.1, -9.8e-14
4.101, -9.8e-14
4.102, -9.8e-14
4.103, -9.8e-14
4.104, -9.8e-14
4.105, -9.8e-14
4.106, -9.8e-14
4.107, -9.8e-14
4.108, -9.8e-14
4.109, -9.8e-14
4.11, -9.8e-14
4.111, -9.8e-14
4.112, -9.8e-14
4.113, -9.8e-14
4.114, -9.8e-14
4.115, -9.8e-14
4.116, -9.8e-14
4.117, -9.8e-14
4.118, -9.8e-14
4.119, -9.8e-14
4.12, -9.8e-14
4.121, -9.8e-14
4.122, -9.8e-14
4.123, -9.8e-14
4.124, -9.8e-14
4.125, -9.8e-14
4.126, -9.8e-14
4.127, -9.8e-14
4.128, -9.8e-14
4.129, -9.8e-14
4.13, -9.8e-14
4.131, -9.8e-14
4.132, -9.8e-14
4.133, -9.8e-14
4.134, -9.8e-14
4.135, -9.8e-14
4.136, -9.8e-14
4.137, -9.8e-14
4.138, -9.8e-14
4.139, -9.8e-14
4.14, -9.8e-14
4.141, -9.8e-14
4.142, -9.8e-14
4.143, -9.8e-14
4.144, -9.8e-14
4.145, -9.8e-14
4.146, -9.8e-14
4.147, -9.8e-14
4.148, -9.8e-14
4.149, -9.8e-14
4.15, -9.8e-14
4.151, -9.8e-14
4.152, -9.8e-14
4.153, -9.8e-14
4.154, -9.8e-14
4.155, -9.8e-14
4.156, -9.8e-14
4.157, -9.8e-14
4.158, -9.8e-14
4.159, -9.8e-14
4.16, -9.8e-14
4.161, -9.8e-14
4.162, -9.8e-14
4.163, -9.8e-14
4.164, -9.8e-14
4.165, -9.8e-14
4.166, -9.8e-14
4.167, -9.8e-14
4.168, -9.8e-14
4.169, -9.8e-14
4.17, -9.8e-14
4.171, -9.8e-14
4.172, -9.8e-14
4.173, -9.8e-14
4.174, -9.8e-14
4.175, -9.8e-14
4.176, -9.8e-14
4.177, -9.8e-14
4.178, -9.8e-14
4.179, -9.8e-14
4.18, -9.8e-14
4.181, -9.8e-14
4.182, -9.8e-14
4.183, -9.8e-14
4.184, -9.8e-14
4.185, -9.8e-14
4.186, -9.8e-14
4.187, -9.8e-14
4.188, -9.8e-14
4.189, -9.8e-14
4.19, -9.8e-14
4.191, -9.8e-14
4.192, -9.8e-14
4.193, -9.8e-14
4.194, -9.8e-14
4.195, -9.8e-14
4.196, -9.8e-14
4.197, -9.8e-14
4.198, -9.8e-14
4.199, -9.8e-14
4.2, -9.8e-14
4.201, -9.8e-14
4.202, -9.8e-14
4.203, -9.8e-14
4.204, -9.8e-14
4.205, -9.8e-14
4.206, -9.8e-14
4.207, -9.8e-14
4.208, -9.8e-14
4.209, -9.8e-14
4.21, -9.8e-14
4.211, -9.8e-14
4.212, -9.8e-14
4.213, -9.8e-14
4.214, -9.8e-14
4.215, -9.8e-14
4.216, -9.8e-14
4.217, -9.8e-14
4.218, -9.8e-14
4.219, -9.8e-14
4.22, -9.8e-14
4.221, -9.8e-14
4.222, -9.8e-14
4.223, -9.8e-14
4.224, -9.8e-14
4.225, -9.8e-14
4.226, -9.8e-14
4.227, -9.8e-14
4.228, -9.8e-14
4.229, -9.8e-14
4.23, -9.8e-14
4.231, -9.8e-14
4.232, -9.8e-14
4.233, -9.8e-14
4.234, -9.8e-14
4.235, -9.8e-14
4.236, -9.8e-14
4.237, -9.8e-14
4.238, -9.8e-14
4.239, -9.8e-14
4.24, -9.8e-14
4.241, -9.8e-14
4.242, -9.8e-14
4.243, -9.8e-14
4.244, -9.8e-14
4.245, -9.8e-14
4.246, -9.8e-14
4.247, -9.8e-14
4.248, -9.8e-14
4.249, -9.8e-14
4.25, -9.8e-14
4.251, -9.8e-14
4.252, -9.8e-14
4.253, -9.8e-14
4.254, -9.8e-14
4.255, -9.8e-14
4.256, -9.8e-14
4.257, -9.8e-14
4.258, -9.8e-14
4.259, -9.8e-14
4.26, -9.8e-14
4.261, -9.8e-14
4.262, -9.8e-14
4.263, -9.8e-14
4.264, -9.8e-14
4.265, -9.8e-14
4.266, -9.8e-14
4.267, -9.8e-14
4.268, -9.8e-14
4.269, -9.8e-14
4.27, -9.8e-14
4.271, -9.8e-14
4.272, -9.8e-14
4.273, -9.8e-14
4.274, -9.8e-14
4.275, -9.8e-14
4.276, -9.8e-14
4.277, -9.8e-14
4.278, -9.8e-14
4.279, -9.8e-14
4.28, -9.8e-14
4.281, -9.8e-14
4.282, -9.8e-14
4.283, -9.8e-14
4.284, -9.8e-14
4.285, -9.8e-14
4.286, -9.8e-14
4.287, -9.8e-14
4.288, -9.8e-14
4.289, -9.8e-14
4.29, -9.8e-14
4.291, -9.8e-14
4.292, -9.8e-14
4.293, -9.8e-14
4.294, -9.8e-14
4.295, -9.8e-14
4.296, -9.8e-14
4.297, -9.8e-14
4.298, -9.8e-14
4.299, -9.8e-14
4.3, -9.8e-14
4.301, -9.8e-14
4.302, -9.8e-14
4.303, -9.8e-14
4.304, -9.8e-14
4.305, -9.8e-14
4.306, -9.8e-14
4.307, -9.8e-14
4.308, -9.8e-14
4.309, -9.8e-14
4.31, -9.8e-14
4.311, -9.8e-14
4.312, -9.8e-14
4.313, -9.8e-14
4.314, -9.8e-14
4.315, -9.8e-14
4.316, -9.8e-14
4.317, -9.8e-14
4.318, -9.8e-14
4.319, -9.8e-14
4.32, -9.8e-14
4.321, -9.8e-14
4.322, -9.8e-14
4.323, -9.8e-14
4.324, -9.8e-14
4.325, -9.8e-14
4.326, -9.8e-14
4.327, -9.8e-14
4.328, -9.8e-14
4.329, -9.8e-14
4.33, -9.8e-14
4.331, -9.8e-14
4.332, -9.8e-14
4.333, -9.8e-14
4.334, -9.8e-14
4.335, -9.8e-14
4.336, -9.8e-14
4.337, -9.8e-14
4.338, -9.8e-14
4.339, -9.8e-14
4.34, -9.8e-14
4.341, -9.8e-14
