sim_time, unit_box_Custom?world_angular_velocity/z
0.001, 1.0525e-18
0.002, 4.29642e-19
0.003, 4.29144e-19
0.004, 4.29513e-19
0.005, 4.29323e-19
0.006, 4.29411e-19
0.007, 4.29488e-19
0.008, 4.29495e-19
0.009, 4.29693e-19
0.01, 4.29287e-19
0.011, 4.29437e-19
0.012, 4.29818e-19
0.013, 4.29636e-19
0.014, 4.29381e-19
0.015, 4.29325e-19
0.016, 4.29587e-19
0.017, 4.29374e-19
0.018, 4.29453e-19
0.019, 4.29301e-19
0.02, 4.29541e-19
0.021, 4.29499e-19
0.022, 4.29653e-19
0.023, 4.29852e-19
0.024, 4.29257e-19
0.025, 4.29195e-19
0.026, 4.29115e-19
0.027, 4.29384e-19
0.028, 4.29344e-19
0.029, 4.29379e-19
0.03, 4.29717e-19
0.031, 4.29559e-19
0.032, 4.29493e-19
0.033, 4.29484e-19
0.034, 4.29212e-19
0.035, 4.29464e-19
0.036, 4.29175e-19
0.037, 4.29665e-19
0.038, 4.29343e-19
0.039, 4.29523e-19
0.04, 4.29164e-19
0.041, 4.29205e-19
0.042, 4.29477e-19
0.043, 4.29332e-19
0.044, 4.29252e-19
0.045, 4.29575e-19
0.046, 4.29052e-19
0.047, 4.29494e-19
0.048, 4.29526e-19
0.049, 4.29116e-19
0.05, 4.296e-19
0.051, 4.29704e-19
0.052, 4.2945e-19
0.053, 4.298e-19
0.054, 4.29354e-19
0.055, 4.29346e-19
0.056, 4.29355e-19
0.057, 4.29365e-19
0.058, 4.29283e-19
0.059, 4.2933e-19
0.06, 4.29524e-19
0.061, 4.29337e-19
0.062, 4.29603e-19
0.063, 4.29685e-19
0.064, 4.29509e-19
0.065, 4.29203e-19
0.066, 4.2932e-19
0.067, 4.29731e-19
0.068, 4.2965e-19
0.069, 4.29466e-19
0.07, 4.29528e-19
0.071, 4.29505e-19
0.072, 4.29346e-19
0.073, 4.2937e-19
0.074, 4.29268e-19
0.075, 4.29521e-19
0.076, 4.2939e-19
0.077, 4.2956e-19
0.078, 4.28998e-19
0.079, 4.28918e-19
0.08, 4.29268e-19
0.081, 4.29338e-19
0.082, 4.29485e-19
0.083, 4.29634e-19
0.084, 4.29472e-19
0.085, 4.29321e-19
0.086, 4.295e-19
0.087, 4.29542e-19
0.088, 4.29561e-19
0.089, 4.28972e-19
0.09, 4.29286e-19
0.091, 4.29199e-19
0.092, 4.2919e-19
0.093, 4.29352e-19
0.094, 4.29328e-19
0.095, 4.29523e-19
0.096, 4.29102e-19
0.097, 4.29414e-19
0.098, 4.29422e-19
0.099, 4.29369e-19
0.1, 4.2954e-19
0.101, 4.29429e-19
0.102, 4.29564e-19
0.103, 4.29336e-19
0.104, 4.29452e-19
0.105, 4.29476e-19
0.106, 4.29541e-19
0.107, 4.29334e-19
0.108, 4.29545e-19
0.109, 4.29421e-19
0.11, 4.29235e-19
0.111, 4.29541e-19
0.112, 4.29427e-19
0.113, 4.29364e-19
0.114, 4.29446e-19
0.115, 4.2955e-19
0.116, 4.29785e-19
0.117, 4.29541e-19
0.118, 4.29717e-19
0.119, 4.29492e-19
0.12, 4.29632e-19
0.121, 4.29642e-19
0.122, 4.29426e-19
0.123, 4.29519e-19
0.124, 4.2954e-19
0.125, 4.29649e-19
0.126, 4.29665e-19
0.127, 4.29546e-19
0.128, 4.29553e-19
0.129, 4.29317e-19
0.13, 4.29717e-19
0.131, 4.29323e-19
0.132, 4.29634e-19
0.133, 4.29676e-19
0.134, 4.29434e-19
0.135, 4.29484e-19
0.136, 4.29546e-19
0.137, 4.29141e-19
0.138, 4.29223e-19
0.139, 4.29292e-19
0.14, 4.29392e-19
0.141, 4.2932e-19
0.142, 4.2972e-19
0.143, 4.29229e-19
0.144, 4.29659e-19
0.145, 4.29768e-19
0.146, 4.29765e-19
0.147, 4.29222e-19
0.148, 4.29476e-19
0.149, 4.29541e-19
0.15, 4.29485e-19
0.151, 4.29392e-19
0.152, 4.29548e-19
0.153, 4.29656e-19
0.154, 4.29509e-19
0.155, 4.29512e-19
0.156, 4.29435e-19
0.157, 4.29421e-19
0.158, 4.2961e-19
0.159, 4.29208e-19
0.16, 4.2932e-19
0.161, 4.2925e-19
0.162, 4.29349e-19
0.163, 4.29559e-19
0.164, 4.29504e-19
0.165, 4.29561e-19
0.166, 4.29519e-19
0.167, 4.29595e-19
0.168, 4.29478e-19
0.169, 4.29418e-19
0.17, 4.2944e-19
0.171, 4.29564e-19
0.172, 4.29297e-19
0.173, 4.29538e-19
0.174, 4.2932e-19
0.175, 4.29518e-19
0.176, 4.29354e-19
0.177, 4.29384e-19
0.178, 4.29041e-19
0.179, 4.29052e-19
0.18, 4.29535e-19
0.181, 4.29551e-19
0.182, 4.29263e-19
0.183, 4.295e-19
0.184, 4.29334e-19
0.185, 4.29186e-19
0.186, 4.2921e-19
0.187, 4.2948e-19
0.188, 4.29381e-19
0.189, 4.29373e-19
0.19, 4.29587e-19
0.191, 4.29459e-19
0.192, 4.29555e-19
0.193, 4.2957e-19
0.194, 4.29509e-19
0.195, 4.295e-19
0.196, 4.29437e-19
0.197, 4.2927e-19
0.198, 4.29191e-19
0.199, 4.29485e-19
0.2, 4.29317e-19
0.201, 4.29379e-19
0.202, 4.29334e-19
0.203, 4.29573e-19
0.204, 4.29504e-19
0.205, 4.29422e-19
0.206, 4.2973e-19
0.207, 4.29286e-19
0.208, 4.29217e-19
0.209, 4.29427e-19
0.21, 4.29503e-19
0.211, 4.29529e-19
0.212, 4.29717e-19
0.213, 4.2924e-19
0.214, 4.29453e-19
0.215, 4.29167e-19
0.216, 4.29582e-19
0.217, 4.29155e-19
0.218, 4.2968e-19
0.219, 4.29546e-19
0.22, 4.29301e-19
0.221, 4.29311e-19
0.222, 4.29592e-19
0.223, 4.29541e-19
0.224, 4.29595e-19
0.225, 4.29621e-19
0.226, 4.2977e-19
0.227, 4.29505e-19
0.228, 4.29422e-19
0.229, 4.2932e-19
0.23, 4.29361e-19
0.231, 4.29628e-19
0.232, 4.29556e-19
0.233, 4.2954e-19
0.234, 4.29519e-19
0.235, 4.29715e-19
0.236, 4.2936e-19
0.237, 4.29883e-19
0.238, 4.29682e-19
0.239, 4.29632e-19
0.24, 4.29347e-19
0.241, 4.29537e-19
0.242, 4.29479e-19
0.243, 4.29526e-19
0.244, 4.29449e-19
0.245, 4.2956e-19
0.246, 4.29348e-19
0.247, 4.29554e-19
0.248, 4.29512e-19
0.249, 4.29632e-19
0.25, 4.29208e-19
0.251, 4.29452e-19
0.252, 4.29175e-19
0.253, 4.29401e-19
0.254, 4.2955e-19
0.255, 4.29401e-19
0.256, 4.29508e-19
0.257, 4.29088e-19
0.258, 4.29504e-19
0.259, 4.29413e-19
0.26, 4.29564e-19
0.261, 4.29222e-19
0.262, 4.2915e-19
0.263, 4.29564e-19
0.264, 4.29248e-19
0.265, 4.29568e-19
0.266, 4.29434e-19
0.267, 4.29228e-19
0.268, 4.29484e-19
0.269, 4.29518e-19
0.27, 4.29509e-19
0.271, 4.29654e-19
0.272, 4.29632e-19
0.273, 4.29545e-19
0.274, 4.2948e-19
0.275, 4.2927e-19
0.276, 4.2972e-19
0.277, 4.29394e-19
0.278, 4.29489e-19
0.279, 4.29595e-19
0.28, 4.2932e-19
0.281, 4.29354e-19
0.282, 4.29494e-19
0.283, 4.29518e-19
0.284, 4.29518e-19
0.285, 4.2944e-19
0.286, 4.29403e-19
0.287, 4.29528e-19
0.288, 4.29561e-19
0.289, 4.29387e-19
0.29, 4.29158e-19
0.291, 4.29478e-19
0.292, 4.29293e-19
0.293, 4.29477e-19
0.294, 4.2917e-19
0.295, 4.29512e-19
0.296, 4.29529e-19
0.297, 4.29674e-19
0.298, 4.2932e-19
0.299, 4.29324e-19
0.3, 4.29558e-19
0.301, 4.29519e-19
0.302, 4.297e-19
0.303, 4.29186e-19
0.304, 4.29121e-19
0.305, 4.29564e-19
0.306, 4.29354e-19
0.307, 4.29052e-19
0.308, 4.29557e-19
0.309, 4.2932e-19
0.31, 4.29561e-19
0.311, 4.29632e-19
0.312, 4.29401e-19
0.313, 4.29575e-19
0.314, 4.29427e-19
0.315, 4.29348e-19
0.316, 4.29656e-19
0.317, 4.29822e-19
0.318, 4.29427e-19
0.319, 4.29282e-19
0.32, 4.29408e-19
0.321, 4.29437e-19
0.322, 4.29287e-19
0.323, 4.29473e-19
0.324, 4.29392e-19
0.325, 4.2932e-19
0.326, 4.2959e-19
0.327, 4.29619e-19
0.328, 4.29212e-19
0.329, 4.29381e-19
0.33, 4.2926e-19
0.331, 4.28991e-19
0.332, 4.29379e-19
0.333, 4.29553e-19
0.334, 4.29182e-19
0.335, 4.29548e-19
0.336, 4.2932e-19
0.337, 4.29532e-19
0.338, 4.29268e-19
0.339, 4.29043e-19
0.34, 4.29422e-19
0.341, 4.29659e-19
0.342, 4.29271e-19
0.343, 4.29439e-19
0.344, 4.29473e-19
0.345, 4.29584e-19
0.346, 4.29399e-19
0.347, 4.29529e-19
0.348, 4.29518e-19
0.349, 4.29464e-19
0.35, 4.29354e-19
0.351, 4.29439e-19
0.352, 4.29524e-19
0.353, 4.29204e-19
0.354, 4.29659e-19
0.355, 4.29265e-19
0.356, 4.29369e-19
0.357, 4.29387e-19
0.358, 4.2954e-19
0.359, 4.29497e-19
0.36, 4.29532e-19
0.361, 4.29566e-19
0.362, 4.29483e-19
0.363, 4.29422e-19
0.364, 4.29471e-19
0.365, 4.29497e-19
0.366, 4.29575e-19
0.367, 4.29668e-19
0.368, 4.29618e-19
0.369, 4.29518e-19
0.37, 4.29615e-19
0.371, 4.29209e-19
0.372, 4.28871e-19
0.373, 4.2927e-19
0.374, 4.28871e-19
0.375, 4.29661e-19
0.376, 4.29669e-19
0.377, 4.29559e-19
0.378, 4.29717e-19
0.379, 4.29427e-19
0.38, 4.29112e-19
0.381, 4.29488e-19
0.382, 4.29232e-19
0.383, 4.29122e-19
0.384, 4.29209e-19
0.385, 4.29736e-19
0.386, 4.2932e-19
0.387, 4.29401e-19
0.388, 4.2939e-19
0.389, 4.29312e-19
0.39, 4.29567e-19
0.391, 4.29625e-19
0.392, 4.29542e-19
0.393, 4.29132e-19
0.394, 4.29649e-19
0.395, 4.29389e-19
0.396, 4.29314e-19
0.397, 4.29167e-19
0.398, 4.29515e-19
0.399, 4.29553e-19
0.4, 4.29116e-19
0.401, 4.29523e-19
0.402, 4.29472e-19
0.403, 4.2939e-19
0.404, 4.29464e-19
0.405, 4.29519e-19
0.406, 4.29565e-19
0.407, 4.29827e-19
0.408, 4.29359e-19
0.409, 4.29575e-19
0.41, 4.2956e-19
0.411, 4.29245e-19
0.412, 4.29649e-19
0.413, 4.29675e-19
0.414, 4.29455e-19
0.415, 4.29577e-19
0.416, 4.29321e-19
0.417, 4.2927e-19
0.418, 4.29581e-19
0.419, 4.29594e-19
0.42, 4.29439e-19
0.421, 4.29529e-19
0.422, 4.2948e-19
0.423, 4.29531e-19
0.424, 4.2972e-19
0.425, 4.29303e-19
0.426, 4.2949e-19
0.427, 4.29651e-19
0.428, 4.29477e-19
0.429, 4.29355e-19
0.43, 4.29284e-19
0.431, 4.29538e-19
0.432, 4.2901e-19
0.433, 4.29624e-19
0.434, 4.29192e-19
0.435, 4.29523e-19
0.436, 4.29541e-19
0.437, 4.29105e-19
0.438, 4.29399e-19
0.439, 4.29334e-19
0.44, 4.29356e-19
0.441, 4.29307e-19
0.442, 4.29421e-19
0.443, 4.29575e-19
0.444, 4.29659e-19
0.445, 4.29618e-19
0.446, 4.29883e-19
0.447, 4.29123e-19
0.448, 4.29321e-19
0.449, 4.29509e-19
0.45, 4.29549e-19
0.451, 4.29332e-19
0.452, 4.29375e-19
0.453, 4.2936e-19
0.454, 4.29101e-19
0.455, 4.2936e-19
0.456, 4.29561e-19
0.457, 4.29564e-19
0.458, 4.29484e-19
0.459, 4.29518e-19
0.46, 4.29518e-19
0.461, 4.29354e-19
0.462, 4.29199e-19
0.463, 4.29363e-19
0.464, 4.29278e-19
0.465, 4.29676e-19
0.466, 4.29403e-19
0.467, 4.29545e-19
0.468, 4.29272e-19
0.469, 4.29393e-19
0.47, 4.2931e-19
0.471, 4.29695e-19
0.472, 4.29563e-19
0.473, 4.29369e-19
0.474, 4.29445e-19
0.475, 4.29531e-19
0.476, 4.29483e-19
0.477, 4.2936e-19
0.478, 4.29422e-19
0.479, 4.2917e-19
0.48, 4.2936e-19
0.481, 4.29573e-19
0.482, 4.29235e-19
0.483, 4.29497e-19
0.484, 4.2901e-19
0.485, 4.29343e-19
0.486, 4.29246e-19
0.487, 4.2916e-19
0.488, 4.2974e-19
0.489, 4.29561e-19
0.49, 4.29538e-19
0.491, 4.29302e-19
0.492, 4.29499e-19
0.493, 4.29492e-19
0.494, 4.29337e-19
0.495, 4.29329e-19
0.496, 4.29298e-19
0.497, 4.29229e-19
0.498, 4.29278e-19
0.499, 4.29523e-19
0.5, 4.2936e-19
0.501, 4.29405e-19
0.502, 4.29529e-19
0.503, 4.29297e-19
0.504, 4.29534e-19
0.505, 4.2927e-19
0.506, 4.2927e-19
0.507, 4.29653e-19
0.508, 4.29382e-19
0.509, 4.29582e-19
0.51, 4.29725e-19
0.511, 4.29302e-19
0.512, 4.29421e-19
0.513, 4.29303e-19
0.514, 4.29037e-19
0.515, 4.29622e-19
0.516, 4.29718e-19
0.517, 4.29475e-19
0.518, 4.29248e-19
0.519, 4.29446e-19
0.52, 4.29426e-19
0.521, 4.29707e-19
0.522, 4.29549e-19
0.523, 4.29693e-19
0.524, 4.29416e-19
0.525, 4.29261e-19
0.526, 4.29568e-19
0.527, 4.29492e-19
0.528, 4.29464e-19
0.529, 4.28968e-19
0.53, 4.29333e-19
0.531, 4.29457e-19
0.532, 4.29461e-19
0.533, 4.29397e-19
0.534, 4.29302e-19
0.535, 4.29465e-19
0.536, 4.29449e-19
0.537, 4.29175e-19
0.538, 4.29793e-19
0.539, 4.29404e-19
0.54, 4.2942e-19
0.541, 4.29448e-19
0.542, 4.29534e-19
0.543, 4.28923e-19
0.544, 4.29377e-19
0.545, 4.29659e-19
0.546, 4.29423e-19
0.547, 4.29594e-19
0.548, 4.2931e-19
0.549, 4.29747e-19
0.55, 4.29397e-19
0.551, 4.29615e-19
0.552, 4.29818e-19
0.553, 4.29291e-19
0.554, 4.29317e-19
0.555, 4.29618e-19
0.556, 4.28871e-19
0.557, 4.29464e-19
0.558, 4.29551e-19
0.559, 4.29135e-19
0.56, 4.29711e-19
0.561, 4.29605e-19
0.562, 4.29524e-19
0.563, 4.29532e-19
0.564, 4.29655e-19
0.565, 4.29791e-19
0.566, 4.29587e-19
0.567, 4.29692e-19
0.568, 4.29445e-19
0.569, 4.29257e-19
0.57, 4.29302e-19
0.571, 4.29725e-19
0.572, 4.2966e-19
0.573, 4.29521e-19
0.574, 4.29423e-19
0.575, 4.2941e-19
0.576, 4.29676e-19
0.577, 4.29881e-19
0.578, 4.29616e-19
0.579, 4.29452e-19
0.58, 4.29333e-19
0.581, 4.29052e-19
0.582, 4.2949e-19
0.583, 4.29684e-19
0.584, 4.29538e-19
0.585, 4.29395e-19
0.586, 4.29434e-19
0.587, 4.29512e-19
0.588, 4.29538e-19
0.589, 4.29514e-19
0.59, 4.29717e-19
0.591, 4.29397e-19
0.592, 4.29308e-19
0.593, 4.29175e-19
0.594, 4.29345e-19
0.595, 4.29496e-19
0.596, 4.29349e-19
0.597, 4.2955e-19
0.598, 4.29369e-19
0.599, 4.29226e-19
0.6, 4.29393e-19
0.601, 4.29321e-19
0.602, 4.2936e-19
0.603, 4.29285e-19
0.604, 4.29485e-19
0.605, 4.29258e-19
0.606, 4.29356e-19
0.607, 4.29852e-19
0.608, 4.29201e-19
0.609, 4.29462e-19
0.61, 4.29265e-19
0.611, 4.29475e-19
0.612, 4.29084e-19
0.613, 4.29421e-19
0.614, 4.29561e-19
0.615, 4.29464e-19
0.616, 4.29397e-19
0.617, 4.29589e-19
0.618, 4.29321e-19
0.619, 4.29519e-19
0.62, 4.29703e-19
0.621, 4.29782e-19
0.622, 4.29217e-19
0.623, 4.29742e-19
0.624, 4.29402e-19
0.625, 4.2927e-19
0.626, 4.29364e-19
0.627, 4.29492e-19
0.628, 4.29905e-19
0.629, 4.29498e-19
0.63, 4.29223e-19
0.631, 4.29631e-19
0.632, 4.29541e-19
0.633, 4.29684e-19
0.634, 4.29599e-19
0.635, 4.29565e-19
0.636, 4.29346e-19
0.637, 4.29622e-19
0.638, 4.29155e-19
0.639, 4.29165e-19
0.64, 4.29475e-19
0.641, 4.29717e-19
0.642, 4.2938e-19
0.643, 4.29051e-19
0.644, 4.29269e-19
0.645, 4.29242e-19
0.646, 4.29136e-19
0.647, 4.29659e-19
0.648, 4.29571e-19
0.649, 4.29311e-19
0.65, 4.29358e-19
0.651, 4.29231e-19
0.652, 4.29358e-19
0.653, 4.29347e-19
0.654, 4.29257e-19
0.655, 4.29467e-19
0.656, 4.29487e-19
0.657, 4.29693e-19
0.658, 4.29272e-19
0.659, 4.29852e-19
0.66, 4.29348e-19
0.661, 4.29495e-19
0.662, 4.29378e-19
0.663, 4.29286e-19
0.664, 4.29476e-19
0.665, 4.29193e-19
0.666, 4.29532e-19
0.667, 4.29236e-19
0.668, 4.29426e-19
0.669, 4.29346e-19
0.67, 4.29546e-19
0.671, 4.29486e-19
0.672, 4.295e-19
0.673, 4.29658e-19
0.674, 4.29478e-19
0.675, 4.29422e-19
0.676, 4.29676e-19
0.677, 4.29203e-19
0.678, 4.29136e-19
0.679, 4.29412e-19
0.68, 4.29175e-19
0.681, 4.29217e-19
0.682, 4.2955e-19
0.683, 4.28871e-19
0.684, 4.29581e-19
0.685, 4.29357e-19
0.686, 4.29422e-19
0.687, 4.29589e-19
0.688, 4.29581e-19
0.689, 4.29518e-19
0.69, 4.29386e-19
0.691, 4.2936e-19
0.692, 4.29427e-19
0.693, 4.29595e-19
0.694, 4.2932e-19
0.695, 4.29752e-19
0.696, 4.29243e-19
0.697, 4.29692e-19
0.698, 4.29721e-19
0.699, 4.29535e-19
0.7, 4.29332e-19
0.701, 4.2969e-19
0.702, 4.29255e-19
0.703, 4.29343e-19
0.704, 4.29428e-19
0.705, 4.29253e-19
0.706, 4.29165e-19
0.707, 4.29892e-19
0.708, 4.29475e-19
0.709, 4.29346e-19
0.71, 4.29354e-19
0.711, 4.29439e-19
0.712, 4.29502e-19
0.713, 4.29393e-19
0.714, 4.29687e-19
0.715, 4.29519e-19
0.716, 4.29776e-19
0.717, 4.29492e-19
0.718, 4.29801e-19
0.719, 4.29291e-19
0.72, 4.29575e-19
0.721, 4.29942e-19
0.722, 4.29589e-19
0.723, 4.2932e-19
0.724, 4.29377e-19
0.725, 4.29497e-19
0.726, 4.2937e-19
0.727, 4.29268e-19
0.728, 4.29302e-19
0.729, 4.29467e-19
0.73, 4.29552e-19
0.731, 4.29631e-19
0.732, 4.29573e-19
0.733, 4.29736e-19
0.734, 4.29541e-19
0.735, 4.29659e-19
0.736, 4.29376e-19
0.737, 4.29449e-19
0.738, 4.29499e-19
0.739, 4.29535e-19
0.74, 4.29354e-19
0.741, 4.29711e-19
0.742, 4.29146e-19
0.743, 4.29232e-19
0.744, 4.29473e-19
0.745, 4.29584e-19
0.746, 4.2924e-19
0.747, 4.29596e-19
0.748, 4.2931e-19
0.749, 4.29292e-19
0.75, 4.29346e-19
0.751, 4.2949e-19
0.752, 4.29248e-19
0.753, 4.29444e-19
0.754, 4.29484e-19
0.755, 4.29261e-19
0.756, 4.2931e-19
0.757, 4.29497e-19
0.758, 4.29552e-19
0.759, 4.29916e-19
0.76, 4.29367e-19
0.761, 4.29561e-19
0.762, 4.29575e-19
0.763, 4.29173e-19
0.764, 4.29634e-19
0.765, 4.29364e-19
0.766, 4.29715e-19
0.767, 4.29193e-19
0.768, 4.29415e-19
0.769, 4.29253e-19
0.77, 4.29489e-19
0.771, 4.29736e-19
0.772, 4.29651e-19
0.773, 4.29599e-19
0.774, 4.29417e-19
0.775, 4.29081e-19
0.776, 4.29475e-19
0.777, 4.29165e-19
0.778, 4.29655e-19
0.779, 4.2926e-19
0.78, 4.29576e-19
0.781, 4.29696e-19
0.782, 4.29486e-19
0.783, 4.29561e-19
0.784, 4.29415e-19
0.785, 4.29949e-19
0.786, 4.29681e-19
0.787, 4.29439e-19
0.788, 4.2895e-19
0.789, 4.29363e-19
0.79, 4.29589e-19
0.791, 4.2951e-19
0.792, 4.29447e-19
0.793, 4.29349e-19
0.794, 4.29771e-19
0.795, 4.29275e-19
0.796, 4.29484e-19
0.797, 4.29257e-19
0.798, 4.29253e-19
0.799, 4.29306e-19
0.8, 4.29454e-19
0.801, 4.29415e-19
0.802, 4.29415e-19
0.803, 4.29519e-19
0.804, 4.29567e-19
0.805, 4.29485e-19
0.806, 4.29422e-19
0.807, 4.295e-19
0.808, 4.29603e-19
0.809, 4.29433e-19
0.81, 4.29308e-19
0.811, 4.29492e-19
0.812, 4.29187e-19
0.813, 4.2969e-19
0.814, 4.29632e-19
0.815, 4.29526e-19
0.816, 4.29336e-19
0.817, 4.2956e-19
0.818, 4.29696e-19
0.819, 4.2929e-19
0.82, 4.29257e-19
0.821, 4.29676e-19
0.822, 4.29587e-19
0.823, 4.29272e-19
0.824, 4.2936e-19
0.825, 4.29427e-19
0.826, 4.29214e-19
0.827, 4.29477e-19
0.828, 4.29494e-19
0.829, 4.29568e-19
0.83, 4.29626e-19
0.831, 4.29605e-19
0.832, 4.29619e-19
0.833, 4.29447e-19
0.834, 4.29717e-19
0.835, 4.29558e-19
0.836, 4.29488e-19
0.837, 4.29433e-19
0.838, 4.29332e-19
0.839, 4.29349e-19
0.84, 4.29218e-19
0.841, 4.29165e-19
0.842, 4.29513e-19
0.843, 4.2954e-19
0.844, 4.29573e-19
0.845, 4.29486e-19
0.846, 4.29358e-19
0.847, 4.29495e-19
0.848, 4.294e-19
0.849, 4.29342e-19
0.85, 4.29418e-19
0.851, 4.29664e-19
0.852, 4.2927e-19
0.853, 4.29427e-19
0.854, 4.2949e-19
0.855, 4.2966e-19
0.856, 4.2966e-19
0.857, 4.29605e-19
0.858, 4.29479e-19
0.859, 4.29575e-19
0.86, 4.29502e-19
0.861, 4.29664e-19
0.862, 4.29632e-19
0.863, 4.29208e-19
0.864, 4.29575e-19
0.865, 4.29678e-19
0.866, 4.29397e-19
0.867, 4.29303e-19
0.868, 4.29692e-19
0.869, 4.29332e-19
0.87, 4.29266e-19
0.871, 4.29271e-19
0.872, 4.29524e-19
0.873, 4.29633e-19
0.874, 4.29551e-19
0.875, 4.29203e-19
0.876, 4.29415e-19
0.877, 4.29364e-19
0.878, 4.29448e-19
0.879, 4.29263e-19
0.88, 4.29473e-19
0.881, 4.2956e-19
0.882, 4.29561e-19
0.883, 4.28972e-19
0.884, 4.29551e-19
0.885, 4.29255e-19
0.886, 4.29303e-19
0.887, 4.29595e-19
0.888, 4.29598e-19
0.889, 4.29314e-19
0.89, 4.29201e-19
0.891, 4.29175e-19
0.892, 4.29313e-19
0.893, 4.29615e-19
0.894, 4.29259e-19
0.895, 4.29688e-19
0.896, 4.29448e-19
0.897, 4.29323e-19
0.898, 4.2962e-19
0.899, 4.29394e-19
0.9, 4.29574e-19
0.901, 4.293e-19
0.902, 4.295e-19
0.903, 4.29665e-19
0.904, 4.29421e-19
0.905, 4.29427e-19
0.906, 4.29422e-19
0.907, 4.29393e-19
0.908, 4.29582e-19
0.909, 4.28983e-19
0.91, 4.29605e-19
0.911, 4.29518e-19
0.912, 4.29193e-19
0.913, 4.29905e-19
0.914, 4.29445e-19
0.915, 4.29582e-19
0.916, 4.29342e-19
0.917, 4.29312e-19
0.918, 4.29432e-19
0.919, 4.29475e-19
0.92, 4.29393e-19
0.921, 4.29354e-19
0.922, 4.29687e-19
0.923, 4.29975e-19
0.924, 4.29121e-19
0.925, 4.29638e-19
0.926, 4.29459e-19
0.927, 4.29584e-19
0.928, 4.2924e-19
0.929, 4.29401e-19
0.93, 4.2972e-19
0.931, 4.29439e-19
0.932, 4.29693e-19
0.933, 4.2956e-19
0.934, 4.29664e-19
0.935, 4.29646e-19
0.936, 4.29551e-19
0.937, 4.29518e-19
0.938, 4.2958e-19
0.939, 4.29283e-19
0.94, 4.2936e-19
0.941, 4.29618e-19
0.942, 4.2924e-19
0.943, 4.29514e-19
0.944, 4.29257e-19
0.945, 4.2932e-19
0.946, 4.2972e-19
0.947, 4.2933e-19
0.948, 4.29374e-19
0.949, 4.29513e-19
0.95, 4.29464e-19
0.951, 4.29263e-19
0.952, 4.29155e-19
0.953, 4.29912e-19
0.954, 4.29366e-19
0.955, 4.29837e-19
0.956, 4.29485e-19
0.957, 4.29239e-19
0.958, 4.29509e-19
0.959, 4.29257e-19
0.96, 4.29415e-19
0.961, 4.29392e-19
0.962, 4.29355e-19
0.963, 4.29407e-19
0.964, 4.29551e-19
0.965, 4.29369e-19
0.966, 4.2948e-19
0.967, 4.29397e-19
0.968, 4.29345e-19
0.969, 4.29228e-19
0.97, 4.29467e-19
0.971, 4.29512e-19
0.972, 4.29361e-19
0.973, 4.29595e-19
0.974, 4.2932e-19
0.975, 4.29188e-19
0.976, 4.2927e-19
0.977, 4.29465e-19
0.978, 4.29801e-19
0.979, 4.29529e-19
0.98, 4.29639e-19
0.981, 4.2958e-19
0.982, 4.29452e-19
0.983, 4.29385e-19
0.984, 4.29462e-19
0.985, 4.29524e-19
0.986, 4.29427e-19
0.987, 4.29498e-19
0.988, 4.29651e-19
0.989, 4.29353e-19
0.99, 4.29696e-19
0.991, 4.29642e-19
0.992, 4.29336e-19
0.993, 4.29374e-19
0.994, 4.29479e-19
0.995, 4.29575e-19
0.996, 4.29349e-19
0.997, 4.29229e-19
0.998, 4.29273e-19
0.999, 4.29165e-19
1, 4.29317e-19
1.001, 4.29193e-19
1.002, 4.29852e-19
1.003, 4.29661e-19
1.004, 4.29632e-19
1.005, 4.29208e-19
1.006, 4.2932e-19
1.007, 4.29422e-19
1.008, 4.29504e-19
1.009, 4.29584e-19
1.01, 4.29266e-19
1.011, 4.29449e-19
1.012, 4.29332e-19
1.013, 4.29852e-19
1.014, 4.29349e-19
1.015, 4.2955e-19
1.016, 4.29374e-19
1.017, 4.29426e-19
1.018, 4.29422e-19
1.019, 4.29505e-19
1.02, 4.29446e-19
1.021, 4.29167e-19
1.022, 4.29284e-19
1.023, 4.29292e-19
1.024, 4.29692e-19
1.025, 4.29346e-19
1.026, 4.29354e-19
1.027, 4.29248e-19
1.028, 4.29439e-19
1.029, 4.29665e-19
1.03, 4.29492e-19
1.031, 4.29632e-19
1.032, 4.29546e-19
1.033, 4.29575e-19
1.034, 4.29577e-19
1.035, 4.29439e-19
1.036, 4.29167e-19
1.037, 4.29418e-19
1.038, 4.29375e-19
1.039, 4.28987e-19
1.04, 4.29798e-19
1.041, 4.29632e-19
1.042, 4.29444e-19
1.043, 4.29418e-19
1.044, 4.2951e-19
1.045, 4.29448e-19
1.046, 4.2931e-19
1.047, 4.29852e-19
1.048, 4.2932e-19
1.049, 4.29427e-19
1.05, 4.29653e-19
1.051, 4.29716e-19
1.052, 4.29632e-19
1.053, 4.29341e-19
1.054, 4.29298e-19
1.055, 4.29497e-19
1.056, 4.29455e-19
1.057, 4.29659e-19
1.058, 4.29526e-19
1.059, 4.29308e-19
1.06, 4.29752e-19
1.061, 4.29736e-19
1.062, 4.29336e-19
1.063, 4.29503e-19
1.064, 4.29303e-19
1.065, 4.29535e-19
1.066, 4.29567e-19
1.067, 4.29692e-19
1.068, 4.29558e-19
1.069, 4.29573e-19
1.07, 4.29492e-19
1.071, 4.29852e-19
1.072, 4.29227e-19
1.073, 4.29375e-19
1.074, 4.29367e-19
1.075, 4.29883e-19
1.076, 4.28871e-19
1.077, 4.29594e-19
1.078, 4.29717e-19
1.079, 4.29312e-19
1.08, 4.29456e-19
1.081, 4.29757e-19
1.082, 4.29512e-19
1.083, 4.29717e-19
1.084, 4.29349e-19
1.085, 4.29559e-19
1.086, 4.29724e-19
1.087, 4.29512e-19
1.088, 4.29717e-19
1.089, 4.29397e-19
1.09, 4.29332e-19
1.091, 4.29427e-19
1.092, 4.29222e-19
1.093, 4.29484e-19
1.094, 4.29456e-19
1.095, 4.29243e-19
1.096, 4.29634e-19
1.097, 4.29335e-19
1.098, 4.2948e-19
1.099, 4.29593e-19
1.1, 4.29512e-19
1.101, 4.29563e-19
1.102, 4.29223e-19
1.103, 4.29631e-19
1.104, 4.29452e-19
1.105, 4.29359e-19
1.106, 4.29524e-19
1.107, 4.29549e-19
1.108, 4.29538e-19
1.109, 4.29052e-19
1.11, 4.29303e-19
1.111, 4.29248e-19
1.112, 4.2939e-19
1.113, 4.29401e-19
1.114, 4.29332e-19
1.115, 4.29692e-19
1.116, 4.29852e-19
1.117, 4.29349e-19
1.118, 4.29044e-19
1.119, 4.29439e-19
1.12, 4.29082e-19
1.121, 4.29639e-19
1.122, 4.29302e-19
1.123, 4.29427e-19
1.124, 4.29683e-19
1.125, 4.29485e-19
1.126, 4.29551e-19
1.127, 4.29455e-19
1.128, 4.29558e-19
1.129, 4.29575e-19
1.13, 4.29595e-19
1.131, 4.29338e-19
1.132, 4.29717e-19
1.133, 4.29227e-19
1.134, 4.2966e-19
1.135, 4.29792e-19
1.136, 4.29582e-19
1.137, 4.29425e-19
1.138, 4.29332e-19
1.139, 4.29363e-19
1.14, 4.29232e-19
1.141, 4.29506e-19
1.142, 4.29651e-19
1.143, 4.29656e-19
1.144, 4.29432e-19
1.145, 4.29283e-19
1.146, 4.29138e-19
1.147, 4.29529e-19
1.148, 4.29512e-19
1.149, 4.29492e-19
1.15, 4.29575e-19
1.151, 4.2982e-19
1.152, 4.29478e-19
1.153, 4.29439e-19
1.154, 4.29577e-19
1.155, 4.29052e-19
1.156, 4.2932e-19
1.157, 4.29559e-19
1.158, 4.29545e-19
1.159, 4.29519e-19
1.16, 4.2972e-19
1.161, 4.29323e-19
1.162, 4.29949e-19
1.163, 4.29499e-19
1.164, 4.29421e-19
1.165, 4.29167e-19
1.166, 4.29595e-19
1.167, 4.2948e-19
1.168, 4.29344e-19
1.169, 4.29564e-19
1.17, 4.29354e-19
1.171, 4.29427e-19
1.172, 4.29354e-19
1.173, 4.29364e-19
1.174, 4.29595e-19
1.175, 4.29515e-19
1.176, 4.29445e-19
1.177, 4.29582e-19
1.178, 4.29329e-19
1.179, 4.2973e-19
1.18, 4.29573e-19
1.181, 4.29584e-19
1.182, 4.29266e-19
1.183, 4.28945e-19
1.184, 4.29552e-19
1.185, 4.29478e-19
1.186, 4.29373e-19
1.187, 4.29427e-19
1.188, 4.29273e-19
1.189, 4.29655e-19
1.19, 4.2932e-19
1.191, 4.2936e-19
1.192, 4.29592e-19
1.193, 4.29346e-19
1.194, 4.29422e-19
1.195, 4.29676e-19
1.196, 4.29254e-19
1.197, 4.29138e-19
1.198, 4.29422e-19
1.199, 4.29504e-19
1.2, 4.2948e-19
1.201, 4.29307e-19
1.202, 4.29422e-19
1.203, 4.29504e-19
1.204, 4.2948e-19
1.205, 4.29257e-19
1.206, 4.29375e-19
1.207, 4.2949e-19
1.208, 4.29619e-19
1.209, 4.29346e-19
1.21, 4.29452e-19
1.211, 4.29242e-19
1.212, 4.29243e-19
1.213, 4.29455e-19
1.214, 4.29052e-19
1.215, 4.29582e-19
1.216, 4.29509e-19
1.217, 4.295e-19
1.218, 4.29717e-19
1.219, 4.2954e-19
1.22, 4.29426e-19
1.221, 4.29203e-19
1.222, 4.29251e-19
1.223, 4.29375e-19
1.224, 4.29439e-19
1.225, 4.29473e-19
1.226, 4.29232e-19
1.227, 4.29619e-19
1.228, 4.2941e-19
1.229, 4.29399e-19
1.23, 4.29656e-19
1.231, 4.29471e-19
1.232, 4.29504e-19
1.233, 4.29247e-19
1.234, 4.29445e-19
1.235, 4.29164e-19
1.236, 4.29597e-19
1.237, 4.29497e-19
1.238, 4.29519e-19
1.239, 4.29381e-19
1.24, 4.29567e-19
1.241, 4.29358e-19
1.242, 4.29734e-19
1.243, 4.2955e-19
1.244, 4.29539e-19
1.245, 4.2929e-19
1.246, 4.29263e-19
1.247, 4.29427e-19
1.248, 4.29595e-19
1.249, 4.29192e-19
1.25, 4.29568e-19
1.251, 4.29193e-19
1.252, 4.29717e-19
1.253, 4.29302e-19
1.254, 4.29292e-19
1.255, 4.29692e-19
1.256, 4.29555e-19
1.257, 4.29561e-19
1.258, 4.29564e-19
1.259, 4.29541e-19
1.26, 4.29646e-19
1.261, 4.29717e-19
1.262, 4.2924e-19
1.263, 4.29453e-19
1.264, 4.29392e-19
1.265, 4.2973e-19
1.266, 4.29509e-19
1.267, 4.29464e-19
1.268, 4.29325e-19
1.269, 4.29459e-19
1.27, 4.29445e-19
1.271, 4.29422e-19
1.272, 4.29505e-19
1.273, 4.29535e-19
1.274, 4.29558e-19
1.275, 4.29852e-19
1.276, 4.29227e-19
1.277, 4.29416e-19
1.278, 4.29526e-19
1.279, 4.29526e-19
1.28, 4.29575e-19
1.281, 4.29445e-19
1.282, 4.29354e-19
1.283, 4.2937e-19
1.284, 4.29459e-19
1.285, 4.2931e-19
1.286, 4.29465e-19
1.287, 4.29577e-19
1.288, 4.29679e-19
1.289, 4.29377e-19
1.29, 4.29286e-19
1.291, 4.29116e-19
1.292, 4.29598e-19
1.293, 4.2924e-19
1.294, 4.29284e-19
1.295, 4.29292e-19
1.296, 4.29427e-19
1.297, 4.29676e-19
1.298, 4.29518e-19
1.299, 4.2931e-19
1.3, 4.29476e-19
1.301, 4.29201e-19
1.302, 4.29497e-19
1.303, 4.29245e-19
1.304, 4.29521e-19
1.305, 4.29302e-19
1.306, 4.29553e-19
1.307, 4.29561e-19
1.308, 4.29354e-19
1.309, 4.29248e-19
1.31, 4.29439e-19
1.311, 4.29421e-19
1.312, 4.29504e-19
1.313, 4.29563e-19
1.314, 4.29493e-19
1.315, 4.29659e-19
1.316, 4.29404e-19
1.317, 4.2942e-19
1.318, 4.2961e-19
1.319, 4.29243e-19
1.32, 4.29676e-19
1.321, 4.29656e-19
1.322, 4.29682e-19
1.323, 4.29632e-19
1.324, 4.29326e-19
1.325, 4.29852e-19
1.326, 4.29354e-19
1.327, 4.29439e-19
1.328, 4.29384e-19
1.329, 4.29717e-19
1.33, 4.29348e-19
1.331, 4.29559e-19
1.332, 4.2957e-19
1.333, 4.29347e-19
1.334, 4.29504e-19
1.335, 4.29427e-19
1.336, 4.2937e-19
1.337, 4.29209e-19
1.338, 4.2929e-19
1.339, 4.29656e-19
1.34, 4.29201e-19
1.341, 4.29497e-19
1.342, 4.29269e-19
1.343, 4.29585e-19
1.344, 4.29356e-19
1.345, 4.29494e-19
1.346, 4.29545e-19
1.347, 4.29492e-19
1.348, 4.29363e-19
1.349, 4.29426e-19
1.35, 4.29639e-19
1.351, 4.29348e-19
1.352, 4.29546e-19
1.353, 4.29582e-19
1.354, 4.29449e-19
1.355, 4.29632e-19
1.356, 4.29326e-19
1.357, 4.29852e-19
1.358, 4.29354e-19
1.359, 4.29535e-19
1.36, 4.2956e-19
1.361, 4.29561e-19
1.362, 4.29415e-19
1.363, 4.29949e-19
1.364, 4.29716e-19
1.365, 4.29532e-19
1.366, 4.295e-19
1.367, 4.29334e-19
1.368, 4.29519e-19
1.369, 4.29374e-19
1.37, 4.29323e-19
1.371, 4.29399e-19
1.372, 4.29335e-19
1.373, 4.29286e-19
1.374, 4.29484e-19
1.375, 4.295e-19
1.376, 4.29646e-19
1.377, 4.29338e-19
1.378, 4.29717e-19
1.379, 4.29369e-19
1.38, 4.29639e-19
1.381, 4.29346e-19
1.382, 4.29452e-19
1.383, 4.29471e-19
1.384, 4.2956e-19
1.385, 4.29344e-19
1.386, 4.29683e-19
1.387, 4.29454e-19
1.388, 4.2932e-19
1.389, 4.29494e-19
1.39, 4.29203e-19
1.391, 4.29381e-19
1.392, 4.29272e-19
1.393, 4.29529e-19
1.394, 4.29512e-19
1.395, 4.29415e-19
1.396, 4.29379e-19
1.397, 4.29587e-19
1.398, 4.29422e-19
1.399, 4.29354e-19
1.4, 4.29494e-19
1.401, 4.29504e-19
1.402, 4.29592e-19
1.403, 4.29582e-19
1.404, 4.29533e-19
1.405, 4.29311e-19
1.406, 4.29317e-19
1.407, 4.2955e-19
1.408, 4.29381e-19
1.409, 4.29559e-19
1.41, 4.29332e-19
1.411, 4.29165e-19
1.412, 4.29426e-19
1.413, 4.29422e-19
1.414, 4.29771e-19
1.415, 4.29112e-19
1.416, 4.29449e-19
1.417, 4.29505e-19
1.418, 4.29445e-19
1.419, 4.29364e-19
1.42, 4.29529e-19
1.421, 4.2948e-19
1.422, 4.29531e-19
1.423, 4.29308e-19
1.424, 4.29349e-19
1.425, 4.29465e-19
1.426, 4.29346e-19
1.427, 4.29354e-19
1.428, 4.29248e-19
1.429, 4.29404e-19
1.43, 4.29427e-19
1.431, 4.29561e-19
1.432, 4.29575e-19
1.433, 4.29448e-19
1.434, 4.29037e-19
1.435, 4.29397e-19
1.436, 4.29189e-19
1.437, 4.29575e-19
1.438, 4.29528e-19
1.439, 4.29506e-19
1.44, 4.29561e-19
1.441, 4.29632e-19
1.442, 4.29263e-19
1.443, 4.29155e-19
1.444, 4.29165e-19
1.445, 4.29165e-19
1.446, 4.29165e-19
1.447, 4.29427e-19
1.448, 4.29427e-19
1.449, 4.2966e-19
1.45, 4.29529e-19
1.451, 4.29338e-19
1.452, 4.29286e-19
1.453, 4.29512e-19
1.454, 4.28972e-19
1.455, 4.29551e-19
1.456, 4.29484e-19
1.457, 4.29657e-19
1.458, 4.29736e-19
1.459, 4.29504e-19
1.46, 4.29505e-19
1.461, 4.29309e-19
1.462, 4.29201e-19
1.463, 4.29497e-19
1.464, 4.29269e-19
1.465, 4.2949e-19
1.466, 4.29545e-19
1.467, 4.29422e-19
1.468, 4.29422e-19
1.469, 4.29505e-19
1.47, 4.29171e-19
1.471, 4.29546e-19
1.472, 4.29164e-19
1.473, 4.29507e-19
1.474, 4.29302e-19
1.475, 4.29553e-19
1.476, 4.29155e-19
1.477, 4.29217e-19
1.478, 4.29575e-19
1.479, 4.29426e-19
1.48, 4.29343e-19
1.481, 4.29523e-19
1.482, 4.29164e-19
1.483, 4.29304e-19
1.484, 4.29462e-19
1.485, 4.29518e-19
1.486, 4.29518e-19
1.487, 4.29354e-19
1.488, 4.29346e-19
1.489, 4.2936e-19
1.49, 4.29557e-19
1.491, 4.29167e-19
1.492, 4.29445e-19
1.493, 4.29164e-19
1.494, 4.29435e-19
1.495, 4.29201e-19
1.496, 4.29422e-19
1.497, 4.29676e-19
1.498, 4.29561e-19
1.499, 4.29642e-19
1.5, 4.29528e-19
1.501, 4.29512e-19
1.502, 4.28972e-19
1.503, 4.29445e-19
1.504, 4.29359e-19
1.505, 4.29233e-19
1.506, 4.29751e-19
1.507, 4.29381e-19
1.508, 4.29519e-19
1.509, 4.29338e-19
1.51, 4.29576e-19
1.511, 4.29533e-19
1.512, 4.29268e-19
1.513, 4.29239e-19
1.514, 4.29595e-19
1.515, 4.2926e-19
1.516, 4.29271e-19
1.517, 4.29476e-19
1.518, 4.29518e-19
1.519, 4.29495e-19
1.52, 4.29427e-19
1.521, 4.2932e-19
1.522, 4.2955e-19
1.523, 4.2955e-19
1.524, 4.29329e-19
1.525, 4.29229e-19
1.526, 4.29321e-19
1.527, 4.295e-19
1.528, 4.2927e-19
1.529, 4.29456e-19
1.53, 4.29235e-19
1.531, 4.29416e-19
1.532, 4.29203e-19
1.533, 4.29248e-19
1.534, 4.2939e-19
1.535, 4.29345e-19
1.536, 4.29496e-19
1.537, 4.29791e-19
1.538, 4.29071e-19
1.539, 4.29476e-19
1.54, 4.29201e-19
1.541, 4.29421e-19
1.542, 4.29566e-19
1.543, 4.29547e-19
1.544, 4.29464e-19
1.545, 4.2958e-19
1.546, 4.28981e-19
1.547, 4.2955e-19
1.548, 4.29136e-19
1.549, 4.29691e-19
1.55, 4.29343e-19
1.551, 4.29171e-19
1.552, 4.29375e-19
1.553, 4.29293e-19
1.554, 4.29162e-19
1.555, 4.29097e-19
1.556, 4.29164e-19
1.557, 4.29196e-19
1.558, 4.29293e-19
1.559, 4.29263e-19
1.56, 4.29411e-19
1.561, 4.29686e-19
1.562, 4.29496e-19
1.563, 4.29673e-19
1.564, 4.29325e-19
1.565, 4.2956e-19
1.566, 4.29538e-19
1.567, 4.29624e-19
1.568, 4.2972e-19
1.569, 4.29632e-19
1.57, 4.29423e-19
1.571, 4.29464e-19
1.572, 4.29582e-19
1.573, 4.29563e-19
1.574, 4.29356e-19
1.575, 4.29155e-19
1.576, 4.29595e-19
1.577, 4.29678e-19
1.578, 4.29268e-19
1.579, 4.29852e-19
1.58, 4.2932e-19
1.581, 4.29289e-19
1.582, 4.29247e-19
1.583, 4.29484e-19
1.584, 4.2897e-19
1.585, 4.29683e-19
1.586, 4.29656e-19
1.587, 4.29397e-19
1.588, 4.29485e-19
1.589, 4.29505e-19
1.59, 4.29881e-19
1.591, 4.29445e-19
1.592, 4.29519e-19
1.593, 4.29316e-19
1.594, 4.29332e-19
1.595, 4.29328e-19
1.596, 4.29384e-19
1.597, 4.29182e-19
1.598, 4.29781e-19
1.599, 4.29329e-19
1.6, 4.29724e-19
1.601, 4.29563e-19
1.602, 4.29765e-19
1.603, 4.29356e-19
1.604, 4.29246e-19
1.605, 4.29259e-19
1.606, 4.29345e-19
1.607, 4.29655e-19
1.608, 4.29343e-19
1.609, 4.29224e-19
1.61, 4.29869e-19
1.611, 4.2946e-19
1.612, 4.29535e-19
1.613, 4.29491e-19
1.614, 4.29003e-19
1.615, 4.29052e-19
1.616, 4.29479e-19
1.617, 4.29336e-19
1.618, 4.29422e-19
1.619, 4.29405e-19
1.62, 4.29554e-19
1.621, 4.29476e-19
1.622, 4.29569e-19
1.623, 4.29665e-19
1.624, 4.29505e-19
1.625, 4.2937e-19
1.626, 4.29346e-19
1.627, 4.29165e-19
1.628, 4.29213e-19
1.629, 4.29334e-19
1.63, 4.29459e-19
1.631, 4.29659e-19
1.632, 4.29584e-19
1.633, 4.29268e-19
1.634, 4.29409e-19
1.635, 4.29575e-19
1.636, 4.29175e-19
1.637, 4.29588e-19
1.638, 4.29546e-19
1.639, 4.29324e-19
1.64, 4.2957e-19
1.641, 4.29555e-19
1.642, 4.29371e-19
1.643, 4.29373e-19
1.644, 4.29427e-19
1.645, 4.29273e-19
1.646, 4.29618e-19
1.647, 4.29356e-19
1.648, 4.2947e-19
1.649, 4.29417e-19
1.65, 4.29505e-19
1.651, 4.29422e-19
1.652, 4.29686e-19
1.653, 4.29361e-19
1.654, 4.29208e-19
1.655, 4.29297e-19
1.656, 4.29609e-19
1.657, 4.29659e-19
1.658, 4.29517e-19
1.659, 4.29476e-19
1.66, 4.29509e-19
1.661, 4.29487e-19
1.662, 4.2932e-19
1.663, 4.2972e-19
1.664, 4.29504e-19
1.665, 4.29534e-19
1.666, 4.29213e-19
1.667, 4.29352e-19
1.668, 4.29406e-19
1.669, 4.29575e-19
1.67, 4.29201e-19
1.671, 4.29266e-19
1.672, 4.29591e-19
1.673, 4.29334e-19
1.674, 4.29422e-19
1.675, 4.29473e-19
1.676, 4.29418e-19
1.677, 4.2943e-19
1.678, 4.29407e-19
1.679, 4.29643e-19
1.68, 4.29592e-19
1.681, 4.29321e-19
1.682, 4.29076e-19
1.683, 4.29445e-19
1.684, 4.29339e-19
1.685, 4.29387e-19
1.686, 4.29362e-19
1.687, 4.29609e-19
1.688, 4.29595e-19
1.689, 4.29484e-19
1.69, 4.29691e-19
1.691, 4.29589e-19
1.692, 4.29354e-19
1.693, 4.29261e-19
1.694, 4.29599e-19
1.695, 4.29287e-19
1.696, 4.29416e-19
1.697, 4.29396e-19
1.698, 4.29269e-19
1.699, 4.29504e-19
1.7, 4.2948e-19
1.701, 4.29001e-19
1.702, 4.29324e-19
1.703, 4.29439e-19
1.704, 4.29232e-19
1.705, 4.2938e-19
1.706, 4.29852e-19
1.707, 4.29349e-19
1.708, 4.29729e-19
1.709, 4.29523e-19
1.71, 4.29323e-19
1.711, 4.29494e-19
1.712, 4.29102e-19
1.713, 4.29836e-19
1.714, 4.29645e-19
1.715, 4.29446e-19
1.716, 4.29371e-19
1.717, 4.29396e-19
1.718, 4.29676e-19
1.719, 4.29594e-19
1.72, 4.29102e-19
1.721, 4.29549e-19
1.722, 4.29717e-19
1.723, 4.29416e-19
1.724, 4.29743e-19
1.725, 4.29533e-19
1.726, 4.29526e-19
1.727, 4.29569e-19
1.728, 4.29822e-19
1.729, 4.29446e-19
1.73, 4.29348e-19
1.731, 4.29364e-19
1.732, 4.29217e-19
1.733, 4.29232e-19
1.734, 4.29579e-19
1.735, 4.292e-19
1.736, 4.29439e-19
1.737, 4.2932e-19
1.738, 4.29422e-19
1.739, 4.29405e-19
1.74, 4.29375e-19
1.741, 4.29171e-19
1.742, 4.29354e-19
1.743, 4.29535e-19
1.744, 4.29575e-19
1.745, 4.29382e-19
1.746, 4.29213e-19
1.747, 4.29356e-19
1.748, 4.29695e-19
1.749, 4.28898e-19
1.75, 4.29856e-19
1.751, 4.29551e-19
1.752, 4.29923e-19
1.753, 4.29906e-19
1.754, 4.2932e-19
1.755, 4.29293e-19
1.756, 4.29465e-19
1.757, 4.29587e-19
1.758, 4.29582e-19
1.759, 4.29421e-19
1.76, 4.29422e-19
1.761, 4.29487e-19
1.762, 4.2946e-19
1.763, 4.29619e-19
1.764, 4.29586e-19
1.765, 4.29356e-19
1.766, 4.29375e-19
1.767, 4.29553e-19
1.768, 4.29435e-19
1.769, 4.29227e-19
1.77, 4.29389e-19
1.771, 4.29224e-19
1.772, 4.2969e-19
1.773, 4.29415e-19
1.774, 4.29359e-19
1.775, 4.29609e-19
1.776, 4.29369e-19
1.777, 4.29437e-19
1.778, 4.29246e-19
1.779, 4.29592e-19
1.78, 4.29354e-19
1.781, 4.29422e-19
1.782, 4.29424e-19
1.783, 4.29657e-19
1.784, 4.29381e-19
1.785, 4.29443e-19
1.786, 4.29554e-19
1.787, 4.29565e-19
1.788, 4.29362e-19
1.789, 4.29852e-19
1.79, 4.29354e-19
1.791, 4.29334e-19
1.792, 4.29727e-19
1.793, 4.29359e-19
1.794, 4.29354e-19
1.795, 4.29381e-19
1.796, 4.2932e-19
1.797, 4.29278e-19
1.798, 4.29757e-19
1.799, 4.2932e-19
1.8, 4.29361e-19
1.801, 4.29226e-19
1.802, 4.29371e-19
1.803, 4.29402e-19
1.804, 4.2927e-19
1.805, 4.29659e-19
1.806, 4.29418e-19
1.807, 4.29405e-19
1.808, 4.29658e-19
1.809, 4.29108e-19
1.81, 4.29165e-19
1.811, 4.29427e-19
1.812, 4.295e-19
1.813, 4.29592e-19
1.814, 4.29575e-19
1.815, 4.29672e-19
1.816, 4.2936e-19
1.817, 4.29267e-19
1.818, 4.29271e-19
1.819, 4.29524e-19
1.82, 4.29402e-19
1.821, 4.29084e-19
1.822, 4.29455e-19
1.823, 4.29176e-19
1.824, 4.29513e-19
1.825, 4.29518e-19
1.826, 4.29434e-19
1.827, 4.29669e-19
1.828, 4.29337e-19
1.829, 4.29322e-19
1.83, 4.2918e-19
1.831, 4.2955e-19
1.832, 4.29422e-19
1.833, 4.29505e-19
1.834, 4.29521e-19
1.835, 4.29497e-19
1.836, 4.29656e-19
1.837, 4.29565e-19
1.838, 4.29345e-19
1.839, 4.29291e-19
1.84, 4.29375e-19
1.841, 4.29363e-19
1.842, 4.29392e-19
1.843, 4.29659e-19
1.844, 4.29375e-19
1.845, 4.29078e-19
1.846, 4.29892e-19
1.847, 4.29367e-19
1.848, 4.29271e-19
1.849, 4.29455e-19
1.85, 4.29293e-19
1.851, 4.29678e-19
1.852, 4.29757e-19
1.853, 4.29359e-19
1.854, 4.29165e-19
1.855, 4.29655e-19
1.856, 4.29707e-19
1.857, 4.29518e-19
1.858, 4.29518e-19
1.859, 4.29321e-19
1.86, 4.29318e-19
1.861, 4.29272e-19
1.862, 4.29574e-19
1.863, 4.2936e-19
1.864, 4.29426e-19
1.865, 4.29406e-19
1.866, 4.29659e-19
1.867, 4.29423e-19
1.868, 4.29381e-19
1.869, 4.29228e-19
1.87, 4.29425e-19
1.871, 4.29943e-19
1.872, 4.29377e-19
1.873, 4.29434e-19
1.874, 4.29427e-19
1.875, 4.29627e-19
1.876, 4.29405e-19
1.877, 4.2932e-19
1.878, 4.29717e-19
1.879, 4.29224e-19
1.88, 4.29286e-19
1.881, 4.29399e-19
1.882, 4.29632e-19
1.883, 4.29386e-19
1.884, 4.28992e-19
1.885, 4.29605e-19
1.886, 4.29243e-19
1.887, 4.29505e-19
1.888, 4.29454e-19
1.889, 4.29474e-19
1.89, 4.29428e-19
1.891, 4.29535e-19
1.892, 4.29405e-19
1.893, 4.29427e-19
1.894, 4.29468e-19
1.895, 4.29198e-19
1.896, 4.29822e-19
1.897, 4.29574e-19
1.898, 4.29346e-19
1.899, 4.29539e-19
1.9, 4.29112e-19
1.901, 4.29221e-19
1.902, 4.29565e-19
1.903, 4.29464e-19
1.904, 4.29103e-19
1.905, 4.29702e-19
1.906, 4.29597e-19
1.907, 4.29228e-19
1.908, 4.29425e-19
1.909, 4.2932e-19
1.91, 4.29541e-19
1.911, 4.29646e-19
1.912, 4.29651e-19
1.913, 4.29048e-19
1.914, 4.29362e-19
1.915, 4.29427e-19
1.916, 4.29676e-19
1.917, 4.29518e-19
1.918, 4.29414e-19
1.919, 4.29449e-19
1.92, 4.29381e-19
1.921, 4.29163e-19
1.922, 4.29546e-19
1.923, 4.29137e-19
1.924, 4.29361e-19
1.925, 4.29497e-19
1.926, 4.29317e-19
1.927, 4.29494e-19
1.928, 4.29512e-19
1.929, 4.29563e-19
1.93, 4.29188e-19
1.931, 4.29349e-19
1.932, 4.29661e-19
1.933, 4.29503e-19
1.934, 4.29422e-19
1.935, 4.2973e-19
1.936, 4.29286e-19
1.937, 4.29606e-19
1.938, 4.29744e-19
1.939, 4.29543e-19
1.94, 4.29415e-19
1.941, 4.29379e-19
1.942, 4.2927e-19
1.943, 4.29272e-19
1.944, 4.29659e-19
1.945, 4.29243e-19
1.946, 4.29422e-19
1.947, 4.29504e-19
1.948, 4.2948e-19
1.949, 4.29594e-19
1.95, 4.29504e-19
1.951, 4.2955e-19
1.952, 4.29194e-19
1.953, 4.29399e-19
1.954, 4.29435e-19
1.955, 4.29509e-19
1.956, 4.29434e-19
1.957, 4.29341e-19
1.958, 4.2956e-19
1.959, 4.29632e-19
1.96, 4.2952e-19
1.961, 4.29494e-19
1.962, 4.29744e-19
1.963, 4.29259e-19
1.964, 4.29201e-19
1.965, 4.29499e-19
1.966, 4.29565e-19
1.967, 4.29464e-19
1.968, 4.29581e-19
1.969, 4.29175e-19
1.97, 4.29555e-19
1.971, 4.29476e-19
1.972, 4.29227e-19
1.973, 4.29044e-19
1.974, 4.29108e-19
1.975, 4.29316e-19
1.976, 4.29787e-19
1.977, 4.29656e-19
1.978, 4.29532e-19
1.979, 4.29506e-19
1.98, 4.29595e-19
1.981, 4.29152e-19
1.982, 4.2938e-19
1.983, 4.29324e-19
1.984, 4.29547e-19
1.985, 4.29528e-19
1.986, 4.29316e-19
1.987, 4.29575e-19
1.988, 4.29467e-19
1.989, 4.2956e-19
1.99, 4.2932e-19
1.991, 4.29561e-19
1.992, 4.29204e-19
1.993, 4.29364e-19
1.994, 4.29217e-19
1.995, 4.293e-19
1.996, 4.29695e-19
1.997, 4.29575e-19
1.998, 4.29301e-19
1.999, 4.29346e-19
2, 4.2937e-19
2.001, 4.29378e-19
2.002, 4.29464e-19
2.003, 4.29523e-19
2.004, 4.29628e-19
2.005, 4.29341e-19
2.006, 4.29559e-19
2.007, 4.29473e-19
2.008, 4.29275e-19
2.009, 4.29343e-19
2.01, 4.29186e-19
2.011, 4.29436e-19
2.012, 4.29422e-19
2.013, 4.29529e-19
2.014, 4.29381e-19
2.015, 4.29423e-19
2.016, 4.29337e-19
2.017, 4.29379e-19
2.018, 4.29354e-19
2.019, 4.29659e-19
2.02, 4.2948e-19
2.021, 4.29344e-19
2.022, 4.2956e-19
2.023, 4.29655e-19
2.024, 4.2932e-19
2.025, 4.29575e-19
2.026, 4.29575e-19
2.027, 4.29595e-19
2.028, 4.29407e-19
2.029, 4.29272e-19
2.03, 4.29232e-19
2.031, 4.29786e-19
2.032, 4.29724e-19
2.033, 4.29338e-19
2.034, 4.29232e-19
2.035, 4.29335e-19
2.036, 4.29639e-19
2.037, 4.29541e-19
2.038, 4.29381e-19
2.039, 4.29422e-19
2.04, 4.29332e-19
2.041, 4.29232e-19
2.042, 4.29742e-19
2.043, 4.29354e-19
2.044, 4.29346e-19
2.045, 4.29465e-19
2.046, 4.29476e-19
2.047, 4.29227e-19
2.048, 4.29456e-19
2.049, 4.29595e-19
2.05, 4.29678e-19
2.051, 4.29138e-19
2.052, 4.2956e-19
2.053, 4.28871e-19
2.054, 4.29661e-19
2.055, 4.2955e-19
2.056, 4.29559e-19
2.057, 4.29498e-19
2.058, 4.2956e-19
2.059, 4.29539e-19
2.06, 4.29354e-19
2.061, 4.2959e-19
2.062, 4.29485e-19
2.063, 4.29621e-19
2.064, 4.29553e-19
2.065, 4.29719e-19
2.066, 4.29535e-19
2.067, 4.29464e-19
2.068, 4.29763e-19
2.069, 4.29587e-19
2.07, 4.29346e-19
2.071, 4.29651e-19
2.072, 4.29381e-19
2.073, 4.29538e-19
2.074, 4.29346e-19
2.075, 4.29422e-19
2.076, 4.2932e-19
2.077, 4.29044e-19
2.078, 4.29445e-19
2.079, 4.2947e-19
2.08, 4.29381e-19
2.081, 4.29232e-19
2.082, 4.29655e-19
2.083, 4.29418e-19
2.084, 4.29116e-19
2.085, 4.29676e-19
2.086, 4.29518e-19
2.087, 4.29189e-19
2.088, 4.29575e-19
2.089, 4.29852e-19
2.09, 4.29661e-19
2.091, 4.29632e-19
2.092, 4.29326e-19
2.093, 4.29852e-19
2.094, 4.29422e-19
2.095, 4.29434e-19
2.096, 4.29657e-19
2.097, 4.29348e-19
2.098, 4.29263e-19
2.099, 4.29232e-19
2.1, 4.29506e-19
2.101, 4.29392e-19
2.102, 4.29692e-19
2.103, 4.29332e-19
2.104, 4.29497e-19
2.105, 4.29566e-19
2.106, 4.29348e-19
2.107, 4.29421e-19
2.108, 4.29679e-19
2.109, 4.29332e-19
2.11, 4.2927e-19
2.111, 4.29514e-19
2.112, 4.29433e-19
2.113, 4.29332e-19
2.114, 4.29232e-19
2.115, 4.29574e-19
2.116, 4.29465e-19
2.117, 4.29573e-19
2.118, 4.29161e-19
2.119, 4.29271e-19
2.12, 4.29656e-19
2.121, 4.29595e-19
2.122, 4.29594e-19
2.123, 4.29348e-19
2.124, 4.29659e-19
2.125, 4.29356e-19
2.126, 4.29379e-19
2.127, 4.29529e-19
2.128, 4.2948e-19
2.129, 4.29001e-19
2.13, 4.29311e-19
2.131, 4.29632e-19
2.132, 4.29505e-19
2.133, 4.29052e-19
2.134, 4.2932e-19
2.135, 4.29044e-19
2.136, 4.29439e-19
2.137, 4.29485e-19
2.138, 4.29551e-19
2.139, 4.29334e-19
2.14, 4.29505e-19
2.141, 4.29446e-19
2.142, 4.29455e-19
2.143, 4.29509e-19
2.144, 4.29464e-19
2.145, 4.29325e-19
2.146, 4.29459e-19
2.147, 4.29575e-19
2.148, 4.29512e-19
2.149, 4.29564e-19
2.15, 4.29164e-19
2.151, 4.29354e-19
2.152, 4.29575e-19
2.153, 4.2936e-19
2.154, 4.29427e-19
2.155, 4.29373e-19
2.156, 4.2966e-19
2.157, 4.29752e-19
2.158, 4.29302e-19
2.159, 4.29471e-19
2.16, 4.29165e-19
2.161, 4.2925e-19
2.162, 4.2959e-19
2.163, 4.29227e-19
2.164, 4.29363e-19
2.165, 4.2932e-19
2.166, 4.29164e-19
2.167, 4.29397e-19
2.168, 4.28992e-19
2.169, 4.29167e-19
2.17, 4.2956e-19
2.171, 4.29218e-19
2.172, 4.29248e-19
2.173, 4.29185e-19
2.174, 4.29391e-19
2.175, 4.29426e-19
2.176, 4.29512e-19
2.177, 4.29632e-19
2.178, 4.29639e-19
2.179, 4.29298e-19
2.18, 4.2925e-19
2.181, 4.29632e-19
2.182, 4.29282e-19
2.183, 4.29422e-19
2.184, 4.29354e-19
2.185, 4.29418e-19
2.186, 4.29448e-19
2.187, 4.29484e-19
2.188, 4.29526e-19
2.189, 4.29249e-19
2.19, 4.29392e-19
2.191, 4.29577e-19
2.192, 4.29555e-19
2.193, 4.29422e-19
2.194, 4.29561e-19
2.195, 4.29564e-19
2.196, 4.29249e-19
2.197, 4.29676e-19
2.198, 4.29167e-19
2.199, 4.29446e-19
2.2, 4.29364e-19
2.201, 4.29595e-19
2.202, 4.29381e-19
2.203, 4.29541e-19
2.204, 4.29334e-19
2.205, 4.29717e-19
2.206, 4.29452e-19
2.207, 4.29272e-19
2.208, 4.29165e-19
2.209, 4.29702e-19
2.21, 4.29575e-19
2.211, 4.29446e-19
2.212, 4.29052e-19
2.213, 4.29422e-19
2.214, 4.29292e-19
2.215, 4.29052e-19
2.216, 4.29346e-19
2.217, 4.2972e-19
2.218, 4.29417e-19
2.219, 4.29466e-19
2.22, 4.29386e-19
2.221, 4.29379e-19
2.222, 4.29676e-19
2.223, 4.2949e-19
2.224, 4.29191e-19
2.225, 4.29561e-19
2.226, 4.29678e-19
2.227, 4.29355e-19
2.228, 4.29577e-19
2.229, 4.29478e-19
2.23, 4.29286e-19
2.231, 4.29518e-19
2.232, 4.29509e-19
2.233, 4.29251e-19
2.234, 4.29515e-19
2.235, 4.29446e-19
2.236, 4.29426e-19
2.237, 4.28871e-19
2.238, 4.29518e-19
2.239, 4.29518e-19
2.24, 4.29332e-19
2.241, 4.29557e-19
2.242, 4.2959e-19
2.243, 4.29693e-19
2.244, 4.2951e-19
2.245, 4.29541e-19
2.246, 4.29338e-19
2.247, 4.29232e-19
2.248, 4.29335e-19
2.249, 4.2931e-19
2.25, 4.29538e-19
2.251, 4.29126e-19
2.252, 4.29379e-19
2.253, 4.29427e-19
2.254, 4.29595e-19
2.255, 4.29294e-19
2.256, 4.29504e-19
2.257, 4.29416e-19
2.258, 4.29575e-19
2.259, 4.29509e-19
2.26, 4.29454e-19
2.261, 4.29632e-19
2.262, 4.29718e-19
2.263, 4.29557e-19
2.264, 4.29427e-19
2.265, 4.29535e-19
2.266, 4.29509e-19
2.267, 4.29454e-19
2.268, 4.29415e-19
2.269, 4.29503e-19
2.27, 4.29333e-19
2.271, 4.29552e-19
2.272, 4.29492e-19
2.273, 4.29415e-19
2.274, 4.29949e-19
2.275, 4.29716e-19
2.276, 4.29332e-19
2.277, 4.29445e-19
2.278, 4.29549e-19
2.279, 4.29532e-19
2.28, 4.29421e-19
2.281, 4.29052e-19
2.282, 4.29609e-19
2.283, 4.29519e-19
2.284, 4.29486e-19
2.285, 4.29541e-19
2.286, 4.29203e-19
2.287, 4.29505e-19
2.288, 4.29484e-19
2.289, 4.29615e-19
2.29, 4.29348e-19
2.291, 4.29852e-19
2.292, 4.29422e-19
2.293, 4.29454e-19
2.294, 4.29564e-19
2.295, 4.29379e-19
2.296, 4.29505e-19
2.297, 4.29364e-19
2.298, 4.29052e-19
2.299, 4.29452e-19
2.3, 4.29515e-19
2.301, 4.29785e-19
2.302, 4.29425e-19
2.303, 4.29185e-19
2.304, 4.29476e-19
2.305, 4.29349e-19
2.306, 4.29044e-19
2.307, 4.29439e-19
2.308, 4.29485e-19
2.309, 4.29491e-19
2.31, 4.29575e-19
2.311, 4.29676e-19
2.312, 4.29203e-19
2.313, 4.29272e-19
2.314, 4.29512e-19
2.315, 4.29575e-19
2.316, 4.29595e-19
2.317, 4.2948e-19
2.318, 4.29344e-19
2.319, 4.2956e-19
2.32, 4.29369e-19
2.321, 4.29492e-19
2.322, 4.29575e-19
2.323, 4.29573e-19
2.324, 4.29283e-19
2.325, 4.2938e-19
2.326, 4.29476e-19
2.327, 4.29512e-19
2.328, 4.28972e-19
2.329, 4.29286e-19
2.33, 4.2927e-19
2.331, 4.29575e-19
2.332, 4.29427e-19
2.333, 4.29683e-19
2.334, 4.29335e-19
2.335, 4.29492e-19
2.336, 4.29632e-19
2.337, 4.2945e-19
2.338, 4.29155e-19
2.339, 4.29676e-19
2.34, 4.29518e-19
2.341, 4.29272e-19
2.342, 4.29484e-19
2.343, 4.29505e-19
2.344, 4.29052e-19
2.345, 4.2959e-19
2.346, 4.29312e-19
2.347, 4.29283e-19
2.348, 4.29321e-19
2.349, 4.29537e-19
2.35, 4.29323e-19
2.351, 4.29394e-19
2.352, 4.29193e-19
2.353, 4.2948e-19
2.354, 4.2931e-19
2.355, 4.29426e-19
2.356, 4.2954e-19
2.357, 4.29218e-19
2.358, 4.29249e-19
2.359, 4.29439e-19
2.36, 4.29448e-19
2.361, 4.29272e-19
2.362, 4.29484e-19
2.363, 4.29201e-19
2.364, 4.29494e-19
2.365, 4.29573e-19
2.366, 4.29293e-19
2.367, 4.29595e-19
2.368, 4.29407e-19
2.369, 4.29538e-19
2.37, 4.28972e-19
2.371, 4.2955e-19
2.372, 4.29381e-19
2.373, 4.29344e-19
2.374, 4.29561e-19
2.375, 4.29852e-19
2.376, 4.29201e-19
2.377, 4.29327e-19
2.378, 4.29335e-19
2.379, 4.29456e-19
2.38, 4.29317e-19
2.381, 4.29532e-19
2.382, 4.29484e-19
2.383, 4.29518e-19
2.384, 4.29519e-19
2.385, 4.2972e-19
2.386, 4.29343e-19
2.387, 4.2961e-19
2.388, 4.29274e-19
2.389, 4.29343e-19
2.39, 4.29186e-19
2.391, 4.29534e-19
2.392, 4.29391e-19
2.393, 4.29561e-19
2.394, 4.29272e-19
2.395, 4.29232e-19
2.396, 4.29609e-19
2.397, 4.29346e-19
2.398, 4.29373e-19
2.399, 4.2966e-19
2.4, 4.29256e-19
2.401, 4.29421e-19
2.402, 4.29561e-19
2.403, 4.29464e-19
2.404, 4.29232e-19
2.405, 4.29557e-19
2.406, 4.29595e-19
2.407, 4.29407e-19
2.408, 4.2931e-19
2.409, 4.2927e-19
2.41, 4.29582e-19
2.411, 4.29398e-19
2.412, 4.29347e-19
2.413, 4.29217e-19
2.414, 4.2954e-19
2.415, 4.29577e-19
2.416, 4.29555e-19
2.417, 4.29422e-19
2.418, 4.29454e-19
2.419, 4.29595e-19
2.42, 4.29407e-19
2.421, 4.28992e-19
2.422, 4.29416e-19
2.423, 4.29446e-19
2.424, 4.29218e-19
2.425, 4.29345e-19
2.426, 4.29526e-19
2.427, 4.2938e-19
2.428, 4.29426e-19
2.429, 4.29512e-19
2.43, 4.29632e-19
2.431, 4.29423e-19
2.432, 4.29594e-19
2.433, 4.29332e-19
2.434, 4.29392e-19
2.435, 4.29381e-19
2.436, 4.29374e-19
2.437, 4.29316e-19
2.438, 4.29332e-19
2.439, 4.29385e-19
2.44, 4.29421e-19
2.441, 4.29566e-19
2.442, 4.29224e-19
2.443, 4.29466e-19
2.444, 4.29661e-19
2.445, 4.29505e-19
2.446, 4.29484e-19
2.447, 4.29661e-19
2.448, 4.2948e-19
2.449, 4.29236e-19
2.45, 4.29949e-19
2.451, 4.29167e-19
2.452, 4.29268e-19
2.453, 4.29247e-19
2.454, 4.29484e-19
2.455, 4.29381e-19
2.456, 4.29326e-19
2.457, 4.2936e-19
2.458, 4.29448e-19
2.459, 4.29374e-19
2.46, 4.29692e-19
2.461, 4.29422e-19
2.462, 4.2932e-19
2.463, 4.29201e-19
2.464, 4.29384e-19
2.465, 4.29392e-19
2.466, 4.29529e-19
2.467, 4.29381e-19
2.468, 4.29192e-19
2.469, 4.29595e-19
2.47, 4.2948e-19
2.471, 4.29344e-19
2.472, 4.29564e-19
2.473, 4.29448e-19
2.474, 4.29433e-19
2.475, 4.29484e-19
2.476, 4.29526e-19
2.477, 4.29249e-19
2.478, 4.29392e-19
2.479, 4.29577e-19
2.48, 4.29555e-19
2.481, 4.29354e-19
2.482, 4.29551e-19
2.483, 4.29346e-19
2.484, 4.29052e-19
2.485, 4.29364e-19
2.486, 4.29655e-19
2.487, 4.29678e-19
2.488, 4.29248e-19
2.489, 4.29304e-19
2.49, 4.29521e-19
2.491, 4.29263e-19
2.492, 4.29456e-19
2.493, 4.29116e-19
2.494, 4.29585e-19
2.495, 4.2926e-19
2.496, 4.29052e-19
2.497, 4.29347e-19
2.498, 4.29141e-19
2.499, 4.29786e-19
2.5, 4.2932e-19
2.501, 4.2966e-19
2.502, 4.29314e-19
2.503, 4.29247e-19
2.504, 4.29676e-19
2.505, 4.29573e-19
2.506, 4.2926e-19
2.507, 4.29575e-19
2.508, 4.29692e-19
2.509, 4.29717e-19
2.51, 4.2957e-19
2.511, 4.2947e-19
2.512, 4.29552e-19
2.513, 4.29505e-19
2.514, 4.29346e-19
2.515, 4.29348e-19
2.516, 4.29505e-19
2.517, 4.29346e-19
2.518, 4.29404e-19
2.519, 4.2973e-19
2.52, 4.29312e-19
2.521, 4.29379e-19
2.522, 4.29165e-19
2.523, 4.29676e-19
2.524, 4.29512e-19
2.525, 4.29263e-19
2.526, 4.29456e-19
2.527, 4.29512e-19
2.528, 4.29359e-19
2.529, 4.29558e-19
2.53, 4.29757e-19
2.531, 4.2927e-19
2.532, 4.2955e-19
2.533, 4.29369e-19
2.534, 4.29639e-19
2.535, 4.29312e-19
2.536, 4.29445e-19
2.537, 4.29164e-19
2.538, 4.29474e-19
2.539, 4.29519e-19
2.54, 4.29397e-19
2.541, 4.29852e-19
2.542, 4.29406e-19
2.543, 4.29498e-19
2.544, 4.29249e-19
2.545, 4.29328e-19
2.546, 4.29619e-19
2.547, 4.29354e-19
2.548, 4.29541e-19
2.549, 4.29434e-19
2.55, 4.29659e-19
2.551, 4.29632e-19
2.552, 4.29546e-19
2.553, 4.29575e-19
2.554, 4.2956e-19
2.555, 4.29242e-19
2.556, 4.29537e-19
2.557, 4.2961e-19
2.558, 4.29587e-19
2.559, 4.29303e-19
2.56, 4.29121e-19
2.561, 4.2966e-19
2.562, 4.29632e-19
2.563, 4.29444e-19
2.564, 4.29398e-19
2.565, 4.2965e-19
2.566, 4.29714e-19
2.567, 4.29423e-19
2.568, 4.29505e-19
2.569, 4.29553e-19
2.57, 4.29355e-19
2.571, 4.29346e-19
2.572, 4.29354e-19
2.573, 4.29138e-19
2.574, 4.29499e-19
2.575, 4.29232e-19
2.576, 4.29484e-19
2.577, 4.29456e-19
2.578, 4.29478e-19
2.579, 4.29717e-19
2.58, 4.29541e-19
2.581, 4.29434e-19
2.582, 4.29577e-19
2.583, 4.29526e-19
2.584, 4.29464e-19
2.585, 4.29307e-19
2.586, 4.29292e-19
2.587, 4.29303e-19
2.588, 4.29533e-19
2.589, 4.29658e-19
2.59, 4.29541e-19
2.591, 4.29594e-19
2.592, 4.29717e-19
2.593, 4.29524e-19
2.594, 4.29466e-19
2.595, 4.29446e-19
2.596, 4.29455e-19
2.597, 4.29302e-19
2.598, 4.2956e-19
2.599, 4.29632e-19
2.6, 4.29344e-19
2.601, 4.29549e-19
2.602, 4.29538e-19
2.603, 4.29575e-19
2.604, 4.29655e-19
2.605, 4.29563e-19
2.606, 4.29227e-19
2.607, 4.29375e-19
2.608, 4.28987e-19
2.609, 4.29798e-19
2.61, 4.29381e-19
2.611, 4.29526e-19
2.612, 4.2929e-19
2.613, 4.2966e-19
2.614, 4.2924e-19
2.615, 4.2956e-19
2.616, 4.29632e-19
2.617, 4.28871e-19
2.618, 4.29415e-19
2.619, 4.29533e-19
2.62, 4.29591e-19
2.621, 4.29236e-19
2.622, 4.29249e-19
2.623, 4.29484e-19
2.624, 4.29528e-19
2.625, 4.29232e-19
2.626, 4.29303e-19
2.627, 4.28972e-19
2.628, 4.29639e-19
2.629, 4.2932e-19
2.63, 4.29541e-19
2.631, 4.29646e-19
2.632, 4.29272e-19
2.633, 4.29852e-19
2.634, 4.29541e-19
2.635, 4.29434e-19
2.636, 4.29384e-19
2.637, 4.29632e-19
2.638, 4.29326e-19
2.639, 4.29476e-19
2.64, 4.29354e-19
2.641, 4.29551e-19
2.642, 4.29575e-19
2.643, 4.29676e-19
2.644, 4.29594e-19
2.645, 4.29587e-19
2.646, 4.29222e-19
2.647, 4.29852e-19
2.648, 4.29541e-19
2.649, 4.29434e-19
2.65, 4.29384e-19
2.651, 4.29632e-19
2.652, 4.29208e-19
2.653, 4.29561e-19
2.654, 4.29464e-19
2.655, 4.29551e-19
2.656, 4.29129e-19
2.657, 4.29445e-19
2.658, 4.29384e-19
2.659, 4.29302e-19
2.66, 4.29632e-19
2.661, 4.29381e-19
2.662, 4.29632e-19
2.663, 4.29302e-19
2.664, 4.29354e-19
2.665, 4.29549e-19
2.666, 4.29717e-19
2.667, 4.29852e-19
2.668, 4.29573e-19
2.669, 4.29505e-19
2.67, 4.29852e-19
2.671, 4.29541e-19
2.672, 4.29693e-19
2.673, 4.29507e-19
2.674, 4.29415e-19
2.675, 4.29503e-19
2.676, 4.29499e-19
2.677, 4.29446e-19
2.678, 4.29519e-19
2.679, 4.29189e-19
2.68, 4.29527e-19
2.681, 4.29439e-19
2.682, 4.29281e-19
2.683, 4.2973e-19
2.684, 4.29535e-19
2.685, 4.29354e-19
2.686, 4.29575e-19
2.687, 4.29427e-19
2.688, 4.29165e-19
2.689, 4.29657e-19
2.69, 4.29575e-19
2.691, 4.29752e-19
2.692, 4.29302e-19
2.693, 4.29498e-19
2.694, 4.29427e-19
2.695, 4.29702e-19
2.696, 4.2932e-19
2.697, 4.29354e-19
2.698, 4.29551e-19
2.699, 4.29422e-19
2.7, 4.29303e-19
2.701, 4.29263e-19
2.702, 4.29575e-19
2.703, 4.29551e-19
2.704, 4.29785e-19
2.705, 4.29509e-19
2.706, 4.29455e-19
2.707, 4.29254e-19
2.708, 4.29138e-19
2.709, 4.29469e-19
2.71, 4.29484e-19
2.711, 4.29518e-19
2.712, 4.29558e-19
2.713, 4.29363e-19
2.714, 4.29529e-19
2.715, 4.29192e-19
2.716, 4.2956e-19
2.717, 4.29165e-19
2.718, 4.29427e-19
2.719, 4.29427e-19
2.72, 4.29399e-19
2.721, 4.29435e-19
2.722, 4.29553e-19
2.723, 4.29186e-19
2.724, 4.2924e-19
2.725, 4.29409e-19
2.726, 4.29435e-19
2.727, 4.29654e-19
2.728, 4.29504e-19
2.729, 4.29338e-19
2.73, 4.29546e-19
2.731, 4.29484e-19
2.732, 4.29201e-19
2.733, 4.29164e-19
2.734, 4.29303e-19
2.735, 4.29456e-19
2.736, 4.29317e-19
2.737, 4.29717e-19
2.738, 4.29518e-19
2.739, 4.29354e-19
2.74, 4.2932e-19
2.741, 4.29852e-19
2.742, 4.29201e-19
2.743, 4.29949e-19
2.744, 4.29499e-19
2.745, 4.29421e-19
2.746, 4.29455e-19
2.747, 4.29455e-19
2.748, 4.2929e-19
2.749, 4.29464e-19
2.75, 4.29763e-19
2.751, 4.29632e-19
2.752, 4.29193e-19
2.753, 4.29532e-19
2.754, 4.29427e-19
2.755, 4.29595e-19
2.756, 4.29505e-19
2.757, 4.29504e-19
2.758, 4.29286e-19
2.759, 4.29541e-19
2.76, 4.29484e-19
2.761, 4.2966e-19
2.762, 4.29344e-19
2.763, 4.29575e-19
2.764, 4.29426e-19
2.765, 4.29512e-19
2.766, 4.29338e-19
2.767, 4.29658e-19
2.768, 4.29373e-19
2.769, 4.29692e-19
2.77, 4.29363e-19
2.771, 4.29427e-19
2.772, 4.29484e-19
2.773, 4.29044e-19
2.774, 4.29445e-19
2.775, 4.29659e-19
2.776, 4.29208e-19
2.777, 4.29659e-19
2.778, 4.2954e-19
2.779, 4.29364e-19
2.78, 4.29448e-19
2.781, 4.29477e-19
2.782, 4.29485e-19
2.783, 4.29377e-19
2.784, 4.29334e-19
2.785, 4.29346e-19
2.786, 4.29651e-19
2.787, 4.29381e-19
2.788, 4.29384e-19
2.789, 4.29564e-19
2.79, 4.29286e-19
2.791, 4.29052e-19
2.792, 4.29476e-19
2.793, 4.29518e-19
2.794, 4.29275e-19
2.795, 4.29587e-19
2.796, 4.29582e-19
2.797, 4.29146e-19
2.798, 4.29247e-19
2.799, 4.295e-19
2.8, 4.29665e-19
2.801, 4.29567e-19
2.802, 4.295e-19
2.803, 4.29286e-19
2.804, 4.29509e-19
2.805, 4.2951e-19
2.806, 4.29594e-19
2.807, 4.28968e-19
2.808, 4.29271e-19
2.809, 4.29455e-19
2.81, 4.29452e-19
2.811, 4.28968e-19
2.812, 4.29271e-19
2.813, 4.29449e-19
2.814, 4.29381e-19
2.815, 4.28992e-19
2.816, 4.29422e-19
2.817, 4.29193e-19
2.818, 4.29717e-19
2.819, 4.29336e-19
2.82, 4.29218e-19
2.821, 4.2939e-19
2.822, 4.29287e-19
2.823, 4.29503e-19
2.824, 4.29655e-19
2.825, 4.29248e-19
2.826, 4.29345e-19
2.827, 4.29688e-19
2.828, 4.29454e-19
2.829, 4.29218e-19
2.83, 4.29286e-19
2.831, 4.2954e-19
2.832, 4.29426e-19
2.833, 4.29337e-19
2.834, 4.29248e-19
2.835, 4.29762e-19
2.836, 4.2959e-19
2.837, 4.29154e-19
2.838, 4.29146e-19
2.839, 4.29379e-19
2.84, 4.29271e-19
2.841, 4.29155e-19
2.842, 4.29445e-19
2.843, 4.29582e-19
2.844, 4.29374e-19
2.845, 4.29537e-19
2.846, 4.29546e-19
2.847, 4.29286e-19
2.848, 4.29348e-19
2.849, 4.2972e-19
2.85, 4.2936e-19
2.851, 4.29303e-19
2.852, 4.29492e-19
2.853, 4.28972e-19
2.854, 4.29044e-19
2.855, 4.2936e-19
2.856, 4.29592e-19
2.857, 4.29659e-19
2.858, 4.29248e-19
2.859, 4.29512e-19
2.86, 4.2948e-19
2.861, 4.29232e-19
2.862, 4.29506e-19
2.863, 4.29375e-19
2.864, 4.29284e-19
2.865, 4.29286e-19
2.866, 4.29852e-19
2.867, 4.29452e-19
2.868, 4.29359e-19
2.869, 4.29619e-19
2.87, 4.29332e-19
2.871, 4.29665e-19
2.872, 4.29343e-19
2.873, 4.29137e-19
2.874, 4.29379e-19
2.875, 4.29435e-19
2.876, 4.29512e-19
2.877, 4.29678e-19
2.878, 4.29777e-19
2.879, 4.29519e-19
2.88, 4.29567e-19
2.881, 4.29447e-19
2.882, 4.294e-19
2.883, 4.29535e-19
2.884, 4.29275e-19
2.885, 4.29632e-19
2.886, 4.2949e-19
2.887, 4.29392e-19
2.888, 4.29632e-19
2.889, 4.29344e-19
2.89, 4.2966e-19
2.891, 4.29656e-19
2.892, 4.2954e-19
2.893, 4.29528e-19
2.894, 4.29476e-19
2.895, 4.29348e-19
2.896, 4.29044e-19
2.897, 4.29526e-19
2.898, 4.29575e-19
2.899, 4.29052e-19
2.9, 4.2956e-19
2.901, 4.29385e-19
2.902, 4.29526e-19
2.903, 4.29561e-19
2.904, 4.29312e-19
2.905, 4.29345e-19
2.906, 4.29439e-19
2.907, 4.29448e-19
2.908, 4.29682e-19
2.909, 4.28871e-19
2.91, 4.29286e-19
2.911, 4.2927e-19
2.912, 4.2932e-19
2.913, 4.29347e-19
2.914, 4.29344e-19
2.915, 4.29268e-19
2.916, 4.29335e-19
2.917, 4.29078e-19
2.918, 4.29765e-19
2.919, 4.29587e-19
2.92, 4.29582e-19
2.921, 4.28983e-19
2.922, 4.29466e-19
2.923, 4.29381e-19
2.924, 4.29743e-19
2.925, 4.29381e-19
2.926, 4.29263e-19
2.927, 4.29422e-19
2.928, 4.29208e-19
2.929, 4.29743e-19
2.93, 4.28871e-19
2.931, 4.29286e-19
2.932, 4.29573e-19
2.933, 4.29164e-19
2.934, 4.2942e-19
2.935, 4.29656e-19
2.936, 4.29632e-19
2.937, 4.29246e-19
2.938, 4.29263e-19
2.939, 4.29692e-19
2.94, 4.29422e-19
2.941, 4.29561e-19
2.942, 4.28972e-19
2.943, 4.29332e-19
2.944, 4.29595e-19
2.945, 4.29615e-19
2.946, 4.29159e-19
2.947, 4.29434e-19
2.948, 4.29427e-19
2.949, 4.29683e-19
2.95, 4.29335e-19
2.951, 4.2948e-19
2.952, 4.29593e-19
2.953, 4.29646e-19
2.954, 4.29575e-19
2.955, 4.29473e-19
2.956, 4.29736e-19
2.957, 4.29541e-19
2.958, 4.29594e-19
2.959, 4.29332e-19
2.96, 4.29165e-19
2.961, 4.29518e-19
2.962, 4.29418e-19
2.963, 4.29494e-19
2.964, 4.29379e-19
2.965, 4.29328e-19
2.966, 4.29449e-19
2.967, 4.29326e-19
2.968, 4.29422e-19
2.969, 4.29271e-19
2.97, 4.29561e-19
2.971, 4.29263e-19
2.972, 4.2966e-19
2.973, 4.29436e-19
2.974, 4.29852e-19
2.975, 4.29354e-19
2.976, 4.29422e-19
2.977, 4.29852e-19
2.978, 4.2932e-19
2.979, 4.29512e-19
2.98, 4.29532e-19
2.981, 4.29484e-19
2.982, 4.29518e-19
2.983, 4.29354e-19
2.984, 4.29346e-19
2.985, 4.29379e-19
2.986, 4.29271e-19
2.987, 4.29454e-19
2.988, 4.28992e-19
2.989, 4.2925e-19
2.99, 4.29381e-19
2.991, 4.29576e-19
2.992, 4.29324e-19
2.993, 4.29222e-19
2.994, 4.29445e-19
2.995, 4.2956e-19
2.996, 4.29771e-19
2.997, 4.29304e-19
2.998, 4.29484e-19
2.999, 4.2931e-19
3, 4.29321e-19
3.001, 4.29655e-19
3.002, 4.2932e-19
3.003, 4.29582e-19
3.004, 4.29329e-19
3.005, 4.29446e-19
3.006, 4.29155e-19
3.007, 4.29418e-19
3.008, 4.2966e-19
3.009, 4.29272e-19
3.01, 4.29344e-19
3.011, 4.28984e-19
3.012, 4.29222e-19
3.013, 4.29484e-19
3.014, 4.29201e-19
3.015, 4.29497e-19
3.016, 4.29392e-19
3.017, 4.29303e-19
3.018, 4.29564e-19
3.019, 4.2955e-19
3.02, 4.29397e-19
3.021, 4.29445e-19
3.022, 4.29657e-19
3.023, 4.29533e-19
3.024, 4.29499e-19
3.025, 4.29317e-19
3.026, 4.29512e-19
3.027, 4.29717e-19
3.028, 4.29541e-19
3.029, 4.29455e-19
3.03, 4.29658e-19
3.031, 4.2949e-19
3.032, 4.29476e-19
3.033, 4.29518e-19
3.034, 4.29555e-19
3.035, 4.29561e-19
3.036, 4.29632e-19
3.037, 4.29423e-19
3.038, 4.29415e-19
3.039, 4.29422e-19
3.04, 4.29354e-19
3.041, 4.2932e-19
3.042, 4.29286e-19
3.043, 4.2932e-19
3.044, 4.29476e-19
3.045, 4.29512e-19
3.046, 4.29272e-19
3.047, 4.29852e-19
3.048, 4.29354e-19
3.049, 4.29535e-19
3.05, 4.29575e-19
3.051, 4.29165e-19
3.052, 4.29632e-19
3.053, 4.28871e-19
3.054, 4.29464e-19
3.055, 4.29763e-19
3.056, 4.29343e-19
3.057, 4.2961e-19
3.058, 4.29274e-19
3.059, 4.29426e-19
3.06, 4.29484e-19
3.061, 4.2936e-19
3.062, 4.29426e-19
3.063, 4.29484e-19
3.064, 4.29427e-19
3.065, 4.29595e-19
3.066, 4.29505e-19
3.067, 4.29141e-19
3.068, 4.29223e-19
3.069, 4.29683e-19
3.07, 4.29693e-19
3.071, 4.29743e-19
3.072, 4.29464e-19
3.073, 4.29437e-19
3.074, 4.29209e-19
3.075, 4.29556e-19
3.076, 4.29165e-19
3.077, 4.29435e-19
3.078, 4.29201e-19
3.079, 4.29582e-19
3.08, 4.29369e-19
3.081, 4.29563e-19
3.082, 4.29445e-19
3.083, 4.29609e-19
3.084, 4.29052e-19
3.085, 4.29422e-19
3.086, 4.29271e-19
3.087, 4.29427e-19
3.088, 4.29374e-19
3.089, 4.29381e-19
3.09, 4.29286e-19
3.091, 4.29575e-19
3.092, 4.29052e-19
3.093, 4.29659e-19
3.094, 4.29571e-19
3.095, 4.2972e-19
3.096, 4.29504e-19
3.097, 4.29561e-19
3.098, 4.29464e-19
3.099, 4.29213e-19
3.1, 4.29286e-19
3.101, 4.29575e-19
3.102, 4.2936e-19
3.103, 4.29427e-19
3.104, 4.29321e-19
3.105, 4.2942e-19
3.106, 4.29448e-19
3.107, 4.29632e-19
3.108, 4.29263e-19
3.109, 4.29167e-19
3.11, 4.29223e-19
3.111, 4.295e-19
3.112, 4.29342e-19
3.113, 4.29312e-19
3.114, 4.29311e-19
3.115, 4.2927e-19
3.116, 4.29348e-19
3.117, 4.29271e-19
3.118, 4.29449e-19
3.119, 4.29621e-19
3.12, 4.29418e-19
3.121, 4.29454e-19
3.122, 4.29332e-19
3.123, 4.29484e-19
3.124, 4.29343e-19
3.125, 4.29488e-19
3.126, 4.29232e-19
3.127, 4.29683e-19
3.128, 4.29335e-19
3.129, 4.29639e-19
3.13, 4.29541e-19
3.131, 4.294e-19
3.132, 4.29248e-19
3.133, 4.29598e-19
3.134, 4.2949e-19
3.135, 4.29379e-19
3.136, 4.29656e-19
3.137, 4.29471e-19
3.138, 4.29504e-19
3.139, 4.29416e-19
3.14, 4.29446e-19
3.141, 4.29052e-19
3.142, 4.29582e-19
3.143, 4.2954e-19
3.144, 4.2942e-19
3.145, 4.29474e-19
3.146, 4.29485e-19
3.147, 4.29164e-19
3.148, 4.29328e-19
3.149, 4.29837e-19
3.15, 4.29509e-19
3.151, 4.29504e-19
3.152, 4.297e-19
3.153, 4.29302e-19
3.154, 4.2942e-19
3.155, 4.29229e-19
3.156, 4.29552e-19
3.157, 4.29201e-19
3.158, 4.29384e-19
3.159, 4.29392e-19
3.16, 4.2956e-19
3.161, 4.29385e-19
3.162, 4.29249e-19
3.163, 4.29293e-19
3.164, 4.29569e-19
3.165, 4.29499e-19
3.166, 4.2962e-19
3.167, 4.29467e-19
3.168, 4.29449e-19
3.169, 4.29563e-19
3.17, 4.29223e-19
3.171, 4.2975e-19
3.172, 4.29341e-19
3.173, 4.29407e-19
3.174, 4.29354e-19
3.175, 4.29422e-19
3.176, 4.29852e-19
3.177, 4.29346e-19
3.178, 4.29309e-19
3.179, 4.29427e-19
3.18, 4.29422e-19
3.181, 4.29422e-19
3.182, 4.29346e-19
3.183, 4.29582e-19
3.184, 4.29369e-19
3.185, 4.2948e-19
3.186, 4.29201e-19
3.187, 4.29445e-19
3.188, 4.29657e-19
3.189, 4.29275e-19
3.19, 4.29587e-19
3.191, 4.29575e-19
3.192, 4.29575e-19
3.193, 4.29422e-19
3.194, 4.29561e-19
3.195, 4.29632e-19
3.196, 4.29208e-19
3.197, 4.2932e-19
3.198, 4.29247e-19
3.199, 4.29529e-19
3.2, 4.29575e-19
3.201, 4.29473e-19
3.202, 4.2948e-19
3.203, 4.29785e-19
3.204, 4.29541e-19
3.205, 4.29434e-19
3.206, 4.29632e-19
3.207, 4.29423e-19
3.208, 4.2926e-19
3.209, 4.29575e-19
3.21, 4.29692e-19
3.211, 4.29332e-19
3.212, 4.29457e-19
3.213, 4.29349e-19
3.214, 4.29439e-19
3.215, 4.29427e-19
3.216, 4.29321e-19
3.217, 4.2942e-19
3.218, 4.29521e-19
3.219, 4.29559e-19
3.22, 4.29461e-19
3.221, 4.29101e-19
3.222, 4.29332e-19
3.223, 4.29949e-19
3.224, 4.29673e-19
3.225, 4.29348e-19
3.226, 4.29898e-19
3.227, 4.29553e-19
3.228, 4.2948e-19
3.229, 4.29539e-19
3.23, 4.29632e-19
3.231, 4.29587e-19
3.232, 4.29459e-19
3.233, 4.29555e-19
3.234, 4.29354e-19
3.235, 4.29422e-19
3.236, 4.29476e-19
3.237, 4.29512e-19
3.238, 4.28972e-19
3.239, 4.29286e-19
3.24, 4.29575e-19
3.241, 4.29165e-19
3.242, 4.29676e-19
3.243, 4.29512e-19
3.244, 4.29263e-19
3.245, 4.29559e-19
3.246, 4.29504e-19
3.247, 4.29661e-19
3.248, 4.29232e-19
3.249, 4.29354e-19
3.25, 4.29379e-19
3.251, 4.29303e-19
3.252, 4.29121e-19
3.253, 4.29286e-19
3.254, 4.29336e-19
3.255, 4.29514e-19
3.256, 4.29837e-19
3.257, 4.29337e-19
3.258, 4.29286e-19
3.259, 4.29581e-19
3.26, 4.29717e-19
3.261, 4.2949e-19
3.262, 4.29164e-19
3.263, 4.29354e-19
3.264, 4.29422e-19
3.265, 4.2932e-19
3.266, 4.29044e-19
3.267, 4.29229e-19
3.268, 4.29364e-19
3.269, 4.29577e-19
3.27, 4.29422e-19
3.271, 4.2932e-19
3.272, 4.2955e-19
3.273, 4.29257e-19
3.274, 4.29384e-19
3.275, 4.29512e-19
3.276, 4.29584e-19
3.277, 4.29268e-19
3.278, 4.29561e-19
3.279, 4.29717e-19
3.28, 4.29349e-19
3.281, 4.2966e-19
3.282, 4.29248e-19
3.283, 4.29526e-19
3.284, 4.2936e-19
3.285, 4.29485e-19
3.286, 4.29551e-19
3.287, 4.29334e-19
3.288, 4.29427e-19
3.289, 4.29321e-19
3.29, 4.295e-19
3.291, 4.29286e-19
3.292, 4.2936e-19
3.293, 4.29476e-19
3.294, 4.29512e-19
3.295, 4.29785e-19
3.296, 4.29509e-19
3.297, 4.29167e-19
3.298, 4.29446e-19
3.299, 4.29052e-19
3.3, 4.2959e-19
3.301, 4.29203e-19
3.302, 4.29248e-19
3.303, 4.29456e-19
3.304, 4.29287e-19
3.305, 4.29595e-19
3.306, 4.29719e-19
3.307, 4.29001e-19
3.308, 4.29283e-19
3.309, 4.29439e-19
3.31, 4.29426e-19
3.311, 4.29512e-19
3.312, 4.29338e-19
3.313, 4.29717e-19
3.314, 4.29397e-19
3.315, 4.29491e-19
3.316, 4.29387e-19
3.317, 4.29422e-19
3.318, 4.29309e-19
3.319, 4.29561e-19
3.32, 4.29464e-19
3.321, 4.29539e-19
3.322, 4.29514e-19
3.323, 4.2945e-19
3.324, 4.29381e-19
3.325, 4.29476e-19
3.326, 4.29354e-19
3.327, 4.29422e-19
3.328, 4.29426e-19
3.329, 4.29518e-19
3.33, 4.29505e-19
3.331, 4.29052e-19
3.332, 4.2932e-19
3.333, 4.29497e-19
3.334, 4.29505e-19
3.335, 4.29346e-19
3.336, 4.2937e-19
3.337, 4.29268e-19
3.338, 4.2972e-19
3.339, 4.29229e-19
3.34, 4.29659e-19
3.341, 4.29192e-19
3.342, 4.29451e-19
3.343, 4.29785e-19
3.344, 4.29354e-19
3.345, 4.29575e-19
3.346, 4.29692e-19
3.347, 4.29332e-19
3.348, 4.29497e-19
3.349, 4.29521e-19
3.35, 4.29719e-19
3.351, 4.29415e-19
3.352, 4.29455e-19
3.353, 4.29052e-19
3.354, 4.29422e-19
3.355, 4.2973e-19
3.356, 4.29146e-19
3.357, 4.29164e-19
3.358, 4.29684e-19
3.359, 4.29321e-19
3.36, 4.29328e-19
3.361, 4.29656e-19
3.362, 4.29415e-19
3.363, 4.2949e-19
3.364, 4.2944e-19
3.365, 4.2936e-19
3.366, 4.29332e-19
3.367, 4.29526e-19
3.368, 4.29232e-19
3.369, 4.29592e-19
3.37, 4.29509e-19
3.371, 4.29201e-19
3.372, 4.2937e-19
3.373, 4.29362e-19
3.374, 4.29439e-19
3.375, 4.29052e-19
3.376, 4.29052e-19
3.377, 4.29456e-19
3.378, 4.295e-19
3.379, 4.29665e-19
3.38, 4.29676e-19
3.381, 4.29052e-19
3.382, 4.29303e-19
3.383, 4.2932e-19
3.384, 4.29439e-19
3.385, 4.29592e-19
3.386, 4.2932e-19
3.387, 4.29044e-19
3.388, 4.29445e-19
3.389, 4.29659e-19
3.39, 4.29208e-19
3.391, 4.29052e-19
3.392, 4.29609e-19
3.393, 4.29519e-19
3.394, 4.29715e-19
3.395, 4.29484e-19
3.396, 4.29518e-19
3.397, 4.29381e-19
3.398, 4.28972e-19
3.399, 4.29186e-19
3.4, 4.2941e-19
3.401, 4.29742e-19
3.402, 4.29509e-19
3.403, 4.29561e-19
3.404, 4.29564e-19
3.405, 4.29283e-19
3.406, 4.29418e-19
3.407, 4.29155e-19
3.408, 4.29595e-19
3.409, 4.29563e-19
3.41, 4.29349e-19
3.411, 4.29286e-19
3.412, 4.29312e-19
3.413, 4.29422e-19
3.414, 4.29695e-19
3.415, 4.29526e-19
3.416, 4.29254e-19
3.417, 4.29533e-19
3.418, 4.29454e-19
3.419, 4.29391e-19
3.42, 4.29512e-19
3.421, 4.29423e-19
3.422, 4.29037e-19
3.423, 4.29592e-19
3.424, 4.29415e-19
3.425, 4.29338e-19
3.426, 4.2961e-19
3.427, 4.29765e-19
3.428, 4.2927e-19
3.429, 4.29044e-19
3.43, 4.29575e-19
3.431, 4.29052e-19
3.432, 4.29476e-19
3.433, 4.29518e-19
3.434, 4.29558e-19
3.435, 4.29575e-19
3.436, 4.29676e-19
3.437, 4.29464e-19
3.438, 4.29274e-19
3.439, 4.29362e-19
3.44, 4.29422e-19
3.441, 4.29632e-19
3.442, 4.28871e-19
3.443, 4.29464e-19
3.444, 4.29385e-19
3.445, 4.29538e-19
3.446, 4.29592e-19
3.447, 4.29561e-19
3.448, 4.29538e-19
3.449, 4.29302e-19
3.45, 4.29292e-19
3.451, 4.29427e-19
3.452, 4.29165e-19
3.453, 4.29165e-19
3.454, 4.29427e-19
3.455, 4.29683e-19
3.456, 4.29473e-19
3.457, 4.29717e-19
3.458, 4.29484e-19
3.459, 4.29488e-19
3.46, 4.29426e-19
3.461, 4.29484e-19
3.462, 4.29427e-19
3.463, 4.29427e-19
3.464, 4.2956e-19
3.465, 4.29655e-19
3.466, 4.2926e-19
3.467, 4.29575e-19
3.468, 4.29427e-19
3.469, 4.29692e-19
3.47, 4.29384e-19
3.471, 4.29529e-19
3.472, 4.29434e-19
3.473, 4.29743e-19
3.474, 4.29381e-19
3.475, 4.29348e-19
3.476, 4.29167e-19
3.477, 4.29223e-19
3.478, 4.29488e-19
3.479, 4.29683e-19
3.48, 4.29217e-19
3.481, 4.2948e-19
3.482, 4.29236e-19
3.483, 4.29404e-19
3.484, 4.29505e-19
3.485, 4.29499e-19
3.486, 4.29161e-19
3.487, 4.29232e-19
3.488, 4.2956e-19
3.489, 4.29595e-19
3.49, 4.29407e-19
3.491, 4.29682e-19
3.492, 4.29717e-19
3.493, 4.29201e-19
3.494, 4.29559e-19
3.495, 4.29224e-19
3.496, 4.29683e-19
3.497, 4.29335e-19
3.498, 4.29442e-19
3.499, 4.29445e-19
3.5, 4.29533e-19
3.501, 4.29367e-19
3.502, 4.29134e-19
3.503, 4.29738e-19
3.504, 4.29642e-19
3.505, 4.29506e-19
3.506, 4.2949e-19
3.507, 4.29375e-19
3.508, 4.29431e-19
3.509, 4.29636e-19
3.51, 4.2936e-19
3.511, 4.29326e-19
3.512, 4.29536e-19
3.513, 4.29575e-19
3.514, 4.29559e-19
3.515, 4.29364e-19
3.516, 4.29505e-19
3.517, 4.29449e-19
3.518, 4.29583e-19
3.519, 4.29591e-19
3.52, 4.29687e-19
3.521, 4.29417e-19
3.522, 4.2895e-19
3.523, 4.29321e-19
3.524, 4.29327e-19
3.525, 4.29392e-19
3.526, 4.29519e-19
3.527, 4.29445e-19
3.528, 4.2972e-19
3.529, 4.29708e-19
3.53, 4.29585e-19
3.531, 4.29494e-19
3.532, 4.29611e-19
3.533, 4.29163e-19
3.534, 4.2927e-19
3.535, 4.29497e-19
3.536, 4.29317e-19
3.537, 4.29558e-19
3.538, 4.29327e-19
3.539, 4.29505e-19
3.54, 4.29498e-19
3.541, 4.29575e-19
3.542, 4.29692e-19
3.543, 4.29548e-19
3.544, 4.29548e-19
3.545, 4.29471e-19
3.546, 4.29502e-19
3.547, 4.29508e-19
3.548, 4.29249e-19
3.549, 4.29552e-19
3.55, 4.29472e-19
3.551, 4.29713e-19
3.552, 4.29346e-19
3.553, 4.29651e-19
3.554, 4.29381e-19
3.555, 4.2961e-19
3.556, 4.29523e-19
3.557, 4.29481e-19
3.558, 4.29141e-19
3.559, 4.29503e-19
3.56, 4.29692e-19
3.561, 4.29459e-19
3.562, 4.29327e-19
3.563, 4.29346e-19
3.564, 4.29311e-19
3.565, 4.29362e-19
3.566, 4.29528e-19
3.567, 4.29384e-19
3.568, 4.29288e-19
3.569, 4.29311e-19
3.57, 4.29615e-19
3.571, 4.29529e-19
3.572, 4.29538e-19
3.573, 4.29454e-19
3.574, 4.29671e-19
3.575, 4.29587e-19
3.576, 4.2939e-19
3.577, 4.28998e-19
3.578, 4.29743e-19
3.579, 4.29764e-19
3.58, 4.29298e-19
3.581, 4.29416e-19
3.582, 4.29419e-19
3.583, 4.28956e-19
3.584, 4.29422e-19
3.585, 4.29437e-19
3.586, 4.29782e-19
3.587, 4.29559e-19
3.588, 4.29671e-19
3.589, 4.29198e-19
3.59, 4.29471e-19
3.591, 4.2927e-19
3.592, 4.29663e-19
3.593, 4.29632e-19
3.594, 4.2945e-19
3.595, 4.29204e-19
3.596, 4.29533e-19
3.597, 4.29277e-19
3.598, 4.29392e-19
3.599, 4.29155e-19
3.6, 4.29554e-19
3.601, 4.29324e-19
3.602, 4.29459e-19
3.603, 4.29439e-19
3.604, 4.29673e-19
3.605, 4.29564e-19
3.606, 4.29375e-19
3.607, 4.29559e-19
3.608, 4.29715e-19
3.609, 4.29232e-19
3.61, 4.29346e-19
3.611, 4.29126e-19
3.612, 4.29541e-19
3.613, 4.29622e-19
3.614, 4.29397e-19
3.615, 4.29462e-19
3.616, 4.28972e-19
3.617, 4.2949e-19
3.618, 4.29284e-19
3.619, 4.29208e-19
3.62, 4.2932e-19
3.621, 4.29164e-19
3.622, 4.2925e-19
3.623, 4.29717e-19
3.624, 4.29742e-19
3.625, 4.29348e-19
3.626, 4.29332e-19
3.627, 4.29165e-19
3.628, 4.29271e-19
3.629, 4.29304e-19
3.63, 4.29239e-19
3.631, 4.29251e-19
3.632, 4.29557e-19
3.633, 4.29319e-19
3.634, 4.29217e-19
3.635, 4.29395e-19
3.636, 4.29383e-19
3.637, 4.29427e-19
3.638, 4.29344e-19
3.639, 4.29131e-19
3.64, 4.2955e-19
3.641, 4.29566e-19
3.642, 4.29203e-19
3.643, 4.2966e-19
3.644, 4.29627e-19
3.645, 4.29359e-19
3.646, 4.29269e-19
3.647, 4.29305e-19
3.648, 4.29497e-19
3.649, 4.29165e-19
3.65, 4.29676e-19
3.651, 4.29395e-19
3.652, 4.29561e-19
3.653, 4.29339e-19
3.654, 4.29396e-19
3.655, 4.29512e-19
3.656, 4.29382e-19
3.657, 4.29627e-19
3.658, 4.29232e-19
3.659, 4.29434e-19
3.66, 4.29205e-19
3.661, 4.29504e-19
3.662, 4.2954e-19
3.663, 4.29149e-19
3.664, 4.29549e-19
3.665, 4.29312e-19
3.666, 4.29497e-19
3.667, 4.28972e-19
3.668, 4.29603e-19
3.669, 4.29237e-19
3.67, 4.29585e-19
3.671, 4.29573e-19
3.672, 4.29336e-19
3.673, 4.2959e-19
3.674, 4.29376e-19
3.675, 4.29237e-19
3.676, 4.29659e-19
3.677, 4.2932e-19
3.678, 4.29415e-19
3.679, 4.29513e-19
3.68, 4.29423e-19
3.681, 4.29383e-19
3.682, 4.29512e-19
3.683, 4.29632e-19
3.684, 4.29208e-19
3.685, 4.29815e-19
3.686, 4.29417e-19
3.687, 4.29161e-19
3.688, 4.29771e-19
3.689, 4.29418e-19
3.69, 4.29546e-19
3.691, 4.29129e-19
3.692, 4.29554e-19
3.693, 4.29263e-19
3.694, 4.2938e-19
3.695, 4.29852e-19
3.696, 4.29541e-19
3.697, 4.29267e-19
3.698, 4.29527e-19
3.699, 4.2933e-19
3.7, 4.29354e-19
3.701, 4.29345e-19
3.702, 4.29446e-19
3.703, 4.29333e-19
3.704, 4.29302e-19
3.705, 4.29397e-19
3.706, 4.2928e-19
3.707, 4.29663e-19
3.708, 4.29464e-19
3.709, 4.29399e-19
3.71, 4.29371e-19
3.711, 4.28886e-19
3.712, 4.29486e-19
3.713, 4.29395e-19
3.714, 4.29455e-19
3.715, 4.29174e-19
3.716, 4.29591e-19
3.717, 4.29159e-19
3.718, 4.29642e-19
3.719, 4.29462e-19
3.72, 4.29227e-19
3.721, 4.29202e-19
3.722, 4.29016e-19
3.723, 4.29165e-19
3.724, 4.29425e-19
3.725, 4.29583e-19
3.726, 4.29587e-19
3.727, 4.29548e-19
3.728, 4.29529e-19
3.729, 4.29512e-19
3.73, 4.29445e-19
3.731, 4.29368e-19
3.732, 4.29577e-19
3.733, 4.29424e-19
3.734, 4.29395e-19
3.735, 4.29518e-19
3.736, 4.29564e-19
3.737, 4.29444e-19
3.738, 4.29116e-19
3.739, 4.29598e-19
3.74, 4.29432e-19
3.741, 4.29167e-19
3.742, 4.29339e-19
3.743, 4.29348e-19
3.744, 4.29201e-19
3.745, 4.2937e-19
3.746, 4.29268e-19
3.747, 4.29859e-19
3.748, 4.29175e-19
3.749, 4.2931e-19
3.75, 4.29401e-19
3.751, 4.29573e-19
3.752, 4.2948e-19
3.753, 4.29904e-19
3.754, 4.29159e-19
3.755, 4.29422e-19
3.756, 4.29266e-19
3.757, 4.29566e-19
3.758, 4.2931e-19
3.759, 4.2939e-19
3.76, 4.29169e-19
3.761, 4.29262e-19
3.762, 4.29529e-19
3.763, 4.29546e-19
3.764, 4.2929e-19
3.765, 4.29532e-19
3.766, 4.29471e-19
3.767, 4.29444e-19
3.768, 4.29497e-19
3.769, 4.297e-19
3.77, 4.29404e-19
3.771, 4.29575e-19
3.772, 4.29595e-19
3.773, 4.2954e-19
3.774, 4.29568e-19
3.775, 4.29623e-19
3.776, 4.29381e-19
3.777, 4.2933e-19
3.778, 4.29349e-19
3.779, 4.29427e-19
3.78, 4.29423e-19
3.781, 4.29443e-19
3.782, 4.29427e-19
3.783, 4.29207e-19
3.784, 4.29809e-19
3.785, 4.29519e-19
3.786, 4.29461e-19
3.787, 4.2949e-19
3.788, 4.29416e-19
3.789, 4.29552e-19
3.79, 4.29122e-19
3.791, 4.29364e-19
3.792, 4.29863e-19
3.793, 4.2927e-19
3.794, 4.29381e-19
3.795, 4.29601e-19
3.796, 4.2953e-19
3.797, 4.29398e-19
3.798, 4.29396e-19
3.799, 4.2954e-19
3.8, 4.29268e-19
3.801, 4.29505e-19
3.802, 4.29447e-19
3.803, 4.29514e-19
3.804, 4.2933e-19
3.805, 4.29541e-19
3.806, 4.29201e-19
3.807, 4.29311e-19
3.808, 4.29292e-19
3.809, 4.2952e-19
3.81, 4.29622e-19
3.811, 4.29543e-19
3.812, 4.29575e-19
3.813, 4.29201e-19
3.814, 4.29509e-19
3.815, 4.29587e-19
3.816, 4.29733e-19
3.817, 4.2962e-19
3.818, 4.2954e-19
3.819, 4.29742e-19
3.82, 4.29545e-19
3.821, 4.29364e-19
3.822, 4.29262e-19
3.823, 4.29327e-19
3.824, 4.29392e-19
3.825, 4.29692e-19
3.826, 4.29332e-19
3.827, 4.29309e-19
3.828, 4.29907e-19
3.829, 4.29335e-19
3.83, 4.2939e-19
3.831, 4.29577e-19
3.832, 4.29595e-19
3.833, 4.29122e-19
3.834, 4.29684e-19
3.835, 4.29548e-19
3.836, 4.29354e-19
3.837, 4.29439e-19
3.838, 4.29619e-19
3.839, 4.29482e-19
3.84, 4.29921e-19
3.841, 4.29302e-19
3.842, 4.29676e-19
3.843, 4.2956e-19
3.844, 4.29524e-19
3.845, 4.29202e-19
3.846, 4.29328e-19
3.847, 4.29427e-19
3.848, 4.29197e-19
3.849, 4.2956e-19
3.85, 4.29621e-19
3.851, 4.29421e-19
3.852, 4.29309e-19
3.853, 4.29333e-19
3.854, 4.29202e-19
3.855, 4.29116e-19
3.856, 4.29676e-19
3.857, 4.29486e-19
3.858, 4.2979e-19
3.859, 4.29248e-19
3.86, 4.29354e-19
3.861, 4.29676e-19
3.862, 4.28972e-19
3.863, 4.29327e-19
3.864, 4.29471e-19
3.865, 4.29541e-19
3.866, 4.29522e-19
3.867, 4.2956e-19
3.868, 4.29427e-19
3.869, 4.29146e-19
3.87, 4.29223e-19
3.871, 4.29582e-19
3.872, 4.29176e-19
3.873, 4.29396e-19
3.874, 4.29273e-19
3.875, 4.29421e-19
3.876, 4.2956e-19
3.877, 4.29399e-19
3.878, 4.29357e-19
3.879, 4.29936e-19
3.88, 4.29355e-19
3.881, 4.29505e-19
3.882, 4.29354e-19
3.883, 4.2928e-19
3.884, 4.29443e-19
3.885, 4.29506e-19
3.886, 4.29354e-19
3.887, 4.29422e-19
3.888, 4.29218e-19
3.889, 4.2926e-19
3.89, 4.29517e-19
3.891, 4.29262e-19
3.892, 4.29052e-19
3.893, 4.29852e-19
3.894, 4.29541e-19
3.895, 4.29223e-19
3.896, 4.29703e-19
3.897, 4.2949e-19
3.898, 4.29656e-19
3.899, 4.29381e-19
3.9, 4.29326e-19
3.901, 4.29236e-19
3.902, 4.29426e-19
3.903, 4.29403e-19
3.904, 4.29294e-19
3.905, 4.29484e-19
3.906, 4.29656e-19
3.907, 4.29435e-19
3.908, 4.29517e-19
3.909, 4.29344e-19
3.91, 4.29717e-19
3.911, 4.29195e-19
3.912, 4.29426e-19
3.913, 4.29736e-19
3.914, 4.29389e-19
3.915, 4.29852e-19
3.916, 4.29279e-19
3.917, 4.29425e-19
3.918, 4.29632e-19
3.919, 4.2969e-19
3.92, 4.29191e-19
3.921, 4.29521e-19
3.922, 4.29576e-19
3.923, 4.29596e-19
3.924, 4.29454e-19
3.925, 4.29207e-19
3.926, 4.29848e-19
3.927, 4.29452e-19
3.928, 4.29564e-19
3.929, 4.2941e-19
3.93, 4.29253e-19
3.931, 4.29403e-19
3.932, 4.29777e-19
3.933, 4.29822e-19
3.934, 4.29398e-19
3.935, 4.29596e-19
3.936, 4.29661e-19
3.937, 4.29306e-19
3.938, 4.29203e-19
3.939, 4.29594e-19
3.94, 4.29385e-19
3.941, 4.29517e-19
3.942, 4.29553e-19
3.943, 4.29418e-19
3.944, 4.29724e-19
3.945, 4.29442e-19
3.946, 4.29237e-19
3.947, 4.29566e-19
3.948, 4.29476e-19
3.949, 4.29541e-19
3.95, 4.29334e-19
3.951, 4.29312e-19
3.952, 4.29523e-19
3.953, 4.2957e-19
3.954, 4.29229e-19
3.955, 4.29347e-19
3.956, 4.29577e-19
3.957, 4.29863e-19
3.958, 4.29815e-19
3.959, 4.29482e-19
3.96, 4.2947e-19
3.961, 4.29494e-19
3.962, 4.29379e-19
3.963, 4.29132e-19
3.964, 4.29339e-19
3.965, 4.29609e-19
3.966, 4.29275e-19
3.967, 4.29632e-19
3.968, 4.29193e-19
3.969, 4.29358e-19
3.97, 4.29176e-19
3.971, 4.29471e-19
3.972, 4.29693e-19
3.973, 4.29247e-19
3.974, 4.29445e-19
3.975, 4.28999e-19
3.976, 4.29257e-19
3.977, 4.29304e-19
3.978, 4.29332e-19
3.979, 4.29652e-19
3.98, 4.29321e-19
3.981, 4.29106e-19
3.982, 4.29573e-19
3.983, 4.29658e-19
3.984, 4.29253e-19
3.985, 4.29083e-19
3.986, 4.28992e-19
3.987, 4.29562e-19
3.988, 4.29543e-19
3.989, 4.29541e-19
3.99, 4.29702e-19
3.991, 4.29662e-19
3.992, 4.29415e-19
3.993, 4.29429e-19
3.994, 4.29424e-19
3.995, 4.29721e-19
3.996, 4.29347e-19
3.997, 4.29321e-19
3.998, 4.29716e-19
3.999, 4.29425e-19
4, 4.29687e-19
4.001, 4.29138e-19
4.002, 4.29566e-19
4.003, 4.29509e-19
4.004, 4.29201e-19
4.005, 4.29497e-19
4.006, 4.29269e-19
4.007, 4.29692e-19
4.008, 4.29102e-19
4.009, 4.29592e-19
4.01, 4.29332e-19
4.011, 4.29446e-19
4.012, 4.29771e-19
4.013, 4.29311e-19
4.014, 4.29415e-19
4.015, 4.29361e-19
4.016, 4.29611e-19
4.017, 4.29372e-19
4.018, 4.29621e-19
4.019, 4.29557e-19
4.02, 4.2948e-19
4.021, 4.29201e-19
4.022, 4.29445e-19
4.023, 4.29538e-19
4.024, 4.29224e-19
4.025, 4.29657e-19
4.026, 4.29584e-19
4.027, 4.29421e-19
4.028, 4.29575e-19
4.029, 4.29303e-19
4.03, 4.28972e-19
4.031, 4.2955e-19
4.032, 4.29539e-19
4.033, 4.29541e-19
4.034, 4.29721e-19
4.035, 4.29321e-19
4.036, 4.2942e-19
4.037, 4.2961e-19
4.038, 4.29397e-19
4.039, 4.29557e-19
4.04, 4.29471e-19
4.041, 4.2927e-19
4.042, 4.29575e-19
4.043, 4.29167e-19
4.044, 4.29582e-19
4.045, 4.29524e-19
4.046, 4.2937e-19
4.047, 4.29505e-19
4.048, 4.29446e-19
4.049, 4.29476e-19
4.05, 4.29567e-19
4.051, 4.29503e-19
4.052, 4.29478e-19
4.053, 4.29717e-19
4.054, 4.29397e-19
4.055, 4.2953e-19
4.056, 4.29626e-19
4.057, 4.29243e-19
4.058, 4.29376e-19
4.059, 4.2931e-19
4.06, 4.29575e-19
4.061, 4.29691e-19
4.062, 4.29427e-19
4.063, 4.29364e-19
4.064, 4.29052e-19
4.065, 4.2932e-19
4.066, 4.29559e-19
4.067, 4.29229e-19
4.068, 4.29384e-19
4.069, 4.29381e-19
4.07, 4.29272e-19
4.071, 4.2973e-19
4.072, 4.29535e-19
4.073, 4.29541e-19
4.074, 4.29334e-19
4.075, 4.29332e-19
4.076, 4.29052e-19
4.077, 4.29659e-19
4.078, 4.29423e-19
4.079, 4.29512e-19
4.08, 4.29338e-19
4.081, 4.29717e-19
4.082, 4.2929e-19
4.083, 4.29455e-19
4.084, 4.29052e-19
4.085, 4.29364e-19
4.086, 4.29218e-19
4.087, 4.29526e-19
4.088, 4.29415e-19
4.089, 4.29505e-19
4.09, 4.29332e-19
4.091, 4.29632e-19
4.092, 4.29436e-19
4.093, 4.29659e-19
4.094, 4.29201e-19
4.095, 4.2972e-19
4.096, 4.29394e-19
4.097, 4.29324e-19
4.098, 4.29137e-19
4.099, 4.29165e-19
4.1, 4.29292e-19
4.101, 4.2936e-19
4.102, 4.29303e-19
4.103, 4.29362e-19
4.104, 4.29412e-19
4.105, 4.29665e-19
4.106, 4.29338e-19
4.107, 4.29415e-19
4.108, 4.2957e-19
4.109, 4.29596e-19
4.11, 4.29298e-19
4.111, 4.29554e-19
4.112, 4.29263e-19
4.113, 4.29581e-19
4.114, 4.29535e-19
4.115, 4.29561e-19
4.116, 4.2932e-19
4.117, 4.2965e-19
4.118, 4.2973e-19
4.119, 4.29524e-19
4.12, 4.2948e-19
4.121, 4.29593e-19
4.122, 4.29235e-19
4.123, 4.29422e-19
4.124, 4.29165e-19
4.125, 4.29427e-19
4.126, 4.29427e-19
4.127, 4.29223e-19
4.128, 4.29488e-19
4.129, 4.29427e-19
4.13, 4.29561e-19
4.131, 4.29575e-19
4.132, 4.29484e-19
4.133, 4.29381e-19
4.134, 4.29326e-19
4.135, 4.29232e-19
4.136, 4.29742e-19
4.137, 4.29422e-19
4.138, 4.29661e-19
4.139, 4.29785e-19
4.14, 4.29736e-19
4.141, 4.29575e-19
4.142, 4.29524e-19
4.143, 4.29466e-19
4.144, 4.29418e-19
4.145, 4.29469e-19
4.146, 4.29467e-19
4.147, 4.29505e-19
4.148, 4.29575e-19
4.149, 4.29526e-19
4.15, 4.29555e-19
4.151, 4.29452e-19
4.152, 4.29374e-19
4.153, 4.29591e-19
4.154, 4.29692e-19
4.155, 4.29555e-19
4.156, 4.29201e-19
4.157, 4.29321e-19
4.158, 4.29292e-19
4.159, 4.29506e-19
4.16, 4.29528e-19
4.161, 4.2951e-19
4.162, 4.29551e-19
4.163, 4.29564e-19
4.164, 4.29484e-19
4.165, 4.29391e-19
4.166, 4.29427e-19
4.167, 4.29676e-19
4.168, 4.29518e-19
4.169, 4.2931e-19
4.17, 4.29476e-19
4.171, 4.29201e-19
4.172, 4.29497e-19
4.173, 4.29245e-19
4.174, 4.29521e-19
4.175, 4.29302e-19
4.176, 4.29553e-19
4.177, 4.29561e-19
4.178, 4.29509e-19
4.179, 4.29561e-19
4.18, 4.28972e-19
4.181, 4.29286e-19
4.182, 4.29052e-19
4.183, 4.29609e-19
4.184, 4.29519e-19
4.185, 4.29715e-19
4.186, 4.29229e-19
4.187, 4.29422e-19
4.188, 4.2941e-19
4.189, 4.29348e-19
4.19, 4.29332e-19
4.191, 4.29446e-19
4.192, 4.29303e-19
4.193, 4.2932e-19
4.194, 4.29439e-19
4.195, 4.29426e-19
4.196, 4.29512e-19
4.197, 4.29632e-19
4.198, 4.2926e-19
4.199, 4.29052e-19
4.2, 4.29609e-19
4.201, 4.29052e-19
4.202, 4.29364e-19
4.203, 4.29595e-19
4.204, 4.297e-19
4.205, 4.2929e-19
4.206, 4.29052e-19
4.207, 4.29154e-19
4.208, 4.29728e-19
4.209, 4.29646e-19
4.21, 4.29415e-19
4.211, 4.29345e-19
4.212, 4.29484e-19
4.213, 4.29455e-19
4.214, 4.29575e-19
4.215, 4.29575e-19
4.216, 4.29201e-19
4.217, 4.2937e-19
4.218, 4.29268e-19
4.219, 4.29354e-19
4.22, 4.29332e-19
4.221, 4.2942e-19
4.222, 4.2934e-19
4.223, 4.29302e-19
4.224, 4.29692e-19
4.225, 4.29332e-19
4.226, 4.29503e-19
4.227, 4.29514e-19
4.228, 4.29429e-19
4.229, 4.29201e-19
4.23, 4.29283e-19
4.231, 4.29535e-19
4.232, 4.29332e-19
4.233, 4.29328e-19
4.234, 4.29566e-19
4.235, 4.29398e-19
4.236, 4.29275e-19
4.237, 4.29592e-19
4.238, 4.29422e-19
4.239, 4.29427e-19
4.24, 4.2937e-19
4.241, 4.29505e-19
4.242, 4.29418e-19
4.243, 4.29416e-19
4.244, 4.29575e-19
4.245, 4.29354e-19
4.246, 4.29575e-19
4.247, 4.29427e-19
4.248, 4.29427e-19
4.249, 4.2966e-19
4.25, 4.29473e-19
4.251, 4.29275e-19
4.252, 4.29426e-19
4.253, 4.29518e-19
4.254, 4.29518e-19
4.255, 4.29422e-19
4.256, 4.29454e-19
4.257, 4.29632e-19
4.258, 4.2945e-19
4.259, 4.29898e-19
4.26, 4.29595e-19
4.261, 4.29526e-19
4.262, 4.29717e-19
4.263, 4.29369e-19
4.264, 4.2948e-19
4.265, 4.2924e-19
4.266, 4.29492e-19
4.267, 4.294e-19
4.268, 4.29683e-19
4.269, 4.29454e-19
4.27, 4.29464e-19
4.271, 4.29199e-19
4.272, 4.29418e-19
4.273, 4.29303e-19
4.274, 4.29302e-19
4.275, 4.29498e-19
4.276, 4.29427e-19
4.277, 4.29354e-19
4.278, 4.29422e-19
4.279, 4.29505e-19
4.28, 4.29446e-19
4.281, 4.29167e-19
4.282, 4.29394e-19
4.283, 4.29201e-19
4.284, 4.29422e-19
4.285, 4.29561e-19
4.286, 4.28972e-19
4.287, 4.29532e-19
4.288, 4.2942e-19
4.289, 4.29301e-19
4.29, 4.29397e-19
4.291, 4.29551e-19
4.292, 4.29455e-19
4.293, 4.29558e-19
4.294, 4.29575e-19
4.295, 4.29499e-19
4.296, 4.29471e-19
4.297, 4.29852e-19
4.298, 4.29201e-19
4.299, 4.29497e-19
4.3, 4.29292e-19
4.301, 4.29217e-19
4.302, 4.29575e-19
4.303, 4.29595e-19
4.304, 4.29551e-19
4.305, 4.29611e-19
4.306, 4.29167e-19
4.307, 4.29595e-19
4.308, 4.29248e-19
4.309, 4.2939e-19
4.31, 4.29369e-19
4.311, 4.2908e-19
4.312, 4.29561e-19
4.313, 4.29632e-19
4.314, 4.29407e-19
4.315, 4.29439e-19
4.316, 4.29524e-19
4.317, 4.29138e-19
4.318, 4.2956e-19
4.319, 4.29381e-19
4.32, 4.29632e-19
4.321, 4.29504e-19
4.322, 4.29445e-19
4.323, 4.29427e-19
4.324, 4.29595e-19
4.325, 4.2926e-19
4.326, 4.2932e-19
4.327, 4.29347e-19
4.328, 4.29473e-19
4.329, 4.29658e-19
4.33, 4.29354e-19
4.331, 4.29321e-19
4.332, 4.29402e-19
4.333, 4.29155e-19
4.334, 4.29595e-19
4.335, 4.29678e-19
4.336, 4.29757e-19
4.337, 4.29292e-19
4.338, 4.29335e-19
4.339, 4.29286e-19
4.34, 4.29464e-19
4.341, 4.29785e-19
