sim_time, unit_box_Custom?world_angular_acceleration/y
0.001, -5.34977
0.002, 10.4875
0.003, 2.55294
0.004, -13.562
0.005, -1.26494
0.006, 12.2272
0.007, 2.37104
0.008, -13.2322
0.009, -1.51453
0.01, 12.5912
0.011, 2.07712
0.012, -12.9995
0.013, -1.71548
0.014, 12.7579
0.015, 1.93331
0.016, -12.8997
0.017, -1.8045
0.018, 12.8184
0.019, 1.87887
0.02, -12.8647
0.021, -1.83636
0.022, 12.8386
0.023, 1.86048
0.024, -12.8533
0.025, -1.84689
0.026, 12.845
0.027, 1.85454
0.028, -12.8496
0.029, -1.85029
0.03, 12.847
0.031, 1.85267
0.032, -12.8484
0.033, -1.85139
0.034, 12.8477
0.035, 1.85208
0.036, -12.848
0.037, -1.85175
0.038, 12.8479
0.039, 1.85188
0.04, -12.8479
0.041, -1.85186
0.042, 12.8479
0.043, 1.85181
0.044, -12.8479
0.045, -1.8519
0.046, 12.848
0.047, 1.85178
0.048, -12.8478
0.049, -1.85192
0.05, 12.848
0.051, 1.85176
0.052, -12.8478
0.053, -1.85193
0.054, 12.848
0.055, 1.85175
0.056, -12.8478
0.057, -1.85193
0.058, 12.848
0.059, 1.85174
0.06, -12.8478
0.061, -1.85194
0.062, 12.848
0.063, 1.85173
0.064, -12.8478
0.065, -1.85194
0.066, 12.848
0.067, 1.85172
0.068, -12.8478
0.069, -1.85194
0.07, 12.8481
0.071, 1.8517
0.072, -12.8478
0.073, -1.85195
0.074, 12.8481
0.075, 1.85169
0.076, -12.8478
0.077, -1.85195
0.078, 12.8481
0.079, 1.85168
0.08, -12.8478
0.081, -1.85196
0.082, 12.8481
0.083, 1.85167
0.084, -12.8478
0.085, -1.85196
0.086, 12.8481
0.087, 1.85166
0.088, -12.8478
0.089, -1.85196
0.09, 12.8481
0.091, 1.85165
0.092, -12.8478
0.093, -1.85197
0.094, 12.848
0.095, 1.85179
0.096, -12.8475
0.097, -1.85253
0.098, 12.8473
0.099, 1.85273
0.1, -12.846
0.101, -1.85437
0.102, 12.782
0.103, 1.98467
0.104, -13.5216
0.105, 3.20286
0.106, 5.7741
0.107, 5.34691
0.108, -16.4001
0.109, -1.81643
0.11, 19.9617
0.111, 1.51461e-28
0.112, -22.0274
0.113, 10.6442
0.114, 4.19182
0.115, -2.01367
0.116, -0.753259
0.117, -0.00699753
0.118, -0.00151067
0.119, 0.00740122
0.12, -0.00859538
0.121, 0.00906319
0.122, -0.00920367
0.123, 0.00917397
0.124, -0.00936441
0.125, 0.00951293
0.126, -0.00940384
0.127, 0.00928435
0.128, -0.00941357
0.129, 0.00954027
0.13, -0.009416
0.131, 0.00929108
0.132, -0.00941656
0.133, 0.00954193
0.134, -0.00941675
0.135, 0.00929149
0.136, -0.00941675
0.137, 0.00954203
0.138, -0.00941679
0.139, 0.00929151
0.14, -0.00941676
0.141, 0.00954204
0.142, -0.00941679
0.143, 0.00929151
0.144, -0.00941676
0.145, 0.00954204
0.146, -0.00941679
0.147, 0.00929151
0.148, -0.00941676
0.149, 0.00954204
0.15, -0.00941679
0.151, 0.00929151
0.152, -0.00941676
0.153, 0.00954204
0.154, -0.00941679
0.155, 0.00929151
0.156, -0.00941676
0.157, 0.00954204
0.158, -0.00941679
0.159, 0.00929151
0.16, -0.00941676
0.161, 0.00954204
0.162, -0.00941679
0.163, 0.00929151
0.164, -0.00941676
0.165, 0.00954204
0.166, -0.00941679
0.167, 0.00929151
0.168, -0.00941676
0.169, 0.00954204
0.17, -0.00941679
0.171, 0.00929151
0.172, -0.00941676
0.173, 0.00954204
0.174, -0.00941679
0.175, 0.00929151
0.176, -0.00941676
0.177, 0.00954204
0.178, -0.00941679
0.179, 0.00929151
0.18, -0.00941676
0.181, 0.00954204
0.182, -0.00941679
0.183, 0.00929151
0.184, -0.00941676
0.185, 0.00954204
0.186, -0.00941679
0.187, 0.00929151
0.188, -0.00941676
0.189, 0.00954204
0.19, -0.00941679
0.191, 0.00929151
0.192, -0.00941676
0.193, 0.00954204
0.194, -0.00941679
0.195, 0.00929151
0.196, -0.00941676
0.197, 0.00954204
0.198, -0.00941679
0.199, 0.00929151
0.2, -0.00941676
0.201, 0.00954204
0.202, -0.00941679
0.203, 0.00929151
0.204, -0.00941676
0.205, 0.00954204
0.206, -0.00941679
0.207, 0.00929151
0.208, -0.00941676
0.209, 0.00954204
0.21, -0.00941679
0.211, 0.00929151
0.212, -0.00941676
0.213, 0.00954204
0.214, -0.00941679
0.215, 0.00929151
0.216, -0.00941676
0.217, 0.00954204
0.218, -0.00941679
0.219, 0.00929151
0.22, -0.00941676
0.221, 0.00954204
0.222, -0.00941679
0.223, 0.00929151
0.224, -0.00941676
0.225, 0.00954204
0.226, -0.00941679
0.227, 0.00929151
0.228, -0.00941676
0.229, 0.00954204
0.23, -0.00941679
0.231, 0.00929151
0.232, -0.00941676
0.233, 0.00954204
0.234, -0.00941679
0.235, 0.00929151
0.236, -0.00941676
0.237, 0.00954204
0.238, -0.00941679
0.239, 0.00929151
0.24, -0.00941676
0.241, 0.00954204
0.242, -0.00941679
0.243, 0.00929151
0.244, -0.00941676
0.245, 0.00954204
0.246, -0.00941679
0.247, 0.00929151
0.248, -0.00941676
0.249, 0.00954204
0.25, -0.00941679
0.251, 0.00929151
0.252, -0.00941676
0.253, 0.00954204
0.254, -0.00941679
0.255, 0.00929151
0.256, -0.00941676
0.257, 0.00954204
0.258, -0.00941679
0.259, 0.00929151
0.26, -0.00941676
0.261, 0.00954204
0.262, -0.00941679
0.263, 0.00929151
0.264, -0.00941676
0.265, 0.00954204
0.266, -0.00941679
0.267, 0.00929151
0.268, -0.00941676
0.269, 0.00954204
0.27, -0.00941679
0.271, 0.00929151
0.272, -0.00941676
0.273, 0.00954204
0.274, -0.00941679
0.275, 0.00929151
0.276, -0.00941676
0.277, 0.00954204
0.278, -0.00941679
0.279, 0.00929151
0.28, -0.00941676
0.281, 0.00954204
0.282, -0.00941679
0.283, 0.00929151
0.284, -0.00941676
0.285, 0.00954204
0.286, -0.00941679
0.287, 0.00929151
0.288, -0.00941676
0.289, 0.00954204
0.29, -0.00941679
0.291, 0.00929151
0.292, -0.00941676
0.293, 0.00954204
0.294, -0.00941679
0.295, 0.00929151
0.296, -0.00941676
0.297, 0.00954204
0.298, -0.00941679
0.299, 0.00929151
0.3, -0.00941676
0.301, 0.00954204
0.302, -0.00941679
0.303, 0.00929151
0.304, -0.00941676
0.305, 0.00954204
0.306, -0.00941679
0.307, 0.00929151
0.308, -0.00941676
0.309, 0.00954204
0.31, -0.00941679
0.311, 0.00929151
0.312, -0.00941676
0.313, 0.00954204
0.314, -0.00941679
0.315, 0.00929151
0.316, -0.00941676
0.317, 0.00954204
0.318, -0.00941679
0.319, 0.00929151
0.32, -0.00941676
0.321, 0.00954204
0.322, -0.00941679
0.323, 0.00929151
0.324, -0.00941676
0.325, 0.00954204
0.326, -0.00941679
0.327, 0.00929151
0.328, -0.00941676
0.329, 0.00954204
0.33, -0.00941679
0.331, 0.00929151
0.332, -0.00941676
0.333, 0.00954204
0.334, -0.00941679
0.335, 0.00929151
0.336, -0.00941676
0.337, 0.00954204
0.338, -0.00941679
0.339, 0.00929151
0.34, -0.00941676
0.341, 0.00954204
0.342, -0.00941679
0.343, 0.00929151
0.344, -0.00941676
0.345, 0.00954204
0.346, -0.00941679
0.347, 0.00929151
0.348, -0.00941676
0.349, 0.00954204
0.35, -0.00941679
0.351, 0.00929151
0.352, -0.00941676
0.353, 0.00954204
0.354, -0.00941679
0.355, 0.00929151
0.356, -0.00941676
0.357, 0.00954204
0.358, -0.00941679
0.359, 0.00929151
0.36, -0.00941676
0.361, 0.00954204
0.362, -0.00941679
0.363, 0.00929151
0.364, -0.00941676
0.365, 0.00954204
0.366, -0.00941679
0.367, 0.00929151
0.368, -0.00941676
0.369, 0.00954204
0.37, -0.00941679
0.371, 0.00929151
0.372, -0.00941676
0.373, 0.00954204
0.374, -0.00941679
0.375, 0.00929151
0.376, -0.00941676
0.377, 0.00954204
0.378, -0.00941679
0.379, 0.00929151
0.38, -0.00941676
0.381, 0.00954204
0.382, -0.00941679
0.383, 0.00929151
0.384, -0.00941676
0.385, 0.00954204
0.386, -0.00941679
0.387, 0.00929151
0.388, -0.00941676
0.389, 0.00954204
0.39, -0.00941679
0.391, 0.00929151
0.392, -0.00941676
0.393, 0.00954204
0.394, -0.00941679
0.395, 0.00929151
0.396, -0.00941676
0.397, 0.00954204
0.398, -0.00941679
0.399, 0.00929151
0.4, -0.00941676
0.401, 0.00954204
0.402, -0.00941679
0.403, 0.00929151
0.404, -0.00941676
0.405, 0.00954204
0.406, -0.00941679
0.407, 0.00929151
0.408, -0.00941676
0.409, 0.00954204
0.41, -0.00941679
0.411, 0.00929151
0.412, -0.00941676
0.413, 0.00954204
0.414, -0.00941679
0.415, 0.00929151
0.416, -0.00941676
0.417, 0.00954204
0.418, -0.00941679
0.419, 0.00929151
0.42, -0.00941676
0.421, 0.00954204
0.422, -0.00941679
0.423, 0.00929151
0.424, -0.00941676
0.425, 0.00954204
0.426, -0.00941679
0.427, 0.00929151
0.428, -0.00941676
0.429, 0.00954204
0.43, -0.00941679
0.431, 0.00929151
0.432, -0.00941676
0.433, 0.00954204
0.434, -0.00941679
0.435, 0.00929151
0.436, -0.00941676
0.437, 0.00954204
0.438, -0.00941679
0.439, 0.00929151
0.44, -0.00941676
0.441, 0.00954204
0.442, -0.00941679
0.443, 0.00929151
0.444, -0.00941676
0.445, 0.00954204
0.446, -0.00941679
0.447, 0.00929151
0.448, -0.00941676
0.449, 0.00954204
0.45, -0.00941679
0.451, 0.00929151
0.452, -0.00941676
0.453, 0.00954204
0.454, -0.00941679
0.455, 0.00929151
0.456, -0.00941676
0.457, 0.00954204
0.458, -0.00941679
0.459, 0.00929151
0.46, -0.00941676
0.461, 0.00954204
0.462, -0.00941679
0.463, 0.00929151
0.464, -0.00941676
0.465, 0.00954204
0.466, -0.00941679
0.467, 0.00929151
0.468, -0.00941676
0.469, 0.00954204
0.47, -0.00941679
0.471, 0.00929151
0.472, -0.00941676
0.473, 0.00954204
0.474, -0.00941679
0.475, 0.00929151
0.476, -0.00941676
0.477, 0.00954204
0.478, -0.00941679
0.479, 0.00929151
0.48, -0.00941676
0.481, 0.00954204
0.482, -0.00941679
0.483, 0.00929151
0.484, -0.00941676
0.485, 0.00954204
0.486, -0.00941679
0.487, 0.00929151
0.488, -0.00941676
0.489, 0.00954204
0.49, -0.00941679
0.491, 0.00929151
0.492, -0.00941676
0.493, 0.00954204
0.494, -0.00941679
0.495, 0.00929151
0.496, -0.00941676
0.497, 0.00954204
0.498, -0.00941679
0.499, 0.00929151
0.5, -0.00941676
0.501, 0.00954204
0.502, -0.00941679
0.503, 0.00929151
0.504, -0.00941676
0.505, 0.00954204
0.506, -0.00941679
0.507, 0.00929151
0.508, -0.00941676
0.509, 0.00954204
0.51, -0.00941679
0.511, 0.00929151
0.512, -0.00941676
0.513, 0.00954204
0.514, -0.00941679
0.515, 0.00929151
0.516, -0.00941676
0.517, 0.00954204
0.518, -0.00941679
0.519, 0.00929151
0.52, -0.00941676
0.521, 0.00954204
0.522, -0.00941679
0.523, 0.00929151
0.524, -0.00941676
0.525, 0.00954204
0.526, -0.00941679
0.527, 0.00929151
0.528, -0.00941676
0.529, 0.00954204
0.53, -0.00941679
0.531, 0.00929151
0.532, -0.00941676
0.533, 0.00954204
0.534, -0.00941679
0.535, 0.00929151
0.536, -0.00941676
0.537, 0.00954204
0.538, -0.00941679
0.539, 0.00929151
0.54, -0.00941676
0.541, 0.00954204
0.542, -0.00941679
0.543, 0.00929151
0.544, -0.00941676
0.545, 0.00954204
0.546, -0.00941679
0.547, 0.00929151
0.548, -0.00941676
0.549, 0.00954204
0.55, -0.00941679
0.551, 0.00929151
0.552, -0.00941676
0.553, 0.00954204
0.554, -0.00941679
0.555, 0.00929151
0.556, -0.00941676
0.557, 0.00954204
0.558, -0.00941679
0.559, 0.00929151
0.56, -0.00941676
0.561, 0.00954204
0.562, -0.00941679
0.563, 0.00929151
0.564, -0.00941676
0.565, 0.00954204
0.566, -0.00941679
0.567, 0.00929151
0.568, -0.00941676
0.569, 0.00954204
0.57, -0.00941679
0.571, 0.00929151
0.572, -0.00941676
0.573, 0.00954204
0.574, -0.00941679
0.575, 0.00929151
0.576, -0.00941676
0.577, 0.00954204
0.578, -0.00941679
0.579, 0.00929151
0.58, -0.00941676
0.581, 0.00954204
0.582, -0.00941679
0.583, 0.00929151
0.584, -0.00941676
0.585, 0.00954204
0.586, -0.00941679
0.587, 0.00929151
0.588, -0.00941676
0.589, 0.00954204
0.59, -0.00941679
0.591, 0.00929151
0.592, -0.00941676
0.593, 0.00954204
0.594, -0.00941679
0.595, 0.00929151
0.596, -0.00941676
0.597, 0.00954204
0.598, -0.00941679
0.599, 0.00929151
0.6, -0.00941676
0.601, 0.00954204
0.602, -0.00941679
0.603, 0.00929151
0.604, -0.00941676
0.605, 0.00954204
0.606, -0.00941679
0.607, 0.00929151
0.608, -0.00941676
0.609, 0.00954204
0.61, -0.00941679
0.611, 0.00929151
0.612, -0.00941676
0.613, 0.00954204
0.614, -0.00941679
0.615, 0.00929151
0.616, -0.00941676
0.617, 0.00954204
0.618, -0.00941679
0.619, 0.00929151
0.62, -0.00941676
0.621, 0.00954204
0.622, -0.00941679
0.623, 0.00929151
0.624, -0.00941676
0.625, 0.00954204
0.626, -0.00941679
0.627, 0.00929151
0.628, -0.00941676
0.629, 0.00954204
0.63, -0.00941679
0.631, 0.00929151
0.632, -0.00941676
0.633, 0.00954204
0.634, -0.00941679
0.635, 0.00929151
0.636, -0.00941676
0.637, 0.00954204
0.638, -0.00941679
0.639, 0.00929151
0.64, -0.00941676
0.641, 0.00954204
0.642, -0.00941679
0.643, 0.00929151
0.644, -0.00941676
0.645, 0.00954204
0.646, -0.00941679
0.647, 0.00929151
0.648, -0.00941676
0.649, 0.00954204
0.65, -0.00941679
0.651, 0.00929151
0.652, -0.00941676
0.653, 0.00954204
0.654, -0.00941679
0.655, 0.00929151
0.656, -0.00941676
0.657, 0.00954204
0.658, -0.00941679
0.659, 0.00929151
0.66, -0.00941676
0.661, 0.00954204
0.662, -0.00941679
0.663, 0.00929151
0.664, -0.00941676
0.665, 0.00954204
0.666, -0.00941679
0.667, 0.00929151
0.668, -0.00941676
0.669, 0.00954204
0.67, -0.00941679
0.671, 0.00929151
0.672, -0.00941676
0.673, 0.00954204
0.674, -0.00941679
0.675, 0.00929151
0.676, -0.00941676
0.677, 0.00954204
0.678, -0.00941679
0.679, 0.00929151
0.68, -0.00941676
0.681, 0.00954204
0.682, -0.00941679
0.683, 0.00929151
0.684, -0.00941676
0.685, 0.00954204
0.686, -0.00941679
0.687, 0.00929151
0.688, -0.00941676
0.689, 0.00954204
0.69, -0.00941679
0.691, 0.00929151
0.692, -0.00941676
0.693, 0.00954204
0.694, -0.00941679
0.695, 0.00929151
0.696, -0.00941676
0.697, 0.00954204
0.698, -0.00941679
0.699, 0.00929151
0.7, -0.00941676
0.701, 0.00954204
0.702, -0.00941679
0.703, 0.00929151
0.704, -0.00941676
0.705, 0.00954204
0.706, -0.00941679
0.707, 0.00929151
0.708, -0.00941676
0.709, 0.00954204
0.71, -0.00941679
0.711, 0.00929151
0.712, -0.00941676
0.713, 0.00954204
0.714, -0.00941679
0.715, 0.00929151
0.716, -0.00941676
0.717, 0.00954204
0.718, -0.00941679
0.719, 0.00929151
0.72, -0.00941676
0.721, 0.00954204
0.722, -0.00941679
0.723, 0.00929151
0.724, -0.00941676
0.725, 0.00954204
0.726, -0.00941679
0.727, 0.00929151
0.728, -0.00941676
0.729, 0.00954204
0.73, -0.00941679
0.731, 0.00929151
0.732, -0.00941676
0.733, 0.00954204
0.734, -0.00941679
0.735, 0.00929151
0.736, -0.00941676
0.737, 0.00954204
0.738, -0.00941679
0.739, 0.00929151
0.74, -0.00941676
0.741, 0.00954204
0.742, -0.00941679
0.743, 0.00929151
0.744, -0.00941676
0.745, 0.00954204
0.746, -0.00941679
0.747, 0.00929151
0.748, -0.00941676
0.749, 0.00954204
0.75, -0.00941679
0.751, 0.00929151
0.752, -0.00941676
0.753, 0.00954204
0.754, -0.00941679
0.755, 0.00929151
0.756, -0.00941676
0.757, 0.00954204
0.758, -0.00941679
0.759, 0.00929151
0.76, -0.00941676
0.761, 0.00954204
0.762, -0.00941679
0.763, 0.00929151
0.764, -0.00941676
0.765, 0.00954204
0.766, -0.00941679
0.767, 0.00929151
0.768, -0.00941676
0.769, 0.00954204
0.77, -0.00941679
0.771, 0.00929151
0.772, -0.00941676
0.773, 0.00954204
0.774, -0.00941679
0.775, 0.00929151
0.776, -0.00941676
0.777, 0.00954204
0.778, -0.00941679
0.779, 0.00929151
0.78, -0.00941676
0.781, 0.00954204
0.782, -0.00941679
0.783, 0.00929151
0.784, -0.00941676
0.785, 0.00954204
0.786, -0.00941679
0.787, 0.00929151
0.788, -0.00941676
0.789, 0.00954204
0.79, -0.00941679
0.791, 0.00929151
0.792, -0.00941676
0.793, 0.00954204
0.794, -0.00941679
0.795, 0.00929151
0.796, -0.00941676
0.797, 0.00954204
0.798, -0.00941679
0.799, 0.00929151
0.8, -0.00941676
0.801, 0.00954204
0.802, -0.00941679
0.803, 0.00929151
0.804, -0.00941676
0.805, 0.00954204
0.806, -0.00941679
0.807, 0.00929151
0.808, -0.00941676
0.809, 0.00954204
0.81, -0.00941679
0.811, 0.00929151
0.812, -0.00941676
0.813, 0.00954204
0.814, -0.00941679
0.815, 0.00929151
0.816, -0.00941676
0.817, 0.00954204
0.818, -0.00941679
0.819, 0.00929151
0.82, -0.00941676
0.821, 0.00954204
0.822, -0.00941679
0.823, 0.00929151
0.824, -0.00941676
0.825, 0.00954204
0.826, -0.00941679
0.827, 0.00929151
0.828, -0.00941676
0.829, 0.00954204
0.83, -0.00941679
0.831, 0.00929151
0.832, -0.00941676
0.833, 0.00954204
0.834, -0.00941679
0.835, 0.00929151
0.836, -0.00941676
0.837, 0.00954204
0.838, -0.00941679
0.839, 0.00929151
0.84, -0.00941676
0.841, 0.00954204
0.842, -0.00941679
0.843, 0.00929151
0.844, -0.00941676
0.845, 0.00954204
0.846, -0.00941679
0.847, 0.00929151
0.848, -0.00941676
0.849, 0.00954204
0.85, -0.00941679
0.851, 0.00929151
0.852, -0.00941676
0.853, 0.00954204
0.854, -0.00941679
0.855, 0.00929151
0.856, -0.00941676
0.857, 0.00954204
0.858, -0.00941679
0.859, 0.00929151
0.86, -0.00941676
0.861, 0.00954204
0.862, -0.00941679
0.863, 0.00929151
0.864, -0.00941676
0.865, 0.00954204
0.866, -0.00941679
0.867, 0.00929151
0.868, -0.00941676
0.869, 0.00954204
0.87, -0.00941679
0.871, 0.00929151
0.872, -0.00941676
0.873, 0.00954204
0.874, -0.00941679
0.875, 0.00929151
0.876, -0.00941676
0.877, 0.00954204
0.878, -0.00941679
0.879, 0.00929151
0.88, -0.00941676
0.881, 0.00954204
0.882, -0.00941679
0.883, 0.00929151
0.884, -0.00941676
0.885, 0.00954204
0.886, -0.00941679
0.887, 0.00929151
0.888, -0.00941676
0.889, 0.00954204
0.89, -0.00941679
0.891, 0.00929151
0.892, -0.00941676
0.893, 0.00954204
0.894, -0.00941679
0.895, 0.00929151
0.896, -0.00941676
0.897, 0.00954204
0.898, -0.00941679
0.899, 0.00929151
0.9, -0.00941676
0.901, 0.00954204
0.902, -0.00941679
0.903, 0.00929151
0.904, -0.00941676
0.905, 0.00954204
0.906, -0.00941679
0.907, 0.00929151
0.908, -0.00941676
0.909, 0.00954204
0.91, -0.00941679
0.911, 0.00929151
0.912, -0.00941676
0.913, 0.00954204
0.914, -0.00941679
0.915, 0.00929151
0.916, -0.00941676
0.917, 0.00954204
0.918, -0.00941679
0.919, 0.00929151
0.92, -0.00941676
0.921, 0.00954204
0.922, -0.00941679
0.923, 0.00929151
0.924, -0.00941676
0.925, 0.00954204
0.926, -0.00941679
0.927, 0.00929151
0.928, -0.00941676
0.929, 0.00954204
0.93, -0.00941679
0.931, 0.00929151
0.932, -0.00941676
0.933, 0.00954204
0.934, -0.00941679
0.935, 0.00929151
0.936, -0.00941676
0.937, 0.00954204
0.938, -0.00941679
0.939, 0.00929151
0.94, -0.00941676
0.941, 0.00954204
0.942, -0.00941679
0.943, 0.00929151
0.944, -0.00941676
0.945, 0.00954204
0.946, -0.00941679
0.947, 0.00929151
0.948, -0.00941676
0.949, 0.00954204
0.95, -0.00941679
0.951, 0.00929151
0.952, -0.00941676
0.953, 0.00954204
0.954, -0.00941679
0.955, 0.00929151
0.956, -0.00941676
0.957, 0.00954204
0.958, -0.00941679
0.959, 0.00929151
0.96, -0.00941676
0.961, 0.00954204
0.962, -0.00941679
0.963, 0.00929151
0.964, -0.00941676
0.965, 0.00954204
0.966, -0.00941679
0.967, 0.00929151
0.968, -0.00941676
0.969, 0.00954204
0.97, -0.00941679
0.971, 0.00929151
0.972, -0.00941676
0.973, 0.00954204
0.974, -0.00941679
0.975, 0.00929151
0.976, -0.00941676
0.977, 0.00954204
0.978, -0.00941679
0.979, 0.00929151
0.98, -0.00941676
0.981, 0.00954204
0.982, -0.00941679
0.983, 0.00929151
0.984, -0.00941676
0.985, 0.00954204
0.986, -0.00941679
0.987, 0.00929151
0.988, -0.00941676
0.989, 0.00954204
0.99, -0.00941679
0.991, 0.00929151
0.992, -0.00941676
0.993, 0.00954204
0.994, -0.00941679
0.995, 0.00929151
0.996, -0.00941676
0.997, 0.00954204
0.998, -0.00941679
0.999, 0.00929151
1, -0.00941676
1.001, 0.00954204
1.002, -0.00941679
1.003, 0.00929151
1.004, -0.00941676
1.005, 0.00954204
1.006, -0.00941679
1.007, 0.00929151
1.008, -0.00941676
1.009, 0.00954204
1.01, -0.00941679
1.011, 0.00929151
1.012, -0.00941676
1.013, 0.00954204
1.014, -0.00941679
1.015, 0.00929151
1.016, -0.00941676
1.017, 0.00954204
1.018, -0.00941679
1.019, 0.00929151
1.02, -0.00941676
1.021, 0.00954204
1.022, -0.00941679
1.023, 0.00929151
1.024, -0.00941676
1.025, 0.00954204
1.026, -0.00941679
1.027, 0.00929151
1.028, -0.00941676
1.029, 0.00954204
1.03, -0.00941679
1.031, 0.00929151
1.032, -0.00941676
1.033, 0.00954204
1.034, -0.00941679
1.035, 0.00929151
1.036, -0.00941676
1.037, 0.00954204
1.038, -0.00941679
1.039, 0.00929151
1.04, -0.00941676
1.041, 0.00954204
1.042, -0.00941679
1.043, 0.00929151
1.044, -0.00941676
1.045, 0.00954204
1.046, -0.00941679
1.047, 0.00929151
1.048, -0.00941676
1.049, 0.00954204
1.05, -0.00941679
1.051, 0.00929151
1.052, -0.00941676
1.053, 0.00954204
1.054, -0.00941679
1.055, 0.00929151
1.056, -0.00941676
1.057, 0.00954204
1.058, -0.00941679
1.059, 0.00929151
1.06, -0.00941676
1.061, 0.00954204
1.062, -0.00941679
1.063, 0.00929151
1.064, -0.00941676
1.065, 0.00954204
1.066, -0.00941679
1.067, 0.00929151
1.068, -0.00941676
1.069, 0.00954204
1.07, -0.00941679
1.071, 0.00929151
1.072, -0.00941676
1.073, 0.00954204
1.074, -0.00941679
1.075, 0.00929151
1.076, -0.00941676
1.077, 0.00954204
1.078, -0.00941679
1.079, 0.00929151
1.08, -0.00941676
1.081, 0.00954204
1.082, -0.00941679
1.083, 0.00929151
1.084, -0.00941676
1.085, 0.00954204
1.086, -0.00941679
1.087, 0.00929151
1.088, -0.00941676
1.089, 0.00954204
1.09, -0.00941679
1.091, 0.00929151
1.092, 0.00929151
1.093, 0.00929151
1.094, 0.00929151
1.095, 0.00929151
1.096, 0.00929151
1.097, 0.00929151
1.098, 0.00929151
1.099, 0.00929151
1.1, 0.00929151
1.101, 0.00929151
1.102, 0.00929151
1.103, 0.00929151
1.104, 0.00929151
1.105, 0.00929151
1.106, 0.00929151
1.107, 0.00929151
1.108, 0.00929151
1.109, 0.00929151
1.11, 0.00929151
1.111, 0.00929151
1.112, 0.00929151
1.113, 0.00929151
1.114, 0.00929151
1.115, 0.00929151
1.116, 0.00929151
1.117, 0.00929151
1.118, 0.00929151
1.119, 0.00929151
1.12, 0.00929151
1.121, 0.00929151
1.122, 0.00929151
1.123, 0.00929151
1.124, 0.00929151
1.125, 0.00929151
1.126, 0.00929151
1.127, 0.00929151
1.128, 0.00929151
1.129, 0.00929151
1.13, 0.00929151
1.131, 0.00929151
1.132, 0.00929151
1.133, 0.00929151
1.134, 0.00929151
1.135, 0.00929151
1.136, 0.00929151
1.137, 0.00929151
1.138, 0.00929151
1.139, 0.00929151
1.14, 0.00929151
1.141, 0.00929151
1.142, 0.00929151
1.143, 0.00929151
1.144, 0.00929151
1.145, 0.00929151
1.146, 0.00929151
1.147, 0.00929151
1.148, 0.00929151
1.149, 0.00929151
1.15, 0.00929151
1.151, 0.00929151
1.152, 0.00929151
1.153, 0.00929151
1.154, 0.00929151
1.155, 0.00929151
1.156, 0.00929151
1.157, 0.00929151
1.158, 0.00929151
1.159, 0.00929151
1.16, 0.00929151
1.161, 0.00929151
1.162, 0.00929151
1.163, 0.00929151
1.164, 0.00929151
1.165, 0.00929151
1.166, 0.00929151
1.167, 0.00929151
1.168, 0.00929151
1.169, 0.00929151
1.17, 0.00929151
1.171, 0.00929151
1.172, 0.00929151
1.173, 0.00929151
1.174, 0.00929151
1.175, 0.00929151
1.176, 0.00929151
1.177, 0.00929151
1.178, 0.00929151
1.179, 0.00929151
1.18, 0.00929151
1.181, 0.00929151
1.182, 0.00929151
1.183, 0.00929151
1.184, 0.00929151
1.185, 0.00929151
1.186, 0.00929151
1.187, 0.00929151
1.188, 0.00929151
1.189, 0.00929151
1.19, 0.00929151
1.191, 0.00929151
1.192, 0.00929151
1.193, 0.00929151
1.194, 0.00929151
1.195, 0.00929151
1.196, 0.00929151
1.197, 0.00929151
1.198, 0.00929151
1.199, 0.00929151
1.2, 0.00929151
1.201, 0.00929151
1.202, 0.00929151
1.203, 0.00929151
1.204, 0.00929151
1.205, 0.00929151
1.206, 0.00929151
1.207, 0.00929151
1.208, 0.00929151
1.209, 0.00929151
1.21, 0.00929151
1.211, 0.00929151
1.212, 0.00929151
1.213, 0.00929151
1.214, 0.00929151
1.215, 0.00929151
1.216, 0.00929151
1.217, 0.00929151
1.218, 0.00929151
1.219, 0.00929151
1.22, 0.00929151
1.221, 0.00929151
1.222, 0.00929151
1.223, 0.00929151
1.224, 0.00929151
1.225, 0.00929151
1.226, 0.00929151
1.227, 0.00929151
1.228, 0.00929151
1.229, 0.00929151
1.23, 0.00929151
1.231, 0.00929151
1.232, 0.00929151
1.233, 0.00929151
1.234, 0.00929151
1.235, 0.00929151
1.236, 0.00929151
1.237, 0.00929151
1.238, 0.00929151
1.239, 0.00929151
1.24, 0.00929151
1.241, 0.00929151
1.242, 0.00929151
1.243, 0.00929151
1.244, 0.00929151
1.245, 0.00929151
1.246, 0.00929151
1.247, 0.00929151
1.248, 0.00929151
1.249, 0.00929151
1.25, 0.00929151
1.251, 0.00929151
1.252, 0.00929151
1.253, 0.00929151
1.254, 0.00929151
1.255, 0.00929151
1.256, 0.00929151
1.257, 0.00929151
1.258, 0.00929151
1.259, 0.00929151
1.26, 0.00929151
1.261, 0.00929151
1.262, 0.00929151
1.263, 0.00929151
1.264, 0.00929151
1.265, 0.00929151
1.266, 0.00929151
1.267, 0.00929151
1.268, 0.00929151
1.269, 0.00929151
1.27, 0.00929151
1.271, 0.00929151
1.272, 0.00929151
1.273, 0.00929151
1.274, 0.00929151
1.275, 0.00929151
1.276, 0.00929151
1.277, 0.00929151
1.278, 0.00929151
1.279, 0.00929151
1.28, 0.00929151
1.281, 0.00929151
1.282, 0.00929151
1.283, 0.00929151
1.284, 0.00929151
1.285, 0.00929151
1.286, 0.00929151
1.287, 0.00929151
1.288, 0.00929151
1.289, 0.00929151
1.29, 0.00929151
1.291, 0.00929151
1.292, 0.00929151
1.293, 0.00929151
1.294, 0.00929151
1.295, 0.00929151
1.296, 0.00929151
1.297, 0.00929151
1.298, 0.00929151
1.299, 0.00929151
1.3, 0.00929151
1.301, 0.00929151
1.302, 0.00929151
1.303, 0.00929151
1.304, 0.00929151
1.305, 0.00929151
1.306, 0.00929151
1.307, 0.00929151
1.308, 0.00929151
1.309, 0.00929151
1.31, 0.00929151
1.311, 0.00929151
1.312, 0.00929151
1.313, 0.00929151
1.314, 0.00929151
1.315, 0.00929151
1.316, 0.00929151
1.317, 0.00929151
1.318, 0.00929151
1.319, 0.00929151
1.32, 0.00929151
1.321, 0.00929151
1.322, 0.00929151
1.323, 0.00929151
1.324, 0.00929151
1.325, 0.00929151
1.326, 0.00929151
1.327, 0.00929151
1.328, 0.00929151
1.329, 0.00929151
1.33, 0.00929151
1.331, 0.00929151
1.332, 0.00929151
1.333, 0.00929151
1.334, 0.00929151
1.335, 0.00929151
1.336, 0.00929151
1.337, 0.00929151
1.338, 0.00929151
1.339, 0.00929151
1.34, 0.00929151
1.341, 0.00929151
1.342, 0.00929151
1.343, 0.00929151
1.344, 0.00929151
1.345, 0.00929151
1.346, 0.00929151
1.347, 0.00929151
1.348, 0.00929151
1.349, 0.00929151
1.35, 0.00929151
1.351, 0.00929151
1.352, 0.00929151
1.353, 0.00929151
1.354, 0.00929151
1.355, 0.00929151
1.356, 0.00929151
1.357, 0.00929151
1.358, 0.00929151
1.359, 0.00929151
1.36, 0.00929151
1.361, 0.00929151
1.362, 0.00929151
1.363, 0.00929151
1.364, 0.00929151
1.365, 0.00929151
1.366, 0.00929151
1.367, 0.00929151
1.368, 0.00929151
1.369, 0.00929151
1.37, 0.00929151
1.371, 0.00929151
1.372, 0.00929151
1.373, 0.00929151
1.374, 0.00929151
1.375, 0.00929151
1.376, 0.00929151
1.377, 0.00929151
1.378, 0.00929151
1.379, 0.00929151
1.38, 0.00929151
1.381, 0.00929151
1.382, 0.00929151
1.383, 0.00929151
1.384, 0.00929151
1.385, 0.00929151
1.386, 0.00929151
1.387, 0.00929151
1.388, 0.00929151
1.389, 0.00929151
1.39, 0.00929151
1.391, 0.00929151
1.392, 0.00929151
1.393, 0.00929151
1.394, 0.00929151
1.395, 0.00929151
1.396, 0.00929151
1.397, 0.00929151
1.398, 0.00929151
1.399, 0.00929151
1.4, 0.00929151
1.401, 0.00929151
1.402, 0.00929151
1.403, 0.00929151
1.404, 0.00929151
1.405, 0.00929151
1.406, 0.00929151
1.407, 0.00929151
1.408, 0.00929151
1.409, 0.00929151
1.41, 0.00929151
1.411, 0.00929151
1.412, 0.00929151
1.413, 0.00929151
1.414, 0.00929151
1.415, 0.00929151
1.416, 0.00929151
1.417, 0.00929151
1.418, 0.00929151
1.419, 0.00929151
1.42, 0.00929151
1.421, 0.00929151
1.422, 0.00929151
1.423, 0.00929151
1.424, 0.00929151
1.425, 0.00929151
1.426, 0.00929151
1.427, 0.00929151
1.428, 0.00929151
1.429, 0.00929151
1.43, 0.00929151
1.431, 0.00929151
1.432, 0.00929151
1.433, 0.00929151
1.434, 0.00929151
1.435, 0.00929151
1.436, 0.00929151
1.437, 0.00929151
1.438, 0.00929151
1.439, 0.00929151
1.44, 0.00929151
1.441, 0.00929151
1.442, 0.00929151
1.443, 0.00929151
1.444, 0.00929151
1.445, 0.00929151
1.446, 0.00929151
1.447, 0.00929151
1.448, 0.00929151
1.449, 0.00929151
1.45, 0.00929151
1.451, 0.00929151
1.452, 0.00929151
1.453, 0.00929151
1.454, 0.00929151
1.455, 0.00929151
1.456, 0.00929151
1.457, 0.00929151
1.458, 0.00929151
1.459, 0.00929151
1.46, 0.00929151
1.461, 0.00929151
1.462, 0.00929151
1.463, 0.00929151
1.464, 0.00929151
1.465, 0.00929151
1.466, 0.00929151
1.467, 0.00929151
1.468, 0.00929151
1.469, 0.00929151
1.47, 0.00929151
1.471, 0.00929151
1.472, 0.00929151
1.473, 0.00929151
1.474, 0.00929151
1.475, 0.00929151
1.476, 0.00929151
1.477, 0.00929151
1.478, 0.00929151
1.479, 0.00929151
1.48, 0.00929151
1.481, 0.00929151
1.482, 0.00929151
1.483, 0.00929151
1.484, 0.00929151
1.485, 0.00929151
1.486, 0.00929151
1.487, 0.00929151
1.488, 0.00929151
1.489, 0.00929151
1.49, 0.00929151
1.491, 0.00929151
1.492, 0.00929151
1.493, 0.00929151
1.494, 0.00929151
1.495, 0.00929151
1.496, 0.00929151
1.497, 0.00929151
1.498, 0.00929151
1.499, 0.00929151
1.5, 0.00929151
1.501, 0.00929151
1.502, 0.00929151
1.503, 0.00929151
1.504, 0.00929151
1.505, 0.00929151
1.506, 0.00929151
1.507, 0.00929151
1.508, 0.00929151
1.509, 0.00929151
1.51, 0.00929151
1.511, 0.00929151
1.512, 0.00929151
1.513, 0.00929151
1.514, 0.00929151
1.515, 0.00929151
1.516, 0.00929151
1.517, 0.00929151
1.518, 0.00929151
1.519, 0.00929151
1.52, 0.00929151
1.521, 0.00929151
1.522, 0.00929151
1.523, 0.00929151
1.524, 0.00929151
1.525, 0.00929151
1.526, 0.00929151
1.527, 0.00929151
1.528, 0.00929151
1.529, 0.00929151
1.53, 0.00929151
1.531, 0.00929151
1.532, 0.00929151
1.533, 0.00929151
1.534, 0.00929151
1.535, 0.00929151
1.536, 0.00929151
1.537, 0.00929151
1.538, 0.00929151
1.539, 0.00929151
1.54, 0.00929151
1.541, 0.00929151
1.542, 0.00929151
1.543, 0.00929151
1.544, 0.00929151
1.545, 0.00929151
1.546, 0.00929151
1.547, 0.00929151
1.548, 0.00929151
1.549, 0.00929151
1.55, 0.00929151
1.551, 0.00929151
1.552, 0.00929151
1.553, 0.00929151
1.554, 0.00929151
1.555, 0.00929151
1.556, 0.00929151
1.557, 0.00929151
1.558, 0.00929151
1.559, 0.00929151
1.56, 0.00929151
1.561, 0.00929151
1.562, 0.00929151
1.563, 0.00929151
1.564, 0.00929151
1.565, 0.00929151
1.566, 0.00929151
1.567, 0.00929151
1.568, 0.00929151
1.569, 0.00929151
1.57, 0.00929151
1.571, 0.00929151
1.572, 0.00929151
1.573, 0.00929151
1.574, 0.00929151
1.575, 0.00929151
1.576, 0.00929151
1.577, 0.00929151
1.578, 0.00929151
1.579, 0.00929151
1.58, 0.00929151
1.581, 0.00929151
1.582, 0.00929151
1.583, 0.00929151
1.584, 0.00929151
1.585, 0.00929151
1.586, 0.00929151
1.587, 0.00929151
1.588, 0.00929151
1.589, 0.00929151
1.59, 0.00929151
1.591, 0.00929151
1.592, 0.00929151
1.593, 0.00929151
1.594, 0.00929151
1.595, 0.00929151
1.596, 0.00929151
1.597, 0.00929151
1.598, 0.00929151
1.599, 0.00929151
1.6, 0.00929151
1.601, 0.00929151
1.602, 0.00929151
1.603, 0.00929151
1.604, 0.00929151
1.605, 0.00929151
1.606, 0.00929151
1.607, 0.00929151
1.608, 0.00929151
1.609, 0.00929151
1.61, 0.00929151
1.611, 0.00929151
1.612, 0.00929151
1.613, 0.00929151
1.614, 0.00929151
1.615, 0.00929151
1.616, 0.00929151
1.617, 0.00929151
1.618, 0.00929151
1.619, 0.00929151
1.62, 0.00929151
1.621, 0.00929151
1.622, 0.00929151
1.623, 0.00929151
1.624, 0.00929151
1.625, 0.00929151
1.626, 0.00929151
1.627, 0.00929151
1.628, 0.00929151
1.629, 0.00929151
1.63, 0.00929151
1.631, 0.00929151
1.632, 0.00929151
1.633, 0.00929151
1.634, 0.00929151
1.635, 0.00929151
1.636, 0.00929151
1.637, 0.00929151
1.638, 0.00929151
1.639, 0.00929151
1.64, 0.00929151
1.641, 0.00929151
1.642, 0.00929151
1.643, 0.00929151
1.644, 0.00929151
1.645, 0.00929151
1.646, 0.00929151
1.647, 0.00929151
1.648, 0.00929151
1.649, 0.00929151
1.65, 0.00929151
1.651, 0.00929151
1.652, 0.00929151
1.653, 0.00929151
1.654, 0.00929151
1.655, 0.00929151
1.656, 0.00929151
1.657, 0.00929151
1.658, 0.00929151
1.659, 0.00929151
1.66, 0.00929151
1.661, 0.00929151
1.662, 0.00929151
1.663, 0.00929151
1.664, 0.00929151
1.665, 0.00929151
1.666, 0.00929151
1.667, 0.00929151
1.668, 0.00929151
1.669, 0.00929151
1.67, 0.00929151
1.671, 0.00929151
1.672, 0.00929151
1.673, 0.00929151
1.674, 0.00929151
1.675, 0.00929151
1.676, 0.00929151
1.677, 0.00929151
1.678, 0.00929151
1.679, 0.00929151
1.68, 0.00929151
1.681, 0.00929151
1.682, 0.00929151
1.683, 0.00929151
1.684, 0.00929151
1.685, 0.00929151
1.686, 0.00929151
1.687, 0.00929151
1.688, 0.00929151
1.689, 0.00929151
1.69, 0.00929151
1.691, 0.00929151
1.692, 0.00929151
1.693, 0.00929151
1.694, 0.00929151
1.695, 0.00929151
1.696, 0.00929151
1.697, 0.00929151
1.698, 0.00929151
1.699, 0.00929151
1.7, 0.00929151
1.701, 0.00929151
1.702, 0.00929151
1.703, 0.00929151
1.704, 0.00929151
1.705, 0.00929151
1.706, 0.00929151
1.707, 0.00929151
1.708, 0.00929151
1.709, 0.00929151
1.71, 0.00929151
1.711, 0.00929151
1.712, 0.00929151
1.713, 0.00929151
1.714, 0.00929151
1.715, 0.00929151
1.716, 0.00929151
1.717, 0.00929151
1.718, 0.00929151
1.719, 0.00929151
1.72, 0.00929151
1.721, 0.00929151
1.722, 0.00929151
1.723, 0.00929151
1.724, 0.00929151
1.725, 0.00929151
1.726, 0.00929151
1.727, 0.00929151
1.728, 0.00929151
1.729, 0.00929151
1.73, 0.00929151
1.731, 0.00929151
1.732, 0.00929151
1.733, 0.00929151
1.734, 0.00929151
1.735, 0.00929151
1.736, 0.00929151
1.737, 0.00929151
1.738, 0.00929151
1.739, 0.00929151
1.74, 0.00929151
1.741, 0.00929151
1.742, 0.00929151
1.743, 0.00929151
1.744, 0.00929151
1.745, 0.00929151
1.746, 0.00929151
1.747, 0.00929151
1.748, 0.00929151
1.749, 0.00929151
1.75, 0.00929151
1.751, 0.00929151
1.752, 0.00929151
1.753, 0.00929151
1.754, 0.00929151
1.755, 0.00929151
1.756, 0.00929151
1.757, 0.00929151
1.758, 0.00929151
1.759, 0.00929151
1.76, 0.00929151
1.761, 0.00929151
1.762, 0.00929151
1.763, 0.00929151
1.764, 0.00929151
1.765, 0.00929151
1.766, 0.00929151
1.767, 0.00929151
1.768, 0.00929151
1.769, 0.00929151
1.77, 0.00929151
1.771, 0.00929151
1.772, 0.00929151
1.773, 0.00929151
1.774, 0.00929151
1.775, 0.00929151
1.776, 0.00929151
1.777, 0.00929151
1.778, 0.00929151
1.779, 0.00929151
1.78, 0.00929151
1.781, 0.00929151
1.782, 0.00929151
1.783, 0.00929151
1.784, 0.00929151
1.785, 0.00929151
1.786, 0.00929151
1.787, 0.00929151
1.788, 0.00929151
1.789, 0.00929151
1.79, 0.00929151
1.791, 0.00929151
1.792, 0.00929151
1.793, 0.00929151
1.794, 0.00929151
1.795, 0.00929151
1.796, 0.00929151
1.797, 0.00929151
1.798, 0.00929151
1.799, 0.00929151
1.8, 0.00929151
1.801, 0.00929151
1.802, 0.00929151
1.803, 0.00929151
1.804, 0.00929151
1.805, 0.00929151
1.806, 0.00929151
1.807, 0.00929151
1.808, 0.00929151
1.809, 0.00929151
1.81, 0.00929151
1.811, 0.00929151
1.812, 0.00929151
1.813, 0.00929151
1.814, 0.00929151
1.815, 0.00929151
1.816, 0.00929151
1.817, 0.00929151
1.818, 0.00929151
1.819, 0.00929151
1.82, 0.00929151
1.821, 0.00929151
1.822, 0.00929151
1.823, 0.00929151
1.824, 0.00929151
1.825, 0.00929151
1.826, 0.00929151
1.827, 0.00929151
1.828, 0.00929151
1.829, 0.00929151
1.83, 0.00929151
1.831, 0.00929151
1.832, 0.00929151
1.833, 0.00929151
1.834, 0.00929151
1.835, 0.00929151
1.836, 0.00929151
1.837, 0.00929151
1.838, 0.00929151
1.839, 0.00929151
1.84, 0.00929151
1.841, 0.00929151
1.842, 0.00929151
1.843, 0.00929151
1.844, 0.00929151
1.845, 0.00929151
1.846, 0.00929151
1.847, 0.00929151
1.848, 0.00929151
1.849, 0.00929151
1.85, 0.00929151
1.851, 0.00929151
1.852, 0.00929151
1.853, 0.00929151
1.854, 0.00929151
1.855, 0.00929151
1.856, 0.00929151
1.857, 0.00929151
1.858, 0.00929151
1.859, 0.00929151
1.86, 0.00929151
1.861, 0.00929151
1.862, 0.00929151
1.863, 0.00929151
1.864, 0.00929151
1.865, 0.00929151
1.866, 0.00929151
1.867, 0.00929151
1.868, 0.00929151
1.869, 0.00929151
1.87, 0.00929151
1.871, 0.00929151
1.872, 0.00929151
1.873, 0.00929151
1.874, 0.00929151
1.875, 0.00929151
1.876, 0.00929151
1.877, 0.00929151
1.878, 0.00929151
1.879, 0.00929151
1.88, 0.00929151
1.881, 0.00929151
1.882, 0.00929151
1.883, 0.00929151
1.884, 0.00929151
1.885, 0.00929151
1.886, 0.00929151
1.887, 0.00929151
1.888, 0.00929151
1.889, 0.00929151
1.89, 0.00929151
1.891, 0.00929151
1.892, 0.00929151
1.893, 0.00929151
1.894, 0.00929151
1.895, 0.00929151
1.896, 0.00929151
1.897, 0.00929151
1.898, 0.00929151
1.899, 0.00929151
1.9, 0.00929151
1.901, 0.00929151
1.902, 0.00929151
1.903, 0.00929151
1.904, 0.00929151
1.905, 0.00929151
1.906, 0.00929151
1.907, 0.00929151
1.908, 0.00929151
1.909, 0.00929151
1.91, 0.00929151
1.911, 0.00929151
1.912, 0.00929151
1.913, 0.00929151
1.914, 0.00929151
1.915, 0.00929151
1.916, 0.00929151
1.917, 0.00929151
1.918, 0.00929151
1.919, 0.00929151
1.92, 0.00929151
1.921, 0.00929151
1.922, 0.00929151
1.923, 0.00929151
1.924, 0.00929151
1.925, 0.00929151
1.926, 0.00929151
1.927, 0.00929151
1.928, 0.00929151
1.929, 0.00929151
1.93, 0.00929151
1.931, 0.00929151
1.932, 0.00929151
1.933, 0.00929151
1.934, 0.00929151
1.935, 0.00929151
1.936, 0.00929151
1.937, 0.00929151
1.938, 0.00929151
1.939, 0.00929151
1.94, 0.00929151
1.941, 0.00929151
1.942, 0.00929151
1.943, 0.00929151
1.944, 0.00929151
1.945, 0.00929151
1.946, 0.00929151
1.947, 0.00929151
1.948, 0.00929151
1.949, 0.00929151
1.95, 0.00929151
1.951, 0.00929151
1.952, 0.00929151
1.953, 0.00929151
1.954, 0.00929151
1.955, 0.00929151
1.956, 0.00929151
1.957, 0.00929151
1.958, 0.00929151
1.959, 0.00929151
1.96, 0.00929151
1.961, 0.00929151
1.962, 0.00929151
1.963, 0.00929151
1.964, 0.00929151
1.965, 0.00929151
1.966, 0.00929151
1.967, 0.00929151
1.968, 0.00929151
1.969, 0.00929151
1.97, 0.00929151
1.971, 0.00929151
1.972, 0.00929151
1.973, 0.00929151
1.974, 0.00929151
1.975, 0.00929151
1.976, 0.00929151
1.977, 0.00929151
1.978, 0.00929151
1.979, 0.00929151
1.98, 0.00929151
1.981, 0.00929151
1.982, 0.00929151
1.983, 0.00929151
1.984, 0.00929151
1.985, 0.00929151
1.986, 0.00929151
1.987, 0.00929151
1.988, 0.00929151
1.989, 0.00929151
1.99, 0.00929151
1.991, 0.00929151
1.992, 0.00929151
1.993, 0.00929151
1.994, 0.00929151
1.995, 0.00929151
1.996, 0.00929151
1.997, 0.00929151
1.998, 0.00929151
1.999, 0.00929151
2, 0.00929151
2.001, 0.00929151
2.002, 0.00929151
2.003, 0.00929151
2.004, 0.00929151
2.005, 0.00929151
2.006, 0.00929151
2.007, 0.00929151
2.008, 0.00929151
2.009, 0.00929151
2.01, 0.00929151
2.011, 0.00929151
2.012, 0.00929151
2.013, 0.00929151
2.014, 0.00929151
2.015, 0.00929151
2.016, 0.00929151
2.017, 0.00929151
2.018, 0.00929151
2.019, 0.00929151
2.02, 0.00929151
2.021, 0.00929151
2.022, 0.00929151
2.023, 0.00929151
2.024, 0.00929151
2.025, 0.00929151
2.026, 0.00929151
2.027, 0.00929151
2.028, 0.00929151
2.029, 0.00929151
2.03, 0.00929151
2.031, 0.00929151
2.032, 0.00929151
2.033, 0.00929151
2.034, 0.00929151
2.035, 0.00929151
2.036, 0.00929151
2.037, 0.00929151
2.038, 0.00929151
2.039, 0.00929151
2.04, 0.00929151
2.041, 0.00929151
2.042, 0.00929151
2.043, 0.00929151
2.044, 0.00929151
2.045, 0.00929151
2.046, 0.00929151
2.047, 0.00929151
2.048, 0.00929151
2.049, 0.00929151
2.05, 0.00929151
2.051, 0.00929151
2.052, 0.00929151
2.053, 0.00929151
2.054, 0.00929151
2.055, 0.00929151
2.056, 0.00929151
2.057, 0.00929151
2.058, 0.00929151
2.059, 0.00929151
2.06, 0.00929151
2.061, 0.00929151
2.062, 0.00929151
2.063, 0.00929151
2.064, 0.00929151
2.065, 0.00929151
2.066, 0.00929151
2.067, 0.00929151
2.068, 0.00929151
2.069, 0.00929151
2.07, 0.00929151
2.071, 0.00929151
2.072, 0.00929151
2.073, 0.00929151
2.074, 0.00929151
2.075, 0.00929151
2.076, 0.00929151
2.077, 0.00929151
2.078, 0.00929151
2.079, 0.00929151
2.08, 0.00929151
2.081, 0.00929151
2.082, 0.00929151
2.083, 0.00929151
2.084, 0.00929151
2.085, 0.00929151
2.086, 0.00929151
2.087, 0.00929151
2.088, 0.00929151
2.089, 0.00929151
2.09, 0.00929151
2.091, 0.00929151
2.092, 0.00929151
2.093, 0.00929151
2.094, 0.00929151
2.095, 0.00929151
2.096, 0.00929151
2.097, 0.00929151
2.098, 0.00929151
2.099, 0.00929151
2.1, 0.00929151
2.101, 0.00929151
2.102, 0.00929151
2.103, 0.00929151
2.104, 0.00929151
2.105, 0.00929151
2.106, 0.00929151
2.107, 0.00929151
2.108, 0.00929151
2.109, 0.00929151
2.11, 0.00929151
2.111, 0.00929151
2.112, 0.00929151
2.113, 0.00929151
2.114, 0.00929151
2.115, 0.00929151
2.116, 0.00929151
2.117, 0.00929151
2.118, 0.00929151
2.119, 0.00929151
2.12, 0.00929151
2.121, 0.00929151
2.122, 0.00929151
2.123, 0.00929151
2.124, 0.00929151
2.125, 0.00929151
2.126, 0.00929151
2.127, 0.00929151
2.128, 0.00929151
2.129, 0.00929151
2.13, 0.00929151
2.131, 0.00929151
2.132, 0.00929151
2.133, 0.00929151
2.134, 0.00929151
2.135, 0.00929151
2.136, 0.00929151
2.137, 0.00929151
2.138, 0.00929151
2.139, 0.00929151
2.14, 0.00929151
2.141, 0.00929151
2.142, 0.00929151
2.143, 0.00929151
2.144, 0.00929151
2.145, 0.00929151
2.146, 0.00929151
2.147, 0.00929151
2.148, 0.00929151
2.149, 0.00929151
2.15, 0.00929151
2.151, 0.00929151
2.152, 0.00929151
2.153, 0.00929151
2.154, 0.00929151
2.155, 0.00929151
2.156, 0.00929151
2.157, 0.00929151
2.158, 0.00929151
2.159, 0.00929151
2.16, 0.00929151
2.161, 0.00929151
2.162, 0.00929151
2.163, 0.00929151
2.164, 0.00929151
2.165, 0.00929151
2.166, 0.00929151
2.167, 0.00929151
2.168, 0.00929151
2.169, 0.00929151
2.17, 0.00929151
2.171, 0.00929151
2.172, 0.00929151
2.173, 0.00929151
2.174, 0.00929151
2.175, 0.00929151
2.176, 0.00929151
2.177, 0.00929151
2.178, 0.00929151
2.179, 0.00929151
2.18, 0.00929151
2.181, 0.00929151
2.182, 0.00929151
2.183, 0.00929151
2.184, 0.00929151
2.185, 0.00929151
2.186, 0.00929151
2.187, 0.00929151
2.188, 0.00929151
2.189, 0.00929151
2.19, 0.00929151
2.191, 0.00929151
2.192, 0.00929151
2.193, 0.00929151
2.194, 0.00929151
2.195, 0.00929151
2.196, 0.00929151
2.197, 0.00929151
2.198, 0.00929151
2.199, 0.00929151
2.2, 0.00929151
2.201, 0.00929151
2.202, 0.00929151
2.203, 0.00929151
2.204, 0.00929151
2.205, 0.00929151
2.206, 0.00929151
2.207, 0.00929151
2.208, 0.00929151
2.209, 0.00929151
2.21, 0.00929151
2.211, 0.00929151
2.212, 0.00929151
2.213, 0.00929151
2.214, 0.00929151
2.215, 0.00929151
2.216, 0.00929151
2.217, 0.00929151
2.218, 0.00929151
2.219, 0.00929151
2.22, 0.00929151
2.221, 0.00929151
2.222, 0.00929151
2.223, 0.00929151
2.224, 0.00929151
2.225, 0.00929151
2.226, 0.00929151
2.227, 0.00929151
2.228, 0.00929151
2.229, 0.00929151
2.23, 0.00929151
2.231, 0.00929151
2.232, 0.00929151
2.233, 0.00929151
2.234, 0.00929151
2.235, 0.00929151
2.236, 0.00929151
2.237, 0.00929151
2.238, 0.00929151
2.239, 0.00929151
2.24, 0.00929151
2.241, 0.00929151
2.242, 0.00929151
2.243, 0.00929151
2.244, 0.00929151
2.245, 0.00929151
2.246, 0.00929151
2.247, 0.00929151
2.248, 0.00929151
2.249, 0.00929151
2.25, 0.00929151
2.251, 0.00929151
2.252, 0.00929151
2.253, 0.00929151
2.254, 0.00929151
2.255, 0.00929151
2.256, 0.00929151
2.257, 0.00929151
2.258, 0.00929151
2.259, 0.00929151
2.26, 0.00929151
2.261, 0.00929151
2.262, 0.00929151
2.263, 0.00929151
2.264, 0.00929151
2.265, 0.00929151
2.266, 0.00929151
2.267, 0.00929151
2.268, 0.00929151
2.269, 0.00929151
2.27, 0.00929151
2.271, 0.00929151
2.272, 0.00929151
2.273, 0.00929151
2.274, 0.00929151
2.275, 0.00929151
2.276, 0.00929151
2.277, 0.00929151
2.278, 0.00929151
2.279, 0.00929151
2.28, 0.00929151
2.281, 0.00929151
2.282, 0.00929151
2.283, 0.00929151
2.284, 0.00929151
2.285, 0.00929151
2.286, 0.00929151
2.287, 0.00929151
2.288, 0.00929151
2.289, 0.00929151
2.29, 0.00929151
2.291, 0.00929151
2.292, 0.00929151
2.293, 0.00929151
2.294, 0.00929151
2.295, 0.00929151
2.296, 0.00929151
2.297, 0.00929151
2.298, 0.00929151
2.299, 0.00929151
2.3, 0.00929151
2.301, 0.00929151
2.302, 0.00929151
2.303, 0.00929151
2.304, 0.00929151
2.305, 0.00929151
2.306, 0.00929151
2.307, 0.00929151
2.308, 0.00929151
2.309, 0.00929151
2.31, 0.00929151
2.311, 0.00929151
2.312, 0.00929151
2.313, 0.00929151
2.314, 0.00929151
2.315, 0.00929151
2.316, 0.00929151
2.317, 0.00929151
2.318, 0.00929151
2.319, 0.00929151
2.32, 0.00929151
2.321, 0.00929151
2.322, 0.00929151
2.323, 0.00929151
2.324, 0.00929151
2.325, 0.00929151
2.326, 0.00929151
2.327, 0.00929151
2.328, 0.00929151
2.329, 0.00929151
2.33, 0.00929151
2.331, 0.00929151
2.332, 0.00929151
2.333, 0.00929151
2.334, 0.00929151
2.335, 0.00929151
2.336, 0.00929151
2.337, 0.00929151
2.338, 0.00929151
2.339, 0.00929151
2.34, 0.00929151
2.341, 0.00929151
2.342, 0.00929151
2.343, 0.00929151
2.344, 0.00929151
2.345, 0.00929151
2.346, 0.00929151
2.347, 0.00929151
2.348, 0.00929151
2.349, 0.00929151
2.35, 0.00929151
2.351, 0.00929151
2.352, 0.00929151
2.353, 0.00929151
2.354, 0.00929151
2.355, 0.00929151
2.356, 0.00929151
2.357, 0.00929151
2.358, 0.00929151
2.359, 0.00929151
2.36, 0.00929151
2.361, 0.00929151
2.362, 0.00929151
2.363, 0.00929151
2.364, 0.00929151
2.365, 0.00929151
2.366, 0.00929151
2.367, 0.00929151
2.368, 0.00929151
2.369, 0.00929151
2.37, 0.00929151
2.371, 0.00929151
2.372, 0.00929151
2.373, 0.00929151
2.374, 0.00929151
2.375, 0.00929151
2.376, 0.00929151
2.377, 0.00929151
2.378, 0.00929151
2.379, 0.00929151
2.38, 0.00929151
2.381, 0.00929151
2.382, 0.00929151
2.383, 0.00929151
2.384, 0.00929151
2.385, 0.00929151
2.386, 0.00929151
2.387, 0.00929151
2.388, 0.00929151
2.389, 0.00929151
2.39, 0.00929151
2.391, 0.00929151
2.392, 0.00929151
2.393, 0.00929151
2.394, 0.00929151
2.395, 0.00929151
2.396, 0.00929151
2.397, 0.00929151
2.398, 0.00929151
2.399, 0.00929151
2.4, 0.00929151
2.401, 0.00929151
2.402, 0.00929151
2.403, 0.00929151
2.404, 0.00929151
2.405, 0.00929151
2.406, 0.00929151
2.407, 0.00929151
2.408, 0.00929151
2.409, 0.00929151
2.41, 0.00929151
2.411, 0.00929151
2.412, 0.00929151
2.413, 0.00929151
2.414, 0.00929151
2.415, 0.00929151
2.416, 0.00929151
2.417, 0.00929151
2.418, 0.00929151
2.419, 0.00929151
2.42, 0.00929151
2.421, 0.00929151
2.422, 0.00929151
2.423, 0.00929151
2.424, 0.00929151
2.425, 0.00929151
2.426, 0.00929151
2.427, 0.00929151
2.428, 0.00929151
2.429, 0.00929151
2.43, 0.00929151
2.431, 0.00929151
2.432, 0.00929151
2.433, 0.00929151
2.434, 0.00929151
2.435, 0.00929151
2.436, 0.00929151
2.437, 0.00929151
2.438, 0.00929151
2.439, 0.00929151
2.44, 0.00929151
2.441, 0.00929151
2.442, 0.00929151
2.443, 0.00929151
2.444, 0.00929151
2.445, 0.00929151
2.446, 0.00929151
2.447, 0.00929151
2.448, 0.00929151
2.449, 0.00929151
2.45, 0.00929151
2.451, 0.00929151
2.452, 0.00929151
2.453, 0.00929151
2.454, 0.00929151
2.455, 0.00929151
2.456, 0.00929151
2.457, 0.00929151
2.458, 0.00929151
2.459, 0.00929151
2.46, 0.00929151
2.461, 0.00929151
2.462, 0.00929151
2.463, 0.00929151
2.464, 0.00929151
2.465, 0.00929151
2.466, 0.00929151
2.467, 0.00929151
2.468, 0.00929151
2.469, 0.00929151
2.47, 0.00929151
2.471, 0.00929151
2.472, 0.00929151
2.473, 0.00929151
2.474, 0.00929151
2.475, 0.00929151
2.476, 0.00929151
2.477, 0.00929151
2.478, 0.00929151
2.479, 0.00929151
2.48, 0.00929151
2.481, 0.00929151
2.482, 0.00929151
2.483, 0.00929151
2.484, 0.00929151
2.485, 0.00929151
2.486, 0.00929151
2.487, 0.00929151
2.488, 0.00929151
2.489, 0.00929151
2.49, 0.00929151
2.491, 0.00929151
2.492, 0.00929151
2.493, 0.00929151
2.494, 0.00929151
2.495, 0.00929151
2.496, 0.00929151
2.497, 0.00929151
2.498, 0.00929151
2.499, 0.00929151
2.5, 0.00929151
2.501, 0.00929151
2.502, 0.00929151
2.503, 0.00929151
2.504, 0.00929151
2.505, 0.00929151
2.506, 0.00929151
2.507, 0.00929151
2.508, 0.00929151
2.509, 0.00929151
2.51, 0.00929151
2.511, 0.00929151
2.512, 0.00929151
2.513, 0.00929151
2.514, 0.00929151
2.515, 0.00929151
2.516, 0.00929151
2.517, 0.00929151
2.518, 0.00929151
2.519, 0.00929151
2.52, 0.00929151
2.521, 0.00929151
2.522, 0.00929151
2.523, 0.00929151
2.524, 0.00929151
2.525, 0.00929151
2.526, 0.00929151
2.527, 0.00929151
2.528, 0.00929151
2.529, 0.00929151
2.53, 0.00929151
2.531, 0.00929151
2.532, 0.00929151
2.533, 0.00929151
2.534, 0.00929151
2.535, 0.00929151
2.536, 0.00929151
2.537, 0.00929151
2.538, 0.00929151
2.539, 0.00929151
2.54, 0.00929151
2.541, 0.00929151
2.542, 0.00929151
2.543, 0.00929151
2.544, 0.00929151
2.545, 0.00929151
2.546, 0.00929151
2.547, 0.00929151
2.548, 0.00929151
2.549, 0.00929151
2.55, 0.00929151
2.551, 0.00929151
2.552, 0.00929151
2.553, 0.00929151
2.554, 0.00929151
2.555, 0.00929151
2.556, 0.00929151
2.557, 0.00929151
2.558, 0.00929151
2.559, 0.00929151
2.56, 0.00929151
2.561, 0.00929151
2.562, 0.00929151
2.563, 0.00929151
2.564, 0.00929151
2.565, 0.00929151
2.566, 0.00929151
2.567, 0.00929151
2.568, 0.00929151
2.569, 0.00929151
2.57, 0.00929151
2.571, 0.00929151
2.572, 0.00929151
2.573, 0.00929151
2.574, 0.00929151
2.575, 0.00929151
2.576, 0.00929151
2.577, 0.00929151
2.578, 0.00929151
2.579, 0.00929151
2.58, 0.00929151
2.581, 0.00929151
2.582, 0.00929151
2.583, 0.00929151
2.584, 0.00929151
2.585, 0.00929151
2.586, 0.00929151
2.587, 0.00929151
2.588, 0.00929151
2.589, 0.00929151
2.59, 0.00929151
2.591, 0.00929151
2.592, 0.00929151
2.593, 0.00929151
2.594, 0.00929151
2.595, 0.00929151
2.596, 0.00929151
2.597, 0.00929151
2.598, 0.00929151
2.599, 0.00929151
2.6, 0.00929151
2.601, 0.00929151
2.602, 0.00929151
2.603, 0.00929151
2.604, 0.00929151
2.605, 0.00929151
2.606, 0.00929151
2.607, 0.00929151
2.608, 0.00929151
2.609, 0.00929151
2.61, 0.00929151
2.611, 0.00929151
2.612, 0.00929151
2.613, 0.00929151
2.614, 0.00929151
2.615, 0.00929151
2.616, 0.00929151
2.617, 0.00929151
2.618, 0.00929151
2.619, 0.00929151
2.62, 0.00929151
2.621, 0.00929151
2.622, 0.00929151
2.623, 0.00929151
2.624, 0.00929151
2.625, 0.00929151
2.626, 0.00929151
2.627, 0.00929151
2.628, 0.00929151
2.629, 0.00929151
2.63, 0.00929151
2.631, 0.00929151
2.632, 0.00929151
2.633, 0.00929151
2.634, 0.00929151
2.635, 0.00929151
2.636, 0.00929151
2.637, 0.00929151
2.638, 0.00929151
2.639, 0.00929151
2.64, 0.00929151
2.641, 0.00929151
2.642, 0.00929151
2.643, 0.00929151
2.644, 0.00929151
2.645, 0.00929151
2.646, 0.00929151
2.647, 0.00929151
2.648, 0.00929151
2.649, 0.00929151
2.65, 0.00929151
2.651, 0.00929151
2.652, 0.00929151
2.653, 0.00929151
2.654, 0.00929151
2.655, 0.00929151
2.656, 0.00929151
2.657, 0.00929151
2.658, 0.00929151
2.659, 0.00929151
2.66, 0.00929151
2.661, 0.00929151
2.662, 0.00929151
2.663, 0.00929151
2.664, 0.00929151
2.665, 0.00929151
2.666, 0.00929151
2.667, 0.00929151
2.668, 0.00929151
2.669, 0.00929151
2.67, 0.00929151
2.671, 0.00929151
2.672, 0.00929151
2.673, 0.00929151
2.674, 0.00929151
2.675, 0.00929151
2.676, 0.00929151
2.677, 0.00929151
2.678, 0.00929151
2.679, 0.00929151
2.68, 0.00929151
2.681, 0.00929151
2.682, 0.00929151
2.683, 0.00929151
2.684, 0.00929151
2.685, 0.00929151
2.686, 0.00929151
2.687, 0.00929151
2.688, 0.00929151
2.689, 0.00929151
2.69, 0.00929151
2.691, 0.00929151
2.692, 0.00929151
2.693, 0.00929151
2.694, 0.00929151
2.695, 0.00929151
2.696, 0.00929151
2.697, 0.00929151
2.698, 0.00929151
2.699, 0.00929151
2.7, 0.00929151
2.701, 0.00929151
2.702, 0.00929151
2.703, 0.00929151
2.704, 0.00929151
2.705, 0.00929151
2.706, 0.00929151
2.707, 0.00929151
2.708, 0.00929151
2.709, 0.00929151
2.71, 0.00929151
2.711, 0.00929151
2.712, 0.00929151
2.713, 0.00929151
2.714, 0.00929151
2.715, 0.00929151
2.716, 0.00929151
2.717, 0.00929151
2.718, 0.00929151
2.719, 0.00929151
2.72, 0.00929151
2.721, 0.00929151
2.722, 0.00929151
2.723, 0.00929151
2.724, 0.00929151
2.725, 0.00929151
2.726, 0.00929151
2.727, 0.00929151
2.728, 0.00929151
2.729, 0.00929151
2.73, 0.00929151
2.731, 0.00929151
2.732, 0.00929151
2.733, 0.00929151
2.734, 0.00929151
2.735, 0.00929151
2.736, 0.00929151
2.737, 0.00929151
2.738, 0.00929151
2.739, 0.00929151
2.74, 0.00929151
2.741, 0.00929151
2.742, 0.00929151
2.743, 0.00929151
2.744, 0.00929151
2.745, 0.00929151
2.746, 0.00929151
2.747, 0.00929151
2.748, 0.00929151
2.749, 0.00929151
2.75, 0.00929151
2.751, 0.00929151
2.752, 0.00929151
2.753, 0.00929151
2.754, 0.00929151
2.755, 0.00929151
2.756, 0.00929151
2.757, 0.00929151
2.758, 0.00929151
2.759, 0.00929151
2.76, 0.00929151
2.761, 0.00929151
2.762, 0.00929151
2.763, 0.00929151
2.764, 0.00929151
2.765, 0.00929151
2.766, 0.00929151
2.767, 0.00929151
2.768, 0.00929151
2.769, 0.00929151
2.77, 0.00929151
2.771, 0.00929151
2.772, 0.00929151
2.773, 0.00929151
2.774, 0.00929151
2.775, 0.00929151
2.776, 0.00929151
2.777, 0.00929151
2.778, 0.00929151
2.779, 0.00929151
2.78, 0.00929151
2.781, 0.00929151
2.782, 0.00929151
2.783, 0.00929151
2.784, 0.00929151
2.785, 0.00929151
2.786, 0.00929151
2.787, 0.00929151
2.788, 0.00929151
2.789, 0.00929151
2.79, 0.00929151
2.791, 0.00929151
2.792, 0.00929151
2.793, 0.00929151
2.794, 0.00929151
2.795, 0.00929151
2.796, 0.00929151
2.797, 0.00929151
2.798, 0.00929151
2.799, 0.00929151
2.8, 0.00929151
2.801, 0.00929151
2.802, 0.00929151
2.803, 0.00929151
2.804, 0.00929151
2.805, 0.00929151
2.806, 0.00929151
2.807, 0.00929151
2.808, 0.00929151
2.809, 0.00929151
2.81, 0.00929151
2.811, 0.00929151
2.812, 0.00929151
2.813, 0.00929151
2.814, 0.00929151
2.815, 0.00929151
2.816, 0.00929151
2.817, 0.00929151
2.818, 0.00929151
2.819, 0.00929151
2.82, 0.00929151
2.821, 0.00929151
2.822, 0.00929151
2.823, 0.00929151
2.824, 0.00929151
2.825, 0.00929151
2.826, 0.00929151
2.827, 0.00929151
2.828, 0.00929151
2.829, 0.00929151
2.83, 0.00929151
2.831, 0.00929151
2.832, 0.00929151
2.833, 0.00929151
2.834, 0.00929151
2.835, 0.00929151
2.836, 0.00929151
2.837, 0.00929151
2.838, 0.00929151
2.839, 0.00929151
2.84, 0.00929151
2.841, 0.00929151
2.842, 0.00929151
2.843, 0.00929151
2.844, 0.00929151
2.845, 0.00929151
2.846, 0.00929151
2.847, 0.00929151
2.848, 0.00929151
2.849, 0.00929151
2.85, 0.00929151
2.851, 0.00929151
2.852, 0.00929151
2.853, 0.00929151
2.854, 0.00929151
2.855, 0.00929151
2.856, 0.00929151
2.857, 0.00929151
2.858, 0.00929151
2.859, 0.00929151
2.86, 0.00929151
2.861, 0.00929151
2.862, 0.00929151
2.863, 0.00929151
2.864, 0.00929151
2.865, 0.00929151
2.866, 0.00929151
2.867, 0.00929151
2.868, 0.00929151
2.869, 0.00929151
2.87, 0.00929151
2.871, 0.00929151
2.872, 0.00929151
2.873, 0.00929151
2.874, 0.00929151
2.875, 0.00929151
2.876, 0.00929151
2.877, 0.00929151
2.878, 0.00929151
2.879, 0.00929151
2.88, 0.00929151
2.881, 0.00929151
2.882, 0.00929151
2.883, 0.00929151
2.884, 0.00929151
2.885, 0.00929151
2.886, 0.00929151
2.887, 0.00929151
2.888, 0.00929151
2.889, 0.00929151
2.89, 0.00929151
2.891, 0.00929151
2.892, 0.00929151
2.893, 0.00929151
2.894, 0.00929151
2.895, 0.00929151
2.896, 0.00929151
2.897, 0.00929151
2.898, 0.00929151
2.899, 0.00929151
2.9, 0.00929151
2.901, 0.00929151
2.902, 0.00929151
2.903, 0.00929151
2.904, 0.00929151
2.905, 0.00929151
2.906, 0.00929151
2.907, 0.00929151
2.908, 0.00929151
2.909, 0.00929151
2.91, 0.00929151
2.911, 0.00929151
2.912, 0.00929151
2.913, 0.00929151
2.914, 0.00929151
2.915, 0.00929151
2.916, 0.00929151
2.917, 0.00929151
2.918, 0.00929151
2.919, 0.00929151
2.92, 0.00929151
2.921, 0.00929151
2.922, 0.00929151
2.923, 0.00929151
2.924, 0.00929151
2.925, 0.00929151
2.926, 0.00929151
2.927, 0.00929151
2.928, 0.00929151
2.929, 0.00929151
2.93, 0.00929151
2.931, 0.00929151
2.932, 0.00929151
2.933, 0.00929151
2.934, 0.00929151
2.935, 0.00929151
2.936, 0.00929151
2.937, 0.00929151
2.938, 0.00929151
2.939, 0.00929151
2.94, 0.00929151
2.941, 0.00929151
2.942, 0.00929151
2.943, 0.00929151
2.944, 0.00929151
2.945, 0.00929151
2.946, 0.00929151
2.947, 0.00929151
2.948, 0.00929151
2.949, 0.00929151
2.95, 0.00929151
2.951, 0.00929151
2.952, 0.00929151
2.953, 0.00929151
2.954, 0.00929151
2.955, 0.00929151
2.956, 0.00929151
2.957, 0.00929151
2.958, 0.00929151
2.959, 0.00929151
2.96, 0.00929151
2.961, 0.00929151
2.962, 0.00929151
2.963, 0.00929151
2.964, 0.00929151
2.965, 0.00929151
2.966, 0.00929151
2.967, 0.00929151
2.968, 0.00929151
2.969, 0.00929151
2.97, 0.00929151
2.971, 0.00929151
2.972, 0.00929151
2.973, 0.00929151
2.974, 0.00929151
2.975, 0.00929151
2.976, 0.00929151
2.977, 0.00929151
2.978, 0.00929151
2.979, 0.00929151
2.98, 0.00929151
2.981, 0.00929151
2.982, 0.00929151
2.983, 0.00929151
2.984, 0.00929151
2.985, 0.00929151
2.986, 0.00929151
2.987, 0.00929151
2.988, 0.00929151
2.989, 0.00929151
2.99, 0.00929151
2.991, 0.00929151
2.992, 0.00929151
2.993, 0.00929151
2.994, 0.00929151
2.995, 0.00929151
2.996, 0.00929151
2.997, 0.00929151
2.998, 0.00929151
2.999, 0.00929151
3, 0.00929151
3.001, 0.00929151
3.002, 0.00929151
3.003, 0.00929151
3.004, 0.00929151
3.005, 0.00929151
3.006, 0.00929151
3.007, 0.00929151
3.008, 0.00929151
3.009, 0.00929151
3.01, 0.00929151
3.011, 0.00929151
3.012, 0.00929151
3.013, 0.00929151
3.014, 0.00929151
3.015, 0.00929151
3.016, 0.00929151
3.017, 0.00929151
3.018, 0.00929151
3.019, 0.00929151
3.02, 0.00929151
3.021, 0.00929151
3.022, 0.00929151
3.023, 0.00929151
3.024, 0.00929151
3.025, 0.00929151
3.026, 0.00929151
3.027, 0.00929151
3.028, 0.00929151
3.029, 0.00929151
3.03, 0.00929151
3.031, 0.00929151
3.032, 0.00929151
3.033, 0.00929151
3.034, 0.00929151
3.035, 0.00929151
3.036, 0.00929151
3.037, 0.00929151
3.038, 0.00929151
3.039, 0.00929151
3.04, 0.00929151
3.041, 0.00929151
3.042, 0.00929151
3.043, 0.00929151
3.044, 0.00929151
3.045, 0.00929151
3.046, 0.00929151
3.047, 0.00929151
3.048, 0.00929151
3.049, 0.00929151
3.05, 0.00929151
3.051, 0.00929151
3.052, 0.00929151
3.053, 0.00929151
3.054, 0.00929151
3.055, 0.00929151
3.056, 0.00929151
3.057, 0.00929151
3.058, 0.00929151
3.059, 0.00929151
3.06, 0.00929151
3.061, 0.00929151
3.062, 0.00929151
3.063, 0.00929151
3.064, 0.00929151
3.065, 0.00929151
3.066, 0.00929151
3.067, 0.00929151
3.068, 0.00929151
3.069, 0.00929151
3.07, 0.00929151
3.071, 0.00929151
3.072, 0.00929151
3.073, 0.00929151
3.074, 0.00929151
3.075, 0.00929151
3.076, 0.00929151
3.077, 0.00929151
3.078, 0.00929151
3.079, 0.00929151
3.08, 0.00929151
3.081, 0.00929151
3.082, 0.00929151
3.083, 0.00929151
3.084, 0.00929151
3.085, 0.00929151
3.086, 0.00929151
3.087, 0.00929151
3.088, 0.00929151
3.089, 0.00929151
3.09, 0.00929151
3.091, 0.00929151
3.092, 0.00929151
3.093, 0.00929151
3.094, 0.00929151
3.095, 0.00929151
3.096, 0.00929151
3.097, 0.00929151
3.098, 0.00929151
3.099, 0.00929151
3.1, 0.00929151
3.101, 0.00929151
3.102, 0.00929151
3.103, 0.00929151
3.104, 0.00929151
3.105, 0.00929151
3.106, 0.00929151
3.107, 0.00929151
3.108, 0.00929151
3.109, 0.00929151
3.11, 0.00929151
3.111, 0.00929151
3.112, 0.00929151
3.113, 0.00929151
3.114, 0.00929151
3.115, 0.00929151
3.116, 0.00929151
3.117, 0.00929151
3.118, 0.00929151
3.119, 0.00929151
3.12, 0.00929151
3.121, 0.00929151
3.122, 0.00929151
3.123, 0.00929151
3.124, 0.00929151
3.125, 0.00929151
3.126, 0.00929151
3.127, 0.00929151
3.128, 0.00929151
3.129, 0.00929151
3.13, 0.00929151
3.131, 0.00929151
3.132, 0.00929151
3.133, 0.00929151
3.134, 0.00929151
3.135, 0.00929151
3.136, 0.00929151
3.137, 0.00929151
3.138, 0.00929151
3.139, 0.00929151
3.14, 0.00929151
3.141, 0.00929151
3.142, 0.00929151
3.143, 0.00929151
3.144, 0.00929151
3.145, 0.00929151
3.146, 0.00929151
3.147, 0.00929151
3.148, 0.00929151
3.149, 0.00929151
3.15, 0.00929151
3.151, 0.00929151
3.152, 0.00929151
3.153, 0.00929151
3.154, 0.00929151
3.155, 0.00929151
3.156, 0.00929151
3.157, 0.00929151
3.158, 0.00929151
3.159, 0.00929151
3.16, 0.00929151
3.161, 0.00929151
3.162, 0.00929151
3.163, 0.00929151
3.164, 0.00929151
3.165, 0.00929151
3.166, 0.00929151
3.167, 0.00929151
3.168, 0.00929151
3.169, 0.00929151
3.17, 0.00929151
3.171, 0.00929151
3.172, 0.00929151
3.173, 0.00929151
3.174, 0.00929151
3.175, 0.00929151
3.176, 0.00929151
3.177, 0.00929151
3.178, 0.00929151
3.179, 0.00929151
3.18, 0.00929151
3.181, 0.00929151
3.182, 0.00929151
3.183, 0.00929151
3.184, 0.00929151
3.185, 0.00929151
3.186, 0.00929151
3.187, 0.00929151
3.188, 0.00929151
3.189, 0.00929151
3.19, 0.00929151
3.191, 0.00929151
3.192, 0.00929151
3.193, 0.00929151
3.194, 0.00929151
3.195, 0.00929151
3.196, 0.00929151
3.197, 0.00929151
3.198, 0.00929151
3.199, 0.00929151
3.2, 0.00929151
3.201, 0.00929151
3.202, 0.00929151
3.203, 0.00929151
3.204, 0.00929151
3.205, 0.00929151
3.206, 0.00929151
3.207, 0.00929151
3.208, 0.00929151
3.209, 0.00929151
3.21, 0.00929151
3.211, 0.00929151
3.212, 0.00929151
3.213, 0.00929151
3.214, 0.00929151
3.215, 0.00929151
3.216, 0.00929151
3.217, 0.00929151
3.218, 0.00929151
3.219, 0.00929151
3.22, 0.00929151
3.221, 0.00929151
3.222, 0.00929151
3.223, 0.00929151
3.224, 0.00929151
3.225, 0.00929151
3.226, 0.00929151
3.227, 0.00929151
3.228, 0.00929151
3.229, 0.00929151
3.23, 0.00929151
3.231, 0.00929151
3.232, 0.00929151
3.233, 0.00929151
3.234, 0.00929151
3.235, 0.00929151
3.236, 0.00929151
3.237, 0.00929151
3.238, 0.00929151
3.239, 0.00929151
3.24, 0.00929151
3.241, 0.00929151
3.242, 0.00929151
3.243, 0.00929151
3.244, 0.00929151
3.245, 0.00929151
3.246, 0.00929151
3.247, 0.00929151
3.248, 0.00929151
3.249, 0.00929151
3.25, 0.00929151
3.251, 0.00929151
3.252, 0.00929151
3.253, 0.00929151
3.254, 0.00929151
3.255, 0.00929151
3.256, 0.00929151
3.257, 0.00929151
3.258, 0.00929151
3.259, 0.00929151
3.26, 0.00929151
3.261, 0.00929151
3.262, 0.00929151
3.263, 0.00929151
3.264, 0.00929151
3.265, 0.00929151
3.266, 0.00929151
3.267, 0.00929151
3.268, 0.00929151
3.269, 0.00929151
3.27, 0.00929151
3.271, 0.00929151
3.272, 0.00929151
3.273, 0.00929151
3.274, 0.00929151
3.275, 0.00929151
3.276, 0.00929151
3.277, 0.00929151
3.278, 0.00929151
3.279, 0.00929151
3.28, 0.00929151
3.281, 0.00929151
3.282, 0.00929151
3.283, 0.00929151
3.284, 0.00929151
3.285, 0.00929151
3.286, 0.00929151
3.287, 0.00929151
3.288, 0.00929151
3.289, 0.00929151
3.29, 0.00929151
3.291, 0.00929151
3.292, 0.00929151
3.293, 0.00929151
3.294, 0.00929151
3.295, 0.00929151
3.296, 0.00929151
3.297, 0.00929151
3.298, 0.00929151
3.299, 0.00929151
3.3, 0.00929151
3.301, 0.00929151
3.302, 0.00929151
3.303, 0.00929151
3.304, 0.00929151
3.305, 0.00929151
3.306, 0.00929151
3.307, 0.00929151
3.308, 0.00929151
3.309, 0.00929151
3.31, 0.00929151
3.311, 0.00929151
3.312, 0.00929151
3.313, 0.00929151
3.314, 0.00929151
3.315, 0.00929151
3.316, 0.00929151
3.317, 0.00929151
3.318, 0.00929151
3.319, 0.00929151
3.32, 0.00929151
3.321, 0.00929151
3.322, 0.00929151
3.323, 0.00929151
3.324, 0.00929151
3.325, 0.00929151
3.326, 0.00929151
3.327, 0.00929151
3.328, 0.00929151
3.329, 0.00929151
3.33, 0.00929151
3.331, 0.00929151
3.332, 0.00929151
3.333, 0.00929151
3.334, 0.00929151
3.335, 0.00929151
3.336, 0.00929151
3.337, 0.00929151
3.338, 0.00929151
3.339, 0.00929151
3.34, 0.00929151
3.341, 0.00929151
3.342, 0.00929151
3.343, 0.00929151
3.344, 0.00929151
3.345, 0.00929151
3.346, 0.00929151
3.347, 0.00929151
3.348, 0.00929151
3.349, 0.00929151
3.35, 0.00929151
3.351, 0.00929151
3.352, 0.00929151
3.353, 0.00929151
3.354, 0.00929151
3.355, 0.00929151
3.356, 0.00929151
3.357, 0.00929151
3.358, 0.00929151
3.359, 0.00929151
3.36, 0.00929151
3.361, 0.00929151
3.362, 0.00929151
3.363, 0.00929151
3.364, 0.00929151
3.365, 0.00929151
3.366, 0.00929151
3.367, 0.00929151
3.368, 0.00929151
3.369, 0.00929151
3.37, 0.00929151
3.371, 0.00929151
3.372, 0.00929151
3.373, 0.00929151
3.374, 0.00929151
3.375, 0.00929151
3.376, 0.00929151
3.377, 0.00929151
3.378, 0.00929151
3.379, 0.00929151
3.38, 0.00929151
3.381, 0.00929151
3.382, 0.00929151
3.383, 0.00929151
3.384, 0.00929151
3.385, 0.00929151
3.386, 0.00929151
3.387, 0.00929151
3.388, 0.00929151
3.389, 0.00929151
3.39, 0.00929151
3.391, 0.00929151
3.392, 0.00929151
3.393, 0.00929151
3.394, 0.00929151
3.395, 0.00929151
3.396, 0.00929151
3.397, 0.00929151
3.398, 0.00929151
3.399, 0.00929151
3.4, 0.00929151
3.401, 0.00929151
3.402, 0.00929151
3.403, 0.00929151
3.404, 0.00929151
3.405, 0.00929151
3.406, 0.00929151
3.407, 0.00929151
3.408, 0.00929151
3.409, 0.00929151
3.41, 0.00929151
3.411, 0.00929151
3.412, 0.00929151
3.413, 0.00929151
3.414, 0.00929151
3.415, 0.00929151
3.416, 0.00929151
3.417, 0.00929151
3.418, 0.00929151
3.419, 0.00929151
3.42, 0.00929151
3.421, 0.00929151
3.422, 0.00929151
3.423, 0.00929151
3.424, 0.00929151
3.425, 0.00929151
3.426, 0.00929151
3.427, 0.00929151
3.428, 0.00929151
3.429, 0.00929151
3.43, 0.00929151
3.431, 0.00929151
3.432, 0.00929151
3.433, 0.00929151
3.434, 0.00929151
3.435, 0.00929151
3.436, 0.00929151
3.437, 0.00929151
3.438, 0.00929151
3.439, 0.00929151
3.44, 0.00929151
3.441, 0.00929151
3.442, 0.00929151
3.443, 0.00929151
3.444, 0.00929151
3.445, 0.00929151
3.446, 0.00929151
3.447, 0.00929151
3.448, 0.00929151
3.449, 0.00929151
3.45, 0.00929151
3.451, 0.00929151
3.452, 0.00929151
3.453, 0.00929151
3.454, 0.00929151
3.455, 0.00929151
3.456, 0.00929151
3.457, 0.00929151
3.458, 0.00929151
3.459, 0.00929151
3.46, 0.00929151
3.461, 0.00929151
3.462, 0.00929151
3.463, 0.00929151
3.464, 0.00929151
3.465, 0.00929151
3.466, 0.00929151
3.467, 0.00929151
3.468, 0.00929151
3.469, 0.00929151
3.47, 0.00929151
3.471, 0.00929151
3.472, 0.00929151
3.473, 0.00929151
3.474, 0.00929151
3.475, 0.00929151
3.476, 0.00929151
3.477, 0.00929151
3.478, 0.00929151
3.479, 0.00929151
3.48, 0.00929151
3.481, 0.00929151
3.482, 0.00929151
3.483, 0.00929151
3.484, 0.00929151
3.485, 0.00929151
3.486, 0.00929151
3.487, 0.00929151
3.488, 0.00929151
3.489, 0.00929151
3.49, 0.00929151
3.491, 0.00929151
3.492, 0.00929151
3.493, 0.00929151
3.494, 0.00929151
3.495, 0.00929151
3.496, 0.00929151
3.497, 0.00929151
3.498, 0.00929151
3.499, 0.00929151
3.5, 0.00929151
3.501, 0.00929151
3.502, 0.00929151
3.503, 0.00929151
3.504, 0.00929151
3.505, 0.00929151
3.506, 0.00929151
3.507, 0.00929151
3.508, 0.00929151
3.509, 0.00929151
3.51, 0.00929151
3.511, 0.00929151
3.512, 0.00929151
3.513, 0.00929151
3.514, 0.00929151
3.515, 0.00929151
3.516, 0.00929151
3.517, 0.00929151
3.518, 0.00929151
3.519, 0.00929151
3.52, 0.00929151
3.521, 0.00929151
3.522, 0.00929151
3.523, 0.00929151
3.524, 0.00929151
3.525, 0.00929151
3.526, 0.00929151
3.527, 0.00929151
3.528, 0.00929151
3.529, 0.00929151
3.53, 0.00929151
3.531, 0.00929151
3.532, 0.00929151
3.533, 0.00929151
3.534, 0.00929151
3.535, 0.00929151
3.536, 0.00929151
3.537, 0.00929151
3.538, 0.00929151
3.539, 0.00929151
3.54, 0.00929151
3.541, 0.00929151
3.542, 0.00929151
3.543, 0.00929151
3.544, 0.00929151
3.545, 0.00929151
3.546, 0.00929151
3.547, 0.00929151
3.548, 0.00929151
3.549, 0.00929151
3.55, 0.00929151
3.551, 0.00929151
3.552, 0.00929151
3.553, 0.00929151
3.554, 0.00929151
3.555, 0.00929151
3.556, 0.00929151
3.557, 0.00929151
3.558, 0.00929151
3.559, 0.00929151
3.56, 0.00929151
3.561, 0.00929151
3.562, 0.00929151
3.563, 0.00929151
3.564, 0.00929151
3.565, 0.00929151
3.566, 0.00929151
3.567, 0.00929151
3.568, 0.00929151
3.569, 0.00929151
3.57, 0.00929151
3.571, 0.00929151
3.572, 0.00929151
3.573, 0.00929151
3.574, 0.00929151
3.575, 0.00929151
3.576, 0.00929151
3.577, 0.00929151
3.578, 0.00929151
3.579, 0.00929151
3.58, 0.00929151
3.581, 0.00929151
3.582, 0.00929151
3.583, 0.00929151
3.584, 0.00929151
3.585, 0.00929151
3.586, 0.00929151
3.587, 0.00929151
3.588, 0.00929151
3.589, 0.00929151
3.59, 0.00929151
3.591, 0.00929151
3.592, 0.00929151
3.593, 0.00929151
3.594, 0.00929151
3.595, 0.00929151
3.596, 0.00929151
3.597, 0.00929151
3.598, 0.00929151
3.599, 0.00929151
3.6, 0.00929151
3.601, 0.00929151
3.602, 0.00929151
3.603, 0.00929151
3.604, 0.00929151
3.605, 0.00929151
3.606, 0.00929151
3.607, 0.00929151
3.608, 0.00929151
3.609, 0.00929151
3.61, 0.00929151
3.611, 0.00929151
3.612, 0.00929151
3.613, 0.00929151
3.614, 0.00929151
3.615, 0.00929151
3.616, 0.00929151
3.617, 0.00929151
3.618, 0.00929151
3.619, 0.00929151
3.62, 0.00929151
3.621, 0.00929151
3.622, 0.00929151
3.623, 0.00929151
3.624, 0.00929151
3.625, 0.00929151
3.626, 0.00929151
3.627, 0.00929151
3.628, 0.00929151
3.629, 0.00929151
3.63, 0.00929151
3.631, 0.00929151
3.632, 0.00929151
3.633, 0.00929151
3.634, 0.00929151
3.635, 0.00929151
3.636, 0.00929151
3.637, 0.00929151
3.638, 0.00929151
3.639, 0.00929151
3.64, 0.00929151
3.641, 0.00929151
3.642, 0.00929151
3.643, 0.00929151
3.644, 0.00929151
3.645, 0.00929151
3.646, 0.00929151
3.647, 0.00929151
3.648, 0.00929151
3.649, 0.00929151
3.65, 0.00929151
3.651, 0.00929151
3.652, 0.00929151
3.653, 0.00929151
3.654, 0.00929151
3.655, 0.00929151
3.656, 0.00929151
3.657, 0.00929151
3.658, 0.00929151
3.659, 0.00929151
3.66, 0.00929151
3.661, 0.00929151
3.662, 0.00929151
3.663, 0.00929151
3.664, 0.00929151
3.665, 0.00929151
3.666, 0.00929151
3.667, 0.00929151
3.668, 0.00929151
3.669, 0.00929151
3.67, 0.00929151
3.671, 0.00929151
3.672, 0.00929151
3.673, 0.00929151
3.674, 0.00929151
3.675, 0.00929151
3.676, 0.00929151
3.677, 0.00929151
3.678, 0.00929151
3.679, 0.00929151
3.68, 0.00929151
3.681, 0.00929151
3.682, 0.00929151
3.683, 0.00929151
3.684, 0.00929151
3.685, 0.00929151
3.686, 0.00929151
3.687, 0.00929151
3.688, 0.00929151
3.689, 0.00929151
3.69, 0.00929151
3.691, 0.00929151
3.692, 0.00929151
3.693, 0.00929151
3.694, 0.00929151
3.695, 0.00929151
3.696, 0.00929151
3.697, 0.00929151
3.698, 0.00929151
3.699, 0.00929151
3.7, 0.00929151
3.701, 0.00929151
3.702, 0.00929151
3.703, 0.00929151
3.704, 0.00929151
3.705, 0.00929151
3.706, 0.00929151
3.707, 0.00929151
3.708, 0.00929151
3.709, 0.00929151
3.71, 0.00929151
3.711, 0.00929151
3.712, 0.00929151
3.713, 0.00929151
3.714, 0.00929151
3.715, 0.00929151
3.716, 0.00929151
3.717, 0.00929151
3.718, 0.00929151
3.719, 0.00929151
3.72, 0.00929151
3.721, 0.00929151
3.722, 0.00929151
3.723, 0.00929151
3.724, 0.00929151
3.725, 0.00929151
3.726, 0.00929151
3.727, 0.00929151
3.728, 0.00929151
3.729, 0.00929151
3.73, 0.00929151
3.731, 0.00929151
3.732, 0.00929151
3.733, 0.00929151
3.734, 0.00929151
3.735, 0.00929151
3.736, 0.00929151
3.737, 0.00929151
3.738, 0.00929151
3.739, 0.00929151
3.74, 0.00929151
3.741, 0.00929151
3.742, 0.00929151
3.743, 0.00929151
3.744, 0.00929151
3.745, 0.00929151
3.746, 0.00929151
3.747, 0.00929151
3.748, 0.00929151
3.749, 0.00929151
3.75, 0.00929151
3.751, 0.00929151
3.752, 0.00929151
3.753, 0.00929151
3.754, 0.00929151
3.755, 0.00929151
3.756, 0.00929151
3.757, 0.00929151
3.758, 0.00929151
3.759, 0.00929151
3.76, 0.00929151
3.761, 0.00929151
3.762, 0.00929151
3.763, 0.00929151
3.764, 0.00929151
3.765, 0.00929151
3.766, 0.00929151
3.767, 0.00929151
3.768, 0.00929151
3.769, 0.00929151
3.77, 0.00929151
3.771, 0.00929151
3.772, 0.00929151
3.773, 0.00929151
3.774, 0.00929151
3.775, 0.00929151
3.776, 0.00929151
3.777, 0.00929151
3.778, 0.00929151
3.779, 0.00929151
3.78, 0.00929151
3.781, 0.00929151
3.782, 0.00929151
3.783, 0.00929151
3.784, 0.00929151
3.785, 0.00929151
3.786, 0.00929151
3.787, 0.00929151
3.788, 0.00929151
3.789, 0.00929151
3.79, 0.00929151
3.791, 0.00929151
3.792, 0.00929151
3.793, 0.00929151
3.794, 0.00929151
3.795, 0.00929151
3.796, 0.00929151
3.797, 0.00929151
3.798, 0.00929151
3.799, 0.00929151
3.8, 0.00929151
3.801, 0.00929151
3.802, 0.00929151
3.803, 0.00929151
3.804, 0.00929151
3.805, 0.00929151
3.806, 0.00929151
3.807, 0.00929151
3.808, 0.00929151
3.809, 0.00929151
3.81, 0.00929151
3.811, 0.00929151
3.812, 0.00929151
3.813, 0.00929151
3.814, 0.00929151
3.815, 0.00929151
3.816, 0.00929151
3.817, 0.00929151
3.818, 0.00929151
3.819, 0.00929151
3.82, 0.00929151
3.821, 0.00929151
3.822, 0.00929151
3.823, 0.00929151
3.824, 0.00929151
3.825, 0.00929151
3.826, 0.00929151
3.827, 0.00929151
3.828, 0.00929151
3.829, 0.00929151
3.83, 0.00929151
3.831, 0.00929151
3.832, 0.00929151
3.833, 0.00929151
3.834, 0.00929151
3.835, 0.00929151
3.836, 0.00929151
3.837, 0.00929151
3.838, 0.00929151
3.839, 0.00929151
3.84, 0.00929151
3.841, 0.00929151
3.842, 0.00929151
3.843, 0.00929151
3.844, 0.00929151
3.845, 0.00929151
3.846, 0.00929151
3.847, 0.00929151
3.848, 0.00929151
3.849, 0.00929151
3.85, 0.00929151
3.851, 0.00929151
3.852, 0.00929151
3.853, 0.00929151
3.854, 0.00929151
3.855, 0.00929151
3.856, 0.00929151
3.857, 0.00929151
3.858, 0.00929151
3.859, 0.00929151
3.86, 0.00929151
3.861, 0.00929151
3.862, 0.00929151
3.863, 0.00929151
3.864, 0.00929151
3.865, 0.00929151
3.866, 0.00929151
3.867, 0.00929151
3.868, 0.00929151
3.869, 0.00929151
3.87, 0.00929151
3.871, 0.00929151
3.872, 0.00929151
3.873, 0.00929151
3.874, 0.00929151
3.875, 0.00929151
3.876, 0.00929151
3.877, 0.00929151
3.878, 0.00929151
3.879, 0.00929151
3.88, 0.00929151
3.881, 0.00929151
3.882, 0.00929151
3.883, 0.00929151
3.884, 0.00929151
3.885, 0.00929151
3.886, 0.00929151
3.887, 0.00929151
3.888, 0.00929151
3.889, 0.00929151
3.89, 0.00929151
3.891, 0.00929151
3.892, 0.00929151
3.893, 0.00929151
3.894, 0.00929151
3.895, 0.00929151
3.896, 0.00929151
3.897, 0.00929151
3.898, 0.00929151
3.899, 0.00929151
3.9, 0.00929151
3.901, 0.00929151
3.902, 0.00929151
3.903, 0.00929151
3.904, 0.00929151
3.905, 0.00929151
3.906, 0.00929151
3.907, 0.00929151
3.908, 0.00929151
3.909, 0.00929151
3.91, 0.00929151
3.911, 0.00929151
3.912, 0.00929151
3.913, 0.00929151
3.914, 0.00929151
3.915, 0.00929151
3.916, 0.00929151
3.917, 0.00929151
3.918, 0.00929151
3.919, 0.00929151
3.92, 0.00929151
3.921, 0.00929151
3.922, 0.00929151
3.923, 0.00929151
3.924, 0.00929151
3.925, 0.00929151
3.926, 0.00929151
3.927, 0.00929151
3.928, 0.00929151
3.929, 0.00929151
3.93, 0.00929151
3.931, 0.00929151
3.932, 0.00929151
3.933, 0.00929151
3.934, 0.00929151
3.935, 0.00929151
3.936, 0.00929151
3.937, 0.00929151
3.938, 0.00929151
3.939, 0.00929151
3.94, 0.00929151
3.941, 0.00929151
3.942, 0.00929151
3.943, 0.00929151
3.944, 0.00929151
3.945, 0.00929151
3.946, 0.00929151
3.947, 0.00929151
3.948, 0.00929151
3.949, 0.00929151
3.95, 0.00929151
3.951, 0.00929151
3.952, 0.00929151
3.953, 0.00929151
3.954, 0.00929151
3.955, 0.00929151
3.956, 0.00929151
3.957, 0.00929151
3.958, 0.00929151
3.959, 0.00929151
3.96, 0.00929151
3.961, 0.00929151
3.962, 0.00929151
3.963, 0.00929151
3.964, 0.00929151
3.965, 0.00929151
3.966, 0.00929151
3.967, 0.00929151
3.968, 0.00929151
3.969, 0.00929151
3.97, 0.00929151
3.971, 0.00929151
3.972, 0.00929151
3.973, 0.00929151
3.974, 0.00929151
3.975, 0.00929151
3.976, 0.00929151
3.977, 0.00929151
3.978, 0.00929151
3.979, 0.00929151
3.98, 0.00929151
3.981, 0.00929151
3.982, 0.00929151
3.983, 0.00929151
3.984, 0.00929151
3.985, 0.00929151
3.986, 0.00929151
3.987, 0.00929151
3.988, 0.00929151
3.989, 0.00929151
3.99, 0.00929151
3.991, 0.00929151
3.992, 0.00929151
3.993, 0.00929151
3.994, 0.00929151
3.995, 0.00929151
3.996, 0.00929151
3.997, 0.00929151
3.998, 0.00929151
3.999, 0.00929151
4, 0.00929151
4.001, 0.00929151
4.002, 0.00929151
4.003, 0.00929151
4.004, 0.00929151
4.005, 0.00929151
4.006, 0.00929151
4.007, 0.00929151
4.008, 0.00929151
4.009, 0.00929151
4.01, 0.00929151
4.011, 0.00929151
4.012, 0.00929151
4.013, 0.00929151
4.014, 0.00929151
4.015, 0.00929151
4.016, 0.00929151
4.017, 0.00929151
4.018, 0.00929151
4.019, 0.00929151
4.02, 0.00929151
4.021, 0.00929151
4.022, 0.00929151
4.023, 0.00929151
4.024, 0.00929151
4.025, 0.00929151
4.026, 0.00929151
4.027, 0.00929151
4.028, 0.00929151
4.029, 0.00929151
4.03, 0.00929151
4.031, 0.00929151
4.032, 0.00929151
4.033, 0.00929151
4.034, 0.00929151
4.035, 0.00929151
4.036, 0.00929151
4.037, 0.00929151
4.038, 0.00929151
4.039, 0.00929151
4.04, 0.00929151
4.041, 0.00929151
4.042, 0.00929151
4.043, 0.00929151
4.044, 0.00929151
4.045, 0.00929151
4.046, 0.00929151
4.047, 0.00929151
4.048, 0.00929151
4.049, 0.00929151
4.05, 0.00929151
4.051, 0.00929151
4.052, 0.00929151
4.053, 0.00929151
4.054, 0.00929151
4.055, 0.00929151
4.056, 0.00929151
4.057, 0.00929151
4.058, 0.00929151
4.059, 0.00929151
4.06, 0.00929151
4.061, 0.00929151
4.062, 0.00929151
4.063, 0.00929151
4.064, 0.00929151
4.065, 0.00929151
4.066, 0.00929151
4.067, 0.00929151
4.068, 0.00929151
4.069, 0.00929151
4.07, 0.00929151
4.071, 0.00929151
4.072, 0.00929151
4.073, 0.00929151
4.074, 0.00929151
4.075, 0.00929151
4.076, 0.00929151
4.077, 0.00929151
4.078, 0.00929151
4.079, 0.00929151
4.08, 0.00929151
4.081, 0.00929151
4.082, 0.00929151
4.083, 0.00929151
4.084, 0.00929151
4.085, 0.00929151
4.086, 0.00929151
4.087, 0.00929151
4.088, 0.00929151
4.089, 0.00929151
4.09, 0.00929151
4.091, 0.00929151
4.092, 0.00929151
4.093, 0.00929151
4.094, 0.00929151
4.095, 0.00929151
4.096, 0.00929151
4.097, 0.00929151
4.098, 0.00929151
4.099, 0.00929151
4.1, 0.00929151
4.101, 0.00929151
4.102, 0.00929151
4.103, 0.00929151
4.104, 0.00929151
4.105, 0.00929151
4.106, 0.00929151
4.107, 0.00929151
4.108, 0.00929151
4.109, 0.00929151
4.11, 0.00929151
4.111, 0.00929151
4.112, 0.00929151
4.113, 0.00929151
4.114, 0.00929151
4.115, 0.00929151
4.116, 0.00929151
4.117, 0.00929151
4.118, 0.00929151
4.119, 0.00929151
4.12, 0.00929151
4.121, 0.00929151
4.122, 0.00929151
4.123, 0.00929151
4.124, 0.00929151
4.125, 0.00929151
4.126, 0.00929151
4.127, 0.00929151
4.128, 0.00929151
4.129, 0.00929151
4.13, 0.00929151
4.131, 0.00929151
4.132, 0.00929151
4.133, 0.00929151
4.134, 0.00929151
4.135, 0.00929151
4.136, 0.00929151
4.137, 0.00929151
4.138, 0.00929151
4.139, 0.00929151
4.14, 0.00929151
4.141, 0.00929151
4.142, 0.00929151
4.143, 0.00929151
4.144, 0.00929151
4.145, 0.00929151
4.146, 0.00929151
4.147, 0.00929151
4.148, 0.00929151
4.149, 0.00929151
4.15, 0.00929151
4.151, 0.00929151
4.152, 0.00929151
4.153, 0.00929151
4.154, 0.00929151
4.155, 0.00929151
4.156, 0.00929151
4.157, 0.00929151
4.158, 0.00929151
4.159, 0.00929151
4.16, 0.00929151
4.161, 0.00929151
4.162, 0.00929151
4.163, 0.00929151
4.164, 0.00929151
4.165, 0.00929151
4.166, 0.00929151
4.167, 0.00929151
4.168, 0.00929151
4.169, 0.00929151
4.17, 0.00929151
4.171, 0.00929151
4.172, 0.00929151
4.173, 0.00929151
4.174, 0.00929151
4.175, 0.00929151
4.176, 0.00929151
4.177, 0.00929151
4.178, 0.00929151
4.179, 0.00929151
4.18, 0.00929151
4.181, 0.00929151
4.182, 0.00929151
4.183, 0.00929151
4.184, 0.00929151
4.185, 0.00929151
4.186, 0.00929151
4.187, 0.00929151
4.188, 0.00929151
4.189, 0.00929151
4.19, 0.00929151
4.191, 0.00929151
4.192, 0.00929151
4.193, 0.00929151
4.194, 0.00929151
4.195, 0.00929151
4.196, 0.00929151
4.197, 0.00929151
4.198, 0.00929151
4.199, 0.00929151
4.2, 0.00929151
4.201, 0.00929151
4.202, 0.00929151
4.203, 0.00929151
4.204, 0.00929151
