sim_time, unit_box_Custom?world_pose/orientation/pitch
0.001, -2.24453e-10
0.002, 5.34512e-06
0.003, 1.94281e-07
0.004, -7.50465e-06
0.005, -1.62939e-06
0.006, 5.50306e-06
0.007, 4.18312e-07
0.008, -7.04583e-06
0.009, -1.27152e-06
0.01, 6.01176e-06
0.011, 7.08715e-07
0.012, -6.67561e-06
0.013, -1.05738e-06
0.014, 6.2736e-06
0.015, 8.48655e-07
0.016, -6.51133e-06
0.017, -9.70457e-07
0.018, 6.37387e-06
0.019, 9.00432e-07
0.02, -6.4525e-06
0.021, -9.40296e-07
0.022, 6.40789e-06
0.023, 9.17744e-07
0.024, -6.43307e-06
0.025, -9.30446e-07
0.026, 6.41892e-06
0.027, 9.23338e-07
0.028, -6.42682e-06
0.029, -9.27291e-07
0.03, 6.42245e-06
0.031, 9.25121e-07
0.032, -6.42482e-06
0.033, -9.26273e-07
0.034, 6.42359e-06
0.035, 9.25699e-07
0.036, -6.42417e-06
0.037, -9.25937e-07
0.038, 6.42397e-06
0.039, 9.25891e-07
0.04, -6.42395e-06
0.041, -9.25819e-07
0.042, 6.4241e-06
0.043, 9.2596e-07
0.044, -6.42387e-06
0.045, -9.25772e-07
0.046, 6.42416e-06
0.047, 9.25988e-07
0.048, -6.42384e-06
0.049, -9.25747e-07
0.05, 6.42419e-06
0.051, 9.26004e-07
0.052, -6.42382e-06
0.053, -9.2573e-07
0.054, 6.42421e-06
0.055, 9.26015e-07
0.056, -6.4238e-06
0.057, -9.25714e-07
0.058, 6.42424e-06
0.059, 9.26026e-07
0.06, -6.42379e-06
0.061, -9.25699e-07
0.062, 6.42425e-06
0.063, 9.26036e-07
0.064, -6.42377e-06
0.065, -9.25685e-07
0.066, 6.42427e-06
0.067, 9.26046e-07
0.068, -6.42376e-06
0.069, -9.2567e-07
0.07, 6.42429e-06
0.071, 9.26055e-07
0.072, -6.42374e-06
0.073, -9.25656e-07
0.074, 6.42431e-06
0.075, 9.26065e-07
0.076, -6.42373e-06
0.077, -9.25641e-07
0.078, 6.42433e-06
0.079, 9.26075e-07
0.08, -6.42371e-06
0.081, -9.25626e-07
0.082, 6.42435e-06
0.083, 9.26085e-07
0.084, -6.4237e-06
0.085, -9.25611e-07
0.086, 6.42437e-06
0.087, 9.26095e-07
0.088, -6.42368e-06
0.089, -9.25596e-07
0.09, 6.42439e-06
0.091, 9.26105e-07
0.092, -6.42367e-06
0.093, -9.2558e-07
0.094, 6.42442e-06
0.095, 9.26115e-07
0.096, -6.42365e-06
0.097, -9.25565e-07
0.098, 6.42444e-06
0.099, 9.26125e-07
0.1, -6.42363e-06
0.101, -9.25549e-07
0.102, 6.42446e-06
0.103, 9.26135e-07
0.104, -6.42362e-06
0.105, -9.25534e-07
0.106, 6.42448e-06
0.107, 9.2638e-07
0.108, -6.42361e-06
0.109, -9.26104e-07
0.11, 6.4238e-06
0.111, 9.26259e-07
0.112, -6.42354e-06
0.113, -9.25987e-07
0.114, 6.424e-06
0.115, 9.26395e-07
0.116, -6.42336e-06
0.117, -9.25881e-07
0.118, 6.42413e-06
0.119, 9.26469e-07
0.12, -6.42327e-06
0.121, -9.25831e-07
0.122, 6.4242e-06
0.123, 9.26505e-07
0.124, -6.42323e-06
0.125, -9.25805e-07
0.126, 6.42423e-06
0.127, 9.26526e-07
0.128, -6.4232e-06
0.129, -9.25787e-07
0.13, 6.42425e-06
0.131, 9.26542e-07
0.132, -6.42318e-06
0.133, -9.25772e-07
0.134, 6.42427e-06
0.135, 9.26556e-07
0.136, -6.42316e-06
0.137, -9.25758e-07
0.138, 6.42429e-06
0.139, 9.26571e-07
0.14, -6.42314e-06
0.141, -9.25744e-07
0.142, 6.42431e-06
0.143, 9.26585e-07
0.144, -6.42312e-06
0.145, -9.2573e-07
0.146, 6.42433e-06
0.147, 9.26599e-07
0.148, -6.4231e-06
0.149, -9.25715e-07
0.15, 6.42435e-06
0.151, 9.26614e-07
0.152, -6.42308e-06
0.153, -9.25701e-07
0.154, 6.42438e-06
0.155, 9.26628e-07
0.156, -6.42306e-06
0.157, -9.25686e-07
0.158, 6.4244e-06
0.159, 9.26643e-07
0.16, -6.42304e-06
0.161, -9.25672e-07
0.162, 6.42442e-06
0.163, 9.26658e-07
0.164, -6.42302e-06
0.165, -9.25657e-07
0.166, 6.42444e-06
0.167, 9.26673e-07
0.168, -6.42299e-06
0.169, -9.25642e-07
0.17, 6.42446e-06
0.171, 9.26688e-07
0.172, -6.42297e-06
0.173, -9.25627e-07
0.174, 6.42448e-06
0.175, 9.26704e-07
0.176, -6.42295e-06
0.177, -9.25611e-07
0.178, 6.4245e-06
0.179, 9.2672e-07
0.18, -6.42293e-06
0.181, -9.25596e-07
0.182, 6.42452e-06
0.183, 9.26736e-07
0.184, -6.42291e-06
0.185, -9.2558e-07
0.186, 6.42455e-06
0.187, 9.26752e-07
0.188, -6.42288e-06
0.189, -9.25564e-07
0.19, 6.42457e-06
0.191, 9.26768e-07
0.192, -6.42286e-06
0.193, -9.25548e-07
0.194, 6.42459e-06
0.195, 9.26785e-07
0.196, -6.42284e-06
0.197, -9.25531e-07
0.198, 6.42462e-06
0.199, 9.26801e-07
0.2, -6.42281e-06
0.201, -9.25515e-07
0.202, 6.42464e-06
0.203, 9.26818e-07
0.204, -6.42279e-06
0.205, -9.25498e-07
0.206, 6.42466e-06
0.207, 9.26835e-07
0.208, -6.42276e-06
0.209, -9.25481e-07
0.21, 6.42469e-06
0.211, 9.26853e-07
0.212, -6.42274e-06
0.213, -9.25463e-07
0.214, 6.42471e-06
0.215, 9.26871e-07
0.216, -6.42271e-06
0.217, -9.25446e-07
0.218, 6.42474e-06
0.219, 9.26889e-07
0.22, -6.42269e-06
0.221, -9.25428e-07
0.222, 6.42476e-06
0.223, 9.26907e-07
0.224, -6.42266e-06
0.225, -9.2541e-07
0.226, 6.42479e-06
0.227, 9.26925e-07
0.228, -6.42264e-06
0.229, -9.25392e-07
0.23, 6.42482e-06
0.231, 9.26944e-07
0.232, -6.42261e-06
0.233, -9.25373e-07
0.234, 6.42484e-06
0.235, 9.26963e-07
0.236, -6.42258e-06
0.237, -9.25354e-07
0.238, 6.42487e-06
0.239, 9.26982e-07
0.24, -6.42256e-06
0.241, -9.25335e-07
0.242, 6.4249e-06
0.243, 9.27002e-07
0.244, -6.42253e-06
0.245, -9.25315e-07
0.246, 6.42492e-06
0.247, 9.27022e-07
0.248, -6.4225e-06
0.249, -9.25296e-07
0.25, 6.42495e-06
0.251, 9.27042e-07
0.252, -6.42247e-06
0.253, -9.25276e-07
0.254, 6.42498e-06
0.255, 9.27063e-07
0.256, -6.42244e-06
0.257, -9.25255e-07
0.258, 6.42501e-06
0.259, 9.27084e-07
0.26, -6.42241e-06
0.261, -9.25235e-07
0.262, 6.42504e-06
0.263, 9.27105e-07
0.264, -6.42238e-06
0.265, -9.25214e-07
0.266, 6.42507e-06
0.267, 9.27126e-07
0.268, -6.42235e-06
0.269, -9.25192e-07
0.27, 6.4251e-06
0.271, 9.27148e-07
0.272, -6.42232e-06
0.273, -9.25171e-07
0.274, 6.42513e-06
0.275, 9.27171e-07
0.276, -6.42229e-06
0.277, -9.25149e-07
0.278, 6.42516e-06
0.279, 9.27193e-07
0.28, -6.42226e-06
0.281, -9.25126e-07
0.282, 6.42519e-06
0.283, 9.27216e-07
0.284, -6.42223e-06
0.285, -9.25103e-07
0.286, 6.42523e-06
0.287, 9.27239e-07
0.288, -6.42219e-06
0.289, -9.2508e-07
0.29, 6.42526e-06
0.291, 9.27263e-07
0.292, -6.42216e-06
0.293, -9.25057e-07
0.294, 6.42529e-06
0.295, 9.27287e-07
0.296, -6.42213e-06
0.297, -9.25033e-07
0.298, 6.42533e-06
0.299, 9.27312e-07
0.3, -6.42209e-06
0.301, -9.25009e-07
0.302, 6.42536e-06
0.303, 9.27337e-07
0.304, -6.42206e-06
0.305, -9.24984e-07
0.306, 6.4254e-06
0.307, 9.27362e-07
0.308, -6.42202e-06
0.309, -9.24959e-07
0.31, 6.42543e-06
0.311, 9.27388e-07
0.312, -6.42198e-06
0.313, -9.24934e-07
0.314, 6.42547e-06
0.315, 9.27414e-07
0.316, -6.42195e-06
0.317, -9.24908e-07
0.318, 6.4255e-06
0.319, 9.27441e-07
0.32, -6.42191e-06
0.321, -9.24881e-07
0.322, 6.42554e-06
0.323, 9.27468e-07
0.324, -6.42187e-06
0.325, -9.24854e-07
0.326, 6.42558e-06
0.327, 9.27496e-07
0.328, -6.42183e-06
0.329, -9.24827e-07
0.33, 6.42562e-06
0.331, 9.27524e-07
0.332, -6.42179e-06
0.333, -9.24799e-07
0.334, 6.42566e-06
0.335, 9.27552e-07
0.336, -6.42175e-06
0.337, -9.24771e-07
0.338, 6.4257e-06
0.339, 9.27581e-07
0.34, -6.42171e-06
0.341, -9.24743e-07
0.342, 6.42574e-06
0.343, 9.27611e-07
0.344, -6.42167e-06
0.345, -9.24713e-07
0.346, 6.42578e-06
0.347, 9.27641e-07
0.348, -6.42163e-06
0.349, -9.24684e-07
0.35, 6.42582e-06
0.351, 9.27672e-07
0.352, -6.42158e-06
0.353, -9.24654e-07
0.354, 6.42587e-06
0.355, 9.27703e-07
0.356, -6.42154e-06
0.357, -9.24623e-07
0.358, 6.42591e-06
0.359, 9.27735e-07
0.36, -6.4215e-06
0.361, -9.24592e-07
0.362, 6.42595e-06
0.363, 9.27767e-07
0.364, -6.42145e-06
0.365, -9.2456e-07
0.366, 6.426e-06
0.367, 9.278e-07
0.368, -6.4214e-06
0.369, -9.24527e-07
0.37, 6.42605e-06
0.371, 9.27833e-07
0.372, -6.42136e-06
0.373, -9.24494e-07
0.374, 6.42609e-06
0.375, 9.27867e-07
0.376, -6.42131e-06
0.377, -9.24461e-07
0.378, 6.42614e-06
0.379, 9.27902e-07
0.38, -6.42126e-06
0.381, -9.24427e-07
0.382, 6.42619e-06
0.383, 9.27937e-07
0.384, -6.42121e-06
0.385, -9.24392e-07
0.386, 6.42624e-06
0.387, 9.27973e-07
0.388, -6.42116e-06
0.389, -9.24357e-07
0.39, 6.42629e-06
0.391, 9.2801e-07
0.392, -6.42111e-06
0.393, -9.24321e-07
0.394, 6.42634e-06
0.395, 9.28047e-07
0.396, -6.42105e-06
0.397, -9.24284e-07
0.398, 6.42639e-06
0.399, 9.28085e-07
0.4, -6.421e-06
0.401, -9.24247e-07
0.402, 6.42645e-06
0.403, 9.28124e-07
0.404, -6.42095e-06
0.405, -9.24209e-07
0.406, 6.4265e-06
0.407, 9.28163e-07
0.408, -6.42089e-06
0.409, -9.2417e-07
0.41, 6.42656e-06
0.411, 9.28203e-07
0.412, -6.42084e-06
0.413, -9.24131e-07
0.414, 6.42661e-06
0.415, 9.28244e-07
0.416, -6.42078e-06
0.417, -9.24091e-07
0.418, 6.42667e-06
0.419, 9.28286e-07
0.42, -6.42072e-06
0.421, -9.2405e-07
0.422, 6.42673e-06
0.423, 9.28328e-07
0.424, -6.42066e-06
0.425, -9.24009e-07
0.426, 6.42679e-06
0.427, 9.28371e-07
0.428, -6.4206e-06
0.429, -9.23966e-07
0.43, 6.42685e-06
0.431, 9.28415e-07
0.432, -6.42054e-06
0.433, -9.23923e-07
0.434, 6.42691e-06
0.435, 9.2846e-07
0.436, -6.42047e-06
0.437, -9.23879e-07
0.438, 6.42697e-06
0.439, 9.28505e-07
0.44, -6.42041e-06
0.441, -9.23835e-07
0.442, 6.42704e-06
0.443, 9.28552e-07
0.444, -6.42034e-06
0.445, -9.23789e-07
0.446, 6.4271e-06
0.447, 9.28599e-07
0.448, -6.42028e-06
0.449, -9.23743e-07
0.45, 6.42717e-06
0.451, 9.28647e-07
0.452, -6.42021e-06
0.453, -9.23696e-07
0.454, 6.42723e-06
0.455, 9.28696e-07
0.456, -6.42014e-06
0.457, -9.23648e-07
0.458, 6.4273e-06
0.459, 9.28746e-07
0.46, -6.42007e-06
0.461, -9.23599e-07
0.462, 6.42737e-06
0.463, 9.28797e-07
0.464, -6.42e-06
0.465, -9.2355e-07
0.466, 6.42744e-06
0.467, 9.28849e-07
0.468, -6.41993e-06
0.469, -9.23499e-07
0.47, 6.42752e-06
0.471, 9.28902e-07
0.472, -6.41985e-06
0.473, -9.23447e-07
0.474, 6.42759e-06
0.475, 9.28956e-07
0.476, -6.41978e-06
0.477, -9.23395e-07
0.478, 6.42766e-06
0.479, 9.2901e-07
0.48, -6.4197e-06
0.481, -9.23341e-07
0.482, 6.42774e-06
0.483, 9.29066e-07
0.484, -6.41962e-06
0.485, -9.23287e-07
0.486, 6.42782e-06
0.487, 9.29123e-07
0.488, -6.41954e-06
0.489, -9.23231e-07
0.49, 6.4279e-06
0.491, 9.29181e-07
0.492, -6.41946e-06
0.493, -9.23175e-07
0.494, 6.42798e-06
0.495, 9.2924e-07
0.496, -6.41938e-06
0.497, -9.23117e-07
0.498, 6.42806e-06
0.499, 9.29301e-07
0.5, -6.41929e-06
0.501, -9.23059e-07
0.502, 6.42815e-06
0.503, 9.29362e-07
0.504, -6.4192e-06
0.505, -9.22999e-07
0.506, 6.42823e-06
0.507, 9.29424e-07
0.508, -6.41912e-06
0.509, -9.22938e-07
0.51, 6.42832e-06
0.511, 9.29488e-07
0.512, -6.41903e-06
0.513, -9.22876e-07
0.514, 6.42841e-06
0.515, 9.29553e-07
0.516, -6.41894e-06
0.517, -9.22813e-07
0.518, 6.4285e-06
0.519, 9.29619e-07
0.52, -6.41884e-06
0.521, -9.22749e-07
0.522, 6.42859e-06
0.523, 9.29687e-07
0.524, -6.41875e-06
0.525, -9.22683e-07
0.526, 6.42868e-06
0.527, 9.29755e-07
0.528, -6.41865e-06
0.529, -9.22617e-07
0.53, 6.42878e-06
0.531, 9.29825e-07
0.532, -6.41855e-06
0.533, -9.22549e-07
0.534, 6.42888e-06
0.535, 9.29897e-07
0.536, -6.41845e-06
0.537, -9.22479e-07
0.538, 6.42898e-06
0.539, 9.2997e-07
0.54, -6.41835e-06
0.541, -9.22409e-07
0.542, 6.42908e-06
0.543, 9.30044e-07
0.544, -6.41825e-06
0.545, -9.22337e-07
0.546, 6.42918e-06
0.547, 9.30119e-07
0.548, -6.41814e-06
0.549, -9.22264e-07
0.55, 6.42928e-06
0.551, 9.30196e-07
0.552, -6.41803e-06
0.553, -9.22189e-07
0.554, 6.42939e-06
0.555, 9.30275e-07
0.556, -6.41792e-06
0.557, -9.22113e-07
0.558, 6.4295e-06
0.559, 9.30355e-07
0.56, -6.41781e-06
0.561, -9.22036e-07
0.562, 6.42961e-06
0.563, 9.30436e-07
0.564, -6.4177e-06
0.565, -9.21957e-07
0.566, 6.42972e-06
0.567, 9.3052e-07
0.568, -6.41758e-06
0.569, -9.21877e-07
0.57, 6.42984e-06
0.571, 9.30604e-07
0.572, -6.41746e-06
0.573, -9.21795e-07
0.574, 6.42996e-06
0.575, 9.30691e-07
0.576, -6.41734e-06
0.577, -9.21711e-07
0.578, 6.43008e-06
0.579, 9.30779e-07
0.58, -6.41722e-06
0.581, -9.21627e-07
0.582, 6.4302e-06
0.583, 9.30868e-07
0.584, -6.41709e-06
0.585, -9.2154e-07
0.586, 6.43032e-06
0.587, 9.3096e-07
0.588, -6.41696e-06
0.589, -9.21452e-07
0.59, 6.43045e-06
0.591, 9.31053e-07
0.592, -6.41683e-06
0.593, -9.21362e-07
0.594, 6.43058e-06
0.595, 9.31148e-07
0.596, -6.4167e-06
0.597, -9.2127e-07
0.598, 6.43071e-06
0.599, 9.31245e-07
0.6, -6.41656e-06
0.601, -9.21177e-07
0.602, 6.43084e-06
0.603, 9.31344e-07
0.604, -6.41642e-06
0.605, -9.21082e-07
0.606, 6.43098e-06
0.607, 9.31445e-07
0.608, -6.41628e-06
0.609, -9.20985e-07
0.61, 6.43112e-06
0.611, 9.31547e-07
0.612, -6.41614e-06
0.613, -9.20886e-07
0.614, 6.43126e-06
0.615, 9.31652e-07
0.616, -6.41599e-06
0.617, -9.20786e-07
0.618, 6.43141e-06
0.619, 9.31759e-07
0.62, -6.41584e-06
0.621, -9.20683e-07
0.622, 6.43155e-06
0.623, 9.31868e-07
0.624, -6.41569e-06
0.625, -9.20579e-07
0.626, 6.4317e-06
0.627, 9.31979e-07
0.628, -6.41553e-06
0.629, -9.20473e-07
0.63, 6.43186e-06
0.631, 9.32092e-07
0.632, -6.41538e-06
0.633, -9.20364e-07
0.634, 6.43201e-06
0.635, 9.32207e-07
0.636, -6.41521e-06
0.637, -9.20254e-07
0.638, 6.43217e-06
0.639, 9.32325e-07
0.64, -6.41505e-06
0.641, -9.20141e-07
0.642, 6.43233e-06
0.643, 9.32445e-07
0.644, -6.41488e-06
0.645, -9.20026e-07
0.646, 6.4325e-06
0.647, 9.32567e-07
0.648, -6.41471e-06
0.649, -9.19909e-07
0.65, 6.43267e-06
0.651, 9.32692e-07
0.652, -6.41454e-06
0.653, -9.1979e-07
0.654, 6.43284e-06
0.655, 9.32819e-07
0.656, -6.41436e-06
0.657, -9.19669e-07
0.658, 6.43301e-06
0.659, 9.32949e-07
0.66, -6.41418e-06
0.661, -9.19545e-07
0.662, 6.43319e-06
0.663, 9.33081e-07
0.664, -6.41399e-06
0.665, -9.19419e-07
0.666, 6.43337e-06
0.667, 9.33216e-07
0.668, -6.4138e-06
0.669, -9.1929e-07
0.67, 6.43356e-06
0.671, 9.33353e-07
0.672, -6.41361e-06
0.673, -9.19159e-07
0.674, 6.43375e-06
0.675, 9.33494e-07
0.676, -6.41341e-06
0.677, -9.19025e-07
0.678, 6.43394e-06
0.679, 9.33637e-07
0.68, -6.41321e-06
0.681, -9.18889e-07
0.682, 6.43414e-06
0.683, 9.33783e-07
0.684, -6.41301e-06
0.685, -9.1875e-07
0.686, 6.43434e-06
0.687, 9.33932e-07
0.688, -6.4128e-06
0.689, -9.18609e-07
0.69, 6.43454e-06
0.691, 9.34083e-07
0.692, -6.41259e-06
0.693, -9.18464e-07
0.694, 6.43475e-06
0.695, 9.34238e-07
0.696, -6.41237e-06
0.697, -9.18317e-07
0.698, 6.43496e-06
0.699, 9.34396e-07
0.7, -6.41215e-06
0.701, -9.18168e-07
0.702, 6.43518e-06
0.703, 9.34557e-07
0.704, -6.41193e-06
0.705, -9.18015e-07
0.706, 6.4354e-06
0.707, 9.34722e-07
0.708, -6.4117e-06
0.709, -9.17859e-07
0.71, 6.43562e-06
0.711, 9.34889e-07
0.712, -6.41146e-06
0.713, -9.177e-07
0.714, 6.43585e-06
0.715, 9.3506e-07
0.716, -6.41122e-06
0.717, -9.17538e-07
0.718, 6.43608e-06
0.719, 9.35235e-07
0.72, -6.41098e-06
0.721, -9.17373e-07
0.722, 6.43632e-06
0.723, 9.35413e-07
0.724, -6.41073e-06
0.725, -9.17205e-07
0.726, 6.43657e-06
0.727, 9.35595e-07
0.728, -6.41048e-06
0.729, -9.17033e-07
0.73, 6.43681e-06
0.731, 9.3578e-07
0.732, -6.41022e-06
0.733, -9.16858e-07
0.734, 6.43707e-06
0.735, 9.35969e-07
0.736, -6.40995e-06
0.737, -9.1668e-07
0.738, 6.43732e-06
0.739, 9.36162e-07
0.74, -6.40969e-06
0.741, -9.16498e-07
0.742, 6.43759e-06
0.743, 9.36359e-07
0.744, -6.40941e-06
0.745, -9.16313e-07
0.746, 6.43785e-06
0.747, 9.3656e-07
0.748, -6.40913e-06
0.749, -9.16124e-07
0.75, 6.43813e-06
0.751, 9.36765e-07
0.752, -6.40884e-06
0.753, -9.15931e-07
0.754, 6.4384e-06
0.755, 9.36974e-07
0.756, -6.40855e-06
0.757, -9.15734e-07
0.758, 6.43869e-06
0.759, 9.37187e-07
0.76, -6.40825e-06
0.761, -9.15533e-07
0.762, 6.43898e-06
0.763, 9.37405e-07
0.764, -6.40795e-06
0.765, -9.15329e-07
0.766, 6.43927e-06
0.767, 9.37628e-07
0.768, -6.40764e-06
0.769, -9.1512e-07
0.77, 6.43958e-06
0.771, 9.37855e-07
0.772, -6.40732e-06
0.773, -9.14907e-07
0.774, 6.43988e-06
0.775, 9.38086e-07
0.776, -6.407e-06
0.777, -9.1469e-07
0.778, 6.4402e-06
0.779, 9.38323e-07
0.78, -6.40667e-06
0.781, -9.14469e-07
0.782, 6.44052e-06
0.783, 9.38564e-07
0.784, -6.40633e-06
0.785, -9.14243e-07
0.786, 6.44084e-06
0.787, 9.38811e-07
0.788, -6.40599e-06
0.789, -9.14012e-07
0.79, 6.44118e-06
0.791, 9.39062e-07
0.792, -6.40563e-06
0.793, -9.13777e-07
0.794, 6.44151e-06
0.795, 9.39319e-07
0.796, -6.40527e-06
0.797, -9.13537e-07
0.798, 6.44186e-06
0.799, 9.39581e-07
0.8, -6.40491e-06
0.801, -9.13293e-07
0.802, 6.44221e-06
0.803, 9.39849e-07
0.804, -6.40453e-06
0.805, -9.13043e-07
0.806, 6.44258e-06
0.807, 9.40122e-07
0.808, -6.40415e-06
0.809, -9.12788e-07
0.81, 6.44294e-06
0.811, 9.40402e-07
0.812, -6.40376e-06
0.813, -9.12528e-07
0.814, 6.44332e-06
0.815, 9.40687e-07
0.816, -6.40336e-06
0.817, -9.12263e-07
0.818, 6.4437e-06
0.819, 9.40978e-07
0.82, -6.40296e-06
0.821, -9.11992e-07
0.822, 6.44409e-06
0.823, 9.41275e-07
0.824, -6.40254e-06
0.825, -9.11715e-07
0.826, 6.44449e-06
0.827, 9.41579e-07
0.828, -6.40211e-06
0.829, -9.11433e-07
0.83, 6.4449e-06
0.831, 9.41889e-07
0.832, -6.40168e-06
0.833, -9.11145e-07
0.834, 6.44531e-06
0.835, 9.42206e-07
0.836, -6.40124e-06
0.837, -9.10851e-07
0.838, 6.44574e-06
0.839, 9.4253e-07
0.84, -6.40078e-06
0.841, -9.10551e-07
0.842, 6.44617e-06
0.843, 9.42861e-07
0.844, -6.40032e-06
0.845, -9.10245e-07
0.846, 6.44661e-06
0.847, 9.43199e-07
0.848, -6.39985e-06
0.849, -9.09932e-07
0.85, 6.44706e-06
0.851, 9.43545e-07
0.852, -6.39936e-06
0.853, -9.09612e-07
0.854, 6.44753e-06
0.855, 9.43898e-07
0.856, -6.39887e-06
0.857, -9.09286e-07
0.858, 6.448e-06
0.859, 9.44258e-07
0.86, -6.39836e-06
0.861, -9.08953e-07
0.862, 6.44848e-06
0.863, 9.39682e-07
0.864, -6.39768e-06
0.865, -9.01176e-07
0.866, 6.46392e-06
0.867, 9.50349e-07
0.868, -6.38335e-06
0.869, -8.93035e-07
0.87, 6.47389e-06
0.871, 9.55873e-07
0.872, -6.37682e-06
0.873, -8.84054e-07
0.874, 6.47773e-06
0.875, 9.49669e-07
0.876, -6.39096e-06
0.877, -8.94018e-07
0.878, 6.46424e-06
0.879, 9.41996e-07
0.88, -6.40015e-06
0.881, -8.98817e-07
0.882, 6.45883e-06
0.883, 9.39327e-07
0.884, -6.40301e-06
0.885, -9.00134e-07
0.886, 6.4575e-06
0.887, 9.38791e-07
0.888, -6.40346e-06
0.889, -9.0023e-07
0.89, 6.45753e-06
0.891, 9.38928e-07
0.892, -6.40318e-06
0.893, -8.99965e-07
0.894, 6.45794e-06
0.895, 9.39256e-07
0.896, -6.40269e-06
0.897, -8.99597e-07
0.898, 6.45847e-06
0.899, 9.39641e-07
0.9, -6.40214e-06
0.901, -8.99197e-07
0.902, 6.45903e-06
0.903, 9.40046e-07
0.904, -6.40156e-06
0.905, -8.98781e-07
0.906, 6.45961e-06
0.907, 9.40462e-07
0.908, -6.40097e-06
0.909, -8.98355e-07
0.91, 6.4602e-06
0.911, 9.40889e-07
0.912, -6.40036e-06
0.913, -8.97919e-07
0.914, 6.46081e-06
0.915, 9.41326e-07
0.916, -6.39974e-06
0.917, -8.97472e-07
0.918, 6.46143e-06
0.919, 9.41772e-07
0.92, -6.3991e-06
0.921, -8.97015e-07
0.922, 6.46207e-06
0.923, 9.42229e-07
0.924, -6.39845e-06
0.925, -8.96547e-07
0.926, 6.46272e-06
0.927, 9.42696e-07
0.928, -6.39778e-06
0.929, -8.96068e-07
0.93, 6.46338e-06
0.931, 9.43174e-07
0.932, -6.39709e-06
0.933, -8.95578e-07
0.934, 6.46406e-06
0.935, 9.43663e-07
0.936, -6.39639e-06
0.937, -8.95076e-07
0.938, 6.46475e-06
0.939, 9.44163e-07
0.94, -6.39567e-06
0.941, -8.94562e-07
0.942, 6.46546e-06
0.943, 9.44675e-07
0.944, -6.39493e-06
0.945, -8.94036e-07
0.946, 6.46619e-06
0.947, 9.45199e-07
0.948, -6.39418e-06
0.949, -8.93497e-07
0.95, 6.46693e-06
0.951, 9.45735e-07
0.952, -6.3934e-06
0.953, -8.92945e-07
0.954, 6.46768e-06
0.955, 9.46284e-07
0.956, -6.39261e-06
0.957, -8.9238e-07
0.958, 6.46846e-06
0.959, 9.46846e-07
0.96, -6.39179e-06
0.961, -8.918e-07
0.962, 6.46925e-06
0.963, 9.47421e-07
0.964, -6.39096e-06
0.965, -8.91206e-07
0.966, 6.47006e-06
0.967, 9.4801e-07
0.968, -6.3901e-06
0.969, -8.90597e-07
0.97, 6.47089e-06
0.971, 9.48614e-07
0.972, -6.38922e-06
0.973, -8.89973e-07
0.974, 6.47174e-06
0.975, 9.49232e-07
0.976, -6.38831e-06
0.977, -8.89333e-07
0.978, 6.47261e-06
0.979, 9.49865e-07
0.98, -6.38739e-06
0.981, -8.88677e-07
0.982, 6.4735e-06
0.983, 9.50514e-07
0.984, -6.38643e-06
0.985, -8.88004e-07
0.986, 6.47441e-06
0.987, 9.51179e-07
0.988, -6.38545e-06
0.989, -8.87313e-07
0.99, 6.47534e-06
0.991, 9.5186e-07
0.992, -6.38445e-06
0.993, -8.86605e-07
0.994, 6.4763e-06
0.995, 9.52559e-07
0.996, -6.38341e-06
0.997, -8.85878e-07
0.998, 6.47727e-06
0.999, 9.53275e-07
1, -6.38235e-06
1.001, -8.85131e-07
1.002, 6.47827e-06
1.003, 9.5401e-07
1.004, -6.38126e-06
1.005, -8.84365e-07
1.006, 6.47929e-06
1.007, 9.54763e-07
1.008, -6.38013e-06
1.009, -8.83608e-07
1.01, 6.48034e-06
1.011, 9.55644e-07
1.012, -6.37889e-06
1.013, -9.00997e-07
1.014, 6.47823e-06
1.015, 9.92149e-07
1.016, -6.34487e-06
1.017, -9.03844e-07
1.018, 6.44063e-06
1.019, 9.45389e-07
1.02, -6.4126e-06
1.021, -9.41653e-07
1.022, 6.40174e-06
1.023, 9.28434e-07
1.024, -6.42608e-06
1.025, -9.45295e-07
1.026, 6.40177e-06
1.027, 9.30638e-07
1.028, -6.42064e-06
1.029, -9.4157e-07
1.03, 6.4065e-06
1.031, 9.33957e-07
1.032, -6.4151e-06
1.033, -9.3885e-07
1.034, 6.40844e-06
1.035, 9.35589e-07
1.036, -6.41132e-06
1.037, -9.3745e-07
1.038, 6.40799e-06
1.039, 9.29986e-07
1.04, -6.40795e-06
1.041, -9.21104e-07
1.042, 6.42465e-06
1.043, 9.33346e-07
1.044, -6.40662e-06
1.045, -9.23727e-07
1.046, 6.41635e-06
1.047, 9.29507e-07
1.048, -6.40783e-06
1.049, -9.25822e-07
1.05, 6.40979e-06
1.051, 9.27478e-07
1.052, -6.40574e-06
1.053, -9.26216e-07
1.054, 6.40467e-06
1.055, 9.26447e-07
1.056, -6.40186e-06
1.057, -9.25891e-07
1.058, 4.55008e-06
1.059, 9.1601e-08
1.06, -5.40443e-06
1.061, 3.40485e-07
1.062, 3.80422e-07
1.063, 4.20353e-07
1.064, 1.02659e-08
1.065, -3.99822e-07
1.066, -9.32276e-09
1.067, 3.81177e-07
1.068, 1.26488e-08
1.069, -3.55881e-07
1.07, -8.55463e-09
1.071, 3.38772e-07
1.072, 1.18891e-08
1.073, 1.02203e-07
1.074, 1.81772e-07
1.075, 2.61343e-07
1.076, 9.54426e-09
1.077, -3.9843e-07
1.078, 4.97193e-06
1.079, 2.87108e-07
1.08, -7.1706e-06
1.081, -1.39309e-06
1.082, 5.83854e-06
1.083, 6.23831e-07
1.084, -6.787e-06
1.085, -1.13697e-06
1.086, 6.17952e-06
1.087, 8.15064e-07
1.088, -6.55274e-06
1.089, -1.00865e-06
1.09, 6.33111e-06
1.091, 8.9469e-07
1.092, -6.46003e-06
1.093, -9.60692e-07
1.094, 6.38492e-06
1.095, 9.2266e-07
1.096, -6.42696e-06
1.097, -9.44244e-07
1.098, 6.40181e-06
1.099, 9.31795e-07
1.1, 2.76688e-08
1.101, 2.2623e-08
1.102, 1.75771e-08
1.103, 6.24252e-09
1.104, -2.21549e-07
1.105, -6.08419e-09
1.106, 5.43354e-06
1.107, 2.97004e-07
1.108, -1.91092e-08
1.109, -4.37358e-08
1.11, -6.83623e-08
1.111, 1.577e-12
1.112, 8.01014e-10
1.113, -5.3409e-06
1.114, -1.01671e-09
1.115, 2.556e-06
1.116, 3.68678e-09
1.117, -7.62491e-08
1.118, -5.17959e-09
1.119, -1.02398e-08
1.12, -6.39213e-09
1.121, -4.7375e-09
1.122, 4.19983e-06
1.123, 6.19867e-11
1.124, -8.65404e-06
1.125, -7.80921e-09
1.126, 9.50361e-06
1.127, 9.92889e-09
1.128, -9.71323e-06
1.129, -1.04371e-08
1.13, 9.76499e-06
1.131, 1.05539e-08
1.132, -9.77778e-06
1.133, -1.05914e-08
1.134, 9.78093e-06
1.135, 1.0592e-08
1.136, -9.78172e-06
1.137, -1.06008e-08
1.138, 9.7819e-06
1.139, 1.05943e-08
1.14, -9.78196e-06
1.141, -1.06014e-08
1.142, 9.78196e-06
1.143, 1.05945e-08
1.144, -9.78197e-06
1.145, -1.06015e-08
1.146, 9.78197e-06
1.147, 1.05945e-08
1.148, -9.78197e-06
1.149, -1.06015e-08
1.15, 9.78197e-06
1.151, 1.05945e-08
1.152, -9.78197e-06
1.153, -1.06015e-08
1.154, 9.78197e-06
1.155, 1.05945e-08
1.156, -9.78197e-06
1.157, -1.06015e-08
1.158, 9.78197e-06
1.159, 1.05945e-08
1.16, -9.78197e-06
1.161, -1.06015e-08
1.162, 9.78197e-06
1.163, 1.05945e-08
1.164, -9.78197e-06
1.165, -1.06015e-08
1.166, 9.78197e-06
1.167, 1.05945e-08
1.168, -9.78197e-06
1.169, -1.06015e-08
1.17, 9.78197e-06
1.171, 1.05945e-08
1.172, -9.78197e-06
1.173, -1.06015e-08
1.174, 9.78197e-06
1.175, 1.05945e-08
1.176, -9.78197e-06
1.177, -1.06015e-08
1.178, 9.78197e-06
1.179, 1.05945e-08
1.18, -9.78197e-06
1.181, -1.06015e-08
1.182, 9.78197e-06
1.183, 1.05945e-08
1.184, -9.78197e-06
1.185, -1.06015e-08
1.186, 9.78197e-06
1.187, 1.05945e-08
1.188, -9.78197e-06
1.189, -1.06015e-08
1.19, 9.78197e-06
1.191, 1.05945e-08
1.192, -9.78197e-06
1.193, -1.06015e-08
1.194, 9.78197e-06
1.195, 1.05945e-08
1.196, -9.78197e-06
1.197, -1.06015e-08
1.198, 9.78197e-06
1.199, 1.05945e-08
1.2, -9.78197e-06
1.201, -1.06015e-08
1.202, 9.78197e-06
1.203, 1.05945e-08
1.204, -9.78197e-06
1.205, -1.06015e-08
1.206, 9.78197e-06
1.207, 1.05945e-08
1.208, -9.78197e-06
1.209, -1.06015e-08
1.21, 9.78197e-06
1.211, 1.05945e-08
1.212, -9.78197e-06
1.213, -1.06015e-08
1.214, 9.78197e-06
1.215, 1.05945e-08
1.216, -9.78197e-06
1.217, -1.06015e-08
1.218, 9.78197e-06
1.219, 1.05945e-08
1.22, -9.78197e-06
1.221, -1.06015e-08
1.222, 9.78197e-06
1.223, 1.05945e-08
1.224, -9.78197e-06
1.225, -1.06015e-08
1.226, 9.78197e-06
1.227, 1.05945e-08
1.228, -9.78197e-06
1.229, -1.06015e-08
1.23, 9.78197e-06
1.231, 1.05945e-08
1.232, -9.78197e-06
1.233, -1.06015e-08
1.234, 9.78197e-06
1.235, 1.05945e-08
1.236, -9.78197e-06
1.237, -1.06015e-08
1.238, 9.78197e-06
1.239, 1.05945e-08
1.24, -9.78197e-06
1.241, -1.06015e-08
1.242, 9.78197e-06
1.243, 1.05945e-08
1.244, -9.78197e-06
1.245, -1.06015e-08
1.246, 9.78197e-06
1.247, 1.05945e-08
1.248, -9.78197e-06
1.249, -1.06015e-08
1.25, 9.78197e-06
1.251, 1.05945e-08
1.252, -9.78197e-06
1.253, -1.06015e-08
1.254, 9.78197e-06
1.255, 1.05945e-08
1.256, -9.78197e-06
1.257, -1.06015e-08
1.258, 9.78197e-06
1.259, 1.05945e-08
1.26, -9.78197e-06
1.261, -1.06015e-08
1.262, 9.78197e-06
1.263, 1.05945e-08
1.264, -9.78197e-06
1.265, -1.06015e-08
1.266, 9.78197e-06
1.267, 1.05945e-08
1.268, -9.78197e-06
1.269, -1.06015e-08
1.27, 9.78197e-06
1.271, 1.05945e-08
1.272, -9.78197e-06
1.273, -1.06015e-08
1.274, 9.78197e-06
1.275, 1.05945e-08
1.276, -9.78197e-06
1.277, -1.06015e-08
1.278, 9.78197e-06
1.279, 1.05945e-08
1.28, -9.78197e-06
1.281, -1.06015e-08
1.282, 9.78197e-06
1.283, 1.05945e-08
1.284, -9.78197e-06
1.285, -1.06015e-08
1.286, 9.78197e-06
1.287, 1.05945e-08
1.288, -9.78197e-06
1.289, -1.06015e-08
1.29, 9.78197e-06
1.291, 1.05945e-08
1.292, -9.78197e-06
1.293, -1.06015e-08
1.294, 9.78197e-06
1.295, 1.05945e-08
1.296, -9.78197e-06
1.297, -1.06015e-08
1.298, 9.78197e-06
1.299, 1.05945e-08
1.3, -9.78197e-06
1.301, -1.06015e-08
1.302, 9.78197e-06
1.303, 1.05945e-08
1.304, -9.78197e-06
1.305, -1.06015e-08
1.306, 9.78197e-06
1.307, 1.05945e-08
1.308, -9.78197e-06
1.309, -1.06015e-08
1.31, 9.78197e-06
1.311, 1.05945e-08
1.312, -9.78197e-06
1.313, -1.06015e-08
1.314, 9.78197e-06
1.315, 1.05945e-08
1.316, -9.78197e-06
1.317, -1.06015e-08
1.318, 9.78197e-06
1.319, 1.05945e-08
1.32, -9.78197e-06
1.321, -1.06015e-08
1.322, 9.78197e-06
1.323, 1.05945e-08
1.324, -9.78197e-06
1.325, -1.06015e-08
1.326, 9.78197e-06
1.327, 1.05945e-08
1.328, -9.78197e-06
1.329, -1.06015e-08
1.33, 9.78197e-06
1.331, 1.05945e-08
1.332, -9.78197e-06
1.333, -1.06015e-08
1.334, 9.78197e-06
1.335, 1.05945e-08
1.336, -9.78197e-06
1.337, -1.06015e-08
1.338, 9.78197e-06
1.339, 1.05945e-08
1.34, -9.78197e-06
1.341, -1.06015e-08
1.342, 9.78197e-06
1.343, 1.05945e-08
1.344, -9.78197e-06
1.345, -1.06015e-08
1.346, 9.78197e-06
1.347, 1.05945e-08
1.348, -9.78197e-06
1.349, -1.06015e-08
1.35, 9.78197e-06
1.351, 1.05945e-08
1.352, -9.78197e-06
1.353, -1.06015e-08
1.354, 9.78197e-06
1.355, 1.05945e-08
1.356, -9.78197e-06
1.357, -1.06015e-08
1.358, 9.78197e-06
1.359, 1.05945e-08
1.36, -9.78197e-06
1.361, -1.06015e-08
1.362, 9.78197e-06
1.363, 1.05945e-08
1.364, -9.78197e-06
1.365, -1.06015e-08
1.366, 9.78197e-06
1.367, 1.05945e-08
1.368, -9.78197e-06
1.369, -1.06015e-08
1.37, 9.78197e-06
1.371, 1.05945e-08
1.372, -9.78197e-06
1.373, -1.06015e-08
1.374, 9.78197e-06
1.375, 1.05945e-08
1.376, -9.78197e-06
1.377, -1.06015e-08
1.378, 9.78197e-06
1.379, 1.05945e-08
1.38, -9.78197e-06
1.381, -1.06015e-08
1.382, 9.78197e-06
1.383, 1.05945e-08
1.384, -9.78197e-06
1.385, -1.06015e-08
1.386, 9.78197e-06
1.387, 1.05945e-08
1.388, -9.78197e-06
1.389, -1.06015e-08
1.39, 9.78197e-06
1.391, 1.05945e-08
1.392, -9.78197e-06
1.393, -1.06015e-08
1.394, 9.78197e-06
1.395, 1.05945e-08
1.396, -9.78197e-06
1.397, -1.06015e-08
1.398, 9.78197e-06
1.399, 1.05945e-08
1.4, -9.78197e-06
1.401, -1.06015e-08
1.402, 9.78197e-06
1.403, 1.05945e-08
1.404, -9.78197e-06
1.405, -1.06015e-08
1.406, 9.78197e-06
1.407, 1.05945e-08
1.408, -9.78197e-06
1.409, -1.06015e-08
1.41, 9.78197e-06
1.411, 1.05945e-08
1.412, -9.78197e-06
1.413, -1.06015e-08
1.414, 9.78197e-06
1.415, 1.05945e-08
1.416, -9.78197e-06
1.417, -1.06015e-08
1.418, 9.78197e-06
1.419, 1.05945e-08
1.42, -9.78197e-06
1.421, -1.06015e-08
1.422, 9.78197e-06
1.423, 1.05945e-08
1.424, -9.78197e-06
1.425, -1.06015e-08
1.426, 9.78197e-06
1.427, 1.05945e-08
1.428, -9.78197e-06
1.429, -1.06015e-08
1.43, 9.78197e-06
1.431, 1.05945e-08
1.432, -9.78197e-06
1.433, -1.06015e-08
1.434, 9.78197e-06
1.435, 1.05945e-08
1.436, -9.78197e-06
1.437, -1.06015e-08
1.438, 9.78197e-06
1.439, 1.05945e-08
1.44, -9.78197e-06
1.441, -1.06015e-08
1.442, 9.78197e-06
1.443, 1.05945e-08
1.444, -9.78197e-06
1.445, -1.06015e-08
1.446, 9.78197e-06
1.447, 1.05945e-08
1.448, -9.78197e-06
1.449, -1.06015e-08
1.45, 9.78197e-06
1.451, 1.05945e-08
1.452, -9.78197e-06
1.453, -1.06015e-08
1.454, 9.78197e-06
1.455, 1.05945e-08
1.456, -9.78197e-06
1.457, -1.06015e-08
1.458, 9.78197e-06
1.459, 1.05945e-08
1.46, -9.78197e-06
1.461, -1.06015e-08
1.462, 9.78197e-06
1.463, 1.05945e-08
1.464, -9.78197e-06
1.465, -1.06015e-08
1.466, 9.78197e-06
1.467, 1.05945e-08
1.468, -9.78197e-06
1.469, -1.06015e-08
1.47, 9.78197e-06
1.471, 1.05945e-08
1.472, -9.78197e-06
1.473, -1.06015e-08
1.474, 9.78197e-06
1.475, 1.05945e-08
1.476, -9.78197e-06
1.477, -1.06015e-08
1.478, 9.78197e-06
1.479, 1.05945e-08
1.48, -9.78197e-06
1.481, -1.06015e-08
1.482, 9.78197e-06
1.483, 1.05945e-08
1.484, -9.78197e-06
1.485, -1.06015e-08
1.486, 9.78197e-06
1.487, 1.05945e-08
1.488, -9.78197e-06
1.489, -1.06015e-08
1.49, 9.78197e-06
1.491, 1.05945e-08
1.492, -9.78197e-06
1.493, -1.06015e-08
1.494, 9.78197e-06
1.495, 1.05945e-08
1.496, -9.78197e-06
1.497, -1.06015e-08
1.498, 9.78197e-06
1.499, 1.05945e-08
1.5, -9.78197e-06
1.501, -1.06015e-08
1.502, 9.78197e-06
1.503, 1.05945e-08
1.504, -9.78197e-06
1.505, -1.06015e-08
1.506, 9.78197e-06
1.507, 1.05945e-08
1.508, -9.78197e-06
1.509, -1.06015e-08
1.51, 9.78197e-06
1.511, 1.05945e-08
1.512, -9.78197e-06
1.513, -1.06015e-08
1.514, 9.78197e-06
1.515, 1.05945e-08
1.516, -9.78197e-06
1.517, -1.06015e-08
1.518, 9.78197e-06
1.519, 1.05945e-08
1.52, -9.78197e-06
1.521, -1.06015e-08
1.522, 9.78197e-06
1.523, 1.05945e-08
1.524, -9.78197e-06
1.525, -1.06015e-08
1.526, 9.78197e-06
1.527, 1.05945e-08
1.528, -9.78197e-06
1.529, -1.06015e-08
1.53, 9.78197e-06
1.531, 1.05945e-08
1.532, -9.78197e-06
1.533, -1.06015e-08
1.534, 9.78197e-06
1.535, 1.05945e-08
1.536, -9.78197e-06
1.537, -1.06015e-08
1.538, 9.78197e-06
1.539, 1.05945e-08
1.54, -9.78197e-06
1.541, -1.06015e-08
1.542, 9.78197e-06
1.543, 1.05945e-08
1.544, -9.78197e-06
1.545, -1.06015e-08
1.546, 9.78197e-06
1.547, 1.05945e-08
1.548, -9.78197e-06
1.549, -1.06015e-08
1.55, 9.78197e-06
1.551, 1.05945e-08
1.552, -9.78197e-06
1.553, -1.06015e-08
1.554, 9.78197e-06
1.555, 1.05945e-08
1.556, -9.78197e-06
1.557, -1.06015e-08
1.558, 9.78197e-06
1.559, 1.05945e-08
1.56, -9.78197e-06
1.561, -1.06015e-08
1.562, 9.78197e-06
1.563, 1.05945e-08
1.564, -9.78197e-06
1.565, -1.06015e-08
1.566, 9.78197e-06
1.567, 1.05945e-08
1.568, -9.78197e-06
1.569, -1.06015e-08
1.57, 9.78197e-06
1.571, 1.05945e-08
1.572, -9.78197e-06
1.573, -1.06015e-08
1.574, 9.78197e-06
1.575, 1.05945e-08
1.576, -9.78197e-06
1.577, -1.06015e-08
1.578, 9.78197e-06
1.579, 1.05945e-08
1.58, -9.78197e-06
1.581, -1.06015e-08
1.582, 9.78197e-06
1.583, 1.05945e-08
1.584, -9.78197e-06
1.585, -1.06015e-08
1.586, 9.78197e-06
1.587, 1.05945e-08
1.588, -9.78197e-06
1.589, -1.06015e-08
1.59, 9.78197e-06
1.591, 1.05945e-08
1.592, -9.78197e-06
1.593, -1.06015e-08
1.594, 9.78197e-06
1.595, 1.05945e-08
1.596, -9.78197e-06
1.597, -1.06015e-08
1.598, 9.78197e-06
1.599, 1.05945e-08
1.6, -9.78197e-06
1.601, -1.06015e-08
1.602, 9.78197e-06
1.603, 1.05945e-08
1.604, -9.78197e-06
1.605, -1.06015e-08
1.606, 9.78197e-06
1.607, 1.05945e-08
1.608, -9.78197e-06
1.609, -1.06015e-08
1.61, 9.78197e-06
1.611, 1.05945e-08
1.612, -9.78197e-06
1.613, -1.06015e-08
1.614, 9.78197e-06
1.615, 1.05945e-08
1.616, -9.78197e-06
1.617, -1.06015e-08
1.618, 9.78197e-06
1.619, 1.05945e-08
1.62, -9.78197e-06
1.621, -1.06015e-08
1.622, 9.78197e-06
1.623, 1.05945e-08
1.624, -9.78197e-06
1.625, -1.06015e-08
1.626, 9.78197e-06
1.627, 1.05945e-08
1.628, -9.78197e-06
1.629, -1.06015e-08
1.63, 9.78197e-06
1.631, 1.05945e-08
1.632, -9.78197e-06
1.633, -1.06015e-08
1.634, 9.78197e-06
1.635, 1.05945e-08
1.636, -9.78197e-06
1.637, -1.06015e-08
1.638, 9.78197e-06
1.639, 1.05945e-08
1.64, -9.78197e-06
1.641, -1.06015e-08
1.642, 9.78197e-06
1.643, 1.05945e-08
1.644, -9.78197e-06
1.645, -1.06015e-08
1.646, 9.78197e-06
1.647, 1.05945e-08
1.648, -9.78197e-06
1.649, -1.06015e-08
1.65, 9.78197e-06
1.651, 1.05945e-08
1.652, -9.78197e-06
1.653, -1.06015e-08
1.654, 9.78197e-06
1.655, 1.05945e-08
1.656, -9.78197e-06
1.657, -1.06015e-08
1.658, 9.78197e-06
1.659, 1.05945e-08
1.66, -9.78197e-06
1.661, -1.06015e-08
1.662, 9.78197e-06
1.663, 1.05945e-08
1.664, -9.78197e-06
1.665, -1.06015e-08
1.666, 9.78197e-06
1.667, 1.05945e-08
1.668, -9.78197e-06
1.669, -1.06015e-08
1.67, 9.78197e-06
1.671, 1.05945e-08
1.672, -9.78197e-06
1.673, -1.06015e-08
1.674, 9.78197e-06
1.675, 1.05945e-08
1.676, -9.78197e-06
1.677, -1.06015e-08
1.678, 9.78197e-06
1.679, 1.05945e-08
1.68, -9.78197e-06
1.681, -1.06015e-08
1.682, 9.78197e-06
1.683, 1.05945e-08
1.684, -9.78197e-06
1.685, -1.06015e-08
1.686, 9.78197e-06
1.687, 1.05945e-08
1.688, -9.78197e-06
1.689, -1.06015e-08
1.69, 9.78197e-06
1.691, 1.05945e-08
1.692, -9.78197e-06
1.693, -1.06015e-08
1.694, 9.78197e-06
1.695, 1.05945e-08
1.696, -9.78197e-06
1.697, -1.06015e-08
1.698, 9.78197e-06
1.699, 1.05945e-08
1.7, -9.78197e-06
1.701, -1.06015e-08
1.702, 9.78197e-06
1.703, 1.05945e-08
1.704, -9.78197e-06
1.705, -1.06015e-08
1.706, 9.78197e-06
1.707, 1.05945e-08
1.708, -9.78197e-06
1.709, -1.06015e-08
1.71, 9.78197e-06
1.711, 1.05945e-08
1.712, -9.78197e-06
1.713, -1.06015e-08
1.714, 9.78197e-06
1.715, 1.05945e-08
1.716, -9.78197e-06
1.717, -1.06015e-08
1.718, 9.78197e-06
1.719, 1.05945e-08
1.72, -9.78197e-06
1.721, -1.06015e-08
1.722, 9.78197e-06
1.723, 1.05945e-08
1.724, -9.78197e-06
1.725, -1.06015e-08
1.726, 9.78197e-06
1.727, 1.05945e-08
1.728, -9.78197e-06
1.729, -1.06015e-08
1.73, 9.78197e-06
1.731, 1.05945e-08
1.732, -9.78197e-06
1.733, -1.06015e-08
1.734, 9.78197e-06
1.735, 1.05945e-08
1.736, -9.78197e-06
1.737, -1.06015e-08
1.738, 9.78197e-06
1.739, 1.05945e-08
1.74, -9.78197e-06
1.741, -1.06015e-08
1.742, 9.78197e-06
1.743, 1.05945e-08
1.744, -9.78197e-06
1.745, -1.06015e-08
1.746, 9.78197e-06
1.747, 1.05945e-08
1.748, -9.78197e-06
1.749, -1.06015e-08
1.75, 9.78197e-06
1.751, 1.05945e-08
1.752, -9.78197e-06
1.753, -1.06015e-08
1.754, 9.78197e-06
1.755, 1.05945e-08
1.756, -9.78197e-06
1.757, -1.06015e-08
1.758, 9.78197e-06
1.759, 1.05945e-08
1.76, -9.78197e-06
1.761, -1.06015e-08
1.762, 9.78197e-06
1.763, 1.05945e-08
1.764, -9.78197e-06
1.765, -1.06015e-08
1.766, 9.78197e-06
1.767, 1.05945e-08
1.768, -9.78197e-06
1.769, -1.06015e-08
1.77, 9.78197e-06
1.771, 1.05945e-08
1.772, -9.78197e-06
1.773, -1.06015e-08
1.774, 9.78197e-06
1.775, 1.05945e-08
1.776, -9.78197e-06
1.777, -1.06015e-08
1.778, 9.78197e-06
1.779, 1.05945e-08
1.78, -9.78197e-06
1.781, -1.06015e-08
1.782, 9.78197e-06
1.783, 1.05945e-08
1.784, -9.78197e-06
1.785, -1.06015e-08
1.786, 9.78197e-06
1.787, 1.05945e-08
1.788, -9.78197e-06
1.789, -1.06015e-08
1.79, 9.78197e-06
1.791, 1.05945e-08
1.792, -9.78197e-06
1.793, -1.06015e-08
1.794, 9.78197e-06
1.795, 1.05945e-08
1.796, -9.78197e-06
1.797, -1.06015e-08
1.798, 9.78197e-06
1.799, 1.05945e-08
1.8, -9.78197e-06
1.801, -1.06015e-08
1.802, 9.78197e-06
1.803, 1.05945e-08
1.804, -9.78197e-06
1.805, -1.06015e-08
1.806, 9.78197e-06
1.807, 1.05945e-08
1.808, -9.78197e-06
1.809, -1.06015e-08
1.81, 9.78197e-06
1.811, 1.05945e-08
1.812, -9.78197e-06
1.813, -1.06015e-08
1.814, 9.78197e-06
1.815, 1.05945e-08
1.816, -9.78197e-06
1.817, -1.06015e-08
1.818, 9.78197e-06
1.819, 1.05945e-08
1.82, -9.78197e-06
1.821, -1.06015e-08
1.822, 9.78197e-06
1.823, 1.05945e-08
1.824, -9.78197e-06
1.825, -1.06015e-08
1.826, 9.78197e-06
1.827, 1.05945e-08
1.828, -9.78197e-06
1.829, -1.06015e-08
1.83, 9.78197e-06
1.831, 1.05945e-08
1.832, -9.78197e-06
1.833, -1.06015e-08
1.834, 9.78197e-06
1.835, 1.05945e-08
1.836, -9.78197e-06
1.837, -1.06015e-08
1.838, 9.78197e-06
1.839, 1.05945e-08
1.84, -9.78197e-06
1.841, -1.06015e-08
1.842, 9.78197e-06
1.843, 1.05945e-08
1.844, -9.78197e-06
1.845, -1.06015e-08
1.846, 9.78197e-06
1.847, 1.05945e-08
1.848, -9.78197e-06
1.849, -1.06015e-08
1.85, 9.78197e-06
1.851, 1.05945e-08
1.852, -9.78197e-06
1.853, -1.06015e-08
1.854, 9.78197e-06
1.855, 1.05945e-08
1.856, -9.78197e-06
1.857, -1.06015e-08
1.858, 9.78197e-06
1.859, 1.05945e-08
1.86, -9.78197e-06
1.861, -1.06015e-08
1.862, 9.78197e-06
1.863, 1.05945e-08
1.864, -9.78197e-06
1.865, -1.06015e-08
1.866, 9.78197e-06
1.867, 1.05945e-08
1.868, -9.78197e-06
1.869, -1.06015e-08
1.87, 9.78197e-06
1.871, 1.05945e-08
1.872, -9.78197e-06
1.873, -1.06015e-08
1.874, 9.78197e-06
1.875, 1.05945e-08
1.876, -9.78197e-06
1.877, -1.06015e-08
1.878, 9.78197e-06
1.879, 1.05945e-08
1.88, -9.78197e-06
1.881, -1.06015e-08
1.882, 9.78197e-06
1.883, 1.05945e-08
1.884, -9.78197e-06
1.885, -1.06015e-08
1.886, 9.78197e-06
1.887, 1.05945e-08
1.888, -9.78197e-06
1.889, -1.06015e-08
1.89, 9.78197e-06
1.891, 1.05945e-08
1.892, -9.78197e-06
1.893, -1.06015e-08
1.894, 9.78197e-06
1.895, 1.05945e-08
1.896, -9.78197e-06
1.897, -1.06015e-08
1.898, 9.78197e-06
1.899, 1.05945e-08
1.9, -9.78197e-06
1.901, -1.06015e-08
1.902, 9.78197e-06
1.903, 1.05945e-08
1.904, -9.78197e-06
1.905, -1.06015e-08
1.906, 9.78197e-06
1.907, 1.05945e-08
1.908, -9.78197e-06
1.909, -1.06015e-08
1.91, 9.78197e-06
1.911, 1.05945e-08
1.912, -9.78197e-06
1.913, -1.06015e-08
1.914, 9.78197e-06
1.915, 1.05945e-08
1.916, -9.78197e-06
1.917, -1.06015e-08
1.918, 9.78197e-06
1.919, 1.05945e-08
1.92, -9.78197e-06
1.921, -1.06015e-08
1.922, 9.78197e-06
1.923, 1.05945e-08
1.924, -9.78197e-06
1.925, -1.06015e-08
1.926, 9.78197e-06
1.927, 1.05945e-08
1.928, -9.78197e-06
1.929, -1.06015e-08
1.93, 9.78197e-06
1.931, 1.05945e-08
1.932, -9.78197e-06
1.933, -1.06015e-08
1.934, 9.78197e-06
1.935, 1.05945e-08
1.936, -9.78197e-06
1.937, -1.06015e-08
1.938, 9.78197e-06
1.939, 1.05945e-08
1.94, -9.78197e-06
1.941, -1.06015e-08
1.942, 9.78197e-06
1.943, 1.05945e-08
1.944, -9.78197e-06
1.945, -1.06015e-08
1.946, 9.78197e-06
1.947, 1.05945e-08
1.948, -9.78197e-06
1.949, -1.06015e-08
1.95, 9.78197e-06
1.951, 1.05945e-08
1.952, -9.78197e-06
1.953, -1.06015e-08
1.954, 9.78197e-06
1.955, 1.05945e-08
1.956, -9.78197e-06
1.957, -1.06015e-08
1.958, 9.78197e-06
1.959, 1.05945e-08
1.96, -9.78197e-06
1.961, -1.06015e-08
1.962, 9.78197e-06
1.963, 1.05945e-08
1.964, -9.78197e-06
1.965, -1.06015e-08
1.966, 9.78197e-06
1.967, 1.05945e-08
1.968, -9.78197e-06
1.969, -1.06015e-08
1.97, 9.78197e-06
1.971, 1.05945e-08
1.972, -9.78197e-06
1.973, -1.06015e-08
1.974, 9.78197e-06
1.975, 1.05945e-08
1.976, -9.78197e-06
1.977, -1.06015e-08
1.978, 9.78197e-06
1.979, 1.05945e-08
1.98, -9.78197e-06
1.981, -1.06015e-08
1.982, 9.78197e-06
1.983, 1.05945e-08
1.984, -9.78197e-06
1.985, -1.06015e-08
1.986, 9.78197e-06
1.987, 1.05945e-08
1.988, -9.78197e-06
1.989, -1.06015e-08
1.99, 9.78197e-06
1.991, 1.05945e-08
1.992, -9.78197e-06
1.993, -1.06015e-08
1.994, 9.78197e-06
1.995, 1.05945e-08
1.996, -9.78197e-06
1.997, -1.06015e-08
1.998, 9.78197e-06
1.999, 1.05945e-08
2, -9.78197e-06
2.001, -1.06015e-08
2.002, 9.78197e-06
2.003, 1.05945e-08
2.004, -9.78197e-06
2.005, -1.06015e-08
2.006, 9.78197e-06
2.007, 1.05945e-08
2.008, -9.78197e-06
2.009, -1.06015e-08
2.01, 9.78197e-06
2.011, 1.05945e-08
2.012, -9.78197e-06
2.013, -1.06015e-08
2.014, 9.78197e-06
2.015, 1.05945e-08
2.016, -9.78197e-06
2.017, -1.06015e-08
2.018, 9.78197e-06
2.019, 1.05945e-08
2.02, -9.78197e-06
2.021, -1.06015e-08
2.022, 9.78197e-06
2.023, 1.05945e-08
2.024, -9.78197e-06
2.025, -1.06015e-08
2.026, 9.78197e-06
2.027, 1.05945e-08
2.028, -9.78197e-06
2.029, -1.06015e-08
2.03, 9.78197e-06
2.031, 1.05945e-08
2.032, -9.78197e-06
2.033, -1.06015e-08
2.034, 9.78197e-06
2.035, 1.05945e-08
2.036, -9.78197e-06
2.037, -1.06015e-08
2.038, 9.78197e-06
2.039, 1.05945e-08
2.04, -9.78197e-06
2.041, -1.06015e-08
2.042, 9.78197e-06
2.043, 1.05945e-08
2.044, -9.78197e-06
2.045, -1.06015e-08
2.046, 9.78197e-06
2.047, 1.05945e-08
2.048, -9.78197e-06
2.049, -1.06015e-08
2.05, 9.78197e-06
2.051, 1.05945e-08
2.052, -9.78197e-06
2.053, -1.06015e-08
2.054, 9.78197e-06
2.055, 1.05945e-08
2.056, -9.78197e-06
2.057, -1.06015e-08
2.058, 9.78197e-06
2.059, 1.05945e-08
2.06, -9.78197e-06
2.061, -1.06015e-08
2.062, 9.78197e-06
2.063, 1.05945e-08
2.064, -9.78197e-06
2.065, -1.06015e-08
2.066, 9.78197e-06
2.067, 1.05945e-08
2.068, -9.78197e-06
2.069, -1.06015e-08
2.07, 9.78197e-06
2.071, 1.05945e-08
2.072, -9.78197e-06
2.073, -1.06015e-08
2.074, 9.78197e-06
2.075, 1.05945e-08
2.076, -9.78197e-06
2.077, -1.06015e-08
2.078, 9.78197e-06
2.079, 1.05945e-08
2.08, -9.78197e-06
2.081, -1.06015e-08
2.082, 9.78197e-06
2.083, 1.05945e-08
2.084, -9.78197e-06
2.085, -1.06015e-08
2.086, 9.78197e-06
2.087, 1.05945e-08
2.088, -9.78197e-06
2.089, -1.06015e-08
2.09, 9.78197e-06
2.091, 1.05945e-08
2.092, -9.78197e-06
2.093, -1.06015e-08
2.094, 9.78197e-06
2.095, 1.05945e-08
2.096, -9.78197e-06
2.097, -1.06015e-08
2.098, 9.78197e-06
2.099, 1.05945e-08
2.1, -9.78197e-06
2.101, -1.06015e-08
2.102, -1.06015e-08
2.103, -1.06015e-08
2.104, -1.06015e-08
2.105, -1.06015e-08
2.106, -1.06015e-08
2.107, -1.06015e-08
2.108, -1.06015e-08
2.109, -1.06015e-08
2.11, -1.06015e-08
2.111, -1.06015e-08
2.112, -1.06015e-08
2.113, -1.06015e-08
2.114, -1.06015e-08
2.115, -1.06015e-08
2.116, -1.06015e-08
2.117, -1.06015e-08
2.118, -1.06015e-08
2.119, -1.06015e-08
2.12, -1.06015e-08
2.121, -1.06015e-08
2.122, -1.06015e-08
2.123, -1.06015e-08
2.124, -1.06015e-08
2.125, -1.06015e-08
2.126, -1.06015e-08
2.127, -1.06015e-08
2.128, -1.06015e-08
2.129, -1.06015e-08
2.13, -1.06015e-08
2.131, -1.06015e-08
2.132, -1.06015e-08
2.133, -1.06015e-08
2.134, -1.06015e-08
2.135, -1.06015e-08
2.136, -1.06015e-08
2.137, -1.06015e-08
2.138, -1.06015e-08
2.139, -1.06015e-08
2.14, -1.06015e-08
2.141, -1.06015e-08
2.142, -1.06015e-08
2.143, -1.06015e-08
2.144, -1.06015e-08
2.145, -1.06015e-08
2.146, -1.06015e-08
2.147, -1.06015e-08
2.148, -1.06015e-08
2.149, -1.06015e-08
2.15, -1.06015e-08
2.151, -1.06015e-08
2.152, -1.06015e-08
2.153, -1.06015e-08
2.154, -1.06015e-08
2.155, -1.06015e-08
2.156, -1.06015e-08
2.157, -1.06015e-08
2.158, -1.06015e-08
2.159, -1.06015e-08
2.16, -1.06015e-08
2.161, -1.06015e-08
2.162, -1.06015e-08
2.163, -1.06015e-08
2.164, -1.06015e-08
2.165, -1.06015e-08
2.166, -1.06015e-08
2.167, -1.06015e-08
2.168, -1.06015e-08
2.169, -1.06015e-08
2.17, -1.06015e-08
2.171, -1.06015e-08
2.172, -1.06015e-08
2.173, -1.06015e-08
2.174, -1.06015e-08
2.175, -1.06015e-08
2.176, -1.06015e-08
2.177, -1.06015e-08
2.178, -1.06015e-08
2.179, -1.06015e-08
2.18, -1.06015e-08
2.181, -1.06015e-08
2.182, -1.06015e-08
2.183, -1.06015e-08
2.184, -1.06015e-08
2.185, -1.06015e-08
2.186, -1.06015e-08
2.187, -1.06015e-08
2.188, -1.06015e-08
2.189, -1.06015e-08
2.19, -1.06015e-08
2.191, -1.06015e-08
2.192, -1.06015e-08
2.193, -1.06015e-08
2.194, -1.06015e-08
2.195, -1.06015e-08
2.196, -1.06015e-08
2.197, -1.06015e-08
2.198, -1.06015e-08
2.199, -1.06015e-08
2.2, -1.06015e-08
2.201, -1.06015e-08
2.202, -1.06015e-08
2.203, -1.06015e-08
2.204, -1.06015e-08
2.205, -1.06015e-08
2.206, -1.06015e-08
2.207, -1.06015e-08
2.208, -1.06015e-08
2.209, -1.06015e-08
2.21, -1.06015e-08
2.211, -1.06015e-08
2.212, -1.06015e-08
2.213, -1.06015e-08
2.214, -1.06015e-08
2.215, -1.06015e-08
2.216, -1.06015e-08
2.217, -1.06015e-08
2.218, -1.06015e-08
2.219, -1.06015e-08
2.22, -1.06015e-08
2.221, -1.06015e-08
2.222, -1.06015e-08
2.223, -1.06015e-08
2.224, -1.06015e-08
2.225, -1.06015e-08
2.226, -1.06015e-08
2.227, -1.06015e-08
2.228, -1.06015e-08
2.229, -1.06015e-08
2.23, -1.06015e-08
2.231, -1.06015e-08
2.232, -1.06015e-08
2.233, -1.06015e-08
2.234, -1.06015e-08
2.235, -1.06015e-08
2.236, -1.06015e-08
2.237, -1.06015e-08
2.238, -1.06015e-08
2.239, -1.06015e-08
2.24, -1.06015e-08
2.241, -1.06015e-08
2.242, -1.06015e-08
2.243, -1.06015e-08
2.244, -1.06015e-08
2.245, -1.06015e-08
2.246, -1.06015e-08
2.247, -1.06015e-08
2.248, -1.06015e-08
2.249, -1.06015e-08
2.25, -1.06015e-08
2.251, -1.06015e-08
2.252, -1.06015e-08
2.253, -1.06015e-08
2.254, -1.06015e-08
2.255, -1.06015e-08
2.256, -1.06015e-08
2.257, -1.06015e-08
2.258, -1.06015e-08
2.259, -1.06015e-08
2.26, -1.06015e-08
2.261, -1.06015e-08
2.262, -1.06015e-08
2.263, -1.06015e-08
2.264, -1.06015e-08
2.265, -1.06015e-08
2.266, -1.06015e-08
2.267, -1.06015e-08
2.268, -1.06015e-08
2.269, -1.06015e-08
2.27, -1.06015e-08
2.271, -1.06015e-08
2.272, -1.06015e-08
2.273, -1.06015e-08
2.274, -1.06015e-08
2.275, -1.06015e-08
2.276, -1.06015e-08
2.277, -1.06015e-08
2.278, -1.06015e-08
2.279, -1.06015e-08
2.28, -1.06015e-08
2.281, -1.06015e-08
2.282, -1.06015e-08
2.283, -1.06015e-08
2.284, -1.06015e-08
2.285, -1.06015e-08
2.286, -1.06015e-08
2.287, -1.06015e-08
2.288, -1.06015e-08
2.289, -1.06015e-08
2.29, -1.06015e-08
2.291, -1.06015e-08
2.292, -1.06015e-08
2.293, -1.06015e-08
2.294, -1.06015e-08
2.295, -1.06015e-08
2.296, -1.06015e-08
2.297, -1.06015e-08
2.298, -1.06015e-08
2.299, -1.06015e-08
2.3, -1.06015e-08
2.301, -1.06015e-08
2.302, -1.06015e-08
2.303, -1.06015e-08
2.304, -1.06015e-08
2.305, -1.06015e-08
2.306, -1.06015e-08
2.307, -1.06015e-08
2.308, -1.06015e-08
2.309, -1.06015e-08
2.31, -1.06015e-08
2.311, -1.06015e-08
2.312, -1.06015e-08
2.313, -1.06015e-08
2.314, -1.06015e-08
2.315, -1.06015e-08
2.316, -1.06015e-08
2.317, -1.06015e-08
2.318, -1.06015e-08
2.319, -1.06015e-08
2.32, -1.06015e-08
2.321, -1.06015e-08
2.322, -1.06015e-08
2.323, -1.06015e-08
2.324, -1.06015e-08
2.325, -1.06015e-08
2.326, -1.06015e-08
2.327, -1.06015e-08
2.328, -1.06015e-08
2.329, -1.06015e-08
2.33, -1.06015e-08
2.331, -1.06015e-08
2.332, -1.06015e-08
2.333, -1.06015e-08
2.334, -1.06015e-08
2.335, -1.06015e-08
2.336, -1.06015e-08
2.337, -1.06015e-08
2.338, -1.06015e-08
2.339, -1.06015e-08
2.34, -1.06015e-08
2.341, -1.06015e-08
2.342, -1.06015e-08
2.343, -1.06015e-08
2.344, -1.06015e-08
2.345, -1.06015e-08
2.346, -1.06015e-08
2.347, -1.06015e-08
2.348, -1.06015e-08
2.349, -1.06015e-08
2.35, -1.06015e-08
2.351, -1.06015e-08
2.352, -1.06015e-08
2.353, -1.06015e-08
2.354, -1.06015e-08
2.355, -1.06015e-08
2.356, -1.06015e-08
2.357, -1.06015e-08
2.358, -1.06015e-08
2.359, -1.06015e-08
2.36, -1.06015e-08
2.361, -1.06015e-08
2.362, -1.06015e-08
2.363, -1.06015e-08
2.364, -1.06015e-08
2.365, -1.06015e-08
2.366, -1.06015e-08
2.367, -1.06015e-08
2.368, -1.06015e-08
2.369, -1.06015e-08
2.37, -1.06015e-08
2.371, -1.06015e-08
2.372, -1.06015e-08
2.373, -1.06015e-08
2.374, -1.06015e-08
2.375, -1.06015e-08
2.376, -1.06015e-08
2.377, -1.06015e-08
2.378, -1.06015e-08
2.379, -1.06015e-08
2.38, -1.06015e-08
2.381, -1.06015e-08
2.382, -1.06015e-08
2.383, -1.06015e-08
2.384, -1.06015e-08
2.385, -1.06015e-08
2.386, -1.06015e-08
2.387, -1.06015e-08
2.388, -1.06015e-08
2.389, -1.06015e-08
2.39, -1.06015e-08
2.391, -1.06015e-08
2.392, -1.06015e-08
2.393, -1.06015e-08
2.394, -1.06015e-08
2.395, -1.06015e-08
2.396, -1.06015e-08
2.397, -1.06015e-08
2.398, -1.06015e-08
2.399, -1.06015e-08
2.4, -1.06015e-08
2.401, -1.06015e-08
2.402, -1.06015e-08
2.403, -1.06015e-08
2.404, -1.06015e-08
2.405, -1.06015e-08
2.406, -1.06015e-08
2.407, -1.06015e-08
2.408, -1.06015e-08
2.409, -1.06015e-08
2.41, -1.06015e-08
2.411, -1.06015e-08
2.412, -1.06015e-08
2.413, -1.06015e-08
2.414, -1.06015e-08
2.415, -1.06015e-08
2.416, -1.06015e-08
2.417, -1.06015e-08
2.418, -1.06015e-08
2.419, -1.06015e-08
2.42, -1.06015e-08
2.421, -1.06015e-08
2.422, -1.06015e-08
2.423, -1.06015e-08
2.424, -1.06015e-08
2.425, -1.06015e-08
2.426, -1.06015e-08
2.427, -1.06015e-08
2.428, -1.06015e-08
2.429, -1.06015e-08
2.43, -1.06015e-08
2.431, -1.06015e-08
2.432, -1.06015e-08
2.433, -1.06015e-08
2.434, -1.06015e-08
2.435, -1.06015e-08
2.436, -1.06015e-08
2.437, -1.06015e-08
2.438, -1.06015e-08
2.439, -1.06015e-08
2.44, -1.06015e-08
2.441, -1.06015e-08
2.442, -1.06015e-08
2.443, -1.06015e-08
2.444, -1.06015e-08
2.445, -1.06015e-08
2.446, -1.06015e-08
2.447, -1.06015e-08
2.448, -1.06015e-08
2.449, -1.06015e-08
2.45, -1.06015e-08
2.451, -1.06015e-08
2.452, -1.06015e-08
2.453, -1.06015e-08
2.454, -1.06015e-08
2.455, -1.06015e-08
2.456, -1.06015e-08
2.457, -1.06015e-08
2.458, -1.06015e-08
2.459, -1.06015e-08
2.46, -1.06015e-08
2.461, -1.06015e-08
2.462, -1.06015e-08
2.463, -1.06015e-08
2.464, -1.06015e-08
2.465, -1.06015e-08
2.466, -1.06015e-08
2.467, -1.06015e-08
2.468, -1.06015e-08
2.469, -1.06015e-08
2.47, -1.06015e-08
2.471, -1.06015e-08
2.472, -1.06015e-08
2.473, -1.06015e-08
2.474, -1.06015e-08
2.475, -1.06015e-08
2.476, -1.06015e-08
2.477, -1.06015e-08
2.478, -1.06015e-08
2.479, -1.06015e-08
2.48, -1.06015e-08
2.481, -1.06015e-08
2.482, -1.06015e-08
2.483, -1.06015e-08
2.484, -1.06015e-08
2.485, -1.06015e-08
2.486, -1.06015e-08
2.487, -1.06015e-08
2.488, -1.06015e-08
2.489, -1.06015e-08
2.49, -1.06015e-08
2.491, -1.06015e-08
2.492, -1.06015e-08
2.493, -1.06015e-08
2.494, -1.06015e-08
2.495, -1.06015e-08
2.496, -1.06015e-08
2.497, -1.06015e-08
2.498, -1.06015e-08
2.499, -1.06015e-08
2.5, -1.06015e-08
2.501, -1.06015e-08
2.502, -1.06015e-08
2.503, -1.06015e-08
2.504, -1.06015e-08
2.505, -1.06015e-08
2.506, -1.06015e-08
2.507, -1.06015e-08
2.508, -1.06015e-08
2.509, -1.06015e-08
2.51, -1.06015e-08
2.511, -1.06015e-08
2.512, -1.06015e-08
2.513, -1.06015e-08
2.514, -1.06015e-08
2.515, -1.06015e-08
2.516, -1.06015e-08
2.517, -1.06015e-08
2.518, -1.06015e-08
2.519, -1.06015e-08
2.52, -1.06015e-08
2.521, -1.06015e-08
2.522, -1.06015e-08
2.523, -1.06015e-08
2.524, -1.06015e-08
2.525, -1.06015e-08
2.526, -1.06015e-08
2.527, -1.06015e-08
2.528, -1.06015e-08
2.529, -1.06015e-08
2.53, -1.06015e-08
2.531, -1.06015e-08
2.532, -1.06015e-08
2.533, -1.06015e-08
2.534, -1.06015e-08
2.535, -1.06015e-08
2.536, -1.06015e-08
2.537, -1.06015e-08
2.538, -1.06015e-08
2.539, -1.06015e-08
2.54, -1.06015e-08
2.541, -1.06015e-08
2.542, -1.06015e-08
2.543, -1.06015e-08
2.544, -1.06015e-08
2.545, -1.06015e-08
2.546, -1.06015e-08
2.547, -1.06015e-08
2.548, -1.06015e-08
2.549, -1.06015e-08
2.55, -1.06015e-08
2.551, -1.06015e-08
2.552, -1.06015e-08
2.553, -1.06015e-08
2.554, -1.06015e-08
2.555, -1.06015e-08
2.556, -1.06015e-08
2.557, -1.06015e-08
2.558, -1.06015e-08
2.559, -1.06015e-08
2.56, -1.06015e-08
2.561, -1.06015e-08
2.562, -1.06015e-08
2.563, -1.06015e-08
2.564, -1.06015e-08
2.565, -1.06015e-08
2.566, -1.06015e-08
2.567, -1.06015e-08
2.568, -1.06015e-08
2.569, -1.06015e-08
2.57, -1.06015e-08
2.571, -1.06015e-08
2.572, -1.06015e-08
2.573, -1.06015e-08
2.574, -1.06015e-08
2.575, -1.06015e-08
2.576, -1.06015e-08
2.577, -1.06015e-08
2.578, -1.06015e-08
2.579, -1.06015e-08
2.58, -1.06015e-08
2.581, -1.06015e-08
2.582, -1.06015e-08
2.583, -1.06015e-08
2.584, -1.06015e-08
2.585, -1.06015e-08
2.586, -1.06015e-08
2.587, -1.06015e-08
2.588, -1.06015e-08
2.589, -1.06015e-08
2.59, -1.06015e-08
2.591, -1.06015e-08
2.592, -1.06015e-08
2.593, -1.06015e-08
2.594, -1.06015e-08
2.595, -1.06015e-08
2.596, -1.06015e-08
2.597, -1.06015e-08
2.598, -1.06015e-08
2.599, -1.06015e-08
2.6, -1.06015e-08
2.601, -1.06015e-08
2.602, -1.06015e-08
2.603, -1.06015e-08
2.604, -1.06015e-08
2.605, -1.06015e-08
2.606, -1.06015e-08
2.607, -1.06015e-08
2.608, -1.06015e-08
2.609, -1.06015e-08
2.61, -1.06015e-08
2.611, -1.06015e-08
2.612, -1.06015e-08
2.613, -1.06015e-08
2.614, -1.06015e-08
2.615, -1.06015e-08
2.616, -1.06015e-08
2.617, -1.06015e-08
2.618, -1.06015e-08
2.619, -1.06015e-08
2.62, -1.06015e-08
2.621, -1.06015e-08
2.622, -1.06015e-08
2.623, -1.06015e-08
2.624, -1.06015e-08
2.625, -1.06015e-08
2.626, -1.06015e-08
2.627, -1.06015e-08
2.628, -1.06015e-08
2.629, -1.06015e-08
2.63, -1.06015e-08
2.631, -1.06015e-08
2.632, -1.06015e-08
2.633, -1.06015e-08
2.634, -1.06015e-08
2.635, -1.06015e-08
2.636, -1.06015e-08
2.637, -1.06015e-08
2.638, -1.06015e-08
2.639, -1.06015e-08
2.64, -1.06015e-08
2.641, -1.06015e-08
2.642, -1.06015e-08
2.643, -1.06015e-08
2.644, -1.06015e-08
2.645, -1.06015e-08
2.646, -1.06015e-08
2.647, -1.06015e-08
2.648, -1.06015e-08
2.649, -1.06015e-08
2.65, -1.06015e-08
2.651, -1.06015e-08
2.652, -1.06015e-08
2.653, -1.06015e-08
2.654, -1.06015e-08
2.655, -1.06015e-08
2.656, -1.06015e-08
2.657, -1.06015e-08
2.658, -1.06015e-08
2.659, -1.06015e-08
2.66, -1.06015e-08
2.661, -1.06015e-08
2.662, -1.06015e-08
2.663, -1.06015e-08
2.664, -1.06015e-08
2.665, -1.06015e-08
2.666, -1.06015e-08
2.667, -1.06015e-08
2.668, -1.06015e-08
2.669, -1.06015e-08
2.67, -1.06015e-08
2.671, -1.06015e-08
2.672, -1.06015e-08
2.673, -1.06015e-08
2.674, -1.06015e-08
2.675, -1.06015e-08
2.676, -1.06015e-08
2.677, -1.06015e-08
2.678, -1.06015e-08
2.679, -1.06015e-08
2.68, -1.06015e-08
2.681, -1.06015e-08
2.682, -1.06015e-08
2.683, -1.06015e-08
2.684, -1.06015e-08
2.685, -1.06015e-08
2.686, -1.06015e-08
2.687, -1.06015e-08
2.688, -1.06015e-08
2.689, -1.06015e-08
2.69, -1.06015e-08
2.691, -1.06015e-08
2.692, -1.06015e-08
2.693, -1.06015e-08
2.694, -1.06015e-08
2.695, -1.06015e-08
2.696, -1.06015e-08
2.697, -1.06015e-08
2.698, -1.06015e-08
2.699, -1.06015e-08
2.7, -1.06015e-08
2.701, -1.06015e-08
2.702, -1.06015e-08
2.703, -1.06015e-08
2.704, -1.06015e-08
2.705, -1.06015e-08
2.706, -1.06015e-08
2.707, -1.06015e-08
2.708, -1.06015e-08
2.709, -1.06015e-08
2.71, -1.06015e-08
2.711, -1.06015e-08
2.712, -1.06015e-08
2.713, -1.06015e-08
2.714, -1.06015e-08
2.715, -1.06015e-08
2.716, -1.06015e-08
2.717, -1.06015e-08
2.718, -1.06015e-08
2.719, -1.06015e-08
2.72, -1.06015e-08
2.721, -1.06015e-08
2.722, -1.06015e-08
2.723, -1.06015e-08
2.724, -1.06015e-08
2.725, -1.06015e-08
2.726, -1.06015e-08
2.727, -1.06015e-08
2.728, -1.06015e-08
2.729, -1.06015e-08
2.73, -1.06015e-08
2.731, -1.06015e-08
2.732, -1.06015e-08
2.733, -1.06015e-08
2.734, -1.06015e-08
2.735, -1.06015e-08
2.736, -1.06015e-08
2.737, -1.06015e-08
2.738, -1.06015e-08
2.739, -1.06015e-08
2.74, -1.06015e-08
2.741, -1.06015e-08
2.742, -1.06015e-08
2.743, -1.06015e-08
2.744, -1.06015e-08
2.745, -1.06015e-08
2.746, -1.06015e-08
2.747, -1.06015e-08
2.748, -1.06015e-08
2.749, -1.06015e-08
2.75, -1.06015e-08
2.751, -1.06015e-08
2.752, -1.06015e-08
2.753, -1.06015e-08
2.754, -1.06015e-08
2.755, -1.06015e-08
2.756, -1.06015e-08
2.757, -1.06015e-08
2.758, -1.06015e-08
2.759, -1.06015e-08
2.76, -1.06015e-08
2.761, -1.06015e-08
2.762, -1.06015e-08
2.763, -1.06015e-08
2.764, -1.06015e-08
2.765, -1.06015e-08
2.766, -1.06015e-08
2.767, -1.06015e-08
2.768, -1.06015e-08
2.769, -1.06015e-08
2.77, -1.06015e-08
2.771, -1.06015e-08
2.772, -1.06015e-08
2.773, -1.06015e-08
2.774, -1.06015e-08
2.775, -1.06015e-08
2.776, -1.06015e-08
2.777, -1.06015e-08
2.778, -1.06015e-08
2.779, -1.06015e-08
2.78, -1.06015e-08
2.781, -1.06015e-08
2.782, -1.06015e-08
2.783, -1.06015e-08
2.784, -1.06015e-08
2.785, -1.06015e-08
2.786, -1.06015e-08
2.787, -1.06015e-08
2.788, -1.06015e-08
2.789, -1.06015e-08
2.79, -1.06015e-08
2.791, -1.06015e-08
2.792, -1.06015e-08
2.793, -1.06015e-08
2.794, -1.06015e-08
2.795, -1.06015e-08
2.796, -1.06015e-08
2.797, -1.06015e-08
2.798, -1.06015e-08
2.799, -1.06015e-08
2.8, -1.06015e-08
2.801, -1.06015e-08
2.802, -1.06015e-08
2.803, -1.06015e-08
2.804, -1.06015e-08
2.805, -1.06015e-08
2.806, -1.06015e-08
2.807, -1.06015e-08
2.808, -1.06015e-08
2.809, -1.06015e-08
2.81, -1.06015e-08
2.811, -1.06015e-08
2.812, -1.06015e-08
2.813, -1.06015e-08
2.814, -1.06015e-08
2.815, -1.06015e-08
2.816, -1.06015e-08
2.817, -1.06015e-08
2.818, -1.06015e-08
2.819, -1.06015e-08
2.82, -1.06015e-08
2.821, -1.06015e-08
2.822, -1.06015e-08
2.823, -1.06015e-08
2.824, -1.06015e-08
2.825, -1.06015e-08
2.826, -1.06015e-08
2.827, -1.06015e-08
2.828, -1.06015e-08
2.829, -1.06015e-08
2.83, -1.06015e-08
2.831, -1.06015e-08
2.832, -1.06015e-08
2.833, -1.06015e-08
2.834, -1.06015e-08
2.835, -1.06015e-08
2.836, -1.06015e-08
2.837, -1.06015e-08
2.838, -1.06015e-08
2.839, -1.06015e-08
2.84, -1.06015e-08
2.841, -1.06015e-08
2.842, -1.06015e-08
2.843, -1.06015e-08
2.844, -1.06015e-08
2.845, -1.06015e-08
2.846, -1.06015e-08
2.847, -1.06015e-08
2.848, -1.06015e-08
2.849, -1.06015e-08
2.85, -1.06015e-08
2.851, -1.06015e-08
2.852, -1.06015e-08
2.853, -1.06015e-08
2.854, -1.06015e-08
2.855, -1.06015e-08
2.856, -1.06015e-08
2.857, -1.06015e-08
2.858, -1.06015e-08
2.859, -1.06015e-08
2.86, -1.06015e-08
2.861, -1.06015e-08
2.862, -1.06015e-08
2.863, -1.06015e-08
2.864, -1.06015e-08
2.865, -1.06015e-08
2.866, -1.06015e-08
2.867, -1.06015e-08
2.868, -1.06015e-08
2.869, -1.06015e-08
2.87, -1.06015e-08
2.871, -1.06015e-08
2.872, -1.06015e-08
2.873, -1.06015e-08
2.874, -1.06015e-08
2.875, -1.06015e-08
2.876, -1.06015e-08
2.877, -1.06015e-08
2.878, -1.06015e-08
2.879, -1.06015e-08
2.88, -1.06015e-08
2.881, -1.06015e-08
2.882, -1.06015e-08
2.883, -1.06015e-08
2.884, -1.06015e-08
2.885, -1.06015e-08
2.886, -1.06015e-08
2.887, -1.06015e-08
2.888, -1.06015e-08
2.889, -1.06015e-08
2.89, -1.06015e-08
2.891, -1.06015e-08
2.892, -1.06015e-08
2.893, -1.06015e-08
2.894, -1.06015e-08
2.895, -1.06015e-08
2.896, -1.06015e-08
2.897, -1.06015e-08
2.898, -1.06015e-08
2.899, -1.06015e-08
2.9, -1.06015e-08
2.901, -1.06015e-08
2.902, -1.06015e-08
2.903, -1.06015e-08
2.904, -1.06015e-08
2.905, -1.06015e-08
2.906, -1.06015e-08
2.907, -1.06015e-08
2.908, -1.06015e-08
2.909, -1.06015e-08
2.91, -1.06015e-08
2.911, -1.06015e-08
2.912, -1.06015e-08
2.913, -1.06015e-08
2.914, -1.06015e-08
2.915, -1.06015e-08
2.916, -1.06015e-08
2.917, -1.06015e-08
2.918, -1.06015e-08
2.919, -1.06015e-08
2.92, -1.06015e-08
2.921, -1.06015e-08
2.922, -1.06015e-08
2.923, -1.06015e-08
2.924, -1.06015e-08
2.925, -1.06015e-08
2.926, -1.06015e-08
2.927, -1.06015e-08
2.928, -1.06015e-08
2.929, -1.06015e-08
2.93, -1.06015e-08
2.931, -1.06015e-08
2.932, -1.06015e-08
2.933, -1.06015e-08
2.934, -1.06015e-08
2.935, -1.06015e-08
2.936, -1.06015e-08
2.937, -1.06015e-08
2.938, -1.06015e-08
2.939, -1.06015e-08
2.94, -1.06015e-08
2.941, -1.06015e-08
2.942, -1.06015e-08
2.943, -1.06015e-08
2.944, -1.06015e-08
2.945, -1.06015e-08
2.946, -1.06015e-08
2.947, -1.06015e-08
2.948, -1.06015e-08
2.949, -1.06015e-08
2.95, -1.06015e-08
2.951, -1.06015e-08
2.952, -1.06015e-08
2.953, -1.06015e-08
2.954, -1.06015e-08
2.955, -1.06015e-08
2.956, -1.06015e-08
2.957, -1.06015e-08
2.958, -1.06015e-08
2.959, -1.06015e-08
2.96, -1.06015e-08
2.961, -1.06015e-08
2.962, -1.06015e-08
2.963, -1.06015e-08
2.964, -1.06015e-08
2.965, -1.06015e-08
2.966, -1.06015e-08
2.967, -1.06015e-08
2.968, -1.06015e-08
2.969, -1.06015e-08
2.97, -1.06015e-08
2.971, -1.06015e-08
2.972, -1.06015e-08
2.973, -1.06015e-08
2.974, -1.06015e-08
2.975, -1.06015e-08
2.976, -1.06015e-08
2.977, -1.06015e-08
2.978, -1.06015e-08
2.979, -1.06015e-08
2.98, -1.06015e-08
2.981, -1.06015e-08
2.982, -1.06015e-08
2.983, -1.06015e-08
2.984, -1.06015e-08
2.985, -1.06015e-08
2.986, -1.06015e-08
2.987, -1.06015e-08
2.988, -1.06015e-08
2.989, -1.06015e-08
2.99, -1.06015e-08
2.991, -1.06015e-08
2.992, -1.06015e-08
2.993, -1.06015e-08
2.994, -1.06015e-08
2.995, -1.06015e-08
2.996, -1.06015e-08
2.997, -1.06015e-08
2.998, -1.06015e-08
2.999, -1.06015e-08
3, -1.06015e-08
3.001, -1.06015e-08
3.002, -1.06015e-08
3.003, -1.06015e-08
3.004, -1.06015e-08
3.005, -1.06015e-08
3.006, -1.06015e-08
3.007, -1.06015e-08
3.008, -1.06015e-08
3.009, -1.06015e-08
3.01, -1.06015e-08
3.011, -1.06015e-08
3.012, -1.06015e-08
3.013, -1.06015e-08
3.014, -1.06015e-08
3.015, -1.06015e-08
3.016, -1.06015e-08
3.017, -1.06015e-08
3.018, -1.06015e-08
3.019, -1.06015e-08
3.02, -1.06015e-08
3.021, -1.06015e-08
3.022, -1.06015e-08
3.023, -1.06015e-08
3.024, -1.06015e-08
3.025, -1.06015e-08
3.026, -1.06015e-08
3.027, -1.06015e-08
3.028, -1.06015e-08
3.029, -1.06015e-08
3.03, -1.06015e-08
3.031, -1.06015e-08
3.032, -1.06015e-08
3.033, -1.06015e-08
3.034, -1.06015e-08
3.035, -1.06015e-08
3.036, -1.06015e-08
3.037, -1.06015e-08
3.038, -1.06015e-08
3.039, -1.06015e-08
3.04, -1.06015e-08
3.041, -1.06015e-08
3.042, -1.06015e-08
3.043, -1.06015e-08
3.044, -1.06015e-08
3.045, -1.06015e-08
3.046, -1.06015e-08
3.047, -1.06015e-08
3.048, -1.06015e-08
3.049, -1.06015e-08
3.05, -1.06015e-08
3.051, -1.06015e-08
3.052, -1.06015e-08
3.053, -1.06015e-08
3.054, -1.06015e-08
3.055, -1.06015e-08
3.056, -1.06015e-08
3.057, -1.06015e-08
3.058, -1.06015e-08
3.059, -1.06015e-08
3.06, -1.06015e-08
3.061, -1.06015e-08
3.062, -1.06015e-08
3.063, -1.06015e-08
3.064, -1.06015e-08
3.065, -1.06015e-08
3.066, -1.06015e-08
3.067, -1.06015e-08
3.068, -1.06015e-08
3.069, -1.06015e-08
3.07, -1.06015e-08
3.071, -1.06015e-08
3.072, -1.06015e-08
3.073, -1.06015e-08
3.074, -1.06015e-08
3.075, -1.06015e-08
3.076, -1.06015e-08
3.077, -1.06015e-08
3.078, -1.06015e-08
3.079, -1.06015e-08
3.08, -1.06015e-08
3.081, -1.06015e-08
3.082, -1.06015e-08
3.083, -1.06015e-08
3.084, -1.06015e-08
3.085, -1.06015e-08
3.086, -1.06015e-08
3.087, -1.06015e-08
3.088, -1.06015e-08
3.089, -1.06015e-08
3.09, -1.06015e-08
3.091, -1.06015e-08
3.092, -1.06015e-08
3.093, -1.06015e-08
3.094, -1.06015e-08
3.095, -1.06015e-08
3.096, -1.06015e-08
3.097, -1.06015e-08
3.098, -1.06015e-08
3.099, -1.06015e-08
3.1, -1.06015e-08
3.101, -1.06015e-08
3.102, -1.06015e-08
3.103, -1.06015e-08
3.104, -1.06015e-08
3.105, -1.06015e-08
3.106, -1.06015e-08
3.107, -1.06015e-08
3.108, -1.06015e-08
3.109, -1.06015e-08
3.11, -1.06015e-08
3.111, -1.06015e-08
3.112, -1.06015e-08
3.113, -1.06015e-08
3.114, -1.06015e-08
3.115, -1.06015e-08
3.116, -1.06015e-08
3.117, -1.06015e-08
3.118, -1.06015e-08
3.119, -1.06015e-08
3.12, -1.06015e-08
3.121, -1.06015e-08
3.122, -1.06015e-08
3.123, -1.06015e-08
3.124, -1.06015e-08
3.125, -1.06015e-08
3.126, -1.06015e-08
3.127, -1.06015e-08
3.128, -1.06015e-08
3.129, -1.06015e-08
3.13, -1.06015e-08
3.131, -1.06015e-08
3.132, -1.06015e-08
3.133, -1.06015e-08
3.134, -1.06015e-08
3.135, -1.06015e-08
3.136, -1.06015e-08
3.137, -1.06015e-08
3.138, -1.06015e-08
3.139, -1.06015e-08
3.14, -1.06015e-08
3.141, -1.06015e-08
3.142, -1.06015e-08
3.143, -1.06015e-08
3.144, -1.06015e-08
3.145, -1.06015e-08
3.146, -1.06015e-08
3.147, -1.06015e-08
3.148, -1.06015e-08
3.149, -1.06015e-08
3.15, -1.06015e-08
3.151, -1.06015e-08
3.152, -1.06015e-08
3.153, -1.06015e-08
3.154, -1.06015e-08
3.155, -1.06015e-08
3.156, -1.06015e-08
3.157, -1.06015e-08
3.158, -1.06015e-08
3.159, -1.06015e-08
3.16, -1.06015e-08
3.161, -1.06015e-08
3.162, -1.06015e-08
3.163, -1.06015e-08
3.164, -1.06015e-08
3.165, -1.06015e-08
3.166, -1.06015e-08
3.167, -1.06015e-08
3.168, -1.06015e-08
3.169, -1.06015e-08
3.17, -1.06015e-08
3.171, -1.06015e-08
3.172, -1.06015e-08
3.173, -1.06015e-08
3.174, -1.06015e-08
3.175, -1.06015e-08
3.176, -1.06015e-08
3.177, -1.06015e-08
3.178, -1.06015e-08
3.179, -1.06015e-08
3.18, -1.06015e-08
3.181, -1.06015e-08
3.182, -1.06015e-08
3.183, -1.06015e-08
3.184, -1.06015e-08
3.185, -1.06015e-08
3.186, -1.06015e-08
3.187, -1.06015e-08
3.188, -1.06015e-08
3.189, -1.06015e-08
3.19, -1.06015e-08
3.191, -1.06015e-08
3.192, -1.06015e-08
3.193, -1.06015e-08
3.194, -1.06015e-08
3.195, -1.06015e-08
3.196, -1.06015e-08
3.197, -1.06015e-08
3.198, -1.06015e-08
3.199, -1.06015e-08
3.2, -1.06015e-08
3.201, -1.06015e-08
3.202, -1.06015e-08
3.203, -1.06015e-08
3.204, -1.06015e-08
3.205, -1.06015e-08
3.206, -1.06015e-08
3.207, -1.06015e-08
3.208, -1.06015e-08
3.209, -1.06015e-08
3.21, -1.06015e-08
3.211, -1.06015e-08
3.212, -1.06015e-08
3.213, -1.06015e-08
3.214, -1.06015e-08
3.215, -1.06015e-08
3.216, -1.06015e-08
3.217, -1.06015e-08
3.218, -1.06015e-08
3.219, -1.06015e-08
3.22, -1.06015e-08
3.221, -1.06015e-08
3.222, -1.06015e-08
3.223, -1.06015e-08
3.224, -1.06015e-08
3.225, -1.06015e-08
3.226, -1.06015e-08
3.227, -1.06015e-08
3.228, -1.06015e-08
3.229, -1.06015e-08
3.23, -1.06015e-08
3.231, -1.06015e-08
3.232, -1.06015e-08
3.233, -1.06015e-08
3.234, -1.06015e-08
3.235, -1.06015e-08
3.236, -1.06015e-08
3.237, -1.06015e-08
3.238, -1.06015e-08
3.239, -1.06015e-08
3.24, -1.06015e-08
3.241, -1.06015e-08
3.242, -1.06015e-08
3.243, -1.06015e-08
3.244, -1.06015e-08
3.245, -1.06015e-08
3.246, -1.06015e-08
3.247, -1.06015e-08
3.248, -1.06015e-08
3.249, -1.06015e-08
3.25, -1.06015e-08
3.251, -1.06015e-08
3.252, -1.06015e-08
3.253, -1.06015e-08
3.254, -1.06015e-08
3.255, -1.06015e-08
3.256, -1.06015e-08
3.257, -1.06015e-08
3.258, -1.06015e-08
3.259, -1.06015e-08
3.26, -1.06015e-08
3.261, -1.06015e-08
3.262, -1.06015e-08
3.263, -1.06015e-08
3.264, -1.06015e-08
3.265, -1.06015e-08
3.266, -1.06015e-08
3.267, -1.06015e-08
3.268, -1.06015e-08
3.269, -1.06015e-08
3.27, -1.06015e-08
3.271, -1.06015e-08
3.272, -1.06015e-08
3.273, -1.06015e-08
3.274, -1.06015e-08
3.275, -1.06015e-08
3.276, -1.06015e-08
3.277, -1.06015e-08
3.278, -1.06015e-08
3.279, -1.06015e-08
3.28, -1.06015e-08
3.281, -1.06015e-08
3.282, -1.06015e-08
3.283, -1.06015e-08
3.284, -1.06015e-08
3.285, -1.06015e-08
3.286, -1.06015e-08
3.287, -1.06015e-08
3.288, -1.06015e-08
3.289, -1.06015e-08
3.29, -1.06015e-08
3.291, -1.06015e-08
3.292, -1.06015e-08
3.293, -1.06015e-08
3.294, -1.06015e-08
3.295, -1.06015e-08
3.296, -1.06015e-08
3.297, -1.06015e-08
3.298, -1.06015e-08
3.299, -1.06015e-08
3.3, -1.06015e-08
3.301, -1.06015e-08
3.302, -1.06015e-08
3.303, -1.06015e-08
3.304, -1.06015e-08
3.305, -1.06015e-08
3.306, -1.06015e-08
3.307, -1.06015e-08
3.308, -1.06015e-08
3.309, -1.06015e-08
3.31, -1.06015e-08
3.311, -1.06015e-08
3.312, -1.06015e-08
3.313, -1.06015e-08
3.314, -1.06015e-08
3.315, -1.06015e-08
3.316, -1.06015e-08
3.317, -1.06015e-08
3.318, -1.06015e-08
3.319, -1.06015e-08
3.32, -1.06015e-08
3.321, -1.06015e-08
3.322, -1.06015e-08
3.323, -1.06015e-08
3.324, -1.06015e-08
3.325, -1.06015e-08
3.326, -1.06015e-08
3.327, -1.06015e-08
3.328, -1.06015e-08
3.329, -1.06015e-08
3.33, -1.06015e-08
3.331, -1.06015e-08
3.332, -1.06015e-08
3.333, -1.06015e-08
3.334, -1.06015e-08
3.335, -1.06015e-08
3.336, -1.06015e-08
3.337, -1.06015e-08
3.338, -1.06015e-08
3.339, -1.06015e-08
3.34, -1.06015e-08
3.341, -1.06015e-08
3.342, -1.06015e-08
3.343, -1.06015e-08
3.344, -1.06015e-08
3.345, -1.06015e-08
3.346, -1.06015e-08
3.347, -1.06015e-08
3.348, -1.06015e-08
3.349, -1.06015e-08
3.35, -1.06015e-08
3.351, -1.06015e-08
3.352, -1.06015e-08
3.353, -1.06015e-08
3.354, -1.06015e-08
3.355, -1.06015e-08
3.356, -1.06015e-08
3.357, -1.06015e-08
3.358, -1.06015e-08
3.359, -1.06015e-08
3.36, -1.06015e-08
3.361, -1.06015e-08
3.362, -1.06015e-08
3.363, -1.06015e-08
3.364, -1.06015e-08
3.365, -1.06015e-08
3.366, -1.06015e-08
3.367, -1.06015e-08
3.368, -1.06015e-08
3.369, -1.06015e-08
3.37, -1.06015e-08
3.371, -1.06015e-08
3.372, -1.06015e-08
3.373, -1.06015e-08
3.374, -1.06015e-08
3.375, -1.06015e-08
3.376, -1.06015e-08
3.377, -1.06015e-08
3.378, -1.06015e-08
3.379, -1.06015e-08
3.38, -1.06015e-08
3.381, -1.06015e-08
3.382, -1.06015e-08
3.383, -1.06015e-08
3.384, -1.06015e-08
3.385, -1.06015e-08
3.386, -1.06015e-08
3.387, -1.06015e-08
3.388, -1.06015e-08
3.389, -1.06015e-08
3.39, -1.06015e-08
3.391, -1.06015e-08
3.392, -1.06015e-08
3.393, -1.06015e-08
3.394, -1.06015e-08
3.395, -1.06015e-08
3.396, -1.06015e-08
3.397, -1.06015e-08
3.398, -1.06015e-08
3.399, -1.06015e-08
3.4, -1.06015e-08
3.401, -1.06015e-08
3.402, -1.06015e-08
3.403, -1.06015e-08
3.404, -1.06015e-08
3.405, -1.06015e-08
3.406, -1.06015e-08
3.407, -1.06015e-08
3.408, -1.06015e-08
3.409, -1.06015e-08
3.41, -1.06015e-08
3.411, -1.06015e-08
3.412, -1.06015e-08
3.413, -1.06015e-08
3.414, -1.06015e-08
3.415, -1.06015e-08
3.416, -1.06015e-08
3.417, -1.06015e-08
3.418, -1.06015e-08
3.419, -1.06015e-08
3.42, -1.06015e-08
3.421, -1.06015e-08
3.422, -1.06015e-08
3.423, -1.06015e-08
3.424, -1.06015e-08
3.425, -1.06015e-08
3.426, -1.06015e-08
3.427, -1.06015e-08
3.428, -1.06015e-08
3.429, -1.06015e-08
3.43, -1.06015e-08
3.431, -1.06015e-08
3.432, -1.06015e-08
3.433, -1.06015e-08
3.434, -1.06015e-08
3.435, -1.06015e-08
3.436, -1.06015e-08
3.437, -1.06015e-08
3.438, -1.06015e-08
3.439, -1.06015e-08
3.44, -1.06015e-08
3.441, -1.06015e-08
3.442, -1.06015e-08
3.443, -1.06015e-08
3.444, -1.06015e-08
3.445, -1.06015e-08
3.446, -1.06015e-08
3.447, -1.06015e-08
3.448, -1.06015e-08
3.449, -1.06015e-08
3.45, -1.06015e-08
3.451, -1.06015e-08
3.452, -1.06015e-08
3.453, -1.06015e-08
3.454, -1.06015e-08
3.455, -1.06015e-08
3.456, -1.06015e-08
3.457, -1.06015e-08
3.458, -1.06015e-08
3.459, -1.06015e-08
3.46, -1.06015e-08
3.461, -1.06015e-08
3.462, -1.06015e-08
3.463, -1.06015e-08
3.464, -1.06015e-08
3.465, -1.06015e-08
3.466, -1.06015e-08
3.467, -1.06015e-08
3.468, -1.06015e-08
3.469, -1.06015e-08
3.47, -1.06015e-08
3.471, -1.06015e-08
3.472, -1.06015e-08
3.473, -1.06015e-08
3.474, -1.06015e-08
3.475, -1.06015e-08
3.476, -1.06015e-08
3.477, -1.06015e-08
3.478, -1.06015e-08
3.479, -1.06015e-08
3.48, -1.06015e-08
3.481, -1.06015e-08
3.482, -1.06015e-08
3.483, -1.06015e-08
3.484, -1.06015e-08
3.485, -1.06015e-08
3.486, -1.06015e-08
3.487, -1.06015e-08
3.488, -1.06015e-08
3.489, -1.06015e-08
3.49, -1.06015e-08
3.491, -1.06015e-08
3.492, -1.06015e-08
3.493, -1.06015e-08
3.494, -1.06015e-08
3.495, -1.06015e-08
3.496, -1.06015e-08
3.497, -1.06015e-08
3.498, -1.06015e-08
3.499, -1.06015e-08
3.5, -1.06015e-08
3.501, -1.06015e-08
3.502, -1.06015e-08
3.503, -1.06015e-08
3.504, -1.06015e-08
3.505, -1.06015e-08
3.506, -1.06015e-08
3.507, -1.06015e-08
3.508, -1.06015e-08
3.509, -1.06015e-08
3.51, -1.06015e-08
3.511, -1.06015e-08
3.512, -1.06015e-08
3.513, -1.06015e-08
3.514, -1.06015e-08
3.515, -1.06015e-08
3.516, -1.06015e-08
3.517, -1.06015e-08
3.518, -1.06015e-08
3.519, -1.06015e-08
3.52, -1.06015e-08
3.521, -1.06015e-08
3.522, -1.06015e-08
3.523, -1.06015e-08
3.524, -1.06015e-08
3.525, -1.06015e-08
3.526, -1.06015e-08
3.527, -1.06015e-08
3.528, -1.06015e-08
3.529, -1.06015e-08
3.53, -1.06015e-08
3.531, -1.06015e-08
3.532, -1.06015e-08
3.533, -1.06015e-08
3.534, -1.06015e-08
3.535, -1.06015e-08
3.536, -1.06015e-08
3.537, -1.06015e-08
3.538, -1.06015e-08
3.539, -1.06015e-08
3.54, -1.06015e-08
3.541, -1.06015e-08
3.542, -1.06015e-08
3.543, -1.06015e-08
3.544, -1.06015e-08
3.545, -1.06015e-08
3.546, -1.06015e-08
3.547, -1.06015e-08
3.548, -1.06015e-08
3.549, -1.06015e-08
3.55, -1.06015e-08
3.551, -1.06015e-08
3.552, -1.06015e-08
3.553, -1.06015e-08
3.554, -1.06015e-08
3.555, -1.06015e-08
3.556, -1.06015e-08
3.557, -1.06015e-08
3.558, -1.06015e-08
3.559, -1.06015e-08
3.56, -1.06015e-08
3.561, -1.06015e-08
3.562, -1.06015e-08
3.563, -1.06015e-08
3.564, -1.06015e-08
3.565, -1.06015e-08
3.566, -1.06015e-08
3.567, -1.06015e-08
3.568, -1.06015e-08
3.569, -1.06015e-08
3.57, -1.06015e-08
3.571, -1.06015e-08
3.572, -1.06015e-08
3.573, -1.06015e-08
3.574, -1.06015e-08
3.575, -1.06015e-08
3.576, -1.06015e-08
3.577, -1.06015e-08
3.578, -1.06015e-08
3.579, -1.06015e-08
3.58, -1.06015e-08
3.581, -1.06015e-08
3.582, -1.06015e-08
3.583, -1.06015e-08
3.584, -1.06015e-08
3.585, -1.06015e-08
3.586, -1.06015e-08
3.587, -1.06015e-08
3.588, -1.06015e-08
3.589, -1.06015e-08
3.59, -1.06015e-08
3.591, -1.06015e-08
3.592, -1.06015e-08
3.593, -1.06015e-08
3.594, -1.06015e-08
3.595, -1.06015e-08
3.596, -1.06015e-08
3.597, -1.06015e-08
3.598, -1.06015e-08
3.599, -1.06015e-08
3.6, -1.06015e-08
3.601, -1.06015e-08
3.602, -1.06015e-08
3.603, -1.06015e-08
3.604, -1.06015e-08
3.605, -1.06015e-08
3.606, -1.06015e-08
3.607, -1.06015e-08
3.608, -1.06015e-08
3.609, -1.06015e-08
3.61, -1.06015e-08
3.611, -1.06015e-08
3.612, -1.06015e-08
3.613, -1.06015e-08
3.614, -1.06015e-08
3.615, -1.06015e-08
3.616, -1.06015e-08
3.617, -1.06015e-08
3.618, -1.06015e-08
3.619, -1.06015e-08
3.62, -1.06015e-08
3.621, -1.06015e-08
3.622, -1.06015e-08
3.623, -1.06015e-08
3.624, -1.06015e-08
3.625, -1.06015e-08
3.626, -1.06015e-08
3.627, -1.06015e-08
3.628, -1.06015e-08
3.629, -1.06015e-08
3.63, -1.06015e-08
3.631, -1.06015e-08
3.632, -1.06015e-08
3.633, -1.06015e-08
3.634, -1.06015e-08
3.635, -1.06015e-08
3.636, -1.06015e-08
3.637, -1.06015e-08
3.638, -1.06015e-08
3.639, -1.06015e-08
3.64, -1.06015e-08
3.641, -1.06015e-08
3.642, -1.06015e-08
3.643, -1.06015e-08
3.644, -1.06015e-08
3.645, -1.06015e-08
3.646, -1.06015e-08
3.647, -1.06015e-08
3.648, -1.06015e-08
3.649, -1.06015e-08
3.65, -1.06015e-08
3.651, -1.06015e-08
3.652, -1.06015e-08
3.653, -1.06015e-08
3.654, -1.06015e-08
3.655, -1.06015e-08
3.656, -1.06015e-08
3.657, -1.06015e-08
3.658, -1.06015e-08
3.659, -1.06015e-08
3.66, -1.06015e-08
3.661, -1.06015e-08
3.662, -1.06015e-08
3.663, -1.06015e-08
3.664, -1.06015e-08
3.665, -1.06015e-08
3.666, -1.06015e-08
3.667, -1.06015e-08
3.668, -1.06015e-08
3.669, -1.06015e-08
3.67, -1.06015e-08
3.671, -1.06015e-08
3.672, -1.06015e-08
3.673, -1.06015e-08
3.674, -1.06015e-08
3.675, -1.06015e-08
3.676, -1.06015e-08
3.677, -1.06015e-08
3.678, -1.06015e-08
3.679, -1.06015e-08
3.68, -1.06015e-08
3.681, -1.06015e-08
3.682, -1.06015e-08
3.683, -1.06015e-08
3.684, -1.06015e-08
3.685, -1.06015e-08
3.686, -1.06015e-08
3.687, -1.06015e-08
3.688, -1.06015e-08
3.689, -1.06015e-08
3.69, -1.06015e-08
3.691, -1.06015e-08
3.692, -1.06015e-08
3.693, -1.06015e-08
3.694, -1.06015e-08
3.695, -1.06015e-08
3.696, -1.06015e-08
3.697, -1.06015e-08
3.698, -1.06015e-08
3.699, -1.06015e-08
3.7, -1.06015e-08
3.701, -1.06015e-08
3.702, -1.06015e-08
3.703, -1.06015e-08
3.704, -1.06015e-08
3.705, -1.06015e-08
3.706, -1.06015e-08
3.707, -1.06015e-08
3.708, -1.06015e-08
3.709, -1.06015e-08
3.71, -1.06015e-08
3.711, -1.06015e-08
3.712, -1.06015e-08
3.713, -1.06015e-08
3.714, -1.06015e-08
3.715, -1.06015e-08
3.716, -1.06015e-08
3.717, -1.06015e-08
3.718, -1.06015e-08
3.719, -1.06015e-08
3.72, -1.06015e-08
3.721, -1.06015e-08
3.722, -1.06015e-08
3.723, -1.06015e-08
3.724, -1.06015e-08
3.725, -1.06015e-08
3.726, -1.06015e-08
3.727, -1.06015e-08
3.728, -1.06015e-08
3.729, -1.06015e-08
3.73, -1.06015e-08
3.731, -1.06015e-08
3.732, -1.06015e-08
3.733, -1.06015e-08
3.734, -1.06015e-08
3.735, -1.06015e-08
3.736, -1.06015e-08
3.737, -1.06015e-08
3.738, -1.06015e-08
3.739, -1.06015e-08
3.74, -1.06015e-08
3.741, -1.06015e-08
3.742, -1.06015e-08
3.743, -1.06015e-08
3.744, -1.06015e-08
3.745, -1.06015e-08
3.746, -1.06015e-08
3.747, -1.06015e-08
3.748, -1.06015e-08
3.749, -1.06015e-08
3.75, -1.06015e-08
3.751, -1.06015e-08
3.752, -1.06015e-08
3.753, -1.06015e-08
3.754, -1.06015e-08
3.755, -1.06015e-08
3.756, -1.06015e-08
3.757, -1.06015e-08
3.758, -1.06015e-08
3.759, -1.06015e-08
3.76, -1.06015e-08
3.761, -1.06015e-08
3.762, -1.06015e-08
3.763, -1.06015e-08
3.764, -1.06015e-08
3.765, -1.06015e-08
3.766, -1.06015e-08
3.767, -1.06015e-08
3.768, -1.06015e-08
3.769, -1.06015e-08
3.77, -1.06015e-08
3.771, -1.06015e-08
3.772, -1.06015e-08
3.773, -1.06015e-08
3.774, -1.06015e-08
3.775, -1.06015e-08
3.776, -1.06015e-08
3.777, -1.06015e-08
3.778, -1.06015e-08
3.779, -1.06015e-08
3.78, -1.06015e-08
3.781, -1.06015e-08
3.782, -1.06015e-08
3.783, -1.06015e-08
3.784, -1.06015e-08
3.785, -1.06015e-08
3.786, -1.06015e-08
3.787, -1.06015e-08
3.788, -1.06015e-08
3.789, -1.06015e-08
3.79, -1.06015e-08
3.791, -1.06015e-08
3.792, -1.06015e-08
3.793, -1.06015e-08
3.794, -1.06015e-08
3.795, -1.06015e-08
3.796, -1.06015e-08
3.797, -1.06015e-08
3.798, -1.06015e-08
3.799, -1.06015e-08
3.8, -1.06015e-08
3.801, -1.06015e-08
3.802, -1.06015e-08
3.803, -1.06015e-08
3.804, -1.06015e-08
3.805, -1.06015e-08
3.806, -1.06015e-08
3.807, -1.06015e-08
3.808, -1.06015e-08
3.809, -1.06015e-08
3.81, -1.06015e-08
3.811, -1.06015e-08
3.812, -1.06015e-08
3.813, -1.06015e-08
3.814, -1.06015e-08
3.815, -1.06015e-08
3.816, -1.06015e-08
3.817, -1.06015e-08
3.818, -1.06015e-08
3.819, -1.06015e-08
3.82, -1.06015e-08
3.821, -1.06015e-08
3.822, -1.06015e-08
3.823, -1.06015e-08
3.824, -1.06015e-08
3.825, -1.06015e-08
3.826, -1.06015e-08
3.827, -1.06015e-08
3.828, -1.06015e-08
3.829, -1.06015e-08
3.83, -1.06015e-08
3.831, -1.06015e-08
3.832, -1.06015e-08
3.833, -1.06015e-08
3.834, -1.06015e-08
3.835, -1.06015e-08
3.836, -1.06015e-08
3.837, -1.06015e-08
3.838, -1.06015e-08
3.839, -1.06015e-08
3.84, -1.06015e-08
3.841, -1.06015e-08
3.842, -1.06015e-08
3.843, -1.06015e-08
3.844, -1.06015e-08
3.845, -1.06015e-08
3.846, -1.06015e-08
3.847, -1.06015e-08
3.848, -1.06015e-08
3.849, -1.06015e-08
3.85, -1.06015e-08
3.851, -1.06015e-08
3.852, -1.06015e-08
3.853, -1.06015e-08
3.854, -1.06015e-08
3.855, -1.06015e-08
3.856, -1.06015e-08
3.857, -1.06015e-08
3.858, -1.06015e-08
3.859, -1.06015e-08
3.86, -1.06015e-08
3.861, -1.06015e-08
3.862, -1.06015e-08
3.863, -1.06015e-08
3.864, -1.06015e-08
3.865, -1.06015e-08
3.866, -1.06015e-08
3.867, -1.06015e-08
3.868, -1.06015e-08
3.869, -1.06015e-08
3.87, -1.06015e-08
3.871, -1.06015e-08
3.872, -1.06015e-08
3.873, -1.06015e-08
3.874, -1.06015e-08
3.875, -1.06015e-08
3.876, -1.06015e-08
3.877, -1.06015e-08
3.878, -1.06015e-08
3.879, -1.06015e-08
3.88, -1.06015e-08
3.881, -1.06015e-08
3.882, -1.06015e-08
3.883, -1.06015e-08
3.884, -1.06015e-08
3.885, -1.06015e-08
3.886, -1.06015e-08
3.887, -1.06015e-08
3.888, -1.06015e-08
3.889, -1.06015e-08
3.89, -1.06015e-08
3.891, -1.06015e-08
3.892, -1.06015e-08
3.893, -1.06015e-08
3.894, -1.06015e-08
3.895, -1.06015e-08
3.896, -1.06015e-08
3.897, -1.06015e-08
3.898, -1.06015e-08
3.899, -1.06015e-08
3.9, -1.06015e-08
3.901, -1.06015e-08
3.902, -1.06015e-08
3.903, -1.06015e-08
3.904, -1.06015e-08
3.905, -1.06015e-08
3.906, -1.06015e-08
3.907, -1.06015e-08
3.908, -1.06015e-08
3.909, -1.06015e-08
3.91, -1.06015e-08
3.911, -1.06015e-08
3.912, -1.06015e-08
3.913, -1.06015e-08
3.914, -1.06015e-08
3.915, -1.06015e-08
3.916, -1.06015e-08
3.917, -1.06015e-08
3.918, -1.06015e-08
3.919, -1.06015e-08
3.92, -1.06015e-08
3.921, -1.06015e-08
3.922, -1.06015e-08
3.923, -1.06015e-08
3.924, -1.06015e-08
3.925, -1.06015e-08
3.926, -1.06015e-08
3.927, -1.06015e-08
3.928, -1.06015e-08
3.929, -1.06015e-08
3.93, -1.06015e-08
3.931, -1.06015e-08
3.932, -1.06015e-08
3.933, -1.06015e-08
3.934, -1.06015e-08
3.935, -1.06015e-08
3.936, -1.06015e-08
3.937, -1.06015e-08
3.938, -1.06015e-08
3.939, -1.06015e-08
3.94, -1.06015e-08
3.941, -1.06015e-08
3.942, -1.06015e-08
3.943, -1.06015e-08
3.944, -1.06015e-08
3.945, -1.06015e-08
3.946, -1.06015e-08
3.947, -1.06015e-08
3.948, -1.06015e-08
3.949, -1.06015e-08
3.95, -1.06015e-08
3.951, -1.06015e-08
3.952, -1.06015e-08
3.953, -1.06015e-08
3.954, -1.06015e-08
3.955, -1.06015e-08
3.956, -1.06015e-08
3.957, -1.06015e-08
3.958, -1.06015e-08
3.959, -1.06015e-08
3.96, -1.06015e-08
3.961, -1.06015e-08
3.962, -1.06015e-08
3.963, -1.06015e-08
3.964, -1.06015e-08
3.965, -1.06015e-08
3.966, -1.06015e-08
3.967, -1.06015e-08
3.968, -1.06015e-08
3.969, -1.06015e-08
3.97, -1.06015e-08
3.971, -1.06015e-08
3.972, -1.06015e-08
3.973, -1.06015e-08
3.974, -1.06015e-08
3.975, -1.06015e-08
3.976, -1.06015e-08
3.977, -1.06015e-08
3.978, -1.06015e-08
3.979, -1.06015e-08
3.98, -1.06015e-08
3.981, -1.06015e-08
3.982, -1.06015e-08
3.983, -1.06015e-08
3.984, -1.06015e-08
3.985, -1.06015e-08
3.986, -1.06015e-08
3.987, -1.06015e-08
3.988, -1.06015e-08
3.989, -1.06015e-08
3.99, -1.06015e-08
3.991, -1.06015e-08
3.992, -1.06015e-08
3.993, -1.06015e-08
3.994, -1.06015e-08
3.995, -1.06015e-08
3.996, -1.06015e-08
3.997, -1.06015e-08
3.998, -1.06015e-08
3.999, -1.06015e-08
4, -1.06015e-08
4.001, -1.06015e-08
4.002, -1.06015e-08
4.003, -1.06015e-08
4.004, -1.06015e-08
4.005, -1.06015e-08
4.006, -1.06015e-08
4.007, -1.06015e-08
4.008, -1.06015e-08
4.009, -1.06015e-08
4.01, -1.06015e-08
4.011, -1.06015e-08
4.012, -1.06015e-08
4.013, -1.06015e-08
4.014, -1.06015e-08
4.015, -1.06015e-08
4.016, -1.06015e-08
4.017, -1.06015e-08
4.018, -1.06015e-08
4.019, -1.06015e-08
4.02, -1.06015e-08
4.021, -1.06015e-08
4.022, -1.06015e-08
4.023, -1.06015e-08
4.024, -1.06015e-08
4.025, -1.06015e-08
4.026, -1.06015e-08
4.027, -1.06015e-08
4.028, -1.06015e-08
4.029, -1.06015e-08
4.03, -1.06015e-08
4.031, -1.06015e-08
4.032, -1.06015e-08
4.033, -1.06015e-08
4.034, -1.06015e-08
4.035, -1.06015e-08
4.036, -1.06015e-08
4.037, -1.06015e-08
4.038, -1.06015e-08
4.039, -1.06015e-08
4.04, -1.06015e-08
4.041, -1.06015e-08
4.042, -1.06015e-08
4.043, -1.06015e-08
4.044, -1.06015e-08
4.045, -1.06015e-08
4.046, -1.06015e-08
4.047, -1.06015e-08
4.048, -1.06015e-08
4.049, -1.06015e-08
4.05, -1.06015e-08
4.051, -1.06015e-08
4.052, -1.06015e-08
4.053, -1.06015e-08
4.054, -1.06015e-08
4.055, -1.06015e-08
4.056, -1.06015e-08
4.057, -1.06015e-08
4.058, -1.06015e-08
4.059, -1.06015e-08
4.06, -1.06015e-08
4.061, -1.06015e-08
4.062, -1.06015e-08
4.063, -1.06015e-08
4.064, -1.06015e-08
4.065, -1.06015e-08
4.066, -1.06015e-08
4.067, -1.06015e-08
4.068, -1.06015e-08
4.069, -1.06015e-08
4.07, -1.06015e-08
4.071, -1.06015e-08
4.072, -1.06015e-08
4.073, -1.06015e-08
4.074, -1.06015e-08
4.075, -1.06015e-08
4.076, -1.06015e-08
4.077, -1.06015e-08
4.078, -1.06015e-08
4.079, -1.06015e-08
4.08, -1.06015e-08
4.081, -1.06015e-08
4.082, -1.06015e-08
4.083, -1.06015e-08
4.084, -1.06015e-08
4.085, -1.06015e-08
4.086, -1.06015e-08
4.087, -1.06015e-08
4.088, -1.06015e-08
4.089, -1.06015e-08
4.09, -1.06015e-08
4.091, -1.06015e-08
4.092, -1.06015e-08
4.093, -1.06015e-08
4.094, -1.06015e-08
4.095, -1.06015e-08
4.096, -1.06015e-08
4.097, -1.06015e-08
4.098, -1.06015e-08
4.099, -1.06015e-08
4.1, -1.06015e-08
4.101, -1.06015e-08
4.102, -1.06015e-08
