sim_time, unit_box_Custom?world_linear_velocity/y
0.001, 9.9902
0.002, 9.98307
0.003, 9.96791
0.004, 9.96451
0.005, 9.94641
0.006, 9.94473
0.007, 9.92844
0.008, 9.92527
0.009, 9.90762
0.01, 9.90561
0.011, 9.88883
0.012, 9.88605
0.013, 9.86871
0.014, 9.86643
0.015, 9.84942
0.016, 9.84684
0.017, 9.82964
0.018, 9.82723
0.019, 9.81014
0.02, 9.80764
0.021, 9.79048
0.022, 9.78804
0.023, 9.77092
0.024, 9.76844
0.025, 9.7513
0.026, 9.74884
0.027, 9.73171
0.028, 9.72924
0.029, 9.7121
0.03, 9.70964
0.031, 9.69251
0.032, 9.69004
0.033, 9.67291
0.034, 9.67044
0.035, 9.65331
0.036, 9.65084
0.037, 9.63371
0.038, 9.63124
0.039, 9.61411
0.04, 9.61164
0.041, 9.59451
0.042, 9.59204
0.043, 9.57491
0.044, 9.57244
0.045, 9.55531
0.046, 9.55284
0.047, 9.5357
0.048, 9.53324
0.049, 9.5161
0.05, 9.51364
0.051, 9.4965
0.052, 9.49404
0.053, 9.4769
0.054, 9.47444
0.055, 9.4573
0.056, 9.45483
0.057, 9.4377
0.058, 9.43523
0.059, 9.4181
0.06, 9.41563
0.061, 9.3985
0.062, 9.39603
0.063, 9.3789
0.064, 9.37643
0.065, 9.3593
0.066, 9.35683
0.067, 9.3397
0.068, 9.33723
0.069, 9.3201
0.07, 9.31763
0.071, 9.3005
0.072, 9.29803
0.073, 9.2809
0.074, 9.27843
0.075, 9.2613
0.076, 9.25883
0.077, 9.2417
0.078, 9.23923
0.079, 9.2221
0.08, 9.21963
0.081, 9.2025
0.082, 9.20003
0.083, 9.1829
0.084, 9.18043
0.085, 9.1633
0.086, 9.16083
0.087, 9.1437
0.088, 9.14123
0.089, 9.1241
0.09, 9.12163
0.091, 9.1045
0.092, 9.10203
0.093, 9.0849
0.094, 9.08243
0.095, 9.0653
0.096, 9.06283
0.097, 9.0457
0.098, 9.04323
0.099, 9.0261
0.1, 9.02363
0.101, 9.0065
0.102, 9.00403
0.103, 8.9869
0.104, 8.98443
0.105, 8.9673
0.106, 8.96483
0.107, 8.9477
0.108, 8.94523
0.109, 8.9281
0.11, 8.92563
0.111, 8.9085
0.112, 8.90603
0.113, 8.8889
0.114, 8.88643
0.115, 8.8693
0.116, 8.86683
0.117, 8.8497
0.118, 8.84723
0.119, 8.83009
0.12, 8.82762
0.121, 8.81049
0.122, 8.80802
0.123, 8.79089
0.124, 8.78842
0.125, 8.77129
0.126, 8.76882
0.127, 8.75169
0.128, 8.74922
0.129, 8.73209
0.13, 8.72962
0.131, 8.71249
0.132, 8.71002
0.133, 8.69289
0.134, 8.69042
0.135, 8.67329
0.136, 8.67082
0.137, 8.65369
0.138, 8.65122
0.139, 8.63409
0.14, 8.63162
0.141, 8.61449
0.142, 8.61202
0.143, 8.59489
0.144, 8.59242
0.145, 8.57529
0.146, 8.57282
0.147, 8.55569
0.148, 8.55322
0.149, 8.53609
0.15, 8.53362
0.151, 8.51649
0.152, 8.51402
0.153, 8.49689
0.154, 8.49442
0.155, 8.47728
0.156, 8.47482
0.157, 8.45769
0.158, 8.45521
0.159, 8.43808
0.16, 8.43561
0.161, 8.41848
0.162, 8.41601
0.163, 8.39888
0.164, 8.39641
0.165, 8.37928
0.166, 8.37681
0.167, 8.35968
0.168, 8.35721
0.169, 8.34008
0.17, 8.33761
0.171, 8.32048
0.172, 8.31801
0.173, 8.30088
0.174, 8.29841
0.175, 8.28128
0.176, 8.27881
0.177, 8.26168
0.178, 8.25921
0.179, 8.24208
0.18, 8.23961
0.181, 8.22248
0.182, 8.22001
0.183, 8.20287
0.184, 8.20041
0.185, 8.18328
0.186, 8.1808
0.187, 8.16367
0.188, 8.1612
0.189, 8.14407
0.19, 8.1416
0.191, 8.12447
0.192, 8.122
0.193, 8.10487
0.194, 8.1024
0.195, 8.08527
0.196, 8.0828
0.197, 8.06567
0.198, 8.0632
0.199, 8.04607
0.2, 8.0436
0.201, 8.02647
0.202, 8.024
0.203, 8.00687
0.204, 8.0044
0.205, 7.98727
0.206, 7.9848
0.207, 7.96766
0.208, 7.96519
0.209, 7.94806
0.21, 7.94559
0.211, 7.92846
0.212, 7.92599
0.213, 7.90886
0.214, 7.90639
0.215, 7.88926
0.216, 7.88679
0.217, 7.86966
0.218, 7.86719
0.219, 7.85006
0.22, 7.84759
0.221, 7.83046
0.222, 7.82799
0.223, 7.81086
0.224, 7.80839
0.225, 7.79126
0.226, 7.78878
0.227, 7.77165
0.228, 7.76918
0.229, 7.75205
0.23, 7.74958
0.231, 7.73245
0.232, 7.72998
0.233, 7.71285
0.234, 7.71038
0.235, 7.69325
0.236, 7.69078
0.237, 7.67365
0.238, 7.67118
0.239, 7.65405
0.24, 7.65158
0.241, 7.63445
0.242, 7.63197
0.243, 7.61484
0.244, 7.61237
0.245, 7.59524
0.246, 7.59277
0.247, 7.57564
0.248, 7.57317
0.249, 7.55604
0.25, 7.55357
0.251, 7.53644
0.252, 7.53397
0.253, 7.51684
0.254, 7.51437
0.255, 7.49723
0.256, 7.49477
0.257, 7.47763
0.258, 7.47516
0.259, 7.45803
0.26, 7.45556
0.261, 7.43843
0.262, 7.43596
0.263, 7.41883
0.264, 7.41636
0.265, 7.39923
0.266, 7.39676
0.267, 7.37963
0.268, 7.37716
0.269, 7.36003
0.27, 7.35755
0.271, 7.34042
0.272, 7.33795
0.273, 7.32082
0.274, 7.31835
0.275, 7.30122
0.276, 7.29875
0.277, 7.28162
0.278, 7.27915
0.279, 7.26201
0.28, 7.25955
0.281, 7.24242
0.282, 7.23994
0.283, 7.22281
0.284, 7.22034
0.285, 7.20321
0.286, 7.20074
0.287, 7.18361
0.288, 7.18114
0.289, 7.16401
0.29, 7.16154
0.291, 7.1444
0.292, 7.14193
0.293, 7.1248
0.294, 7.12233
0.295, 7.1052
0.296, 7.10273
0.297, 7.0856
0.298, 7.08313
0.299, 7.066
0.3, 7.06353
0.301, 7.0464
0.302, 7.04392
0.303, 7.02679
0.304, 7.02432
0.305, 7.00719
0.306, 7.00472
0.307, 6.98759
0.308, 6.98512
0.309, 6.96799
0.31, 6.96552
0.311, 6.94838
0.312, 6.94591
0.313, 6.92878
0.314, 6.92631
0.315, 6.90918
0.316, 6.90671
0.317, 6.88958
0.318, 6.88711
0.319, 6.86997
0.32, 6.8675
0.321, 6.85037
0.322, 6.8479
0.323, 6.83077
0.324, 6.8283
0.325, 6.81117
0.326, 6.8087
0.327, 6.79156
0.328, 6.78909
0.329, 6.77196
0.33, 6.76949
0.331, 6.75236
0.332, 6.74989
0.333, 6.73276
0.334, 6.73029
0.335, 6.71315
0.336, 6.71068
0.337, 6.69355
0.338, 6.69108
0.339, 6.67395
0.34, 6.67148
0.341, 6.65435
0.342, 6.65187
0.343, 6.63474
0.344, 6.63227
0.345, 6.61514
0.346, 6.61267
0.347, 6.59553
0.348, 6.59307
0.349, 6.57593
0.35, 6.57346
0.351, 6.55633
0.352, 6.55386
0.353, 6.53673
0.354, 6.53426
0.355, 6.51712
0.356, 6.51465
0.357, 6.49752
0.358, 6.49505
0.359, 6.47792
0.36, 6.47545
0.361, 6.45832
0.362, 6.45584
0.363, 6.43871
0.364, 6.43624
0.365, 6.41911
0.366, 6.41664
0.367, 6.3995
0.368, 6.39703
0.369, 6.3799
0.37, 6.37743
0.371, 6.36029
0.372, 6.35783
0.373, 6.34069
0.374, 6.33822
0.375, 6.32109
0.376, 6.31862
0.377, 6.30149
0.378, 6.29901
0.379, 6.28188
0.38, 6.27941
0.381, 6.26228
0.382, 6.25981
0.383, 6.24267
0.384, 6.2402
0.385, 6.22307
0.386, 6.2206
0.387, 6.20346
0.388, 6.20099
0.389, 6.18386
0.39, 6.18139
0.391, 6.16426
0.392, 6.16179
0.393, 6.14465
0.394, 6.14218
0.395, 6.12505
0.396, 6.12258
0.397, 6.10545
0.398, 6.10297
0.399, 6.08584
0.4, 6.08337
0.401, 6.06624
0.402, 6.06376
0.403, 6.04663
0.404, 6.04416
0.405, 6.02703
0.406, 6.02456
0.407, 6.00742
0.408, 6.00495
0.409, 5.98782
0.41, 5.98535
0.411, 5.96821
0.412, 5.96574
0.413, 5.94861
0.414, 5.94614
0.415, 5.929
0.416, 5.92653
0.417, 5.9094
0.418, 5.90693
0.419, 5.88979
0.42, 5.88732
0.421, 5.87019
0.422, 5.86771
0.423, 5.85058
0.424, 5.84811
0.425, 5.83098
0.426, 5.8285
0.427, 5.81137
0.428, 5.8089
0.429, 5.79177
0.43, 5.78929
0.431, 5.77216
0.432, 5.76969
0.433, 5.75255
0.434, 5.75008
0.435, 5.73294
0.436, 5.73048
0.437, 5.71334
0.438, 5.71087
0.439, 5.69373
0.44, 5.69126
0.441, 5.67413
0.442, 5.67166
0.443, 5.65452
0.444, 5.65205
0.445, 5.63492
0.446, 5.63244
0.447, 5.61531
0.448, 5.61284
0.449, 5.5957
0.45, 5.59323
0.451, 5.57609
0.452, 5.57362
0.453, 5.55649
0.454, 5.55402
0.455, 5.53688
0.456, 5.53441
0.457, 5.51728
0.458, 5.5148
0.459, 5.49767
0.46, 5.4952
0.461, 5.47806
0.462, 5.47559
0.463, 5.45845
0.464, 5.45598
0.465, 5.43885
0.466, 5.43637
0.467, 5.41924
0.468, 5.41677
0.469, 5.39963
0.47, 5.39716
0.471, 5.38002
0.472, 5.37755
0.473, 5.36042
0.474, 5.35794
0.475, 5.3408
0.476, 5.33834
0.477, 5.3212
0.478, 5.31873
0.479, 5.30159
0.48, 5.29912
0.481, 5.28199
0.482, 5.27951
0.483, 5.26237
0.484, 5.2599
0.485, 5.24277
0.486, 5.24029
0.487, 5.22315
0.488, 5.22068
0.489, 5.20355
0.49, 5.20108
0.491, 5.18393
0.492, 5.18147
0.493, 5.16433
0.494, 5.16186
0.495, 5.14472
0.496, 5.14225
0.497, 5.12511
0.498, 5.12264
0.499, 5.1055
0.5, 5.10303
0.501, 5.08589
0.502, 5.08342
0.503, 5.06628
0.504, 5.06381
0.505, 5.04667
0.506, 5.0442
0.507, 5.02706
0.508, 5.02459
0.509, 5.00745
0.51, 5.00498
0.511, 4.98784
0.512, 4.98537
0.513, 4.96823
0.514, 4.96576
0.515, 4.94861
0.516, 4.94615
0.517, 4.92901
0.518, 4.92653
0.519, 4.90939
0.52, 4.90692
0.521, 4.88979
0.522, 4.88731
0.523, 4.87017
0.524, 4.8677
0.525, 4.85056
0.526, 4.84809
0.527, 4.83094
0.528, 4.82848
0.529, 4.81134
0.53, 4.80886
0.531, 4.79172
0.532, 4.78925
0.533, 4.77212
0.534, 4.76964
0.535, 4.75249
0.536, 4.75003
0.537, 4.73289
0.538, 4.73041
0.539, 4.71327
0.54, 4.7108
0.541, 4.69366
0.542, 4.69119
0.543, 4.67404
0.544, 4.67157
0.545, 4.65444
0.546, 4.65196
0.547, 4.63481
0.548, 4.63235
0.549, 4.61521
0.55, 4.61273
0.551, 4.59559
0.552, 4.59312
0.553, 4.57598
0.554, 4.5735
0.555, 4.55636
0.556, 4.55389
0.557, 4.53675
0.558, 4.53427
0.559, 4.51713
0.56, 4.51466
0.561, 4.49752
0.562, 4.49504
0.563, 4.47789
0.564, 4.47543
0.565, 4.45829
0.566, 4.45581
0.567, 4.43866
0.568, 4.43619
0.569, 4.41905
0.57, 4.41658
0.571, 4.39943
0.572, 4.39696
0.573, 4.37982
0.574, 4.37734
0.575, 4.36019
0.576, 4.35773
0.577, 4.34059
0.578, 4.33811
0.579, 4.32096
0.58, 4.31849
0.581, 4.30135
0.582, 4.29887
0.583, 4.28172
0.584, 4.27925
0.585, 4.26211
0.586, 4.25963
0.587, 4.24248
0.588, 4.24002
0.589, 4.22287
0.59, 4.2204
0.591, 4.20324
0.592, 4.20078
0.593, 4.18364
0.594, 4.18116
0.595, 4.164
0.596, 4.16154
0.597, 4.14439
0.598, 4.14192
0.599, 4.12476
0.6, 4.1223
0.601, 4.10515
0.602, 4.10267
0.603, 4.08552
0.604, 4.08305
0.605, 4.06591
0.606, 4.06343
0.607, 4.04628
0.608, 4.04381
0.609, 4.02667
0.61, 4.02419
0.611, 4.00703
0.612, 4.00456
0.613, 3.98742
0.614, 3.98494
0.615, 3.96778
0.616, 3.96532
0.617, 3.94817
0.618, 3.94569
0.619, 3.92854
0.62, 3.92607
0.621, 3.90892
0.622, 3.90644
0.623, 3.88929
0.624, 3.88682
0.625, 3.86967
0.626, 3.86719
0.627, 3.85004
0.628, 3.84757
0.629, 3.83042
0.63, 3.82794
0.631, 3.81078
0.632, 3.80831
0.633, 3.79117
0.634, 3.78869
0.635, 3.77153
0.636, 3.76906
0.637, 3.75191
0.638, 3.74943
0.639, 3.73227
0.64, 3.7298
0.641, 3.71266
0.642, 3.71018
0.643, 3.69301
0.644, 3.69055
0.645, 3.6734
0.646, 3.67092
0.647, 3.65375
0.648, 3.65129
0.649, 3.63414
0.65, 3.63166
0.651, 3.61449
0.652, 3.61202
0.653, 3.59487
0.654, 3.59239
0.655, 3.57523
0.656, 3.57276
0.657, 3.55561
0.658, 3.55313
0.659, 3.53596
0.66, 3.5335
0.661, 3.51634
0.662, 3.51386
0.663, 3.4967
0.664, 3.49423
0.665, 3.47708
0.666, 3.47459
0.667, 3.45743
0.668, 3.45496
0.669, 3.4378
0.67, 3.43532
0.671, 3.41815
0.672, 3.41569
0.673, 3.39853
0.674, 3.39605
0.675, 3.37888
0.676, 3.37641
0.677, 3.35926
0.678, 3.35677
0.679, 3.3396
0.68, 3.33714
0.681, 3.31998
0.682, 3.3175
0.683, 3.30032
0.684, 3.29786
0.685, 3.2807
0.686, 3.27822
0.687, 3.26104
0.688, 3.25858
0.689, 3.24142
0.69, 3.23893
0.691, 3.22176
0.692, 3.21929
0.693, 3.20213
0.694, 3.19965
0.695, 3.18247
0.696, 3.18001
0.697, 3.16285
0.698, 3.16036
0.699, 3.14318
0.7, 3.14072
0.701, 3.12356
0.702, 3.12107
0.703, 3.10389
0.704, 3.10142
0.705, 3.08426
0.706, 3.08178
0.707, 3.0646
0.708, 3.06213
0.709, 3.04497
0.71, 3.04248
0.711, 3.0253
0.712, 3.02283
0.713, 3.00567
0.714, 3.00318
0.715, 2.986
0.716, 2.98353
0.717, 2.96637
0.718, 2.96388
0.719, 2.94669
0.72, 2.94423
0.721, 2.92706
0.722, 2.92457
0.723, 2.90739
0.724, 2.90492
0.725, 2.88775
0.726, 2.88526
0.727, 2.86808
0.728, 2.86561
0.729, 2.84844
0.73, 2.84595
0.731, 2.82876
0.732, 2.8263
0.733, 2.80912
0.734, 2.80664
0.735, 2.78945
0.736, 2.78698
0.737, 2.76981
0.738, 2.76732
0.739, 2.75012
0.74, 2.74766
0.741, 2.73048
0.742, 2.72799
0.743, 2.7108
0.744, 2.70833
0.745, 2.69116
0.746, 2.68867
0.747, 2.67147
0.748, 2.669
0.749, 2.65183
0.75, 2.64934
0.751, 2.63214
0.752, 2.62967
0.753, 2.61249
0.754, 2.61
0.755, 2.5928
0.756, 2.59033
0.757, 2.57315
0.758, 2.57066
0.759, 2.55346
0.76, 2.55099
0.761, 2.53381
0.762, 2.53132
0.763, 2.51411
0.764, 2.51165
0.765, 2.49446
0.766, 2.49197
0.767, 2.47476
0.768, 2.4723
0.769, 2.45511
0.77, 2.45262
0.771, 2.43541
0.772, 2.43294
0.773, 2.41575
0.774, 2.41326
0.775, 2.39605
0.776, 2.39358
0.777, 2.37639
0.778, 2.3739
0.779, 2.35668
0.78, 2.35422
0.781, 2.33703
0.782, 2.33453
0.783, 2.31731
0.784, 2.31485
0.785, 2.29765
0.786, 2.29516
0.787, 2.27794
0.788, 2.27547
0.789, 2.25828
0.79, 2.25578
0.791, 2.23856
0.792, 2.23609
0.793, 2.21889
0.794, 2.2164
0.795, 2.19917
0.796, 2.1967
0.797, 2.1795
0.798, 2.17701
0.799, 2.15978
0.8, 2.15731
0.801, 2.14011
0.802, 2.13761
0.803, 2.12038
0.804, 2.11791
0.805, 2.10071
0.806, 2.09821
0.807, 2.08098
0.808, 2.07851
0.809, 2.0613
0.81, 2.0588
0.811, 2.04157
0.812, 2.0391
0.813, 2.02189
0.814, 2.01939
0.815, 2.00215
0.816, 1.99968
0.817, 1.98247
0.818, 1.97997
0.819, 1.96273
0.82, 1.96026
0.821, 1.94304
0.822, 1.94054
0.823, 1.92329
0.824, 1.92082
0.825, 1.90361
0.826, 1.90111
0.827, 1.88386
0.828, 1.88139
0.829, 1.86417
0.83, 1.86166
0.831, 1.84441
0.832, 1.84194
0.833, 1.82472
0.834, 1.82221
0.835, 1.80496
0.836, 1.80249
0.837, 1.78526
0.838, 1.78276
0.839, 1.7655
0.84, 1.76302
0.841, 1.7458
0.842, 1.74329
0.843, 1.72603
0.844, 1.72356
0.845, 1.70632
0.846, 1.70382
0.847, 1.68655
0.848, 1.68408
0.849, 1.66684
0.85, 1.66433
0.851, 1.64706
0.852, 1.64459
0.853, 1.62735
0.854, 1.62484
0.855, 1.60757
0.856, 1.60509
0.857, 1.58785
0.858, 1.58534
0.859, 1.56806
0.86, 1.56559
0.861, 1.54834
0.862, 1.54583
0.863, 1.52854
0.864, 1.52608
0.865, 1.50883
0.866, 1.50632
0.867, 1.489
0.868, 1.48656
0.869, 1.46931
0.87, 1.46679
0.871, 1.44946
0.872, 1.44702
0.873, 1.42977
0.874, 1.42726
0.875, 1.40992
0.876, 1.40748
0.877, 1.39021
0.878, 1.3877
0.879, 1.37037
0.88, 1.36792
0.881, 1.35064
0.882, 1.34814
0.883, 1.33081
0.884, 1.32836
0.885, 1.31106
0.886, 1.30857
0.887, 1.29123
0.888, 1.28878
0.889, 1.27148
0.89, 1.26898
0.891, 1.25164
0.892, 1.24919
0.893, 1.23188
0.894, 1.22939
0.895, 1.21204
0.896, 1.20958
0.897, 1.19228
0.898, 1.18978
0.899, 1.17243
0.9, 1.16997
0.901, 1.15266
0.902, 1.15016
0.903, 1.1328
0.904, 1.13034
0.905, 1.11302
0.906, 1.11052
0.907, 1.09316
0.908, 1.0907
0.909, 1.07338
0.91, 1.07087
0.911, 1.0535
0.912, 1.05104
0.913, 1.03371
0.914, 1.03121
0.915, 1.01383
0.916, 1.01137
0.917, 0.994038
0.918, 0.991532
0.919, 0.974148
0.92, 0.971689
0.921, 0.954347
0.922, 0.95184
0.923, 0.934448
0.924, 0.931989
0.925, 0.91464
0.926, 0.912132
0.927, 0.894733
0.928, 0.892273
0.929, 0.874918
0.93, 0.872408
0.931, 0.855001
0.932, 0.852541
0.933, 0.835179
0.934, 0.832668
0.935, 0.815253
0.936, 0.812792
0.937, 0.795424
0.938, 0.792911
0.939, 0.775488
0.94, 0.773026
0.941, 0.755651
0.942, 0.753136
0.943, 0.735705
0.944, 0.733243
0.945, 0.71586
0.946, 0.713343
0.947, 0.695903
0.948, 0.693441
0.949, 0.67605
0.95, 0.673532
0.951, 0.656083
0.952, 0.653619
0.953, 0.636221
0.954, 0.633701
0.955, 0.616243
0.956, 0.613779
0.957, 0.596372
0.958, 0.59385
0.959, 0.576383
0.96, 0.573918
0.961, 0.556503
0.962, 0.553979
0.963, 0.536502
0.964, 0.534037
0.965, 0.516613
0.966, 0.514087
0.967, 0.4966
0.968, 0.494134
0.969, 0.476701
0.97, 0.474173
0.971, 0.456675
0.972, 0.454208
0.973, 0.436766
0.974, 0.434236
0.975, 0.416728
0.976, 0.41426
0.977, 0.396809
0.978, 0.394277
0.979, 0.376757
0.98, 0.374289
0.981, 0.356827
0.982, 0.354293
0.983, 0.336762
0.984, 0.334293
0.985, 0.316821
0.986, 0.314284
0.987, 0.296741
0.988, 0.294271
0.989, 0.276789
0.99, 0.27425
0.991, 0.256695
0.992, 0.254224
0.993, 0.236731
0.994, 0.23419
0.995, 0.216622
0.996, 0.214151
0.997, 0.196646
0.998, 0.194103
0.999, 0.176522
1, 0.174049
1.001, 0.156533
1.002, 0.153987
1.003, 0.136393
1.004, 0.133919
1.005, 0.116391
1.006, 0.113842
1.007, 0.0962344
1.008, 0.0937598
1.009, 0.0762198
1.01, 0.073668
1.011, 0.0560457
1.012, 0.0535699
1.013, 0.0369374
1.014, 0.0359867
1.015, 0.0259889
1.016, 0.025061
1.017, 0.0202993
1.018, 0.0193475
1.019, 0.01219
1.02, 0.0112564
1.021, 0.0051838
1.022, 0.00424694
1.023, -0.00231544
1.024, -0.00325817
1.025, -0.00959957
1.026, -0.0105333
1.027, -0.0169757
1.028, -0.0179175
1.029, -0.024311
1.03, -0.0252455
1.031, -0.0316636
1.032, -0.0326029
1.033, -0.0390041
1.034, -0.0399389
1.035, -0.0463503
1.036, -0.0472872
1.037, -0.053687
1.038, -0.0546207
1.039, -0.0610315
1.04, -0.0619592
1.041, -0.0683599
1.042, -0.0692849
1.043, -0.0756997
1.044, -0.07662
1.045, -0.0830169
1.046, -0.083939
1.047, -0.0903455
1.048, -0.0912644
1.049, -0.097656
1.05, -0.0985739
1.051, -0.104972
1.052, -0.105888
1.053, -0.112273
1.054, -0.113187
1.055, -0.119575
1.056, -0.120489
1.057, -0.126863
1.058, -0.126863
1.059, -0.134909
1.06, -0.135418
1.061, -0.141001
1.062, -0.143836
1.063, -0.143836
1.064, -0.154413
1.065, -0.154413
1.066, -0.158417
1.067, -0.158417
1.068, -0.168916
1.069, -0.168916
1.07, -0.172898
1.071, -0.172898
1.072, -0.183381
1.073, -0.0419045
1.074, -0.0419045
1.075, -0.0419045
1.076, -0.0311171
1.077, -0.0310393
1.078, -0.0281508
1.079, -0.0226864
1.08, -0.0212674
1.081, -0.0146812
1.082, -0.0139525
1.083, -0.00772085
1.084, -0.00662149
1.085, -9.5011e-05
1.086, 0.000740206
1.087, 0.00707767
1.088, 0.00808025
1.089, 0.0145377
1.09, 0.0154374
1.091, 0.0218198
1.092, 0.0227793
1.093, 0.0292084
1.094, 0.0301328
1.095, 0.0365296
1.096, 0.0374727
1.097, 0.0438899
1.098, 0.0448218
1.099, 0.0512209
1.1, 0.00675064
1.101, 0.00675064
1.102, 0.00675064
1.103, -0.0040496
1.104, -0.00415834
1.105, -0.00791614
1.106, -0.0105264
1.107, -0.0162462
1.108, 0.00234396
1.109, 0.00234396
1.11, 0.00234396
1.111, -0.00030735
1.112, -0.000154802
1.113, 0.0025142
1.114, -0.0023667
1.115, -0.00374993
1.116, 0.00374468
1.117, 0.00508763
1.118, -0.00497428
1.119, -0.00497428
1.12, 0.00601401
1.121, 0.000699869
1.122, -0.00140014
1.123, -0.000345507
1.124, -8.13884e-06
1.125, 4.49868e-06
1.126, 5.47342e-06
1.127, -6.20272e-06
1.128, -5.67748e-07
1.129, 3.5813e-07
1.13, 6.49928e-06
1.131, -6.58698e-06
1.132, -3.58469e-07
1.133, 3.02396e-07
1.134, 6.56236e-06
1.135, -6.61213e-06
1.136, -3.45731e-07
1.137, 2.99012e-07
1.138, 6.52439e-06
1.139, -6.59172e-06
1.14, -3.94495e-07
1.141, 3.25879e-07
1.142, 6.51933e-06
1.143, -6.58825e-06
1.144, -3.96506e-07
1.145, 3.27275e-07
1.146, 6.51895e-06
1.147, -6.58799e-06
1.148, -3.96616e-07
1.149, 3.27349e-07
1.15, 6.51892e-06
1.151, -6.58797e-06
1.152, -3.96623e-07
1.153, 3.27353e-07
1.154, 6.51892e-06
1.155, -6.58797e-06
1.156, -3.96623e-07
1.157, 3.27354e-07
1.158, 6.51892e-06
1.159, -6.58797e-06
1.16, -3.96623e-07
1.161, 3.27354e-07
1.162, 6.51892e-06
1.163, -6.58797e-06
1.164, -3.96623e-07
1.165, 3.27354e-07
1.166, 6.51892e-06
1.167, -6.58797e-06
1.168, -3.96623e-07
1.169, 3.27354e-07
1.17, 6.51892e-06
1.171, -6.58797e-06
1.172, -3.96623e-07
1.173, 3.27354e-07
1.174, 6.51892e-06
1.175, -6.58797e-06
1.176, -3.96623e-07
1.177, 3.27354e-07
1.178, 6.51892e-06
1.179, -6.58797e-06
1.18, -3.96623e-07
1.181, 3.27354e-07
1.182, 6.51892e-06
1.183, -6.58797e-06
1.184, -3.96623e-07
1.185, 3.27354e-07
1.186, 6.51892e-06
1.187, -6.58797e-06
1.188, -3.96623e-07
1.189, 3.27354e-07
1.19, 6.51892e-06
1.191, -6.58797e-06
1.192, -3.96623e-07
1.193, 3.27354e-07
1.194, 6.51892e-06
1.195, -6.58797e-06
1.196, -3.96623e-07
1.197, 3.27354e-07
1.198, 6.51892e-06
1.199, -6.58797e-06
1.2, -3.96623e-07
1.201, 3.27354e-07
1.202, 6.51892e-06
1.203, -6.58797e-06
1.204, -3.96623e-07
1.205, 3.27354e-07
1.206, 6.51892e-06
1.207, -6.58797e-06
1.208, -3.96623e-07
1.209, 3.27354e-07
1.21, 6.51892e-06
1.211, -6.58797e-06
1.212, -3.96623e-07
1.213, 3.27354e-07
1.214, 6.51892e-06
1.215, -6.58797e-06
1.216, -3.96623e-07
1.217, 3.27354e-07
1.218, 6.51892e-06
1.219, -6.58797e-06
1.22, -3.96623e-07
1.221, 3.27354e-07
1.222, 6.51892e-06
1.223, -6.58797e-06
1.224, -3.96623e-07
1.225, 3.27354e-07
1.226, 6.51892e-06
1.227, -6.58797e-06
1.228, -3.96623e-07
1.229, 3.27354e-07
1.23, 6.51892e-06
1.231, -6.58797e-06
1.232, -3.96623e-07
1.233, 3.27354e-07
1.234, 6.51892e-06
1.235, -6.58797e-06
1.236, -3.96623e-07
1.237, 3.27354e-07
1.238, 6.51892e-06
1.239, -6.58797e-06
1.24, -3.96623e-07
1.241, 3.27354e-07
1.242, 6.51892e-06
1.243, -6.58797e-06
1.244, -3.96623e-07
1.245, 3.27354e-07
1.246, 6.51892e-06
1.247, -6.58797e-06
1.248, -3.96623e-07
1.249, 3.27354e-07
1.25, 6.51892e-06
1.251, -6.58797e-06
1.252, -3.96623e-07
1.253, 3.27354e-07
1.254, 6.51892e-06
1.255, -6.58797e-06
1.256, -3.96623e-07
1.257, 3.27354e-07
1.258, 6.51892e-06
1.259, -6.58797e-06
1.26, -3.96623e-07
1.261, 3.27354e-07
1.262, 6.51892e-06
1.263, -6.58797e-06
1.264, -3.96623e-07
1.265, 3.27354e-07
1.266, 6.51892e-06
1.267, -6.58797e-06
1.268, -3.96623e-07
1.269, 3.27354e-07
1.27, 6.51892e-06
1.271, -6.58797e-06
1.272, -3.96623e-07
1.273, 3.27354e-07
1.274, 6.51892e-06
1.275, -6.58797e-06
1.276, -3.96623e-07
1.277, 3.27354e-07
1.278, 6.51892e-06
1.279, -6.58797e-06
1.28, -3.96623e-07
1.281, 3.27354e-07
1.282, 6.51892e-06
1.283, -6.58797e-06
1.284, -3.96623e-07
1.285, 3.27354e-07
1.286, 6.51892e-06
1.287, -6.58797e-06
1.288, -3.96623e-07
1.289, 3.27354e-07
1.29, 6.51892e-06
1.291, -6.58797e-06
1.292, -3.96623e-07
1.293, 3.27354e-07
1.294, 6.51892e-06
1.295, -6.58797e-06
1.296, -3.96623e-07
1.297, 3.27354e-07
1.298, 6.51892e-06
1.299, -6.58797e-06
1.3, -3.96623e-07
1.301, 3.27354e-07
1.302, 6.51892e-06
1.303, -6.58797e-06
1.304, -3.96623e-07
1.305, 3.27354e-07
1.306, 6.51892e-06
1.307, -6.58797e-06
1.308, -3.96623e-07
1.309, 3.27354e-07
1.31, 6.51892e-06
1.311, -6.58797e-06
1.312, -3.96624e-07
1.313, 3.27354e-07
1.314, 6.51892e-06
1.315, -6.58797e-06
1.316, -3.96624e-07
1.317, 3.27354e-07
1.318, 6.51892e-06
1.319, -6.58797e-06
1.32, -3.96624e-07
1.321, 3.27354e-07
1.322, 6.51892e-06
1.323, -6.58797e-06
1.324, -3.96624e-07
1.325, 3.27354e-07
1.326, 6.51892e-06
1.327, -6.58797e-06
1.328, -3.96624e-07
1.329, 3.27354e-07
1.33, 6.51892e-06
1.331, -6.58797e-06
1.332, -3.96624e-07
1.333, 3.27354e-07
1.334, 6.51892e-06
1.335, -6.58797e-06
1.336, -3.96624e-07
1.337, 3.27354e-07
1.338, 6.51892e-06
1.339, -6.58797e-06
1.34, -3.96624e-07
1.341, 3.27354e-07
1.342, 6.51892e-06
1.343, -6.58797e-06
1.344, -3.96624e-07
1.345, 3.27354e-07
1.346, 6.51892e-06
1.347, -6.58797e-06
1.348, -3.96624e-07
1.349, 3.27354e-07
1.35, 6.51892e-06
1.351, -6.58797e-06
1.352, -3.96624e-07
1.353, 3.27354e-07
1.354, 6.51892e-06
1.355, -6.58797e-06
1.356, -3.96624e-07
1.357, 3.27354e-07
1.358, 6.51892e-06
1.359, -6.58797e-06
1.36, -3.96624e-07
1.361, 3.27354e-07
1.362, 6.51892e-06
1.363, -6.58797e-06
1.364, -3.96624e-07
1.365, 3.27354e-07
1.366, 6.51892e-06
1.367, -6.58797e-06
1.368, -3.96624e-07
1.369, 3.27354e-07
1.37, 6.51892e-06
1.371, -6.58797e-06
1.372, -3.96624e-07
1.373, 3.27354e-07
1.374, 6.51892e-06
1.375, -6.58797e-06
1.376, -3.96624e-07
1.377, 3.27354e-07
1.378, 6.51892e-06
1.379, -6.58797e-06
1.38, -3.96624e-07
1.381, 3.27354e-07
1.382, 6.51892e-06
1.383, -6.58797e-06
1.384, -3.96624e-07
1.385, 3.27354e-07
1.386, 6.51892e-06
1.387, -6.58797e-06
1.388, -3.96624e-07
1.389, 3.27354e-07
1.39, 6.51892e-06
1.391, -6.58797e-06
1.392, -3.96624e-07
1.393, 3.27354e-07
1.394, 6.51892e-06
1.395, -6.58797e-06
1.396, -3.96624e-07
1.397, 3.27354e-07
1.398, 6.51892e-06
1.399, -6.58797e-06
1.4, -3.96624e-07
1.401, 3.27354e-07
1.402, 6.51892e-06
1.403, -6.58797e-06
1.404, -3.96624e-07
1.405, 3.27354e-07
1.406, 6.51892e-06
1.407, -6.58797e-06
1.408, -3.96624e-07
1.409, 3.27354e-07
1.41, 6.51892e-06
1.411, -6.58797e-06
1.412, -3.96624e-07
1.413, 3.27354e-07
1.414, 6.51892e-06
1.415, -6.58797e-06
1.416, -3.96624e-07
1.417, 3.27354e-07
1.418, 6.51892e-06
1.419, -6.58797e-06
1.42, -3.96624e-07
1.421, 3.27354e-07
1.422, 6.51892e-06
1.423, -6.58797e-06
1.424, -3.96624e-07
1.425, 3.27354e-07
1.426, 6.51892e-06
1.427, -6.58797e-06
1.428, -3.96624e-07
1.429, 3.27354e-07
1.43, 6.51892e-06
1.431, -6.58797e-06
1.432, -3.96624e-07
1.433, 3.27354e-07
1.434, 6.51892e-06
1.435, -6.58797e-06
1.436, -3.96624e-07
1.437, 3.27354e-07
1.438, 6.51892e-06
1.439, -6.58797e-06
1.44, -3.96624e-07
1.441, 3.27354e-07
1.442, 6.51892e-06
1.443, -6.58797e-06
1.444, -3.96624e-07
1.445, 3.27354e-07
1.446, 6.51892e-06
1.447, -6.58797e-06
1.448, -3.96624e-07
1.449, 3.27354e-07
1.45, 6.51892e-06
1.451, -6.58797e-06
1.452, -3.96624e-07
1.453, 3.27354e-07
1.454, 6.51892e-06
1.455, -6.58797e-06
1.456, -3.96624e-07
1.457, 3.27354e-07
1.458, 6.51892e-06
1.459, -6.58797e-06
1.46, -3.96624e-07
1.461, 3.27354e-07
1.462, 6.51892e-06
1.463, -6.58797e-06
1.464, -3.96624e-07
1.465, 3.27354e-07
1.466, 6.51892e-06
1.467, -6.58797e-06
1.468, -3.96624e-07
1.469, 3.27354e-07
1.47, 6.51892e-06
1.471, -6.58797e-06
1.472, -3.96624e-07
1.473, 3.27354e-07
1.474, 6.51892e-06
1.475, -6.58797e-06
1.476, -3.96624e-07
1.477, 3.27354e-07
1.478, 6.51892e-06
1.479, -6.58797e-06
1.48, -3.96624e-07
1.481, 3.27354e-07
1.482, 6.51892e-06
1.483, -6.58797e-06
1.484, -3.96624e-07
1.485, 3.27354e-07
1.486, 6.51892e-06
1.487, -6.58797e-06
1.488, -3.96624e-07
1.489, 3.27354e-07
1.49, 6.51892e-06
1.491, -6.58797e-06
1.492, -3.96624e-07
1.493, 3.27354e-07
1.494, 6.51892e-06
1.495, -6.58797e-06
1.496, -3.96624e-07
1.497, 3.27354e-07
1.498, 6.51892e-06
1.499, -6.58797e-06
1.5, -3.96624e-07
1.501, 3.27354e-07
1.502, 6.51892e-06
1.503, -6.58797e-06
1.504, -3.96624e-07
1.505, 3.27354e-07
1.506, 6.51892e-06
1.507, -6.58797e-06
1.508, -3.96624e-07
1.509, 3.27354e-07
1.51, 6.51892e-06
1.511, -6.58797e-06
1.512, -3.96624e-07
1.513, 3.27354e-07
1.514, 6.51892e-06
1.515, -6.58797e-06
1.516, -3.96624e-07
1.517, 3.27354e-07
1.518, 6.51892e-06
1.519, -6.58797e-06
1.52, -3.96624e-07
1.521, 3.27354e-07
1.522, 6.51892e-06
1.523, -6.58797e-06
1.524, -3.96624e-07
1.525, 3.27354e-07
1.526, 6.51892e-06
1.527, -6.58797e-06
1.528, -3.96624e-07
1.529, 3.27354e-07
1.53, 6.51892e-06
1.531, -6.58797e-06
1.532, -3.96624e-07
1.533, 3.27354e-07
1.534, 6.51892e-06
1.535, -6.58797e-06
1.536, -3.96624e-07
1.537, 3.27354e-07
1.538, 6.51892e-06
1.539, -6.58797e-06
1.54, -3.96624e-07
1.541, 3.27354e-07
1.542, 6.51892e-06
1.543, -6.58797e-06
1.544, -3.96624e-07
1.545, 3.27354e-07
1.546, 6.51892e-06
1.547, -6.58797e-06
1.548, -3.96624e-07
1.549, 3.27354e-07
1.55, 6.51892e-06
1.551, -6.58797e-06
1.552, -3.96624e-07
1.553, 3.27354e-07
1.554, 6.51892e-06
1.555, -6.58797e-06
1.556, -3.96624e-07
1.557, 3.27354e-07
1.558, 6.51892e-06
1.559, -6.58797e-06
1.56, -3.96624e-07
1.561, 3.27354e-07
1.562, 6.51892e-06
1.563, -6.58797e-06
1.564, -3.96624e-07
1.565, 3.27354e-07
1.566, 6.51892e-06
1.567, -6.58797e-06
1.568, -3.96624e-07
1.569, 3.27354e-07
1.57, 6.51892e-06
1.571, -6.58797e-06
1.572, -3.96624e-07
1.573, 3.27354e-07
1.574, 6.51892e-06
1.575, -6.58797e-06
1.576, -3.96624e-07
1.577, 3.27354e-07
1.578, 6.51892e-06
1.579, -6.58797e-06
1.58, -3.96624e-07
1.581, 3.27354e-07
1.582, 6.51892e-06
1.583, -6.58797e-06
1.584, -3.96624e-07
1.585, 3.27354e-07
1.586, 6.51892e-06
1.587, -6.58797e-06
1.588, -3.96624e-07
1.589, 3.27354e-07
1.59, 6.51892e-06
1.591, -6.58797e-06
1.592, -3.96624e-07
1.593, 3.27354e-07
1.594, 6.51892e-06
1.595, -6.58797e-06
1.596, -3.96624e-07
1.597, 3.27354e-07
1.598, 6.51892e-06
1.599, -6.58797e-06
1.6, -3.96624e-07
1.601, 3.27354e-07
1.602, 6.51892e-06
1.603, -6.58797e-06
1.604, -3.96624e-07
1.605, 3.27354e-07
1.606, 6.51892e-06
1.607, -6.58797e-06
1.608, -3.96624e-07
1.609, 3.27354e-07
1.61, 6.51892e-06
1.611, -6.58797e-06
1.612, -3.96624e-07
1.613, 3.27354e-07
1.614, 6.51892e-06
1.615, -6.58797e-06
1.616, -3.96624e-07
1.617, 3.27354e-07
1.618, 6.51892e-06
1.619, -6.58797e-06
1.62, -3.96624e-07
1.621, 3.27354e-07
1.622, 6.51892e-06
1.623, -6.58797e-06
1.624, -3.96624e-07
1.625, 3.27354e-07
1.626, 6.51892e-06
1.627, -6.58797e-06
1.628, -3.96624e-07
1.629, 3.27354e-07
1.63, 6.51892e-06
1.631, -6.58797e-06
1.632, -3.96624e-07
1.633, 3.27354e-07
1.634, 6.51892e-06
1.635, -6.58797e-06
1.636, -3.96624e-07
1.637, 3.27354e-07
1.638, 6.51892e-06
1.639, -6.58797e-06
1.64, -3.96624e-07
1.641, 3.27354e-07
1.642, 6.51892e-06
1.643, -6.58797e-06
1.644, -3.96624e-07
1.645, 3.27354e-07
1.646, 6.51892e-06
1.647, -6.58797e-06
1.648, -3.96624e-07
1.649, 3.27354e-07
1.65, 6.51892e-06
1.651, -6.58797e-06
1.652, -3.96624e-07
1.653, 3.27354e-07
1.654, 6.51892e-06
1.655, -6.58797e-06
1.656, -3.96624e-07
1.657, 3.27354e-07
1.658, 6.51892e-06
1.659, -6.58797e-06
1.66, -3.96624e-07
1.661, 3.27354e-07
1.662, 6.51892e-06
1.663, -6.58797e-06
1.664, -3.96624e-07
1.665, 3.27354e-07
1.666, 6.51892e-06
1.667, -6.58797e-06
1.668, -3.96624e-07
1.669, 3.27354e-07
1.67, 6.51892e-06
1.671, -6.58797e-06
1.672, -3.96624e-07
1.673, 3.27354e-07
1.674, 6.51892e-06
1.675, -6.58797e-06
1.676, -3.96624e-07
1.677, 3.27354e-07
1.678, 6.51892e-06
1.679, -6.58797e-06
1.68, -3.96624e-07
1.681, 3.27354e-07
1.682, 6.51892e-06
1.683, -6.58797e-06
1.684, -3.96624e-07
1.685, 3.27354e-07
1.686, 6.51892e-06
1.687, -6.58797e-06
1.688, -3.96624e-07
1.689, 3.27354e-07
1.69, 6.51892e-06
1.691, -6.58797e-06
1.692, -3.96624e-07
1.693, 3.27354e-07
1.694, 6.51892e-06
1.695, -6.58797e-06
1.696, -3.96624e-07
1.697, 3.27354e-07
1.698, 6.51892e-06
1.699, -6.58797e-06
1.7, -3.96624e-07
1.701, 3.27354e-07
1.702, 6.51892e-06
1.703, -6.58797e-06
1.704, -3.96624e-07
1.705, 3.27354e-07
1.706, 6.51892e-06
1.707, -6.58797e-06
1.708, -3.96624e-07
1.709, 3.27354e-07
1.71, 6.51892e-06
1.711, -6.58797e-06
1.712, -3.96624e-07
1.713, 3.27354e-07
1.714, 6.51892e-06
1.715, -6.58797e-06
1.716, -3.96624e-07
1.717, 3.27354e-07
1.718, 6.51892e-06
1.719, -6.58797e-06
1.72, -3.96624e-07
1.721, 3.27354e-07
1.722, 6.51892e-06
1.723, -6.58797e-06
1.724, -3.96624e-07
1.725, 3.27354e-07
1.726, 6.51892e-06
1.727, -6.58797e-06
1.728, -3.96624e-07
1.729, 3.27354e-07
1.73, 6.51892e-06
1.731, -6.58797e-06
1.732, -3.96624e-07
1.733, 3.27354e-07
1.734, 6.51892e-06
1.735, -6.58797e-06
1.736, -3.96624e-07
1.737, 3.27354e-07
1.738, 6.51892e-06
1.739, -6.58797e-06
1.74, -3.96624e-07
1.741, 3.27354e-07
1.742, 6.51892e-06
1.743, -6.58797e-06
1.744, -3.96624e-07
1.745, 3.27354e-07
1.746, 6.51892e-06
1.747, -6.58797e-06
1.748, -3.96624e-07
1.749, 3.27354e-07
1.75, 6.51892e-06
1.751, -6.58797e-06
1.752, -3.96624e-07
1.753, 3.27354e-07
1.754, 6.51892e-06
1.755, -6.58797e-06
1.756, -3.96624e-07
1.757, 3.27354e-07
1.758, 6.51892e-06
1.759, -6.58797e-06
1.76, -3.96624e-07
1.761, 3.27354e-07
1.762, 6.51892e-06
1.763, -6.58797e-06
1.764, -3.96624e-07
1.765, 3.27354e-07
1.766, 6.51892e-06
1.767, -6.58797e-06
1.768, -3.96624e-07
1.769, 3.27355e-07
1.77, 6.51892e-06
1.771, -6.58797e-06
1.772, -3.96624e-07
1.773, 3.27355e-07
1.774, 6.51892e-06
1.775, -6.58797e-06
1.776, -3.96624e-07
1.777, 3.27355e-07
1.778, 6.51892e-06
1.779, -6.58797e-06
1.78, -3.96624e-07
1.781, 3.27355e-07
1.782, 6.51892e-06
1.783, -6.58797e-06
1.784, -3.96624e-07
1.785, 3.27355e-07
1.786, 6.51892e-06
1.787, -6.58797e-06
1.788, -3.96624e-07
1.789, 3.27355e-07
1.79, 6.51892e-06
1.791, -6.58797e-06
1.792, -3.96624e-07
1.793, 3.27355e-07
1.794, 6.51892e-06
1.795, -6.58797e-06
1.796, -3.96624e-07
1.797, 3.27355e-07
1.798, 6.51892e-06
1.799, -6.58797e-06
1.8, -3.96624e-07
1.801, 3.27355e-07
1.802, 6.51892e-06
1.803, -6.58797e-06
1.804, -3.96624e-07
1.805, 3.27355e-07
1.806, 6.51892e-06
1.807, -6.58797e-06
1.808, -3.96624e-07
1.809, 3.27355e-07
1.81, 6.51892e-06
1.811, -6.58797e-06
1.812, -3.96624e-07
1.813, 3.27355e-07
1.814, 6.51892e-06
1.815, -6.58797e-06
1.816, -3.96624e-07
1.817, 3.27355e-07
1.818, 6.51892e-06
1.819, -6.58797e-06
1.82, -3.96624e-07
1.821, 3.27355e-07
1.822, 6.51892e-06
1.823, -6.58797e-06
1.824, -3.96624e-07
1.825, 3.27355e-07
1.826, 6.51892e-06
1.827, -6.58797e-06
1.828, -3.96624e-07
1.829, 3.27355e-07
1.83, 6.51892e-06
1.831, -6.58797e-06
1.832, -3.96624e-07
1.833, 3.27355e-07
1.834, 6.51892e-06
1.835, -6.58797e-06
1.836, -3.96624e-07
1.837, 3.27355e-07
1.838, 6.51892e-06
1.839, -6.58797e-06
1.84, -3.96624e-07
1.841, 3.27355e-07
1.842, 6.51892e-06
1.843, -6.58797e-06
1.844, -3.96624e-07
1.845, 3.27355e-07
1.846, 6.51892e-06
1.847, -6.58797e-06
1.848, -3.96624e-07
1.849, 3.27355e-07
1.85, 6.51892e-06
1.851, -6.58797e-06
1.852, -3.96624e-07
1.853, 3.27355e-07
1.854, 6.51892e-06
1.855, -6.58797e-06
1.856, -3.96624e-07
1.857, 3.27355e-07
1.858, 6.51892e-06
1.859, -6.58797e-06
1.86, -3.96624e-07
1.861, 3.27355e-07
1.862, 6.51892e-06
1.863, -6.58797e-06
1.864, -3.96624e-07
1.865, 3.27355e-07
1.866, 6.51892e-06
1.867, -6.58797e-06
1.868, -3.96624e-07
1.869, 3.27355e-07
1.87, 6.51892e-06
1.871, -6.58797e-06
1.872, -3.96624e-07
1.873, 3.27355e-07
1.874, 6.51892e-06
1.875, -6.58797e-06
1.876, -3.96624e-07
1.877, 3.27355e-07
1.878, 6.51892e-06
1.879, -6.58797e-06
1.88, -3.96624e-07
1.881, 3.27355e-07
1.882, 6.51892e-06
1.883, -6.58797e-06
1.884, -3.96624e-07
1.885, 3.27355e-07
1.886, 6.51892e-06
1.887, -6.58797e-06
1.888, -3.96624e-07
1.889, 3.27355e-07
1.89, 6.51892e-06
1.891, -6.58797e-06
1.892, -3.96624e-07
1.893, 3.27355e-07
1.894, 6.51892e-06
1.895, -6.58797e-06
1.896, -3.96624e-07
1.897, 3.27355e-07
1.898, 6.51892e-06
1.899, -6.58797e-06
1.9, -3.96624e-07
1.901, 3.27355e-07
1.902, 6.51892e-06
1.903, -6.58797e-06
1.904, -3.96624e-07
1.905, 3.27355e-07
1.906, 6.51892e-06
1.907, -6.58797e-06
1.908, -3.96624e-07
1.909, 3.27355e-07
1.91, 6.51892e-06
1.911, -6.58797e-06
1.912, -3.96624e-07
1.913, 3.27355e-07
1.914, 6.51892e-06
1.915, -6.58797e-06
1.916, -3.96624e-07
1.917, 3.27355e-07
1.918, 6.51892e-06
1.919, -6.58797e-06
1.92, -3.96624e-07
1.921, 3.27355e-07
1.922, 6.51892e-06
1.923, -6.58797e-06
1.924, -3.96624e-07
1.925, 3.27355e-07
1.926, 6.51892e-06
1.927, -6.58797e-06
1.928, -3.96625e-07
1.929, 3.27355e-07
1.93, 6.51892e-06
1.931, -6.58797e-06
1.932, -3.96625e-07
1.933, 3.27355e-07
1.934, 6.51892e-06
1.935, -6.58797e-06
1.936, -3.96625e-07
1.937, 3.27355e-07
1.938, 6.51892e-06
1.939, -6.58797e-06
1.94, -3.96625e-07
1.941, 3.27355e-07
1.942, 6.51892e-06
1.943, -6.58797e-06
1.944, -3.96625e-07
1.945, 3.27355e-07
1.946, 6.51892e-06
1.947, -6.58797e-06
1.948, -3.96625e-07
1.949, 3.27355e-07
1.95, 6.51892e-06
1.951, -6.58797e-06
1.952, -3.96625e-07
1.953, 3.27355e-07
1.954, 6.51892e-06
1.955, -6.58797e-06
1.956, -3.96625e-07
1.957, 3.27355e-07
1.958, 6.51892e-06
1.959, -6.58797e-06
1.96, -3.96625e-07
1.961, 3.27355e-07
1.962, 6.51892e-06
1.963, -6.58797e-06
1.964, -3.96625e-07
1.965, 3.27355e-07
1.966, 6.51892e-06
1.967, -6.58797e-06
1.968, -3.96625e-07
1.969, 3.27355e-07
1.97, 6.51892e-06
1.971, -6.58797e-06
1.972, -3.96625e-07
1.973, 3.27355e-07
1.974, 6.51892e-06
1.975, -6.58797e-06
1.976, -3.96625e-07
1.977, 3.27355e-07
1.978, 6.51892e-06
1.979, -6.58797e-06
1.98, -3.96625e-07
1.981, 3.27355e-07
1.982, 6.51892e-06
1.983, -6.58797e-06
1.984, -3.96625e-07
1.985, 3.27355e-07
1.986, 6.51892e-06
1.987, -6.58797e-06
1.988, -3.96625e-07
1.989, 3.27355e-07
1.99, 6.51892e-06
1.991, -6.58797e-06
1.992, -3.96625e-07
1.993, 3.27355e-07
1.994, 6.51892e-06
1.995, -6.58797e-06
1.996, -3.96625e-07
1.997, 3.27355e-07
1.998, 6.51892e-06
1.999, -6.58797e-06
2, -3.96625e-07
2.001, 3.27355e-07
2.002, 6.51892e-06
2.003, -6.58797e-06
2.004, -3.96625e-07
2.005, 3.27355e-07
2.006, 6.51892e-06
2.007, -6.58797e-06
2.008, -3.96625e-07
2.009, 3.27355e-07
2.01, 6.51892e-06
2.011, -6.58797e-06
2.012, -3.96625e-07
2.013, 3.27355e-07
2.014, 6.51892e-06
2.015, -6.58797e-06
2.016, -3.96625e-07
2.017, 3.27355e-07
2.018, 6.51892e-06
2.019, -6.58797e-06
2.02, -3.96625e-07
2.021, 3.27355e-07
2.022, 6.51892e-06
2.023, -6.58797e-06
2.024, -3.96625e-07
2.025, 3.27355e-07
2.026, 6.51892e-06
2.027, -6.58797e-06
2.028, -3.96625e-07
2.029, 3.27355e-07
2.03, 6.51892e-06
2.031, -6.58797e-06
2.032, -3.96625e-07
2.033, 3.27355e-07
2.034, 6.51892e-06
2.035, -6.58797e-06
2.036, -3.96625e-07
2.037, 3.27355e-07
2.038, 6.51892e-06
2.039, -6.58797e-06
2.04, -3.96625e-07
2.041, 3.27355e-07
2.042, 6.51892e-06
2.043, -6.58797e-06
2.044, -3.96625e-07
2.045, 3.27355e-07
2.046, 6.51892e-06
2.047, -6.58797e-06
2.048, -3.96625e-07
2.049, 3.27355e-07
2.05, 6.51892e-06
2.051, -6.58797e-06
2.052, -3.96625e-07
2.053, 3.27355e-07
2.054, 6.51892e-06
2.055, -6.58797e-06
2.056, -3.96625e-07
2.057, 3.27355e-07
2.058, 6.51892e-06
2.059, -6.58797e-06
2.06, -3.96625e-07
2.061, 3.27355e-07
2.062, 6.51892e-06
2.063, -6.58797e-06
2.064, -3.96625e-07
2.065, 3.27355e-07
2.066, 6.51892e-06
2.067, -6.58797e-06
2.068, -3.96625e-07
2.069, 3.27355e-07
2.07, 6.51892e-06
2.071, -6.58797e-06
2.072, -3.96625e-07
2.073, 3.27355e-07
2.074, 6.51892e-06
2.075, -6.58797e-06
2.076, -3.96625e-07
2.077, 3.27355e-07
2.078, 6.51892e-06
2.079, -6.58797e-06
2.08, -3.96625e-07
2.081, 3.27355e-07
2.082, 6.51892e-06
2.083, -6.58797e-06
2.084, -3.96625e-07
2.085, 3.27355e-07
2.086, 6.51892e-06
2.087, -6.58797e-06
2.088, -3.96625e-07
2.089, 3.27355e-07
2.09, 6.51892e-06
2.091, -6.58797e-06
2.092, -3.96625e-07
2.093, 3.27355e-07
2.094, 6.51892e-06
2.095, -6.58797e-06
2.096, -3.96625e-07
2.097, 3.27355e-07
2.098, 6.51892e-06
2.099, -6.58797e-06
2.1, -3.96625e-07
2.101, 3.27355e-07
2.102, 0
2.103, 0
2.104, 0
2.105, 0
2.106, 0
2.107, 0
2.108, 0
2.109, 0
2.11, 0
2.111, 0
2.112, 0
2.113, 0
2.114, 0
2.115, 0
2.116, 0
2.117, 0
2.118, 0
2.119, 0
2.12, 0
2.121, 0
2.122, 0
2.123, 0
2.124, 0
2.125, 0
2.126, 0
2.127, 0
2.128, 0
2.129, 0
2.13, 0
2.131, 0
2.132, 0
2.133, 0
2.134, 0
2.135, 0
2.136, 0
2.137, 0
2.138, 0
2.139, 0
2.14, 0
2.141, 0
2.142, 0
2.143, 0
2.144, 0
2.145, 0
2.146, 0
2.147, 0
2.148, 0
2.149, 0
2.15, 0
2.151, 0
2.152, 0
2.153, 0
2.154, 0
2.155, 0
2.156, 0
2.157, 0
2.158, 0
2.159, 0
2.16, 0
2.161, 0
2.162, 0
2.163, 0
2.164, 0
2.165, 0
2.166, 0
2.167, 0
2.168, 0
2.169, 0
2.17, 0
2.171, 0
2.172, 0
2.173, 0
2.174, 0
2.175, 0
2.176, 0
2.177, 0
2.178, 0
2.179, 0
2.18, 0
2.181, 0
2.182, 0
2.183, 0
2.184, 0
2.185, 0
2.186, 0
2.187, 0
2.188, 0
2.189, 0
2.19, 0
2.191, 0
2.192, 0
2.193, 0
2.194, 0
2.195, 0
2.196, 0
2.197, 0
2.198, 0
2.199, 0
2.2, 0
2.201, 0
2.202, 0
2.203, 0
2.204, 0
2.205, 0
2.206, 0
2.207, 0
2.208, 0
2.209, 0
2.21, 0
2.211, 0
2.212, 0
2.213, 0
2.214, 0
2.215, 0
2.216, 0
2.217, 0
2.218, 0
2.219, 0
2.22, 0
2.221, 0
2.222, 0
2.223, 0
2.224, 0
2.225, 0
2.226, 0
2.227, 0
2.228, 0
2.229, 0
2.23, 0
2.231, 0
2.232, 0
2.233, 0
2.234, 0
2.235, 0
2.236, 0
2.237, 0
2.238, 0
2.239, 0
2.24, 0
2.241, 0
2.242, 0
2.243, 0
2.244, 0
2.245, 0
2.246, 0
2.247, 0
2.248, 0
2.249, 0
2.25, 0
2.251, 0
2.252, 0
2.253, 0
2.254, 0
2.255, 0
2.256, 0
2.257, 0
2.258, 0
2.259, 0
2.26, 0
2.261, 0
2.262, 0
2.263, 0
2.264, 0
2.265, 0
2.266, 0
2.267, 0
2.268, 0
2.269, 0
2.27, 0
2.271, 0
2.272, 0
2.273, 0
2.274, 0
2.275, 0
2.276, 0
2.277, 0
2.278, 0
2.279, 0
2.28, 0
2.281, 0
2.282, 0
2.283, 0
2.284, 0
2.285, 0
2.286, 0
2.287, 0
2.288, 0
2.289, 0
2.29, 0
2.291, 0
2.292, 0
2.293, 0
2.294, 0
2.295, 0
2.296, 0
2.297, 0
2.298, 0
2.299, 0
2.3, 0
2.301, 0
2.302, 0
2.303, 0
2.304, 0
2.305, 0
2.306, 0
2.307, 0
2.308, 0
2.309, 0
2.31, 0
2.311, 0
2.312, 0
2.313, 0
2.314, 0
2.315, 0
2.316, 0
2.317, 0
2.318, 0
2.319, 0
2.32, 0
2.321, 0
2.322, 0
2.323, 0
2.324, 0
2.325, 0
2.326, 0
2.327, 0
2.328, 0
2.329, 0
2.33, 0
2.331, 0
2.332, 0
2.333, 0
2.334, 0
2.335, 0
2.336, 0
2.337, 0
2.338, 0
2.339, 0
2.34, 0
2.341, 0
2.342, 0
2.343, 0
2.344, 0
2.345, 0
2.346, 0
2.347, 0
2.348, 0
2.349, 0
2.35, 0
2.351, 0
2.352, 0
2.353, 0
2.354, 0
2.355, 0
2.356, 0
2.357, 0
2.358, 0
2.359, 0
2.36, 0
2.361, 0
2.362, 0
2.363, 0
2.364, 0
2.365, 0
2.366, 0
2.367, 0
2.368, 0
2.369, 0
2.37, 0
2.371, 0
2.372, 0
2.373, 0
2.374, 0
2.375, 0
2.376, 0
2.377, 0
2.378, 0
2.379, 0
2.38, 0
2.381, 0
2.382, 0
2.383, 0
2.384, 0
2.385, 0
2.386, 0
2.387, 0
2.388, 0
2.389, 0
2.39, 0
2.391, 0
2.392, 0
2.393, 0
2.394, 0
2.395, 0
2.396, 0
2.397, 0
2.398, 0
2.399, 0
2.4, 0
2.401, 0
2.402, 0
2.403, 0
2.404, 0
2.405, 0
2.406, 0
2.407, 0
2.408, 0
2.409, 0
2.41, 0
2.411, 0
2.412, 0
2.413, 0
2.414, 0
2.415, 0
2.416, 0
2.417, 0
2.418, 0
2.419, 0
2.42, 0
2.421, 0
2.422, 0
2.423, 0
2.424, 0
2.425, 0
2.426, 0
2.427, 0
2.428, 0
2.429, 0
2.43, 0
2.431, 0
2.432, 0
2.433, 0
2.434, 0
2.435, 0
2.436, 0
2.437, 0
2.438, 0
2.439, 0
2.44, 0
2.441, 0
2.442, 0
2.443, 0
2.444, 0
2.445, 0
2.446, 0
2.447, 0
2.448, 0
2.449, 0
2.45, 0
2.451, 0
2.452, 0
2.453, 0
2.454, 0
2.455, 0
2.456, 0
2.457, 0
2.458, 0
2.459, 0
2.46, 0
2.461, 0
2.462, 0
2.463, 0
2.464, 0
2.465, 0
2.466, 0
2.467, 0
2.468, 0
2.469, 0
2.47, 0
2.471, 0
2.472, 0
2.473, 0
2.474, 0
2.475, 0
2.476, 0
2.477, 0
2.478, 0
2.479, 0
2.48, 0
2.481, 0
2.482, 0
2.483, 0
2.484, 0
2.485, 0
2.486, 0
2.487, 0
2.488, 0
2.489, 0
2.49, 0
2.491, 0
2.492, 0
2.493, 0
2.494, 0
2.495, 0
2.496, 0
2.497, 0
2.498, 0
2.499, 0
2.5, 0
2.501, 0
2.502, 0
2.503, 0
2.504, 0
2.505, 0
2.506, 0
2.507, 0
2.508, 0
2.509, 0
2.51, 0
2.511, 0
2.512, 0
2.513, 0
2.514, 0
2.515, 0
2.516, 0
2.517, 0
2.518, 0
2.519, 0
2.52, 0
2.521, 0
2.522, 0
2.523, 0
2.524, 0
2.525, 0
2.526, 0
2.527, 0
2.528, 0
2.529, 0
2.53, 0
2.531, 0
2.532, 0
2.533, 0
2.534, 0
2.535, 0
2.536, 0
2.537, 0
2.538, 0
2.539, 0
2.54, 0
2.541, 0
2.542, 0
2.543, 0
2.544, 0
2.545, 0
2.546, 0
2.547, 0
2.548, 0
2.549, 0
2.55, 0
2.551, 0
2.552, 0
2.553, 0
2.554, 0
2.555, 0
2.556, 0
2.557, 0
2.558, 0
2.559, 0
2.56, 0
2.561, 0
2.562, 0
2.563, 0
2.564, 0
2.565, 0
2.566, 0
2.567, 0
2.568, 0
2.569, 0
2.57, 0
2.571, 0
2.572, 0
2.573, 0
2.574, 0
2.575, 0
2.576, 0
2.577, 0
2.578, 0
2.579, 0
2.58, 0
2.581, 0
2.582, 0
2.583, 0
2.584, 0
2.585, 0
2.586, 0
2.587, 0
2.588, 0
2.589, 0
2.59, 0
2.591, 0
2.592, 0
2.593, 0
2.594, 0
2.595, 0
2.596, 0
2.597, 0
2.598, 0
2.599, 0
2.6, 0
2.601, 0
2.602, 0
2.603, 0
2.604, 0
2.605, 0
2.606, 0
2.607, 0
2.608, 0
2.609, 0
2.61, 0
2.611, 0
2.612, 0
2.613, 0
2.614, 0
2.615, 0
2.616, 0
2.617, 0
2.618, 0
2.619, 0
2.62, 0
2.621, 0
2.622, 0
2.623, 0
2.624, 0
2.625, 0
2.626, 0
2.627, 0
2.628, 0
2.629, 0
2.63, 0
2.631, 0
2.632, 0
2.633, 0
2.634, 0
2.635, 0
2.636, 0
2.637, 0
2.638, 0
2.639, 0
2.64, 0
2.641, 0
2.642, 0
2.643, 0
2.644, 0
2.645, 0
2.646, 0
2.647, 0
2.648, 0
2.649, 0
2.65, 0
2.651, 0
2.652, 0
2.653, 0
2.654, 0
2.655, 0
2.656, 0
2.657, 0
2.658, 0
2.659, 0
2.66, 0
2.661, 0
2.662, 0
2.663, 0
2.664, 0
2.665, 0
2.666, 0
2.667, 0
2.668, 0
2.669, 0
2.67, 0
2.671, 0
2.672, 0
2.673, 0
2.674, 0
2.675, 0
2.676, 0
2.677, 0
2.678, 0
2.679, 0
2.68, 0
2.681, 0
2.682, 0
2.683, 0
2.684, 0
2.685, 0
2.686, 0
2.687, 0
2.688, 0
2.689, 0
2.69, 0
2.691, 0
2.692, 0
2.693, 0
2.694, 0
2.695, 0
2.696, 0
2.697, 0
2.698, 0
2.699, 0
2.7, 0
2.701, 0
2.702, 0
2.703, 0
2.704, 0
2.705, 0
2.706, 0
2.707, 0
2.708, 0
2.709, 0
2.71, 0
2.711, 0
2.712, 0
2.713, 0
2.714, 0
2.715, 0
2.716, 0
2.717, 0
2.718, 0
2.719, 0
2.72, 0
2.721, 0
2.722, 0
2.723, 0
2.724, 0
2.725, 0
2.726, 0
2.727, 0
2.728, 0
2.729, 0
2.73, 0
2.731, 0
2.732, 0
2.733, 0
2.734, 0
2.735, 0
2.736, 0
2.737, 0
2.738, 0
2.739, 0
2.74, 0
2.741, 0
2.742, 0
2.743, 0
2.744, 0
2.745, 0
2.746, 0
2.747, 0
2.748, 0
2.749, 0
2.75, 0
2.751, 0
2.752, 0
2.753, 0
2.754, 0
2.755, 0
2.756, 0
2.757, 0
2.758, 0
2.759, 0
2.76, 0
2.761, 0
2.762, 0
2.763, 0
2.764, 0
2.765, 0
2.766, 0
2.767, 0
2.768, 0
2.769, 0
2.77, 0
2.771, 0
2.772, 0
2.773, 0
2.774, 0
2.775, 0
2.776, 0
2.777, 0
2.778, 0
2.779, 0
2.78, 0
2.781, 0
2.782, 0
2.783, 0
2.784, 0
2.785, 0
2.786, 0
2.787, 0
2.788, 0
2.789, 0
2.79, 0
2.791, 0
2.792, 0
2.793, 0
2.794, 0
2.795, 0
2.796, 0
2.797, 0
2.798, 0
2.799, 0
2.8, 0
2.801, 0
2.802, 0
2.803, 0
2.804, 0
2.805, 0
2.806, 0
2.807, 0
2.808, 0
2.809, 0
2.81, 0
2.811, 0
2.812, 0
2.813, 0
2.814, 0
2.815, 0
2.816, 0
2.817, 0
2.818, 0
2.819, 0
2.82, 0
2.821, 0
2.822, 0
2.823, 0
2.824, 0
2.825, 0
2.826, 0
2.827, 0
2.828, 0
2.829, 0
2.83, 0
2.831, 0
2.832, 0
2.833, 0
2.834, 0
2.835, 0
2.836, 0
2.837, 0
2.838, 0
2.839, 0
2.84, 0
2.841, 0
2.842, 0
2.843, 0
2.844, 0
2.845, 0
2.846, 0
2.847, 0
2.848, 0
2.849, 0
2.85, 0
2.851, 0
2.852, 0
2.853, 0
2.854, 0
2.855, 0
2.856, 0
2.857, 0
2.858, 0
2.859, 0
2.86, 0
2.861, 0
2.862, 0
2.863, 0
2.864, 0
2.865, 0
2.866, 0
2.867, 0
2.868, 0
2.869, 0
2.87, 0
2.871, 0
2.872, 0
2.873, 0
2.874, 0
2.875, 0
2.876, 0
2.877, 0
2.878, 0
2.879, 0
2.88, 0
2.881, 0
2.882, 0
2.883, 0
2.884, 0
2.885, 0
2.886, 0
2.887, 0
2.888, 0
2.889, 0
2.89, 0
2.891, 0
2.892, 0
2.893, 0
2.894, 0
2.895, 0
2.896, 0
2.897, 0
2.898, 0
2.899, 0
2.9, 0
2.901, 0
2.902, 0
2.903, 0
2.904, 0
2.905, 0
2.906, 0
2.907, 0
2.908, 0
2.909, 0
2.91, 0
2.911, 0
2.912, 0
2.913, 0
2.914, 0
2.915, 0
2.916, 0
2.917, 0
2.918, 0
2.919, 0
2.92, 0
2.921, 0
2.922, 0
2.923, 0
2.924, 0
2.925, 0
2.926, 0
2.927, 0
2.928, 0
2.929, 0
2.93, 0
2.931, 0
2.932, 0
2.933, 0
2.934, 0
2.935, 0
2.936, 0
2.937, 0
2.938, 0
2.939, 0
2.94, 0
2.941, 0
2.942, 0
2.943, 0
2.944, 0
2.945, 0
2.946, 0
2.947, 0
2.948, 0
2.949, 0
2.95, 0
2.951, 0
2.952, 0
2.953, 0
2.954, 0
2.955, 0
2.956, 0
2.957, 0
2.958, 0
2.959, 0
2.96, 0
2.961, 0
2.962, 0
2.963, 0
2.964, 0
2.965, 0
2.966, 0
2.967, 0
2.968, 0
2.969, 0
2.97, 0
2.971, 0
2.972, 0
2.973, 0
2.974, 0
2.975, 0
2.976, 0
2.977, 0
2.978, 0
2.979, 0
2.98, 0
2.981, 0
2.982, 0
2.983, 0
2.984, 0
2.985, 0
2.986, 0
2.987, 0
2.988, 0
2.989, 0
2.99, 0
2.991, 0
2.992, 0
2.993, 0
2.994, 0
2.995, 0
2.996, 0
2.997, 0
2.998, 0
2.999, 0
3, 0
3.001, 0
3.002, 0
3.003, 0
3.004, 0
3.005, 0
3.006, 0
3.007, 0
3.008, 0
3.009, 0
3.01, 0
3.011, 0
3.012, 0
3.013, 0
3.014, 0
3.015, 0
3.016, 0
3.017, 0
3.018, 0
3.019, 0
3.02, 0
3.021, 0
3.022, 0
3.023, 0
3.024, 0
3.025, 0
3.026, 0
3.027, 0
3.028, 0
3.029, 0
3.03, 0
3.031, 0
3.032, 0
3.033, 0
3.034, 0
3.035, 0
3.036, 0
3.037, 0
3.038, 0
3.039, 0
3.04, 0
3.041, 0
3.042, 0
3.043, 0
3.044, 0
3.045, 0
3.046, 0
3.047, 0
3.048, 0
3.049, 0
3.05, 0
3.051, 0
3.052, 0
3.053, 0
3.054, 0
3.055, 0
3.056, 0
3.057, 0
3.058, 0
3.059, 0
3.06, 0
3.061, 0
3.062, 0
3.063, 0
3.064, 0
3.065, 0
3.066, 0
3.067, 0
3.068, 0
3.069, 0
3.07, 0
3.071, 0
3.072, 0
3.073, 0
3.074, 0
3.075, 0
3.076, 0
3.077, 0
3.078, 0
3.079, 0
3.08, 0
3.081, 0
3.082, 0
3.083, 0
3.084, 0
3.085, 0
3.086, 0
3.087, 0
3.088, 0
3.089, 0
3.09, 0
3.091, 0
3.092, 0
3.093, 0
3.094, 0
3.095, 0
3.096, 0
3.097, 0
3.098, 0
3.099, 0
3.1, 0
3.101, 0
3.102, 0
3.103, 0
3.104, 0
3.105, 0
3.106, 0
3.107, 0
3.108, 0
3.109, 0
3.11, 0
3.111, 0
3.112, 0
3.113, 0
3.114, 0
3.115, 0
3.116, 0
3.117, 0
3.118, 0
3.119, 0
3.12, 0
3.121, 0
3.122, 0
3.123, 0
3.124, 0
3.125, 0
3.126, 0
3.127, 0
3.128, 0
3.129, 0
3.13, 0
3.131, 0
3.132, 0
3.133, 0
3.134, 0
3.135, 0
3.136, 0
3.137, 0
3.138, 0
3.139, 0
3.14, 0
3.141, 0
3.142, 0
3.143, 0
3.144, 0
3.145, 0
3.146, 0
3.147, 0
3.148, 0
3.149, 0
3.15, 0
3.151, 0
3.152, 0
3.153, 0
3.154, 0
3.155, 0
3.156, 0
3.157, 0
3.158, 0
3.159, 0
3.16, 0
3.161, 0
3.162, 0
3.163, 0
3.164, 0
3.165, 0
3.166, 0
3.167, 0
3.168, 0
3.169, 0
3.17, 0
3.171, 0
3.172, 0
3.173, 0
3.174, 0
3.175, 0
3.176, 0
3.177, 0
3.178, 0
3.179, 0
3.18, 0
3.181, 0
3.182, 0
3.183, 0
3.184, 0
3.185, 0
3.186, 0
3.187, 0
3.188, 0
3.189, 0
3.19, 0
3.191, 0
3.192, 0
3.193, 0
3.194, 0
3.195, 0
3.196, 0
3.197, 0
3.198, 0
3.199, 0
3.2, 0
3.201, 0
3.202, 0
3.203, 0
3.204, 0
3.205, 0
3.206, 0
3.207, 0
3.208, 0
3.209, 0
3.21, 0
3.211, 0
3.212, 0
3.213, 0
3.214, 0
3.215, 0
3.216, 0
3.217, 0
3.218, 0
3.219, 0
3.22, 0
3.221, 0
3.222, 0
3.223, 0
3.224, 0
3.225, 0
3.226, 0
3.227, 0
3.228, 0
3.229, 0
3.23, 0
3.231, 0
3.232, 0
3.233, 0
3.234, 0
3.235, 0
3.236, 0
3.237, 0
3.238, 0
3.239, 0
3.24, 0
3.241, 0
3.242, 0
3.243, 0
3.244, 0
3.245, 0
3.246, 0
3.247, 0
3.248, 0
3.249, 0
3.25, 0
3.251, 0
3.252, 0
3.253, 0
3.254, 0
3.255, 0
3.256, 0
3.257, 0
3.258, 0
3.259, 0
3.26, 0
3.261, 0
3.262, 0
3.263, 0
3.264, 0
3.265, 0
3.266, 0
3.267, 0
3.268, 0
3.269, 0
3.27, 0
3.271, 0
3.272, 0
3.273, 0
3.274, 0
3.275, 0
3.276, 0
3.277, 0
3.278, 0
3.279, 0
3.28, 0
3.281, 0
3.282, 0
3.283, 0
3.284, 0
3.285, 0
3.286, 0
3.287, 0
3.288, 0
3.289, 0
3.29, 0
3.291, 0
3.292, 0
3.293, 0
3.294, 0
3.295, 0
3.296, 0
3.297, 0
3.298, 0
3.299, 0
3.3, 0
3.301, 0
3.302, 0
3.303, 0
3.304, 0
3.305, 0
3.306, 0
3.307, 0
3.308, 0
3.309, 0
3.31, 0
3.311, 0
3.312, 0
3.313, 0
3.314, 0
3.315, 0
3.316, 0
3.317, 0
3.318, 0
3.319, 0
3.32, 0
3.321, 0
3.322, 0
3.323, 0
3.324, 0
3.325, 0
3.326, 0
3.327, 0
3.328, 0
3.329, 0
3.33, 0
3.331, 0
3.332, 0
3.333, 0
3.334, 0
3.335, 0
3.336, 0
3.337, 0
3.338, 0
3.339, 0
3.34, 0
3.341, 0
3.342, 0
3.343, 0
3.344, 0
3.345, 0
3.346, 0
3.347, 0
3.348, 0
3.349, 0
3.35, 0
3.351, 0
3.352, 0
3.353, 0
3.354, 0
3.355, 0
3.356, 0
3.357, 0
3.358, 0
3.359, 0
3.36, 0
3.361, 0
3.362, 0
3.363, 0
3.364, 0
3.365, 0
3.366, 0
3.367, 0
3.368, 0
3.369, 0
3.37, 0
3.371, 0
3.372, 0
3.373, 0
3.374, 0
3.375, 0
3.376, 0
3.377, 0
3.378, 0
3.379, 0
3.38, 0
3.381, 0
3.382, 0
3.383, 0
3.384, 0
3.385, 0
3.386, 0
3.387, 0
3.388, 0
3.389, 0
3.39, 0
3.391, 0
3.392, 0
3.393, 0
3.394, 0
3.395, 0
3.396, 0
3.397, 0
3.398, 0
3.399, 0
3.4, 0
3.401, 0
3.402, 0
3.403, 0
3.404, 0
3.405, 0
3.406, 0
3.407, 0
3.408, 0
3.409, 0
3.41, 0
3.411, 0
3.412, 0
3.413, 0
3.414, 0
3.415, 0
3.416, 0
3.417, 0
3.418, 0
3.419, 0
3.42, 0
3.421, 0
3.422, 0
3.423, 0
3.424, 0
3.425, 0
3.426, 0
3.427, 0
3.428, 0
3.429, 0
3.43, 0
3.431, 0
3.432, 0
3.433, 0
3.434, 0
3.435, 0
3.436, 0
3.437, 0
3.438, 0
3.439, 0
3.44, 0
3.441, 0
3.442, 0
3.443, 0
3.444, 0
3.445, 0
3.446, 0
3.447, 0
3.448, 0
3.449, 0
3.45, 0
3.451, 0
3.452, 0
3.453, 0
3.454, 0
3.455, 0
3.456, 0
3.457, 0
3.458, 0
3.459, 0
3.46, 0
3.461, 0
3.462, 0
3.463, 0
3.464, 0
3.465, 0
3.466, 0
3.467, 0
3.468, 0
3.469, 0
3.47, 0
3.471, 0
3.472, 0
3.473, 0
3.474, 0
3.475, 0
3.476, 0
3.477, 0
3.478, 0
3.479, 0
3.48, 0
3.481, 0
3.482, 0
3.483, 0
3.484, 0
3.485, 0
3.486, 0
3.487, 0
3.488, 0
3.489, 0
3.49, 0
3.491, 0
3.492, 0
3.493, 0
3.494, 0
3.495, 0
3.496, 0
3.497, 0
3.498, 0
3.499, 0
3.5, 0
3.501, 0
3.502, 0
3.503, 0
3.504, 0
3.505, 0
3.506, 0
3.507, 0
3.508, 0
3.509, 0
3.51, 0
3.511, 0
3.512, 0
3.513, 0
3.514, 0
3.515, 0
3.516, 0
3.517, 0
3.518, 0
3.519, 0
3.52, 0
3.521, 0
3.522, 0
3.523, 0
3.524, 0
3.525, 0
3.526, 0
3.527, 0
3.528, 0
3.529, 0
3.53, 0
3.531, 0
3.532, 0
3.533, 0
3.534, 0
3.535, 0
3.536, 0
3.537, 0
3.538, 0
3.539, 0
3.54, 0
3.541, 0
3.542, 0
3.543, 0
3.544, 0
3.545, 0
3.546, 0
3.547, 0
3.548, 0
3.549, 0
3.55, 0
3.551, 0
3.552, 0
3.553, 0
3.554, 0
3.555, 0
3.556, 0
3.557, 0
3.558, 0
3.559, 0
3.56, 0
3.561, 0
3.562, 0
3.563, 0
3.564, 0
3.565, 0
3.566, 0
3.567, 0
3.568, 0
3.569, 0
3.57, 0
3.571, 0
3.572, 0
3.573, 0
3.574, 0
3.575, 0
3.576, 0
3.577, 0
3.578, 0
3.579, 0
3.58, 0
3.581, 0
3.582, 0
3.583, 0
3.584, 0
3.585, 0
3.586, 0
3.587, 0
3.588, 0
3.589, 0
3.59, 0
3.591, 0
3.592, 0
3.593, 0
3.594, 0
3.595, 0
3.596, 0
3.597, 0
3.598, 0
3.599, 0
3.6, 0
3.601, 0
3.602, 0
3.603, 0
3.604, 0
3.605, 0
3.606, 0
3.607, 0
3.608, 0
3.609, 0
3.61, 0
3.611, 0
3.612, 0
3.613, 0
3.614, 0
3.615, 0
3.616, 0
3.617, 0
3.618, 0
3.619, 0
3.62, 0
3.621, 0
3.622, 0
3.623, 0
3.624, 0
3.625, 0
3.626, 0
3.627, 0
3.628, 0
3.629, 0
3.63, 0
3.631, 0
3.632, 0
3.633, 0
3.634, 0
3.635, 0
3.636, 0
3.637, 0
3.638, 0
3.639, 0
3.64, 0
3.641, 0
3.642, 0
3.643, 0
3.644, 0
3.645, 0
3.646, 0
3.647, 0
3.648, 0
3.649, 0
3.65, 0
3.651, 0
3.652, 0
3.653, 0
3.654, 0
3.655, 0
3.656, 0
3.657, 0
3.658, 0
3.659, 0
3.66, 0
3.661, 0
3.662, 0
3.663, 0
3.664, 0
3.665, 0
3.666, 0
3.667, 0
3.668, 0
3.669, 0
3.67, 0
3.671, 0
3.672, 0
3.673, 0
3.674, 0
3.675, 0
3.676, 0
3.677, 0
3.678, 0
3.679, 0
3.68, 0
3.681, 0
3.682, 0
3.683, 0
3.684, 0
3.685, 0
3.686, 0
3.687, 0
3.688, 0
3.689, 0
3.69, 0
3.691, 0
3.692, 0
3.693, 0
3.694, 0
3.695, 0
3.696, 0
3.697, 0
3.698, 0
3.699, 0
3.7, 0
3.701, 0
3.702, 0
3.703, 0
3.704, 0
3.705, 0
3.706, 0
3.707, 0
3.708, 0
3.709, 0
3.71, 0
3.711, 0
3.712, 0
3.713, 0
3.714, 0
3.715, 0
3.716, 0
3.717, 0
3.718, 0
3.719, 0
3.72, 0
3.721, 0
3.722, 0
3.723, 0
3.724, 0
3.725, 0
3.726, 0
3.727, 0
3.728, 0
3.729, 0
3.73, 0
3.731, 0
3.732, 0
3.733, 0
3.734, 0
3.735, 0
3.736, 0
3.737, 0
3.738, 0
3.739, 0
3.74, 0
3.741, 0
3.742, 0
3.743, 0
3.744, 0
3.745, 0
3.746, 0
3.747, 0
3.748, 0
3.749, 0
3.75, 0
3.751, 0
3.752, 0
3.753, 0
3.754, 0
3.755, 0
3.756, 0
3.757, 0
3.758, 0
3.759, 0
3.76, 0
3.761, 0
3.762, 0
3.763, 0
3.764, 0
3.765, 0
3.766, 0
3.767, 0
3.768, 0
3.769, 0
3.77, 0
3.771, 0
3.772, 0
3.773, 0
3.774, 0
3.775, 0
3.776, 0
3.777, 0
3.778, 0
3.779, 0
3.78, 0
3.781, 0
3.782, 0
3.783, 0
3.784, 0
3.785, 0
3.786, 0
3.787, 0
3.788, 0
3.789, 0
3.79, 0
3.791, 0
3.792, 0
3.793, 0
3.794, 0
3.795, 0
3.796, 0
3.797, 0
3.798, 0
3.799, 0
3.8, 0
3.801, 0
3.802, 0
3.803, 0
3.804, 0
3.805, 0
3.806, 0
3.807, 0
3.808, 0
3.809, 0
3.81, 0
3.811, 0
3.812, 0
3.813, 0
3.814, 0
3.815, 0
3.816, 0
3.817, 0
3.818, 0
3.819, 0
3.82, 0
3.821, 0
3.822, 0
3.823, 0
3.824, 0
3.825, 0
3.826, 0
3.827, 0
3.828, 0
3.829, 0
3.83, 0
3.831, 0
3.832, 0
3.833, 0
3.834, 0
3.835, 0
3.836, 0
3.837, 0
3.838, 0
3.839, 0
3.84, 0
3.841, 0
3.842, 0
3.843, 0
3.844, 0
3.845, 0
3.846, 0
3.847, 0
3.848, 0
3.849, 0
3.85, 0
3.851, 0
3.852, 0
3.853, 0
3.854, 0
3.855, 0
3.856, 0
3.857, 0
3.858, 0
3.859, 0
3.86, 0
3.861, 0
3.862, 0
3.863, 0
3.864, 0
3.865, 0
3.866, 0
3.867, 0
3.868, 0
3.869, 0
3.87, 0
3.871, 0
3.872, 0
3.873, 0
3.874, 0
3.875, 0
3.876, 0
3.877, 0
3.878, 0
3.879, 0
3.88, 0
3.881, 0
3.882, 0
3.883, 0
3.884, 0
3.885, 0
3.886, 0
3.887, 0
3.888, 0
3.889, 0
3.89, 0
3.891, 0
3.892, 0
3.893, 0
3.894, 0
3.895, 0
3.896, 0
3.897, 0
3.898, 0
3.899, 0
3.9, 0
3.901, 0
3.902, 0
3.903, 0
3.904, 0
3.905, 0
3.906, 0
3.907, 0
3.908, 0
3.909, 0
3.91, 0
3.911, 0
3.912, 0
3.913, 0
3.914, 0
3.915, 0
3.916, 0
3.917, 0
3.918, 0
3.919, 0
3.92, 0
3.921, 0
3.922, 0
3.923, 0
3.924, 0
3.925, 0
3.926, 0
3.927, 0
3.928, 0
3.929, 0
3.93, 0
3.931, 0
3.932, 0
3.933, 0
3.934, 0
3.935, 0
3.936, 0
3.937, 0
3.938, 0
3.939, 0
3.94, 0
3.941, 0
3.942, 0
3.943, 0
3.944, 0
3.945, 0
3.946, 0
3.947, 0
3.948, 0
3.949, 0
3.95, 0
3.951, 0
3.952, 0
3.953, 0
3.954, 0
3.955, 0
3.956, 0
3.957, 0
3.958, 0
3.959, 0
3.96, 0
3.961, 0
3.962, 0
3.963, 0
3.964, 0
3.965, 0
3.966, 0
3.967, 0
3.968, 0
3.969, 0
3.97, 0
3.971, 0
3.972, 0
3.973, 0
3.974, 0
3.975, 0
3.976, 0
3.977, 0
3.978, 0
3.979, 0
3.98, 0
3.981, 0
3.982, 0
3.983, 0
3.984, 0
3.985, 0
3.986, 0
3.987, 0
3.988, 0
3.989, 0
3.99, 0
3.991, 0
3.992, 0
3.993, 0
3.994, 0
3.995, 0
3.996, 0
3.997, 0
3.998, 0
3.999, 0
4, 0
4.001, 0
4.002, 0
4.003, 0
4.004, 0
4.005, 0
4.006, 0
4.007, 0
4.008, 0
4.009, 0
4.01, 0
4.011, 0
4.012, 0
4.013, 0
4.014, 0
4.015, 0
4.016, 0
4.017, 0
4.018, 0
4.019, 0
4.02, 0
4.021, 0
4.022, 0
4.023, 0
4.024, 0
4.025, 0
4.026, 0
4.027, 0
4.028, 0
4.029, 0
4.03, 0
4.031, 0
4.032, 0
4.033, 0
4.034, 0
4.035, 0
4.036, 0
4.037, 0
4.038, 0
4.039, 0
4.04, 0
4.041, 0
4.042, 0
4.043, 0
4.044, 0
4.045, 0
4.046, 0
4.047, 0
4.048, 0
4.049, 0
4.05, 0
4.051, 0
4.052, 0
4.053, 0
4.054, 0
4.055, 0
4.056, 0
4.057, 0
4.058, 0
4.059, 0
4.06, 0
4.061, 0
4.062, 0
4.063, 0
4.064, 0
4.065, 0
4.066, 0
4.067, 0
4.068, 0
4.069, 0
4.07, 0
4.071, 0
4.072, 0
4.073, 0
4.074, 0
4.075, 0
4.076, 0
4.077, 0
4.078, 0
4.079, 0
4.08, 0
4.081, 0
4.082, 0
4.083, 0
4.084, 0
4.085, 0
4.086, 0
4.087, 0
4.088, 0
4.089, 0
4.09, 0
4.091, 0
4.092, 0
4.093, 0
4.094, 0
4.095, 0
4.096, 0
4.097, 0
4.098, 0
4.099, 0
4.1, 0
4.101, 0
4.102, 0
