sim_time, unit_box_Custom?world_pose/position/y
0.001, 0.0099902
0.002, 0.0199733
0.003, 0.0299412
0.004, 0.0399057
0.005, 0.0498521
0.006, 0.0597968
0.007, 0.0697253
0.008, 0.0796506
0.009, 0.0895582
0.01, 0.0994638
0.011, 0.109353
0.012, 0.119239
0.013, 0.129107
0.014, 0.138974
0.015, 0.148823
0.016, 0.15867
0.017, 0.1685
0.018, 0.178327
0.019, 0.188137
0.02, 0.197945
0.021, 0.207735
0.022, 0.217523
0.023, 0.227294
0.024, 0.237063
0.025, 0.246814
0.026, 0.256563
0.027, 0.266294
0.028, 0.276024
0.029, 0.285736
0.03, 0.295445
0.031, 0.305138
0.032, 0.314828
0.033, 0.324501
0.034, 0.334171
0.035, 0.343825
0.036, 0.353475
0.037, 0.363109
0.038, 0.37274
0.039, 0.382354
0.04, 0.391966
0.041, 0.401561
0.042, 0.411153
0.043, 0.420728
0.044, 0.4303
0.045, 0.439855
0.046, 0.449408
0.047, 0.458944
0.048, 0.468477
0.049, 0.477993
0.05, 0.487507
0.051, 0.497003
0.052, 0.506497
0.053, 0.515974
0.054, 0.525449
0.055, 0.534906
0.056, 0.544361
0.057, 0.553799
0.058, 0.563234
0.059, 0.572652
0.06, 0.582068
0.061, 0.591466
0.062, 0.600862
0.063, 0.610241
0.064, 0.619617
0.065, 0.628977
0.066, 0.638334
0.067, 0.647673
0.068, 0.65701
0.069, 0.666331
0.07, 0.675648
0.071, 0.684949
0.072, 0.694247
0.073, 0.703528
0.074, 0.712806
0.075, 0.722067
0.076, 0.731326
0.077, 0.740568
0.078, 0.749807
0.079, 0.759029
0.08, 0.768249
0.081, 0.777451
0.082, 0.786651
0.083, 0.795834
0.084, 0.805015
0.085, 0.814178
0.086, 0.823339
0.087, 0.832483
0.088, 0.841624
0.089, 0.850748
0.09, 0.85987
0.091, 0.868974
0.092, 0.878076
0.093, 0.887161
0.094, 0.896243
0.095, 0.905309
0.096, 0.914372
0.097, 0.923417
0.098, 0.93246
0.099, 0.941487
0.1, 0.95051
0.101, 0.959517
0.102, 0.968521
0.103, 0.977508
0.104, 0.986492
0.105, 0.995459
0.106, 1.00442
0.107, 1.01337
0.108, 1.02232
0.109, 1.03125
0.11, 1.04017
0.111, 1.04908
0.112, 1.05799
0.113, 1.06687
0.114, 1.07576
0.115, 1.08463
0.116, 1.0935
0.117, 1.10235
0.118, 1.11119
0.119, 1.12002
0.12, 1.12885
0.121, 1.13766
0.122, 1.14647
0.123, 1.15526
0.124, 1.16405
0.125, 1.17282
0.126, 1.18159
0.127, 1.19034
0.128, 1.19909
0.129, 1.20782
0.13, 1.21655
0.131, 1.22526
0.132, 1.23397
0.133, 1.24267
0.134, 1.25136
0.135, 1.26003
0.136, 1.2687
0.137, 1.27736
0.138, 1.28601
0.139, 1.29464
0.14, 1.30327
0.141, 1.31189
0.142, 1.3205
0.143, 1.32909
0.144, 1.33769
0.145, 1.34626
0.146, 1.35483
0.147, 1.36339
0.148, 1.37194
0.149, 1.38048
0.15, 1.38901
0.151, 1.39753
0.152, 1.40604
0.153, 1.41454
0.154, 1.42303
0.155, 1.43151
0.156, 1.43999
0.157, 1.44844
0.158, 1.4569
0.159, 1.46534
0.16, 1.47377
0.161, 1.48219
0.162, 1.49061
0.163, 1.49901
0.164, 1.5074
0.165, 1.51578
0.166, 1.52416
0.167, 1.53252
0.168, 1.54088
0.169, 1.54922
0.17, 1.55755
0.171, 1.56587
0.172, 1.57419
0.173, 1.58249
0.174, 1.59079
0.175, 1.59907
0.176, 1.60735
0.177, 1.61561
0.178, 1.62387
0.179, 1.63211
0.18, 1.64035
0.181, 1.64858
0.182, 1.6568
0.183, 1.665
0.184, 1.6732
0.185, 1.68138
0.186, 1.68956
0.187, 1.69773
0.188, 1.70589
0.189, 1.71403
0.19, 1.72217
0.191, 1.7303
0.192, 1.73842
0.193, 1.74653
0.194, 1.75463
0.195, 1.76271
0.196, 1.7708
0.197, 1.77886
0.198, 1.78693
0.199, 1.79497
0.2, 1.80302
0.201, 1.81104
0.202, 1.81907
0.203, 1.82707
0.204, 1.83508
0.205, 1.84306
0.206, 1.85105
0.207, 1.85902
0.208, 1.86698
0.209, 1.87493
0.21, 1.88288
0.211, 1.8908
0.212, 1.89873
0.213, 1.90664
0.214, 1.91455
0.215, 1.92243
0.216, 1.93032
0.217, 1.93819
0.218, 1.94606
0.219, 1.95391
0.22, 1.96176
0.221, 1.96959
0.222, 1.97741
0.223, 1.98523
0.224, 1.99303
0.225, 2.00082
0.226, 2.00861
0.227, 2.01639
0.228, 2.02415
0.229, 2.03191
0.23, 2.03966
0.231, 2.04739
0.232, 2.05512
0.233, 2.06283
0.234, 2.07054
0.235, 2.07823
0.236, 2.08593
0.237, 2.0936
0.238, 2.10127
0.239, 2.10892
0.24, 2.11658
0.241, 2.12421
0.242, 2.13184
0.243, 2.13946
0.244, 2.14707
0.245, 2.15467
0.246, 2.16226
0.247, 2.16983
0.248, 2.17741
0.249, 2.18496
0.25, 2.19252
0.251, 2.20005
0.252, 2.20759
0.253, 2.2151
0.254, 2.22262
0.255, 2.23012
0.256, 2.23761
0.257, 2.24509
0.258, 2.25256
0.259, 2.26002
0.26, 2.26748
0.261, 2.27491
0.262, 2.28235
0.263, 2.28977
0.264, 2.29719
0.265, 2.30459
0.266, 2.31198
0.267, 2.31936
0.268, 2.32674
0.269, 2.3341
0.27, 2.34146
0.271, 2.3488
0.272, 2.35613
0.273, 2.36346
0.274, 2.37077
0.275, 2.37807
0.276, 2.38537
0.277, 2.39266
0.278, 2.39993
0.279, 2.4072
0.28, 2.41446
0.281, 2.4217
0.282, 2.42894
0.283, 2.43616
0.284, 2.44338
0.285, 2.45058
0.286, 2.45779
0.287, 2.46497
0.288, 2.47215
0.289, 2.47931
0.29, 2.48648
0.291, 2.49362
0.292, 2.50076
0.293, 2.50789
0.294, 2.51501
0.295, 2.52211
0.296, 2.52922
0.297, 2.5363
0.298, 2.54339
0.299, 2.55045
0.3, 2.55752
0.301, 2.56456
0.302, 2.57161
0.303, 2.57863
0.304, 2.58566
0.305, 2.59266
0.306, 2.59967
0.307, 2.60666
0.308, 2.61364
0.309, 2.62061
0.31, 2.62757
0.311, 2.63452
0.312, 2.64147
0.313, 2.6484
0.314, 2.65532
0.315, 2.66223
0.316, 2.66914
0.317, 2.67603
0.318, 2.68292
0.319, 2.68979
0.32, 2.69665
0.321, 2.7035
0.322, 2.71035
0.323, 2.71718
0.324, 2.72401
0.325, 2.73082
0.326, 2.73763
0.327, 2.74442
0.328, 2.75121
0.329, 2.75798
0.33, 2.76475
0.331, 2.77151
0.332, 2.77826
0.333, 2.78499
0.334, 2.79172
0.335, 2.79843
0.336, 2.80514
0.337, 2.81184
0.338, 2.81853
0.339, 2.8252
0.34, 2.83187
0.341, 2.83853
0.342, 2.84518
0.343, 2.85181
0.344, 2.85845
0.345, 2.86506
0.346, 2.87167
0.347, 2.87827
0.348, 2.88486
0.349, 2.89144
0.35, 2.89801
0.351, 2.90457
0.352, 2.91112
0.353, 2.91766
0.354, 2.92419
0.355, 2.93071
0.356, 2.93722
0.357, 2.94372
0.358, 2.95022
0.359, 2.9567
0.36, 2.96317
0.361, 2.96963
0.362, 2.97608
0.363, 2.98252
0.364, 2.98896
0.365, 2.99538
0.366, 3.0018
0.367, 3.0082
0.368, 3.01459
0.369, 3.02097
0.37, 3.02735
0.371, 3.03371
0.372, 3.04007
0.373, 3.04641
0.374, 3.05275
0.375, 3.05907
0.376, 3.06539
0.377, 3.07169
0.378, 3.07799
0.379, 3.08427
0.38, 3.09055
0.381, 3.09681
0.382, 3.10307
0.383, 3.10931
0.384, 3.11555
0.385, 3.12178
0.386, 3.128
0.387, 3.1342
0.388, 3.1404
0.389, 3.14659
0.39, 3.15277
0.391, 3.15893
0.392, 3.16509
0.393, 3.17124
0.394, 3.17738
0.395, 3.1835
0.396, 3.18963
0.397, 3.19573
0.398, 3.20184
0.399, 3.20792
0.4, 3.214
0.401, 3.22007
0.402, 3.22613
0.403, 3.23218
0.404, 3.23823
0.405, 3.24425
0.406, 3.25028
0.407, 3.25628
0.408, 3.26229
0.409, 3.26828
0.41, 3.27426
0.411, 3.28023
0.412, 3.2862
0.413, 3.29214
0.414, 3.29809
0.415, 3.30402
0.416, 3.30995
0.417, 3.31586
0.418, 3.32176
0.419, 3.32765
0.42, 3.33354
0.421, 3.33941
0.422, 3.34528
0.423, 3.35113
0.424, 3.35698
0.425, 3.36281
0.426, 3.36864
0.427, 3.37445
0.428, 3.38026
0.429, 3.38605
0.43, 3.39184
0.431, 3.39761
0.432, 3.40338
0.433, 3.40913
0.434, 3.41488
0.435, 3.42061
0.436, 3.42635
0.437, 3.43206
0.438, 3.43777
0.439, 3.44346
0.44, 3.44915
0.441, 3.45483
0.442, 3.4605
0.443, 3.46615
0.444, 3.47181
0.445, 3.47744
0.446, 3.48307
0.447, 3.48869
0.448, 3.4943
0.449, 3.4999
0.45, 3.50549
0.451, 3.51107
0.452, 3.51664
0.453, 3.5222
0.454, 3.52775
0.455, 3.53329
0.456, 3.53882
0.457, 3.54434
0.458, 3.54985
0.459, 3.55535
0.46, 3.56085
0.461, 3.56633
0.462, 3.5718
0.463, 3.57726
0.464, 3.58272
0.465, 3.58815
0.466, 3.59359
0.467, 3.59901
0.468, 3.60443
0.469, 3.60983
0.47, 3.61522
0.471, 3.6206
0.472, 3.62598
0.473, 3.63134
0.474, 3.6367
0.475, 3.64204
0.476, 3.64738
0.477, 3.6527
0.478, 3.65802
0.479, 3.66332
0.48, 3.66862
0.481, 3.6739
0.482, 3.67918
0.483, 3.68444
0.484, 3.6897
0.485, 3.69495
0.486, 3.70019
0.487, 3.70541
0.488, 3.71063
0.489, 3.71583
0.49, 3.72103
0.491, 3.72622
0.492, 3.7314
0.493, 3.73656
0.494, 3.74173
0.495, 3.74687
0.496, 3.75201
0.497, 3.75714
0.498, 3.76226
0.499, 3.76737
0.5, 3.77247
0.501, 3.77756
0.502, 3.78264
0.503, 3.78771
0.504, 3.79277
0.505, 3.79782
0.506, 3.80286
0.507, 3.80789
0.508, 3.81291
0.509, 3.81792
0.51, 3.82292
0.511, 3.82791
0.512, 3.8329
0.513, 3.83787
0.514, 3.84283
0.515, 3.84778
0.516, 3.85273
0.517, 3.85766
0.518, 3.86258
0.519, 3.86749
0.52, 3.8724
0.521, 3.87729
0.522, 3.88218
0.523, 3.88705
0.524, 3.89191
0.525, 3.89676
0.526, 3.90161
0.527, 3.90644
0.528, 3.91127
0.529, 3.91608
0.53, 3.92089
0.531, 3.92568
0.532, 3.93047
0.533, 3.93524
0.534, 3.94001
0.535, 3.94477
0.536, 3.94952
0.537, 3.95425
0.538, 3.95898
0.539, 3.96369
0.54, 3.9684
0.541, 3.9731
0.542, 3.97779
0.543, 3.98246
0.544, 3.98713
0.545, 3.99179
0.546, 3.99644
0.547, 4.00108
0.548, 4.00571
0.549, 4.01032
0.55, 4.01494
0.551, 4.01953
0.552, 4.02412
0.553, 4.0287
0.554, 4.03327
0.555, 4.03783
0.556, 4.04238
0.557, 4.04692
0.558, 4.05146
0.559, 4.05597
0.56, 4.06049
0.561, 4.06498
0.562, 4.06948
0.563, 4.07396
0.564, 4.07843
0.565, 4.08289
0.566, 4.08735
0.567, 4.09179
0.568, 4.09622
0.569, 4.10064
0.57, 4.10506
0.571, 4.10946
0.572, 4.11385
0.573, 4.11823
0.574, 4.12261
0.575, 4.12697
0.576, 4.13133
0.577, 4.13567
0.578, 4.14001
0.579, 4.14433
0.58, 4.14865
0.581, 4.15295
0.582, 4.15725
0.583, 4.16153
0.584, 4.16581
0.585, 4.17007
0.586, 4.17433
0.587, 4.17857
0.588, 4.18281
0.589, 4.18704
0.59, 4.19126
0.591, 4.19546
0.592, 4.19966
0.593, 4.20384
0.594, 4.20802
0.595, 4.21219
0.596, 4.21635
0.597, 4.22049
0.598, 4.22464
0.599, 4.22876
0.6, 4.23288
0.601, 4.23699
0.602, 4.24109
0.603, 4.24518
0.604, 4.24926
0.605, 4.25333
0.606, 4.25739
0.607, 4.26144
0.608, 4.26548
0.609, 4.26951
0.61, 4.27353
0.611, 4.27754
0.612, 4.28154
0.613, 4.28553
0.614, 4.28951
0.615, 4.29348
0.616, 4.29745
0.617, 4.3014
0.618, 4.30534
0.619, 4.30927
0.62, 4.3132
0.621, 4.3171
0.622, 4.32101
0.623, 4.3249
0.624, 4.32879
0.625, 4.33266
0.626, 4.33652
0.627, 4.34037
0.628, 4.34422
0.629, 4.34805
0.63, 4.35188
0.631, 4.35569
0.632, 4.3595
0.633, 4.36329
0.634, 4.36708
0.635, 4.37085
0.636, 4.37462
0.637, 4.37837
0.638, 4.38212
0.639, 4.38585
0.64, 4.38958
0.641, 4.3933
0.642, 4.39701
0.643, 4.4007
0.644, 4.40439
0.645, 4.40806
0.646, 4.41173
0.647, 4.41539
0.648, 4.41904
0.649, 4.42267
0.65, 4.4263
0.651, 4.42992
0.652, 4.43353
0.653, 4.43713
0.654, 4.44072
0.655, 4.44429
0.656, 4.44787
0.657, 4.45142
0.658, 4.45498
0.659, 4.45851
0.66, 4.46204
0.661, 4.46556
0.662, 4.46907
0.663, 4.47257
0.664, 4.47607
0.665, 4.47954
0.666, 4.48302
0.667, 4.48647
0.668, 4.48993
0.669, 4.49337
0.67, 4.4968
0.671, 4.50022
0.672, 4.50364
0.673, 4.50704
0.674, 4.51043
0.675, 4.51381
0.676, 4.51719
0.677, 4.52055
0.678, 4.5239
0.679, 4.52724
0.68, 4.53058
0.681, 4.5339
0.682, 4.53722
0.683, 4.54052
0.684, 4.54381
0.685, 4.5471
0.686, 4.55037
0.687, 4.55363
0.688, 4.55689
0.689, 4.56013
0.69, 4.56337
0.691, 4.5666
0.692, 4.56981
0.693, 4.57302
0.694, 4.57622
0.695, 4.5794
0.696, 4.58258
0.697, 4.58574
0.698, 4.5889
0.699, 4.59205
0.7, 4.59519
0.701, 4.59831
0.702, 4.60143
0.703, 4.60453
0.704, 4.60764
0.705, 4.61072
0.706, 4.6138
0.707, 4.61687
0.708, 4.61993
0.709, 4.62297
0.71, 4.62602
0.711, 4.62904
0.712, 4.63206
0.713, 4.63507
0.714, 4.63807
0.715, 4.64106
0.716, 4.64404
0.717, 4.64701
0.718, 4.64997
0.719, 4.65292
0.72, 4.65586
0.721, 4.65879
0.722, 4.66172
0.723, 4.66462
0.724, 4.66753
0.725, 4.67042
0.726, 4.6733
0.727, 4.67617
0.728, 4.67903
0.729, 4.68188
0.73, 4.68473
0.731, 4.68756
0.732, 4.69038
0.733, 4.69319
0.734, 4.696
0.735, 4.69879
0.736, 4.70158
0.737, 4.70435
0.738, 4.70711
0.739, 4.70986
0.74, 4.71261
0.741, 4.71534
0.742, 4.71807
0.743, 4.72078
0.744, 4.72349
0.745, 4.72618
0.746, 4.72887
0.747, 4.73154
0.748, 4.73421
0.749, 4.73686
0.75, 4.73951
0.751, 4.74214
0.752, 4.74477
0.753, 4.74738
0.754, 4.74999
0.755, 4.75259
0.756, 4.75518
0.757, 4.75775
0.758, 4.76032
0.759, 4.76288
0.76, 4.76543
0.761, 4.76796
0.762, 4.77049
0.763, 4.77301
0.764, 4.77552
0.765, 4.77801
0.766, 4.7805
0.767, 4.78298
0.768, 4.78545
0.769, 4.78791
0.77, 4.79036
0.771, 4.79279
0.772, 4.79523
0.773, 4.79764
0.774, 4.80006
0.775, 4.80245
0.776, 4.80485
0.777, 4.80722
0.778, 4.8096
0.779, 4.81195
0.78, 4.81431
0.781, 4.81664
0.782, 4.81898
0.783, 4.8213
0.784, 4.82361
0.785, 4.82591
0.786, 4.8282
0.787, 4.83048
0.788, 4.83276
0.789, 4.83501
0.79, 4.83727
0.791, 4.83951
0.792, 4.84174
0.793, 4.84396
0.794, 4.84618
0.795, 4.84838
0.796, 4.85058
0.797, 4.85276
0.798, 4.85493
0.799, 4.85709
0.8, 4.85925
0.801, 4.86139
0.802, 4.86353
0.803, 4.86565
0.804, 4.86777
0.805, 4.86987
0.806, 4.87196
0.807, 4.87405
0.808, 4.87612
0.809, 4.87819
0.81, 4.88024
0.811, 4.88229
0.812, 4.88432
0.813, 4.88635
0.814, 4.88837
0.815, 4.89037
0.816, 4.89237
0.817, 4.89435
0.818, 4.89633
0.819, 4.89829
0.82, 4.90025
0.821, 4.9022
0.822, 4.90414
0.823, 4.90606
0.824, 4.90798
0.825, 4.90988
0.826, 4.91179
0.827, 4.91367
0.828, 4.91555
0.829, 4.91742
0.83, 4.91928
0.831, 4.92112
0.832, 4.92296
0.833, 4.92479
0.834, 4.92661
0.835, 4.92842
0.836, 4.93022
0.837, 4.932
0.838, 4.93379
0.839, 4.93555
0.84, 4.93731
0.841, 4.93906
0.842, 4.9408
0.843, 4.94253
0.844, 4.94425
0.845, 4.94596
0.846, 4.94766
0.847, 4.94935
0.848, 4.95103
0.849, 4.9527
0.85, 4.95436
0.851, 4.95601
0.852, 4.95766
0.853, 4.95928
0.854, 4.96091
0.855, 4.96252
0.856, 4.96412
0.857, 4.96571
0.858, 4.96729
0.859, 4.96886
0.86, 4.97043
0.861, 4.97198
0.862, 4.97352
0.863, 4.97505
0.864, 4.97658
0.865, 4.97809
0.866, 4.97959
0.867, 4.98108
0.868, 4.98257
0.869, 4.98404
0.87, 4.9855
0.871, 4.98695
0.872, 4.9884
0.873, 4.98983
0.874, 4.99126
0.875, 4.99267
0.876, 4.99407
0.877, 4.99546
0.878, 4.99685
0.879, 4.99822
0.88, 4.99959
0.881, 5.00094
0.882, 5.00229
0.883, 5.00362
0.884, 5.00495
0.885, 5.00626
0.886, 5.00757
0.887, 5.00886
0.888, 5.01015
0.889, 5.01142
0.89, 5.01269
0.891, 5.01394
0.892, 5.01519
0.893, 5.01642
0.894, 5.01765
0.895, 5.01886
0.896, 5.02007
0.897, 5.02126
0.898, 5.02245
0.899, 5.02363
0.9, 5.0248
0.901, 5.02595
0.902, 5.0271
0.903, 5.02823
0.904, 5.02936
0.905, 5.03048
0.906, 5.03159
0.907, 5.03268
0.908, 5.03377
0.909, 5.03484
0.91, 5.03591
0.911, 5.03697
0.912, 5.03802
0.913, 5.03905
0.914, 5.04008
0.915, 5.0411
0.916, 5.04211
0.917, 5.0431
0.918, 5.04409
0.919, 5.04507
0.92, 5.04604
0.921, 5.047
0.922, 5.04795
0.923, 5.04888
0.924, 5.04981
0.925, 5.05073
0.926, 5.05164
0.927, 5.05253
0.928, 5.05343
0.929, 5.0543
0.93, 5.05517
0.931, 5.05603
0.932, 5.05688
0.933, 5.05772
0.934, 5.05855
0.935, 5.05937
0.936, 5.06018
0.937, 5.06097
0.938, 5.06177
0.939, 5.06254
0.94, 5.06331
0.941, 5.06407
0.942, 5.06482
0.943, 5.06556
0.944, 5.06629
0.945, 5.06701
0.946, 5.06772
0.947, 5.06842
0.948, 5.06911
0.949, 5.06979
0.95, 5.07046
0.951, 5.07112
0.952, 5.07177
0.953, 5.07241
0.954, 5.07304
0.955, 5.07366
0.956, 5.07427
0.957, 5.07487
0.958, 5.07546
0.959, 5.07604
0.96, 5.07661
0.961, 5.07717
0.962, 5.07772
0.963, 5.07826
0.964, 5.07879
0.965, 5.07931
0.966, 5.07982
0.967, 5.08032
0.968, 5.08081
0.969, 5.08129
0.97, 5.08176
0.971, 5.08222
0.972, 5.08268
0.973, 5.08311
0.974, 5.08355
0.975, 5.08396
0.976, 5.08438
0.977, 5.08477
0.978, 5.08517
0.979, 5.08554
0.98, 5.08592
0.981, 5.08628
0.982, 5.08663
0.983, 5.08697
0.984, 5.0873
0.985, 5.08762
0.986, 5.08793
0.987, 5.08823
0.988, 5.08852
0.989, 5.0888
0.99, 5.08907
0.991, 5.08933
0.992, 5.08959
0.993, 5.08982
0.994, 5.09006
0.995, 5.09027
0.996, 5.09049
0.997, 5.09068
0.998, 5.09088
0.999, 5.09105
1, 5.09123
1.001, 5.09138
1.002, 5.09154
1.003, 5.09168
1.004, 5.09181
1.005, 5.09193
1.006, 5.09204
1.007, 5.09214
1.008, 5.09223
1.009, 5.09231
1.01, 5.09238
1.011, 5.09244
1.012, 5.09249
1.013, 5.09253
1.014, 5.09256
1.015, 5.09259
1.016, 5.09261
1.017, 5.09263
1.018, 5.09265
1.019, 5.09266
1.02, 5.09268
1.021, 5.09268
1.022, 5.09269
1.023, 5.09268
1.024, 5.09268
1.025, 5.09267
1.026, 5.09266
1.027, 5.09264
1.028, 5.09262
1.029, 5.0926
1.03, 5.09258
1.031, 5.09254
1.032, 5.09251
1.033, 5.09247
1.034, 5.09243
1.035, 5.09239
1.036, 5.09234
1.037, 5.09228
1.038, 5.09223
1.039, 5.09217
1.04, 5.09211
1.041, 5.09204
1.042, 5.09197
1.043, 5.09189
1.044, 5.09182
1.045, 5.09173
1.046, 5.09165
1.047, 5.09156
1.048, 5.09147
1.049, 5.09137
1.05, 5.09127
1.051, 5.09117
1.052, 5.09106
1.053, 5.09095
1.054, 5.09084
1.055, 5.09072
1.056, 5.0906
1.057, 5.09047
1.058, 5.09034
1.059, 5.09021
1.06, 5.09007
1.061, 5.08993
1.062, 5.08979
1.063, 5.08964
1.064, 5.08949
1.065, 5.08933
1.066, 5.08918
1.067, 5.08902
1.068, 5.08885
1.069, 5.08868
1.07, 5.08851
1.071, 5.08833
1.072, 5.08815
1.073, 5.08815
1.074, 5.08811
1.075, 5.08806
1.076, 5.08803
1.077, 5.088
1.078, 5.08797
1.079, 5.08795
1.08, 5.08793
1.081, 5.08791
1.082, 5.0879
1.083, 5.08789
1.084, 5.08789
1.085, 5.08789
1.086, 5.08789
1.087, 5.08789
1.088, 5.0879
1.089, 5.08792
1.09, 5.08793
1.091, 5.08795
1.092, 5.08798
1.093, 5.08801
1.094, 5.08804
1.095, 5.08807
1.096, 5.08811
1.097, 5.08815
1.098, 5.0882
1.099, 5.08825
1.1, 5.08823
1.101, 5.08824
1.102, 5.08824
1.103, 5.08824
1.104, 5.08823
1.105, 5.08823
1.106, 5.08822
1.107, 5.0882
1.108, 5.0882
1.109, 5.08821
1.11, 5.08821
1.111, 5.08821
1.112, 5.08821
1.113, 5.08821
1.114, 5.08821
1.115, 5.0882
1.116, 5.08821
1.117, 5.08821
1.118, 5.08821
1.119, 5.0882
1.12, 5.08821
1.121, 5.08821
1.122, 5.08821
1.123, 5.08821
1.124, 5.08821
1.125, 5.08821
1.126, 5.08821
1.127, 5.08821
1.128, 5.08821
1.129, 5.08821
1.13, 5.08821
1.131, 5.08821
1.132, 5.08821
1.133, 5.08821
1.134, 5.08821
1.135, 5.08821
1.136, 5.08821
1.137, 5.08821
1.138, 5.08821
1.139, 5.08821
1.14, 5.08821
1.141, 5.08821
1.142, 5.08821
1.143, 5.08821
1.144, 5.08821
1.145, 5.08821
1.146, 5.08821
1.147, 5.08821
1.148, 5.08821
1.149, 5.08821
1.15, 5.08821
1.151, 5.08821
1.152, 5.08821
1.153, 5.08821
1.154, 5.08821
1.155, 5.08821
1.156, 5.08821
1.157, 5.08821
1.158, 5.08821
1.159, 5.08821
1.16, 5.08821
1.161, 5.08821
1.162, 5.08821
1.163, 5.08821
1.164, 5.08821
1.165, 5.08821
1.166, 5.08821
1.167, 5.08821
1.168, 5.08821
1.169, 5.08821
1.17, 5.08821
1.171, 5.08821
1.172, 5.08821
1.173, 5.08821
1.174, 5.08821
1.175, 5.08821
1.176, 5.08821
1.177, 5.08821
1.178, 5.08821
1.179, 5.08821
1.18, 5.08821
1.181, 5.08821
1.182, 5.08821
1.183, 5.08821
1.184, 5.08821
1.185, 5.08821
1.186, 5.08821
1.187, 5.08821
1.188, 5.08821
1.189, 5.08821
1.19, 5.08821
1.191, 5.08821
1.192, 5.08821
1.193, 5.08821
1.194, 5.08821
1.195, 5.08821
1.196, 5.08821
1.197, 5.08821
1.198, 5.08821
1.199, 5.08821
1.2, 5.08821
1.201, 5.08821
1.202, 5.08821
1.203, 5.08821
1.204, 5.08821
1.205, 5.08821
1.206, 5.08821
1.207, 5.08821
1.208, 5.08821
1.209, 5.08821
1.21, 5.08821
1.211, 5.08821
1.212, 5.08821
1.213, 5.08821
1.214, 5.08821
1.215, 5.08821
1.216, 5.08821
1.217, 5.08821
1.218, 5.08821
1.219, 5.08821
1.22, 5.08821
1.221, 5.08821
1.222, 5.08821
1.223, 5.08821
1.224, 5.08821
1.225, 5.08821
1.226, 5.08821
1.227, 5.08821
1.228, 5.08821
1.229, 5.08821
1.23, 5.08821
1.231, 5.08821
1.232, 5.08821
1.233, 5.08821
1.234, 5.08821
1.235, 5.08821
1.236, 5.08821
1.237, 5.08821
1.238, 5.08821
1.239, 5.08821
1.24, 5.08821
1.241, 5.08821
1.242, 5.08821
1.243, 5.08821
1.244, 5.08821
1.245, 5.08821
1.246, 5.08821
1.247, 5.08821
1.248, 5.08821
1.249, 5.08821
1.25, 5.08821
1.251, 5.08821
1.252, 5.08821
1.253, 5.08821
1.254, 5.08821
1.255, 5.08821
1.256, 5.08821
1.257, 5.08821
1.258, 5.08821
1.259, 5.08821
1.26, 5.08821
1.261, 5.08821
1.262, 5.08821
1.263, 5.08821
1.264, 5.08821
1.265, 5.08821
1.266, 5.08821
1.267, 5.08821
1.268, 5.08821
1.269, 5.08821
1.27, 5.08821
1.271, 5.08821
1.272, 5.08821
1.273, 5.08821
1.274, 5.08821
1.275, 5.08821
1.276, 5.08821
1.277, 5.08821
1.278, 5.08821
1.279, 5.08821
1.28, 5.08821
1.281, 5.08821
1.282, 5.08821
1.283, 5.08821
1.284, 5.08821
1.285, 5.08821
1.286, 5.08821
1.287, 5.08821
1.288, 5.08821
1.289, 5.08821
1.29, 5.08821
1.291, 5.08821
1.292, 5.08821
1.293, 5.08821
1.294, 5.08821
1.295, 5.08821
1.296, 5.08821
1.297, 5.08821
1.298, 5.08821
1.299, 5.08821
1.3, 5.08821
1.301, 5.08821
1.302, 5.08821
1.303, 5.08821
1.304, 5.08821
1.305, 5.08821
1.306, 5.08821
1.307, 5.08821
1.308, 5.08821
1.309, 5.08821
1.31, 5.08821
1.311, 5.08821
1.312, 5.08821
1.313, 5.08821
1.314, 5.08821
1.315, 5.08821
1.316, 5.08821
1.317, 5.08821
1.318, 5.08821
1.319, 5.08821
1.32, 5.08821
1.321, 5.08821
1.322, 5.08821
1.323, 5.08821
1.324, 5.08821
1.325, 5.08821
1.326, 5.08821
1.327, 5.08821
1.328, 5.08821
1.329, 5.08821
1.33, 5.08821
1.331, 5.08821
1.332, 5.08821
1.333, 5.08821
1.334, 5.08821
1.335, 5.08821
1.336, 5.08821
1.337, 5.08821
1.338, 5.08821
1.339, 5.08821
1.34, 5.08821
1.341, 5.08821
1.342, 5.08821
1.343, 5.08821
1.344, 5.08821
1.345, 5.08821
1.346, 5.08821
1.347, 5.08821
1.348, 5.08821
1.349, 5.08821
1.35, 5.08821
1.351, 5.08821
1.352, 5.08821
1.353, 5.08821
1.354, 5.08821
1.355, 5.08821
1.356, 5.08821
1.357, 5.08821
1.358, 5.08821
1.359, 5.08821
1.36, 5.08821
1.361, 5.08821
1.362, 5.08821
1.363, 5.08821
1.364, 5.08821
1.365, 5.08821
1.366, 5.08821
1.367, 5.08821
1.368, 5.08821
1.369, 5.08821
1.37, 5.08821
1.371, 5.08821
1.372, 5.08821
1.373, 5.08821
1.374, 5.08821
1.375, 5.08821
1.376, 5.08821
1.377, 5.08821
1.378, 5.08821
1.379, 5.08821
1.38, 5.08821
1.381, 5.08821
1.382, 5.08821
1.383, 5.08821
1.384, 5.08821
1.385, 5.08821
1.386, 5.08821
1.387, 5.08821
1.388, 5.08821
1.389, 5.08821
1.39, 5.08821
1.391, 5.08821
1.392, 5.08821
1.393, 5.08821
1.394, 5.08821
1.395, 5.08821
1.396, 5.08821
1.397, 5.08821
1.398, 5.08821
1.399, 5.08821
1.4, 5.08821
1.401, 5.08821
1.402, 5.08821
1.403, 5.08821
1.404, 5.08821
1.405, 5.08821
1.406, 5.08821
1.407, 5.08821
1.408, 5.08821
1.409, 5.08821
1.41, 5.08821
1.411, 5.08821
1.412, 5.08821
1.413, 5.08821
1.414, 5.08821
1.415, 5.08821
1.416, 5.08821
1.417, 5.08821
1.418, 5.08821
1.419, 5.08821
1.42, 5.08821
1.421, 5.08821
1.422, 5.08821
1.423, 5.08821
1.424, 5.08821
1.425, 5.08821
1.426, 5.08821
1.427, 5.08821
1.428, 5.08821
1.429, 5.08821
1.43, 5.08821
1.431, 5.08821
1.432, 5.08821
1.433, 5.08821
1.434, 5.08821
1.435, 5.08821
1.436, 5.08821
1.437, 5.08821
1.438, 5.08821
1.439, 5.08821
1.44, 5.08821
1.441, 5.08821
1.442, 5.08821
1.443, 5.08821
1.444, 5.08821
1.445, 5.08821
1.446, 5.08821
1.447, 5.08821
1.448, 5.08821
1.449, 5.08821
1.45, 5.08821
1.451, 5.08821
1.452, 5.08821
1.453, 5.08821
1.454, 5.08821
1.455, 5.08821
1.456, 5.08821
1.457, 5.08821
1.458, 5.08821
1.459, 5.08821
1.46, 5.08821
1.461, 5.08821
1.462, 5.08821
1.463, 5.08821
1.464, 5.08821
1.465, 5.08821
1.466, 5.08821
1.467, 5.08821
1.468, 5.08821
1.469, 5.08821
1.47, 5.08821
1.471, 5.08821
1.472, 5.08821
1.473, 5.08821
1.474, 5.08821
1.475, 5.08821
1.476, 5.08821
1.477, 5.08821
1.478, 5.08821
1.479, 5.08821
1.48, 5.08821
1.481, 5.08821
1.482, 5.08821
1.483, 5.08821
1.484, 5.08821
1.485, 5.08821
1.486, 5.08821
1.487, 5.08821
1.488, 5.08821
1.489, 5.08821
1.49, 5.08821
1.491, 5.08821
1.492, 5.08821
1.493, 5.08821
1.494, 5.08821
1.495, 5.08821
1.496, 5.08821
1.497, 5.08821
1.498, 5.08821
1.499, 5.08821
1.5, 5.08821
1.501, 5.08821
1.502, 5.08821
1.503, 5.08821
1.504, 5.08821
1.505, 5.08821
1.506, 5.08821
1.507, 5.08821
1.508, 5.08821
1.509, 5.08821
1.51, 5.08821
1.511, 5.08821
1.512, 5.08821
1.513, 5.08821
1.514, 5.08821
1.515, 5.08821
1.516, 5.08821
1.517, 5.08821
1.518, 5.08821
1.519, 5.08821
1.52, 5.08821
1.521, 5.08821
1.522, 5.08821
1.523, 5.08821
1.524, 5.08821
1.525, 5.08821
1.526, 5.08821
1.527, 5.08821
1.528, 5.08821
1.529, 5.08821
1.53, 5.08821
1.531, 5.08821
1.532, 5.08821
1.533, 5.08821
1.534, 5.08821
1.535, 5.08821
1.536, 5.08821
1.537, 5.08821
1.538, 5.08821
1.539, 5.08821
1.54, 5.08821
1.541, 5.08821
1.542, 5.08821
1.543, 5.08821
1.544, 5.08821
1.545, 5.08821
1.546, 5.08821
1.547, 5.08821
1.548, 5.08821
1.549, 5.08821
1.55, 5.08821
1.551, 5.08821
1.552, 5.08821
1.553, 5.08821
1.554, 5.08821
1.555, 5.08821
1.556, 5.08821
1.557, 5.08821
1.558, 5.08821
1.559, 5.08821
1.56, 5.08821
1.561, 5.08821
1.562, 5.08821
1.563, 5.08821
1.564, 5.08821
1.565, 5.08821
1.566, 5.08821
1.567, 5.08821
1.568, 5.08821
1.569, 5.08821
1.57, 5.08821
1.571, 5.08821
1.572, 5.08821
1.573, 5.08821
1.574, 5.08821
1.575, 5.08821
1.576, 5.08821
1.577, 5.08821
1.578, 5.08821
1.579, 5.08821
1.58, 5.08821
1.581, 5.08821
1.582, 5.08821
1.583, 5.08821
1.584, 5.08821
1.585, 5.08821
1.586, 5.08821
1.587, 5.08821
1.588, 5.08821
1.589, 5.08821
1.59, 5.08821
1.591, 5.08821
1.592, 5.08821
1.593, 5.08821
1.594, 5.08821
1.595, 5.08821
1.596, 5.08821
1.597, 5.08821
1.598, 5.08821
1.599, 5.08821
1.6, 5.08821
1.601, 5.08821
1.602, 5.08821
1.603, 5.08821
1.604, 5.08821
1.605, 5.08821
1.606, 5.08821
1.607, 5.08821
1.608, 5.08821
1.609, 5.08821
1.61, 5.08821
1.611, 5.08821
1.612, 5.08821
1.613, 5.08821
1.614, 5.08821
1.615, 5.08821
1.616, 5.08821
1.617, 5.08821
1.618, 5.08821
1.619, 5.08821
1.62, 5.08821
1.621, 5.08821
1.622, 5.08821
1.623, 5.08821
1.624, 5.08821
1.625, 5.08821
1.626, 5.08821
1.627, 5.08821
1.628, 5.08821
1.629, 5.08821
1.63, 5.08821
1.631, 5.08821
1.632, 5.08821
1.633, 5.08821
1.634, 5.08821
1.635, 5.08821
1.636, 5.08821
1.637, 5.08821
1.638, 5.08821
1.639, 5.08821
1.64, 5.08821
1.641, 5.08821
1.642, 5.08821
1.643, 5.08821
1.644, 5.08821
1.645, 5.08821
1.646, 5.08821
1.647, 5.08821
1.648, 5.08821
1.649, 5.08821
1.65, 5.08821
1.651, 5.08821
1.652, 5.08821
1.653, 5.08821
1.654, 5.08821
1.655, 5.08821
1.656, 5.08821
1.657, 5.08821
1.658, 5.08821
1.659, 5.08821
1.66, 5.08821
1.661, 5.08821
1.662, 5.08821
1.663, 5.08821
1.664, 5.08821
1.665, 5.08821
1.666, 5.08821
1.667, 5.08821
1.668, 5.08821
1.669, 5.08821
1.67, 5.08821
1.671, 5.08821
1.672, 5.08821
1.673, 5.08821
1.674, 5.08821
1.675, 5.08821
1.676, 5.08821
1.677, 5.08821
1.678, 5.08821
1.679, 5.08821
1.68, 5.08821
1.681, 5.08821
1.682, 5.08821
1.683, 5.08821
1.684, 5.08821
1.685, 5.08821
1.686, 5.08821
1.687, 5.08821
1.688, 5.08821
1.689, 5.08821
1.69, 5.08821
1.691, 5.08821
1.692, 5.08821
1.693, 5.08821
1.694, 5.08821
1.695, 5.08821
1.696, 5.08821
1.697, 5.08821
1.698, 5.08821
1.699, 5.08821
1.7, 5.08821
1.701, 5.08821
1.702, 5.08821
1.703, 5.08821
1.704, 5.08821
1.705, 5.08821
1.706, 5.08821
1.707, 5.08821
1.708, 5.08821
1.709, 5.08821
1.71, 5.08821
1.711, 5.08821
1.712, 5.08821
1.713, 5.08821
1.714, 5.08821
1.715, 5.08821
1.716, 5.08821
1.717, 5.08821
1.718, 5.08821
1.719, 5.08821
1.72, 5.08821
1.721, 5.08821
1.722, 5.08821
1.723, 5.08821
1.724, 5.08821
1.725, 5.08821
1.726, 5.08821
1.727, 5.08821
1.728, 5.08821
1.729, 5.08821
1.73, 5.08821
1.731, 5.08821
1.732, 5.08821
1.733, 5.08821
1.734, 5.08821
1.735, 5.08821
1.736, 5.08821
1.737, 5.08821
1.738, 5.08821
1.739, 5.08821
1.74, 5.08821
1.741, 5.08821
1.742, 5.08821
1.743, 5.08821
1.744, 5.08821
1.745, 5.08821
1.746, 5.08821
1.747, 5.08821
1.748, 5.08821
1.749, 5.08821
1.75, 5.08821
1.751, 5.08821
1.752, 5.08821
1.753, 5.08821
1.754, 5.08821
1.755, 5.08821
1.756, 5.08821
1.757, 5.08821
1.758, 5.08821
1.759, 5.08821
1.76, 5.08821
1.761, 5.08821
1.762, 5.08821
1.763, 5.08821
1.764, 5.08821
1.765, 5.08821
1.766, 5.08821
1.767, 5.08821
1.768, 5.08821
1.769, 5.08821
1.77, 5.08821
1.771, 5.08821
1.772, 5.08821
1.773, 5.08821
1.774, 5.08821
1.775, 5.08821
1.776, 5.08821
1.777, 5.08821
1.778, 5.08821
1.779, 5.08821
1.78, 5.08821
1.781, 5.08821
1.782, 5.08821
1.783, 5.08821
1.784, 5.08821
1.785, 5.08821
1.786, 5.08821
1.787, 5.08821
1.788, 5.08821
1.789, 5.08821
1.79, 5.08821
1.791, 5.08821
1.792, 5.08821
1.793, 5.08821
1.794, 5.08821
1.795, 5.08821
1.796, 5.08821
1.797, 5.08821
1.798, 5.08821
1.799, 5.08821
1.8, 5.08821
1.801, 5.08821
1.802, 5.08821
1.803, 5.08821
1.804, 5.08821
1.805, 5.08821
1.806, 5.08821
1.807, 5.08821
1.808, 5.08821
1.809, 5.08821
1.81, 5.08821
1.811, 5.08821
1.812, 5.08821
1.813, 5.08821
1.814, 5.08821
1.815, 5.08821
1.816, 5.08821
1.817, 5.08821
1.818, 5.08821
1.819, 5.08821
1.82, 5.08821
1.821, 5.08821
1.822, 5.08821
1.823, 5.08821
1.824, 5.08821
1.825, 5.08821
1.826, 5.08821
1.827, 5.08821
1.828, 5.08821
1.829, 5.08821
1.83, 5.08821
1.831, 5.08821
1.832, 5.08821
1.833, 5.08821
1.834, 5.08821
1.835, 5.08821
1.836, 5.08821
1.837, 5.08821
1.838, 5.08821
1.839, 5.08821
1.84, 5.08821
1.841, 5.08821
1.842, 5.08821
1.843, 5.08821
1.844, 5.08821
1.845, 5.08821
1.846, 5.08821
1.847, 5.08821
1.848, 5.08821
1.849, 5.08821
1.85, 5.08821
1.851, 5.08821
1.852, 5.08821
1.853, 5.08821
1.854, 5.08821
1.855, 5.08821
1.856, 5.08821
1.857, 5.08821
1.858, 5.08821
1.859, 5.08821
1.86, 5.08821
1.861, 5.08821
1.862, 5.08821
1.863, 5.08821
1.864, 5.08821
1.865, 5.08821
1.866, 5.08821
1.867, 5.08821
1.868, 5.08821
1.869, 5.08821
1.87, 5.08821
1.871, 5.08821
1.872, 5.08821
1.873, 5.08821
1.874, 5.08821
1.875, 5.08821
1.876, 5.08821
1.877, 5.08821
1.878, 5.08821
1.879, 5.08821
1.88, 5.08821
1.881, 5.08821
1.882, 5.08821
1.883, 5.08821
1.884, 5.08821
1.885, 5.08821
1.886, 5.08821
1.887, 5.08821
1.888, 5.08821
1.889, 5.08821
1.89, 5.08821
1.891, 5.08821
1.892, 5.08821
1.893, 5.08821
1.894, 5.08821
1.895, 5.08821
1.896, 5.08821
1.897, 5.08821
1.898, 5.08821
1.899, 5.08821
1.9, 5.08821
1.901, 5.08821
1.902, 5.08821
1.903, 5.08821
1.904, 5.08821
1.905, 5.08821
1.906, 5.08821
1.907, 5.08821
1.908, 5.08821
1.909, 5.08821
1.91, 5.08821
1.911, 5.08821
1.912, 5.08821
1.913, 5.08821
1.914, 5.08821
1.915, 5.08821
1.916, 5.08821
1.917, 5.08821
1.918, 5.08821
1.919, 5.08821
1.92, 5.08821
1.921, 5.08821
1.922, 5.08821
1.923, 5.08821
1.924, 5.08821
1.925, 5.08821
1.926, 5.08821
1.927, 5.08821
1.928, 5.08821
1.929, 5.08821
1.93, 5.08821
1.931, 5.08821
1.932, 5.08821
1.933, 5.08821
1.934, 5.08821
1.935, 5.08821
1.936, 5.08821
1.937, 5.08821
1.938, 5.08821
1.939, 5.08821
1.94, 5.08821
1.941, 5.08821
1.942, 5.08821
1.943, 5.08821
1.944, 5.08821
1.945, 5.08821
1.946, 5.08821
1.947, 5.08821
1.948, 5.08821
1.949, 5.08821
1.95, 5.08821
1.951, 5.08821
1.952, 5.08821
1.953, 5.08821
1.954, 5.08821
1.955, 5.08821
1.956, 5.08821
1.957, 5.08821
1.958, 5.08821
1.959, 5.08821
1.96, 5.08821
1.961, 5.08821
1.962, 5.08821
1.963, 5.08821
1.964, 5.08821
1.965, 5.08821
1.966, 5.08821
1.967, 5.08821
1.968, 5.08821
1.969, 5.08821
1.97, 5.08821
1.971, 5.08821
1.972, 5.08821
1.973, 5.08821
1.974, 5.08821
1.975, 5.08821
1.976, 5.08821
1.977, 5.08821
1.978, 5.08821
1.979, 5.08821
1.98, 5.08821
1.981, 5.08821
1.982, 5.08821
1.983, 5.08821
1.984, 5.08821
1.985, 5.08821
1.986, 5.08821
1.987, 5.08821
1.988, 5.08821
1.989, 5.08821
1.99, 5.08821
1.991, 5.08821
1.992, 5.08821
1.993, 5.08821
1.994, 5.08821
1.995, 5.08821
1.996, 5.08821
1.997, 5.08821
1.998, 5.08821
1.999, 5.08821
2, 5.08821
2.001, 5.08821
2.002, 5.08821
2.003, 5.08821
2.004, 5.08821
2.005, 5.08821
2.006, 5.08821
2.007, 5.08821
2.008, 5.08821
2.009, 5.08821
2.01, 5.08821
2.011, 5.08821
2.012, 5.08821
2.013, 5.08821
2.014, 5.08821
2.015, 5.08821
2.016, 5.08821
2.017, 5.08821
2.018, 5.08821
2.019, 5.08821
2.02, 5.08821
2.021, 5.08821
2.022, 5.08821
2.023, 5.08821
2.024, 5.08821
2.025, 5.08821
2.026, 5.08821
2.027, 5.08821
2.028, 5.08821
2.029, 5.08821
2.03, 5.08821
2.031, 5.08821
2.032, 5.08821
2.033, 5.08821
2.034, 5.08821
2.035, 5.08821
2.036, 5.08821
2.037, 5.08821
2.038, 5.08821
2.039, 5.08821
2.04, 5.08821
2.041, 5.08821
2.042, 5.08821
2.043, 5.08821
2.044, 5.08821
2.045, 5.08821
2.046, 5.08821
2.047, 5.08821
2.048, 5.08821
2.049, 5.08821
2.05, 5.08821
2.051, 5.08821
2.052, 5.08821
2.053, 5.08821
2.054, 5.08821
2.055, 5.08821
2.056, 5.08821
2.057, 5.08821
2.058, 5.08821
2.059, 5.08821
2.06, 5.08821
2.061, 5.08821
2.062, 5.08821
2.063, 5.08821
2.064, 5.08821
2.065, 5.08821
2.066, 5.08821
2.067, 5.08821
2.068, 5.08821
2.069, 5.08821
2.07, 5.08821
2.071, 5.08821
2.072, 5.08821
2.073, 5.08821
2.074, 5.08821
2.075, 5.08821
2.076, 5.08821
2.077, 5.08821
2.078, 5.08821
2.079, 5.08821
2.08, 5.08821
2.081, 5.08821
2.082, 5.08821
2.083, 5.08821
2.084, 5.08821
2.085, 5.08821
2.086, 5.08821
2.087, 5.08821
2.088, 5.08821
2.089, 5.08821
2.09, 5.08821
2.091, 5.08821
2.092, 5.08821
2.093, 5.08821
2.094, 5.08821
2.095, 5.08821
2.096, 5.08821
2.097, 5.08821
2.098, 5.08821
2.099, 5.08821
2.1, 5.08821
2.101, 5.08821
2.102, 5.08821
2.103, 5.08821
2.104, 5.08821
2.105, 5.08821
2.106, 5.08821
2.107, 5.08821
2.108, 5.08821
2.109, 5.08821
2.11, 5.08821
2.111, 5.08821
2.112, 5.08821
2.113, 5.08821
2.114, 5.08821
2.115, 5.08821
2.116, 5.08821
2.117, 5.08821
2.118, 5.08821
2.119, 5.08821
2.12, 5.08821
2.121, 5.08821
2.122, 5.08821
2.123, 5.08821
2.124, 5.08821
2.125, 5.08821
2.126, 5.08821
2.127, 5.08821
2.128, 5.08821
2.129, 5.08821
2.13, 5.08821
2.131, 5.08821
2.132, 5.08821
2.133, 5.08821
2.134, 5.08821
2.135, 5.08821
2.136, 5.08821
2.137, 5.08821
2.138, 5.08821
2.139, 5.08821
2.14, 5.08821
2.141, 5.08821
2.142, 5.08821
2.143, 5.08821
2.144, 5.08821
2.145, 5.08821
2.146, 5.08821
2.147, 5.08821
2.148, 5.08821
2.149, 5.08821
2.15, 5.08821
2.151, 5.08821
2.152, 5.08821
2.153, 5.08821
2.154, 5.08821
2.155, 5.08821
2.156, 5.08821
2.157, 5.08821
2.158, 5.08821
2.159, 5.08821
2.16, 5.08821
2.161, 5.08821
2.162, 5.08821
2.163, 5.08821
2.164, 5.08821
2.165, 5.08821
2.166, 5.08821
2.167, 5.08821
2.168, 5.08821
2.169, 5.08821
2.17, 5.08821
2.171, 5.08821
2.172, 5.08821
2.173, 5.08821
2.174, 5.08821
2.175, 5.08821
2.176, 5.08821
2.177, 5.08821
2.178, 5.08821
2.179, 5.08821
2.18, 5.08821
2.181, 5.08821
2.182, 5.08821
2.183, 5.08821
2.184, 5.08821
2.185, 5.08821
2.186, 5.08821
2.187, 5.08821
2.188, 5.08821
2.189, 5.08821
2.19, 5.08821
2.191, 5.08821
2.192, 5.08821
2.193, 5.08821
2.194, 5.08821
2.195, 5.08821
2.196, 5.08821
2.197, 5.08821
2.198, 5.08821
2.199, 5.08821
2.2, 5.08821
2.201, 5.08821
2.202, 5.08821
2.203, 5.08821
2.204, 5.08821
2.205, 5.08821
2.206, 5.08821
2.207, 5.08821
2.208, 5.08821
2.209, 5.08821
2.21, 5.08821
2.211, 5.08821
2.212, 5.08821
2.213, 5.08821
2.214, 5.08821
2.215, 5.08821
2.216, 5.08821
2.217, 5.08821
2.218, 5.08821
2.219, 5.08821
2.22, 5.08821
2.221, 5.08821
2.222, 5.08821
2.223, 5.08821
2.224, 5.08821
2.225, 5.08821
2.226, 5.08821
2.227, 5.08821
2.228, 5.08821
2.229, 5.08821
2.23, 5.08821
2.231, 5.08821
2.232, 5.08821
2.233, 5.08821
2.234, 5.08821
2.235, 5.08821
2.236, 5.08821
2.237, 5.08821
2.238, 5.08821
2.239, 5.08821
2.24, 5.08821
2.241, 5.08821
2.242, 5.08821
2.243, 5.08821
2.244, 5.08821
2.245, 5.08821
2.246, 5.08821
2.247, 5.08821
2.248, 5.08821
2.249, 5.08821
2.25, 5.08821
2.251, 5.08821
2.252, 5.08821
2.253, 5.08821
2.254, 5.08821
2.255, 5.08821
2.256, 5.08821
2.257, 5.08821
2.258, 5.08821
2.259, 5.08821
2.26, 5.08821
2.261, 5.08821
2.262, 5.08821
2.263, 5.08821
2.264, 5.08821
2.265, 5.08821
2.266, 5.08821
2.267, 5.08821
2.268, 5.08821
2.269, 5.08821
2.27, 5.08821
2.271, 5.08821
2.272, 5.08821
2.273, 5.08821
2.274, 5.08821
2.275, 5.08821
2.276, 5.08821
2.277, 5.08821
2.278, 5.08821
2.279, 5.08821
2.28, 5.08821
2.281, 5.08821
2.282, 5.08821
2.283, 5.08821
2.284, 5.08821
2.285, 5.08821
2.286, 5.08821
2.287, 5.08821
2.288, 5.08821
2.289, 5.08821
2.29, 5.08821
2.291, 5.08821
2.292, 5.08821
2.293, 5.08821
2.294, 5.08821
2.295, 5.08821
2.296, 5.08821
2.297, 5.08821
2.298, 5.08821
2.299, 5.08821
2.3, 5.08821
2.301, 5.08821
2.302, 5.08821
2.303, 5.08821
2.304, 5.08821
2.305, 5.08821
2.306, 5.08821
2.307, 5.08821
2.308, 5.08821
2.309, 5.08821
2.31, 5.08821
2.311, 5.08821
2.312, 5.08821
2.313, 5.08821
2.314, 5.08821
2.315, 5.08821
2.316, 5.08821
2.317, 5.08821
2.318, 5.08821
2.319, 5.08821
2.32, 5.08821
2.321, 5.08821
2.322, 5.08821
2.323, 5.08821
2.324, 5.08821
2.325, 5.08821
2.326, 5.08821
2.327, 5.08821
2.328, 5.08821
2.329, 5.08821
2.33, 5.08821
2.331, 5.08821
2.332, 5.08821
2.333, 5.08821
2.334, 5.08821
2.335, 5.08821
2.336, 5.08821
2.337, 5.08821
2.338, 5.08821
2.339, 5.08821
2.34, 5.08821
2.341, 5.08821
2.342, 5.08821
2.343, 5.08821
2.344, 5.08821
2.345, 5.08821
2.346, 5.08821
2.347, 5.08821
2.348, 5.08821
2.349, 5.08821
2.35, 5.08821
2.351, 5.08821
2.352, 5.08821
2.353, 5.08821
2.354, 5.08821
2.355, 5.08821
2.356, 5.08821
2.357, 5.08821
2.358, 5.08821
2.359, 5.08821
2.36, 5.08821
2.361, 5.08821
2.362, 5.08821
2.363, 5.08821
2.364, 5.08821
2.365, 5.08821
2.366, 5.08821
2.367, 5.08821
2.368, 5.08821
2.369, 5.08821
2.37, 5.08821
2.371, 5.08821
2.372, 5.08821
2.373, 5.08821
2.374, 5.08821
2.375, 5.08821
2.376, 5.08821
2.377, 5.08821
2.378, 5.08821
2.379, 5.08821
2.38, 5.08821
2.381, 5.08821
2.382, 5.08821
2.383, 5.08821
2.384, 5.08821
2.385, 5.08821
2.386, 5.08821
2.387, 5.08821
2.388, 5.08821
2.389, 5.08821
2.39, 5.08821
2.391, 5.08821
2.392, 5.08821
2.393, 5.08821
2.394, 5.08821
2.395, 5.08821
2.396, 5.08821
2.397, 5.08821
2.398, 5.08821
2.399, 5.08821
2.4, 5.08821
2.401, 5.08821
2.402, 5.08821
2.403, 5.08821
2.404, 5.08821
2.405, 5.08821
2.406, 5.08821
2.407, 5.08821
2.408, 5.08821
2.409, 5.08821
2.41, 5.08821
2.411, 5.08821
2.412, 5.08821
2.413, 5.08821
2.414, 5.08821
2.415, 5.08821
2.416, 5.08821
2.417, 5.08821
2.418, 5.08821
2.419, 5.08821
2.42, 5.08821
2.421, 5.08821
2.422, 5.08821
2.423, 5.08821
2.424, 5.08821
2.425, 5.08821
2.426, 5.08821
2.427, 5.08821
2.428, 5.08821
2.429, 5.08821
2.43, 5.08821
2.431, 5.08821
2.432, 5.08821
2.433, 5.08821
2.434, 5.08821
2.435, 5.08821
2.436, 5.08821
2.437, 5.08821
2.438, 5.08821
2.439, 5.08821
2.44, 5.08821
2.441, 5.08821
2.442, 5.08821
2.443, 5.08821
2.444, 5.08821
2.445, 5.08821
2.446, 5.08821
2.447, 5.08821
2.448, 5.08821
2.449, 5.08821
2.45, 5.08821
2.451, 5.08821
2.452, 5.08821
2.453, 5.08821
2.454, 5.08821
2.455, 5.08821
2.456, 5.08821
2.457, 5.08821
2.458, 5.08821
2.459, 5.08821
2.46, 5.08821
2.461, 5.08821
2.462, 5.08821
2.463, 5.08821
2.464, 5.08821
2.465, 5.08821
2.466, 5.08821
2.467, 5.08821
2.468, 5.08821
2.469, 5.08821
2.47, 5.08821
2.471, 5.08821
2.472, 5.08821
2.473, 5.08821
2.474, 5.08821
2.475, 5.08821
2.476, 5.08821
2.477, 5.08821
2.478, 5.08821
2.479, 5.08821
2.48, 5.08821
2.481, 5.08821
2.482, 5.08821
2.483, 5.08821
2.484, 5.08821
2.485, 5.08821
2.486, 5.08821
2.487, 5.08821
2.488, 5.08821
2.489, 5.08821
2.49, 5.08821
2.491, 5.08821
2.492, 5.08821
2.493, 5.08821
2.494, 5.08821
2.495, 5.08821
2.496, 5.08821
2.497, 5.08821
2.498, 5.08821
2.499, 5.08821
2.5, 5.08821
2.501, 5.08821
2.502, 5.08821
2.503, 5.08821
2.504, 5.08821
2.505, 5.08821
2.506, 5.08821
2.507, 5.08821
2.508, 5.08821
2.509, 5.08821
2.51, 5.08821
2.511, 5.08821
2.512, 5.08821
2.513, 5.08821
2.514, 5.08821
2.515, 5.08821
2.516, 5.08821
2.517, 5.08821
2.518, 5.08821
2.519, 5.08821
2.52, 5.08821
2.521, 5.08821
2.522, 5.08821
2.523, 5.08821
2.524, 5.08821
2.525, 5.08821
2.526, 5.08821
2.527, 5.08821
2.528, 5.08821
2.529, 5.08821
2.53, 5.08821
2.531, 5.08821
2.532, 5.08821
2.533, 5.08821
2.534, 5.08821
2.535, 5.08821
2.536, 5.08821
2.537, 5.08821
2.538, 5.08821
2.539, 5.08821
2.54, 5.08821
2.541, 5.08821
2.542, 5.08821
2.543, 5.08821
2.544, 5.08821
2.545, 5.08821
2.546, 5.08821
2.547, 5.08821
2.548, 5.08821
2.549, 5.08821
2.55, 5.08821
2.551, 5.08821
2.552, 5.08821
2.553, 5.08821
2.554, 5.08821
2.555, 5.08821
2.556, 5.08821
2.557, 5.08821
2.558, 5.08821
2.559, 5.08821
2.56, 5.08821
2.561, 5.08821
2.562, 5.08821
2.563, 5.08821
2.564, 5.08821
2.565, 5.08821
2.566, 5.08821
2.567, 5.08821
2.568, 5.08821
2.569, 5.08821
2.57, 5.08821
2.571, 5.08821
2.572, 5.08821
2.573, 5.08821
2.574, 5.08821
2.575, 5.08821
2.576, 5.08821
2.577, 5.08821
2.578, 5.08821
2.579, 5.08821
2.58, 5.08821
2.581, 5.08821
2.582, 5.08821
2.583, 5.08821
2.584, 5.08821
2.585, 5.08821
2.586, 5.08821
2.587, 5.08821
2.588, 5.08821
2.589, 5.08821
2.59, 5.08821
2.591, 5.08821
2.592, 5.08821
2.593, 5.08821
2.594, 5.08821
2.595, 5.08821
2.596, 5.08821
2.597, 5.08821
2.598, 5.08821
2.599, 5.08821
2.6, 5.08821
2.601, 5.08821
2.602, 5.08821
2.603, 5.08821
2.604, 5.08821
2.605, 5.08821
2.606, 5.08821
2.607, 5.08821
2.608, 5.08821
2.609, 5.08821
2.61, 5.08821
2.611, 5.08821
2.612, 5.08821
2.613, 5.08821
2.614, 5.08821
2.615, 5.08821
2.616, 5.08821
2.617, 5.08821
2.618, 5.08821
2.619, 5.08821
2.62, 5.08821
2.621, 5.08821
2.622, 5.08821
2.623, 5.08821
2.624, 5.08821
2.625, 5.08821
2.626, 5.08821
2.627, 5.08821
2.628, 5.08821
2.629, 5.08821
2.63, 5.08821
2.631, 5.08821
2.632, 5.08821
2.633, 5.08821
2.634, 5.08821
2.635, 5.08821
2.636, 5.08821
2.637, 5.08821
2.638, 5.08821
2.639, 5.08821
2.64, 5.08821
2.641, 5.08821
2.642, 5.08821
2.643, 5.08821
2.644, 5.08821
2.645, 5.08821
2.646, 5.08821
2.647, 5.08821
2.648, 5.08821
2.649, 5.08821
2.65, 5.08821
2.651, 5.08821
2.652, 5.08821
2.653, 5.08821
2.654, 5.08821
2.655, 5.08821
2.656, 5.08821
2.657, 5.08821
2.658, 5.08821
2.659, 5.08821
2.66, 5.08821
2.661, 5.08821
2.662, 5.08821
2.663, 5.08821
2.664, 5.08821
2.665, 5.08821
2.666, 5.08821
2.667, 5.08821
2.668, 5.08821
2.669, 5.08821
2.67, 5.08821
2.671, 5.08821
2.672, 5.08821
2.673, 5.08821
2.674, 5.08821
2.675, 5.08821
2.676, 5.08821
2.677, 5.08821
2.678, 5.08821
2.679, 5.08821
2.68, 5.08821
2.681, 5.08821
2.682, 5.08821
2.683, 5.08821
2.684, 5.08821
2.685, 5.08821
2.686, 5.08821
2.687, 5.08821
2.688, 5.08821
2.689, 5.08821
2.69, 5.08821
2.691, 5.08821
2.692, 5.08821
2.693, 5.08821
2.694, 5.08821
2.695, 5.08821
2.696, 5.08821
2.697, 5.08821
2.698, 5.08821
2.699, 5.08821
2.7, 5.08821
2.701, 5.08821
2.702, 5.08821
2.703, 5.08821
2.704, 5.08821
2.705, 5.08821
2.706, 5.08821
2.707, 5.08821
2.708, 5.08821
2.709, 5.08821
2.71, 5.08821
2.711, 5.08821
2.712, 5.08821
2.713, 5.08821
2.714, 5.08821
2.715, 5.08821
2.716, 5.08821
2.717, 5.08821
2.718, 5.08821
2.719, 5.08821
2.72, 5.08821
2.721, 5.08821
2.722, 5.08821
2.723, 5.08821
2.724, 5.08821
2.725, 5.08821
2.726, 5.08821
2.727, 5.08821
2.728, 5.08821
2.729, 5.08821
2.73, 5.08821
2.731, 5.08821
2.732, 5.08821
2.733, 5.08821
2.734, 5.08821
2.735, 5.08821
2.736, 5.08821
2.737, 5.08821
2.738, 5.08821
2.739, 5.08821
2.74, 5.08821
2.741, 5.08821
2.742, 5.08821
2.743, 5.08821
2.744, 5.08821
2.745, 5.08821
2.746, 5.08821
2.747, 5.08821
2.748, 5.08821
2.749, 5.08821
2.75, 5.08821
2.751, 5.08821
2.752, 5.08821
2.753, 5.08821
2.754, 5.08821
2.755, 5.08821
2.756, 5.08821
2.757, 5.08821
2.758, 5.08821
2.759, 5.08821
2.76, 5.08821
2.761, 5.08821
2.762, 5.08821
2.763, 5.08821
2.764, 5.08821
2.765, 5.08821
2.766, 5.08821
2.767, 5.08821
2.768, 5.08821
2.769, 5.08821
2.77, 5.08821
2.771, 5.08821
2.772, 5.08821
2.773, 5.08821
2.774, 5.08821
2.775, 5.08821
2.776, 5.08821
2.777, 5.08821
2.778, 5.08821
2.779, 5.08821
2.78, 5.08821
2.781, 5.08821
2.782, 5.08821
2.783, 5.08821
2.784, 5.08821
2.785, 5.08821
2.786, 5.08821
2.787, 5.08821
2.788, 5.08821
2.789, 5.08821
2.79, 5.08821
2.791, 5.08821
2.792, 5.08821
2.793, 5.08821
2.794, 5.08821
2.795, 5.08821
2.796, 5.08821
2.797, 5.08821
2.798, 5.08821
2.799, 5.08821
2.8, 5.08821
2.801, 5.08821
2.802, 5.08821
2.803, 5.08821
2.804, 5.08821
2.805, 5.08821
2.806, 5.08821
2.807, 5.08821
2.808, 5.08821
2.809, 5.08821
2.81, 5.08821
2.811, 5.08821
2.812, 5.08821
2.813, 5.08821
2.814, 5.08821
2.815, 5.08821
2.816, 5.08821
2.817, 5.08821
2.818, 5.08821
2.819, 5.08821
2.82, 5.08821
2.821, 5.08821
2.822, 5.08821
2.823, 5.08821
2.824, 5.08821
2.825, 5.08821
2.826, 5.08821
2.827, 5.08821
2.828, 5.08821
2.829, 5.08821
2.83, 5.08821
2.831, 5.08821
2.832, 5.08821
2.833, 5.08821
2.834, 5.08821
2.835, 5.08821
2.836, 5.08821
2.837, 5.08821
2.838, 5.08821
2.839, 5.08821
2.84, 5.08821
2.841, 5.08821
2.842, 5.08821
2.843, 5.08821
2.844, 5.08821
2.845, 5.08821
2.846, 5.08821
2.847, 5.08821
2.848, 5.08821
2.849, 5.08821
2.85, 5.08821
2.851, 5.08821
2.852, 5.08821
2.853, 5.08821
2.854, 5.08821
2.855, 5.08821
2.856, 5.08821
2.857, 5.08821
2.858, 5.08821
2.859, 5.08821
2.86, 5.08821
2.861, 5.08821
2.862, 5.08821
2.863, 5.08821
2.864, 5.08821
2.865, 5.08821
2.866, 5.08821
2.867, 5.08821
2.868, 5.08821
2.869, 5.08821
2.87, 5.08821
2.871, 5.08821
2.872, 5.08821
2.873, 5.08821
2.874, 5.08821
2.875, 5.08821
2.876, 5.08821
2.877, 5.08821
2.878, 5.08821
2.879, 5.08821
2.88, 5.08821
2.881, 5.08821
2.882, 5.08821
2.883, 5.08821
2.884, 5.08821
2.885, 5.08821
2.886, 5.08821
2.887, 5.08821
2.888, 5.08821
2.889, 5.08821
2.89, 5.08821
2.891, 5.08821
2.892, 5.08821
2.893, 5.08821
2.894, 5.08821
2.895, 5.08821
2.896, 5.08821
2.897, 5.08821
2.898, 5.08821
2.899, 5.08821
2.9, 5.08821
2.901, 5.08821
2.902, 5.08821
2.903, 5.08821
2.904, 5.08821
2.905, 5.08821
2.906, 5.08821
2.907, 5.08821
2.908, 5.08821
2.909, 5.08821
2.91, 5.08821
2.911, 5.08821
2.912, 5.08821
2.913, 5.08821
2.914, 5.08821
2.915, 5.08821
2.916, 5.08821
2.917, 5.08821
2.918, 5.08821
2.919, 5.08821
2.92, 5.08821
2.921, 5.08821
2.922, 5.08821
2.923, 5.08821
2.924, 5.08821
2.925, 5.08821
2.926, 5.08821
2.927, 5.08821
2.928, 5.08821
2.929, 5.08821
2.93, 5.08821
2.931, 5.08821
2.932, 5.08821
2.933, 5.08821
2.934, 5.08821
2.935, 5.08821
2.936, 5.08821
2.937, 5.08821
2.938, 5.08821
2.939, 5.08821
2.94, 5.08821
2.941, 5.08821
2.942, 5.08821
2.943, 5.08821
2.944, 5.08821
2.945, 5.08821
2.946, 5.08821
2.947, 5.08821
2.948, 5.08821
2.949, 5.08821
2.95, 5.08821
2.951, 5.08821
2.952, 5.08821
2.953, 5.08821
2.954, 5.08821
2.955, 5.08821
2.956, 5.08821
2.957, 5.08821
2.958, 5.08821
2.959, 5.08821
2.96, 5.08821
2.961, 5.08821
2.962, 5.08821
2.963, 5.08821
2.964, 5.08821
2.965, 5.08821
2.966, 5.08821
2.967, 5.08821
2.968, 5.08821
2.969, 5.08821
2.97, 5.08821
2.971, 5.08821
2.972, 5.08821
2.973, 5.08821
2.974, 5.08821
2.975, 5.08821
2.976, 5.08821
2.977, 5.08821
2.978, 5.08821
2.979, 5.08821
2.98, 5.08821
2.981, 5.08821
2.982, 5.08821
2.983, 5.08821
2.984, 5.08821
2.985, 5.08821
2.986, 5.08821
2.987, 5.08821
2.988, 5.08821
2.989, 5.08821
2.99, 5.08821
2.991, 5.08821
2.992, 5.08821
2.993, 5.08821
2.994, 5.08821
2.995, 5.08821
2.996, 5.08821
2.997, 5.08821
2.998, 5.08821
2.999, 5.08821
3, 5.08821
3.001, 5.08821
3.002, 5.08821
3.003, 5.08821
3.004, 5.08821
3.005, 5.08821
3.006, 5.08821
3.007, 5.08821
3.008, 5.08821
3.009, 5.08821
3.01, 5.08821
3.011, 5.08821
3.012, 5.08821
3.013, 5.08821
3.014, 5.08821
3.015, 5.08821
3.016, 5.08821
3.017, 5.08821
3.018, 5.08821
3.019, 5.08821
3.02, 5.08821
3.021, 5.08821
3.022, 5.08821
3.023, 5.08821
3.024, 5.08821
3.025, 5.08821
3.026, 5.08821
3.027, 5.08821
3.028, 5.08821
3.029, 5.08821
3.03, 5.08821
3.031, 5.08821
3.032, 5.08821
3.033, 5.08821
3.034, 5.08821
3.035, 5.08821
3.036, 5.08821
3.037, 5.08821
3.038, 5.08821
3.039, 5.08821
3.04, 5.08821
3.041, 5.08821
3.042, 5.08821
3.043, 5.08821
3.044, 5.08821
3.045, 5.08821
3.046, 5.08821
3.047, 5.08821
3.048, 5.08821
3.049, 5.08821
3.05, 5.08821
3.051, 5.08821
3.052, 5.08821
3.053, 5.08821
3.054, 5.08821
3.055, 5.08821
3.056, 5.08821
3.057, 5.08821
3.058, 5.08821
3.059, 5.08821
3.06, 5.08821
3.061, 5.08821
3.062, 5.08821
3.063, 5.08821
3.064, 5.08821
3.065, 5.08821
3.066, 5.08821
3.067, 5.08821
3.068, 5.08821
3.069, 5.08821
3.07, 5.08821
3.071, 5.08821
3.072, 5.08821
3.073, 5.08821
3.074, 5.08821
3.075, 5.08821
3.076, 5.08821
3.077, 5.08821
3.078, 5.08821
3.079, 5.08821
3.08, 5.08821
3.081, 5.08821
3.082, 5.08821
3.083, 5.08821
3.084, 5.08821
3.085, 5.08821
3.086, 5.08821
3.087, 5.08821
3.088, 5.08821
3.089, 5.08821
3.09, 5.08821
3.091, 5.08821
3.092, 5.08821
3.093, 5.08821
3.094, 5.08821
3.095, 5.08821
3.096, 5.08821
3.097, 5.08821
3.098, 5.08821
3.099, 5.08821
3.1, 5.08821
3.101, 5.08821
3.102, 5.08821
3.103, 5.08821
3.104, 5.08821
3.105, 5.08821
3.106, 5.08821
3.107, 5.08821
3.108, 5.08821
3.109, 5.08821
3.11, 5.08821
3.111, 5.08821
3.112, 5.08821
3.113, 5.08821
3.114, 5.08821
3.115, 5.08821
3.116, 5.08821
3.117, 5.08821
3.118, 5.08821
3.119, 5.08821
3.12, 5.08821
3.121, 5.08821
3.122, 5.08821
3.123, 5.08821
3.124, 5.08821
3.125, 5.08821
3.126, 5.08821
3.127, 5.08821
3.128, 5.08821
3.129, 5.08821
3.13, 5.08821
3.131, 5.08821
3.132, 5.08821
3.133, 5.08821
3.134, 5.08821
3.135, 5.08821
3.136, 5.08821
3.137, 5.08821
3.138, 5.08821
3.139, 5.08821
3.14, 5.08821
3.141, 5.08821
3.142, 5.08821
3.143, 5.08821
3.144, 5.08821
3.145, 5.08821
3.146, 5.08821
3.147, 5.08821
3.148, 5.08821
3.149, 5.08821
3.15, 5.08821
3.151, 5.08821
3.152, 5.08821
3.153, 5.08821
3.154, 5.08821
3.155, 5.08821
3.156, 5.08821
3.157, 5.08821
3.158, 5.08821
3.159, 5.08821
3.16, 5.08821
3.161, 5.08821
3.162, 5.08821
3.163, 5.08821
3.164, 5.08821
3.165, 5.08821
3.166, 5.08821
3.167, 5.08821
3.168, 5.08821
3.169, 5.08821
3.17, 5.08821
3.171, 5.08821
3.172, 5.08821
3.173, 5.08821
3.174, 5.08821
3.175, 5.08821
3.176, 5.08821
3.177, 5.08821
3.178, 5.08821
3.179, 5.08821
3.18, 5.08821
3.181, 5.08821
3.182, 5.08821
3.183, 5.08821
3.184, 5.08821
3.185, 5.08821
3.186, 5.08821
3.187, 5.08821
3.188, 5.08821
3.189, 5.08821
3.19, 5.08821
3.191, 5.08821
3.192, 5.08821
3.193, 5.08821
3.194, 5.08821
3.195, 5.08821
3.196, 5.08821
3.197, 5.08821
3.198, 5.08821
3.199, 5.08821
3.2, 5.08821
3.201, 5.08821
3.202, 5.08821
3.203, 5.08821
3.204, 5.08821
3.205, 5.08821
3.206, 5.08821
3.207, 5.08821
3.208, 5.08821
3.209, 5.08821
3.21, 5.08821
3.211, 5.08821
3.212, 5.08821
3.213, 5.08821
3.214, 5.08821
3.215, 5.08821
3.216, 5.08821
3.217, 5.08821
3.218, 5.08821
3.219, 5.08821
3.22, 5.08821
3.221, 5.08821
3.222, 5.08821
3.223, 5.08821
3.224, 5.08821
3.225, 5.08821
3.226, 5.08821
3.227, 5.08821
3.228, 5.08821
3.229, 5.08821
3.23, 5.08821
3.231, 5.08821
3.232, 5.08821
3.233, 5.08821
3.234, 5.08821
3.235, 5.08821
3.236, 5.08821
3.237, 5.08821
3.238, 5.08821
3.239, 5.08821
3.24, 5.08821
3.241, 5.08821
3.242, 5.08821
3.243, 5.08821
3.244, 5.08821
3.245, 5.08821
3.246, 5.08821
3.247, 5.08821
3.248, 5.08821
3.249, 5.08821
3.25, 5.08821
3.251, 5.08821
3.252, 5.08821
3.253, 5.08821
3.254, 5.08821
3.255, 5.08821
3.256, 5.08821
3.257, 5.08821
3.258, 5.08821
3.259, 5.08821
3.26, 5.08821
3.261, 5.08821
3.262, 5.08821
3.263, 5.08821
3.264, 5.08821
3.265, 5.08821
3.266, 5.08821
3.267, 5.08821
3.268, 5.08821
3.269, 5.08821
3.27, 5.08821
3.271, 5.08821
3.272, 5.08821
3.273, 5.08821
3.274, 5.08821
3.275, 5.08821
3.276, 5.08821
3.277, 5.08821
3.278, 5.08821
3.279, 5.08821
3.28, 5.08821
3.281, 5.08821
3.282, 5.08821
3.283, 5.08821
3.284, 5.08821
3.285, 5.08821
3.286, 5.08821
3.287, 5.08821
3.288, 5.08821
3.289, 5.08821
3.29, 5.08821
3.291, 5.08821
3.292, 5.08821
3.293, 5.08821
3.294, 5.08821
3.295, 5.08821
3.296, 5.08821
3.297, 5.08821
3.298, 5.08821
3.299, 5.08821
3.3, 5.08821
3.301, 5.08821
3.302, 5.08821
3.303, 5.08821
3.304, 5.08821
3.305, 5.08821
3.306, 5.08821
3.307, 5.08821
3.308, 5.08821
3.309, 5.08821
3.31, 5.08821
3.311, 5.08821
3.312, 5.08821
3.313, 5.08821
3.314, 5.08821
3.315, 5.08821
3.316, 5.08821
3.317, 5.08821
3.318, 5.08821
3.319, 5.08821
3.32, 5.08821
3.321, 5.08821
3.322, 5.08821
3.323, 5.08821
3.324, 5.08821
3.325, 5.08821
3.326, 5.08821
3.327, 5.08821
3.328, 5.08821
3.329, 5.08821
3.33, 5.08821
3.331, 5.08821
3.332, 5.08821
3.333, 5.08821
3.334, 5.08821
3.335, 5.08821
3.336, 5.08821
3.337, 5.08821
3.338, 5.08821
3.339, 5.08821
3.34, 5.08821
3.341, 5.08821
3.342, 5.08821
3.343, 5.08821
3.344, 5.08821
3.345, 5.08821
3.346, 5.08821
3.347, 5.08821
3.348, 5.08821
3.349, 5.08821
3.35, 5.08821
3.351, 5.08821
3.352, 5.08821
3.353, 5.08821
3.354, 5.08821
3.355, 5.08821
3.356, 5.08821
3.357, 5.08821
3.358, 5.08821
3.359, 5.08821
3.36, 5.08821
3.361, 5.08821
3.362, 5.08821
3.363, 5.08821
3.364, 5.08821
3.365, 5.08821
3.366, 5.08821
3.367, 5.08821
3.368, 5.08821
3.369, 5.08821
3.37, 5.08821
3.371, 5.08821
3.372, 5.08821
3.373, 5.08821
3.374, 5.08821
3.375, 5.08821
3.376, 5.08821
3.377, 5.08821
3.378, 5.08821
3.379, 5.08821
3.38, 5.08821
3.381, 5.08821
3.382, 5.08821
3.383, 5.08821
3.384, 5.08821
3.385, 5.08821
3.386, 5.08821
3.387, 5.08821
3.388, 5.08821
3.389, 5.08821
3.39, 5.08821
3.391, 5.08821
3.392, 5.08821
3.393, 5.08821
3.394, 5.08821
3.395, 5.08821
3.396, 5.08821
3.397, 5.08821
3.398, 5.08821
3.399, 5.08821
3.4, 5.08821
3.401, 5.08821
3.402, 5.08821
3.403, 5.08821
3.404, 5.08821
3.405, 5.08821
3.406, 5.08821
3.407, 5.08821
3.408, 5.08821
3.409, 5.08821
3.41, 5.08821
3.411, 5.08821
3.412, 5.08821
3.413, 5.08821
3.414, 5.08821
3.415, 5.08821
3.416, 5.08821
3.417, 5.08821
3.418, 5.08821
3.419, 5.08821
3.42, 5.08821
3.421, 5.08821
3.422, 5.08821
3.423, 5.08821
3.424, 5.08821
3.425, 5.08821
3.426, 5.08821
3.427, 5.08821
3.428, 5.08821
3.429, 5.08821
3.43, 5.08821
3.431, 5.08821
3.432, 5.08821
3.433, 5.08821
3.434, 5.08821
3.435, 5.08821
3.436, 5.08821
3.437, 5.08821
3.438, 5.08821
3.439, 5.08821
3.44, 5.08821
3.441, 5.08821
3.442, 5.08821
3.443, 5.08821
3.444, 5.08821
3.445, 5.08821
3.446, 5.08821
3.447, 5.08821
3.448, 5.08821
3.449, 5.08821
3.45, 5.08821
3.451, 5.08821
3.452, 5.08821
3.453, 5.08821
3.454, 5.08821
3.455, 5.08821
3.456, 5.08821
3.457, 5.08821
3.458, 5.08821
3.459, 5.08821
3.46, 5.08821
3.461, 5.08821
3.462, 5.08821
3.463, 5.08821
3.464, 5.08821
3.465, 5.08821
3.466, 5.08821
3.467, 5.08821
3.468, 5.08821
3.469, 5.08821
3.47, 5.08821
3.471, 5.08821
3.472, 5.08821
3.473, 5.08821
3.474, 5.08821
3.475, 5.08821
3.476, 5.08821
3.477, 5.08821
3.478, 5.08821
3.479, 5.08821
3.48, 5.08821
3.481, 5.08821
3.482, 5.08821
3.483, 5.08821
3.484, 5.08821
3.485, 5.08821
3.486, 5.08821
3.487, 5.08821
3.488, 5.08821
3.489, 5.08821
3.49, 5.08821
3.491, 5.08821
3.492, 5.08821
3.493, 5.08821
3.494, 5.08821
3.495, 5.08821
3.496, 5.08821
3.497, 5.08821
3.498, 5.08821
3.499, 5.08821
3.5, 5.08821
3.501, 5.08821
3.502, 5.08821
3.503, 5.08821
3.504, 5.08821
3.505, 5.08821
3.506, 5.08821
3.507, 5.08821
3.508, 5.08821
3.509, 5.08821
3.51, 5.08821
3.511, 5.08821
3.512, 5.08821
3.513, 5.08821
3.514, 5.08821
3.515, 5.08821
3.516, 5.08821
3.517, 5.08821
3.518, 5.08821
3.519, 5.08821
3.52, 5.08821
3.521, 5.08821
3.522, 5.08821
3.523, 5.08821
3.524, 5.08821
3.525, 5.08821
3.526, 5.08821
3.527, 5.08821
3.528, 5.08821
3.529, 5.08821
3.53, 5.08821
3.531, 5.08821
3.532, 5.08821
3.533, 5.08821
3.534, 5.08821
3.535, 5.08821
3.536, 5.08821
3.537, 5.08821
3.538, 5.08821
3.539, 5.08821
3.54, 5.08821
3.541, 5.08821
3.542, 5.08821
3.543, 5.08821
3.544, 5.08821
3.545, 5.08821
3.546, 5.08821
3.547, 5.08821
3.548, 5.08821
3.549, 5.08821
3.55, 5.08821
3.551, 5.08821
3.552, 5.08821
3.553, 5.08821
3.554, 5.08821
3.555, 5.08821
3.556, 5.08821
3.557, 5.08821
3.558, 5.08821
3.559, 5.08821
3.56, 5.08821
3.561, 5.08821
3.562, 5.08821
3.563, 5.08821
3.564, 5.08821
3.565, 5.08821
3.566, 5.08821
3.567, 5.08821
3.568, 5.08821
3.569, 5.08821
3.57, 5.08821
3.571, 5.08821
3.572, 5.08821
3.573, 5.08821
3.574, 5.08821
3.575, 5.08821
3.576, 5.08821
3.577, 5.08821
3.578, 5.08821
3.579, 5.08821
3.58, 5.08821
3.581, 5.08821
3.582, 5.08821
3.583, 5.08821
3.584, 5.08821
3.585, 5.08821
3.586, 5.08821
3.587, 5.08821
3.588, 5.08821
3.589, 5.08821
3.59, 5.08821
3.591, 5.08821
3.592, 5.08821
3.593, 5.08821
3.594, 5.08821
3.595, 5.08821
3.596, 5.08821
3.597, 5.08821
3.598, 5.08821
3.599, 5.08821
3.6, 5.08821
3.601, 5.08821
3.602, 5.08821
3.603, 5.08821
3.604, 5.08821
3.605, 5.08821
3.606, 5.08821
3.607, 5.08821
3.608, 5.08821
3.609, 5.08821
3.61, 5.08821
3.611, 5.08821
3.612, 5.08821
3.613, 5.08821
3.614, 5.08821
3.615, 5.08821
3.616, 5.08821
3.617, 5.08821
3.618, 5.08821
3.619, 5.08821
3.62, 5.08821
3.621, 5.08821
3.622, 5.08821
3.623, 5.08821
3.624, 5.08821
3.625, 5.08821
3.626, 5.08821
3.627, 5.08821
3.628, 5.08821
3.629, 5.08821
3.63, 5.08821
3.631, 5.08821
3.632, 5.08821
3.633, 5.08821
3.634, 5.08821
3.635, 5.08821
3.636, 5.08821
3.637, 5.08821
3.638, 5.08821
3.639, 5.08821
3.64, 5.08821
3.641, 5.08821
3.642, 5.08821
3.643, 5.08821
3.644, 5.08821
3.645, 5.08821
3.646, 5.08821
3.647, 5.08821
3.648, 5.08821
3.649, 5.08821
3.65, 5.08821
3.651, 5.08821
3.652, 5.08821
3.653, 5.08821
3.654, 5.08821
3.655, 5.08821
3.656, 5.08821
3.657, 5.08821
3.658, 5.08821
3.659, 5.08821
3.66, 5.08821
3.661, 5.08821
3.662, 5.08821
3.663, 5.08821
3.664, 5.08821
3.665, 5.08821
3.666, 5.08821
3.667, 5.08821
3.668, 5.08821
3.669, 5.08821
3.67, 5.08821
3.671, 5.08821
3.672, 5.08821
3.673, 5.08821
3.674, 5.08821
3.675, 5.08821
3.676, 5.08821
3.677, 5.08821
3.678, 5.08821
3.679, 5.08821
3.68, 5.08821
3.681, 5.08821
3.682, 5.08821
3.683, 5.08821
3.684, 5.08821
3.685, 5.08821
3.686, 5.08821
3.687, 5.08821
3.688, 5.08821
3.689, 5.08821
3.69, 5.08821
3.691, 5.08821
3.692, 5.08821
3.693, 5.08821
3.694, 5.08821
3.695, 5.08821
3.696, 5.08821
3.697, 5.08821
3.698, 5.08821
3.699, 5.08821
3.7, 5.08821
3.701, 5.08821
3.702, 5.08821
3.703, 5.08821
3.704, 5.08821
3.705, 5.08821
3.706, 5.08821
3.707, 5.08821
3.708, 5.08821
3.709, 5.08821
3.71, 5.08821
3.711, 5.08821
3.712, 5.08821
3.713, 5.08821
3.714, 5.08821
3.715, 5.08821
3.716, 5.08821
3.717, 5.08821
3.718, 5.08821
3.719, 5.08821
3.72, 5.08821
3.721, 5.08821
3.722, 5.08821
3.723, 5.08821
3.724, 5.08821
3.725, 5.08821
3.726, 5.08821
3.727, 5.08821
3.728, 5.08821
3.729, 5.08821
3.73, 5.08821
3.731, 5.08821
3.732, 5.08821
3.733, 5.08821
3.734, 5.08821
3.735, 5.08821
3.736, 5.08821
3.737, 5.08821
3.738, 5.08821
3.739, 5.08821
3.74, 5.08821
3.741, 5.08821
3.742, 5.08821
3.743, 5.08821
3.744, 5.08821
3.745, 5.08821
3.746, 5.08821
3.747, 5.08821
3.748, 5.08821
3.749, 5.08821
3.75, 5.08821
3.751, 5.08821
3.752, 5.08821
3.753, 5.08821
3.754, 5.08821
3.755, 5.08821
3.756, 5.08821
3.757, 5.08821
3.758, 5.08821
3.759, 5.08821
3.76, 5.08821
3.761, 5.08821
3.762, 5.08821
3.763, 5.08821
3.764, 5.08821
3.765, 5.08821
3.766, 5.08821
3.767, 5.08821
3.768, 5.08821
3.769, 5.08821
3.77, 5.08821
3.771, 5.08821
3.772, 5.08821
3.773, 5.08821
3.774, 5.08821
3.775, 5.08821
3.776, 5.08821
3.777, 5.08821
3.778, 5.08821
3.779, 5.08821
3.78, 5.08821
3.781, 5.08821
3.782, 5.08821
3.783, 5.08821
3.784, 5.08821
3.785, 5.08821
3.786, 5.08821
3.787, 5.08821
3.788, 5.08821
3.789, 5.08821
3.79, 5.08821
3.791, 5.08821
3.792, 5.08821
3.793, 5.08821
3.794, 5.08821
3.795, 5.08821
3.796, 5.08821
3.797, 5.08821
3.798, 5.08821
3.799, 5.08821
3.8, 5.08821
3.801, 5.08821
3.802, 5.08821
3.803, 5.08821
3.804, 5.08821
3.805, 5.08821
3.806, 5.08821
3.807, 5.08821
3.808, 5.08821
3.809, 5.08821
3.81, 5.08821
3.811, 5.08821
3.812, 5.08821
3.813, 5.08821
3.814, 5.08821
3.815, 5.08821
3.816, 5.08821
3.817, 5.08821
3.818, 5.08821
3.819, 5.08821
3.82, 5.08821
3.821, 5.08821
3.822, 5.08821
3.823, 5.08821
3.824, 5.08821
3.825, 5.08821
3.826, 5.08821
3.827, 5.08821
3.828, 5.08821
3.829, 5.08821
3.83, 5.08821
3.831, 5.08821
3.832, 5.08821
3.833, 5.08821
3.834, 5.08821
3.835, 5.08821
3.836, 5.08821
3.837, 5.08821
3.838, 5.08821
3.839, 5.08821
3.84, 5.08821
3.841, 5.08821
3.842, 5.08821
3.843, 5.08821
3.844, 5.08821
3.845, 5.08821
3.846, 5.08821
3.847, 5.08821
3.848, 5.08821
3.849, 5.08821
3.85, 5.08821
3.851, 5.08821
3.852, 5.08821
3.853, 5.08821
3.854, 5.08821
3.855, 5.08821
3.856, 5.08821
3.857, 5.08821
3.858, 5.08821
3.859, 5.08821
3.86, 5.08821
3.861, 5.08821
3.862, 5.08821
3.863, 5.08821
3.864, 5.08821
3.865, 5.08821
3.866, 5.08821
3.867, 5.08821
3.868, 5.08821
3.869, 5.08821
3.87, 5.08821
3.871, 5.08821
3.872, 5.08821
3.873, 5.08821
3.874, 5.08821
3.875, 5.08821
3.876, 5.08821
3.877, 5.08821
3.878, 5.08821
3.879, 5.08821
3.88, 5.08821
3.881, 5.08821
3.882, 5.08821
3.883, 5.08821
3.884, 5.08821
3.885, 5.08821
3.886, 5.08821
3.887, 5.08821
3.888, 5.08821
3.889, 5.08821
3.89, 5.08821
3.891, 5.08821
3.892, 5.08821
3.893, 5.08821
3.894, 5.08821
3.895, 5.08821
3.896, 5.08821
3.897, 5.08821
3.898, 5.08821
3.899, 5.08821
3.9, 5.08821
3.901, 5.08821
3.902, 5.08821
3.903, 5.08821
3.904, 5.08821
3.905, 5.08821
3.906, 5.08821
3.907, 5.08821
3.908, 5.08821
3.909, 5.08821
3.91, 5.08821
3.911, 5.08821
3.912, 5.08821
3.913, 5.08821
3.914, 5.08821
3.915, 5.08821
3.916, 5.08821
3.917, 5.08821
3.918, 5.08821
3.919, 5.08821
3.92, 5.08821
3.921, 5.08821
3.922, 5.08821
3.923, 5.08821
3.924, 5.08821
3.925, 5.08821
3.926, 5.08821
3.927, 5.08821
3.928, 5.08821
3.929, 5.08821
3.93, 5.08821
3.931, 5.08821
3.932, 5.08821
3.933, 5.08821
3.934, 5.08821
3.935, 5.08821
3.936, 5.08821
3.937, 5.08821
3.938, 5.08821
3.939, 5.08821
3.94, 5.08821
3.941, 5.08821
3.942, 5.08821
3.943, 5.08821
3.944, 5.08821
3.945, 5.08821
3.946, 5.08821
3.947, 5.08821
3.948, 5.08821
3.949, 5.08821
3.95, 5.08821
3.951, 5.08821
3.952, 5.08821
3.953, 5.08821
3.954, 5.08821
3.955, 5.08821
3.956, 5.08821
3.957, 5.08821
3.958, 5.08821
3.959, 5.08821
3.96, 5.08821
3.961, 5.08821
3.962, 5.08821
3.963, 5.08821
3.964, 5.08821
3.965, 5.08821
3.966, 5.08821
3.967, 5.08821
3.968, 5.08821
3.969, 5.08821
3.97, 5.08821
3.971, 5.08821
3.972, 5.08821
3.973, 5.08821
3.974, 5.08821
3.975, 5.08821
3.976, 5.08821
3.977, 5.08821
3.978, 5.08821
3.979, 5.08821
3.98, 5.08821
3.981, 5.08821
3.982, 5.08821
3.983, 5.08821
3.984, 5.08821
3.985, 5.08821
3.986, 5.08821
3.987, 5.08821
3.988, 5.08821
3.989, 5.08821
3.99, 5.08821
3.991, 5.08821
3.992, 5.08821
3.993, 5.08821
3.994, 5.08821
3.995, 5.08821
3.996, 5.08821
3.997, 5.08821
3.998, 5.08821
3.999, 5.08821
4, 5.08821
4.001, 5.08821
4.002, 5.08821
4.003, 5.08821
4.004, 5.08821
4.005, 5.08821
4.006, 5.08821
4.007, 5.08821
4.008, 5.08821
4.009, 5.08821
4.01, 5.08821
4.011, 5.08821
4.012, 5.08821
4.013, 5.08821
4.014, 5.08821
4.015, 5.08821
4.016, 5.08821
4.017, 5.08821
4.018, 5.08821
4.019, 5.08821
4.02, 5.08821
4.021, 5.08821
4.022, 5.08821
4.023, 5.08821
4.024, 5.08821
4.025, 5.08821
4.026, 5.08821
4.027, 5.08821
4.028, 5.08821
4.029, 5.08821
4.03, 5.08821
4.031, 5.08821
4.032, 5.08821
4.033, 5.08821
4.034, 5.08821
4.035, 5.08821
4.036, 5.08821
4.037, 5.08821
4.038, 5.08821
4.039, 5.08821
4.04, 5.08821
4.041, 5.08821
4.042, 5.08821
4.043, 5.08821
4.044, 5.08821
4.045, 5.08821
4.046, 5.08821
4.047, 5.08821
4.048, 5.08821
4.049, 5.08821
4.05, 5.08821
4.051, 5.08821
4.052, 5.08821
4.053, 5.08821
4.054, 5.08821
4.055, 5.08821
4.056, 5.08821
4.057, 5.08821
4.058, 5.08821
4.059, 5.08821
4.06, 5.08821
4.061, 5.08821
4.062, 5.08821
4.063, 5.08821
4.064, 5.08821
4.065, 5.08821
4.066, 5.08821
4.067, 5.08821
4.068, 5.08821
4.069, 5.08821
4.07, 5.08821
4.071, 5.08821
4.072, 5.08821
4.073, 5.08821
4.074, 5.08821
4.075, 5.08821
4.076, 5.08821
4.077, 5.08821
4.078, 5.08821
4.079, 5.08821
4.08, 5.08821
4.081, 5.08821
4.082, 5.08821
4.083, 5.08821
4.084, 5.08821
4.085, 5.08821
4.086, 5.08821
4.087, 5.08821
4.088, 5.08821
4.089, 5.08821
4.09, 5.08821
4.091, 5.08821
4.092, 5.08821
4.093, 5.08821
4.094, 5.08821
4.095, 5.08821
4.096, 5.08821
4.097, 5.08821
4.098, 5.08821
4.099, 5.08821
4.1, 5.08821
4.101, 5.08821
4.102, 5.08821
