sim_time, unit_box_Custom?world_linear_acceleration/x
0.001, -0.000234583
0.002, 5.3455
0.003, -10.4611
0.004, -2.55512
0.005, 13.574
0.006, 1.25737
0.007, -12.2159
0.008, -2.3807
0.009, 13.2382
0.01, 1.50921
0.011, -12.5858
0.012, -2.08183
0.013, 13.0023
0.014, 1.71306
0.015, -12.7555
0.016, -1.93547
0.017, 12.9006
0.018, 1.80381
0.019, -12.8174
0.02, -1.87989
0.021, 12.8648
0.022, 1.83636
0.023, -12.838
0.024, -1.86105
0.025, 12.8531
0.026, 1.84712
0.027, -12.8446
0.028, -1.85496
0.029, 12.8494
0.03, 1.85059
0.031, -12.8467
0.032, -1.853
0.033, 12.8482
0.034, 1.8517
0.035, -12.8474
0.036, -1.85236
0.037, 12.8478
0.038, 1.85206
0.039, -12.8476
0.04, -1.85215
0.041, 12.8477
0.042, 1.85218
0.043, -12.8477
0.044, -1.85207
0.045, 12.8477
0.046, 1.85222
0.047, -12.8478
0.048, -1.85204
0.049, 12.8477
0.05, 1.85224
0.051, -12.8478
0.052, -1.85202
0.053, 12.8477
0.054, 1.85225
0.055, -12.8478
0.056, -1.852
0.057, 12.8477
0.058, 1.85226
0.059, -12.8478
0.06, -1.85199
0.061, 12.8477
0.062, 1.85227
0.063, -12.8479
0.064, -1.85197
0.065, 12.8477
0.066, 1.85227
0.067, -12.8479
0.068, -1.85196
0.069, 12.8477
0.07, 1.85228
0.071, -12.8479
0.072, -1.85195
0.073, 12.8477
0.074, 1.85229
0.075, -12.8479
0.076, -1.85193
0.077, 12.8478
0.078, 1.8523
0.079, -12.8479
0.08, -1.85192
0.081, 12.8478
0.082, 1.8523
0.083, -12.848
0.084, -1.8519
0.085, 12.8478
0.086, 1.85231
0.087, -12.848
0.088, -1.85189
0.089, 12.8478
0.09, 1.85232
0.091, -12.848
0.092, -1.85187
0.093, 12.8478
0.094, 1.85232
0.095, -12.848
0.096, -1.85186
0.097, 12.8478
0.098, 1.85233
0.099, -12.8481
0.1, -1.85184
0.101, 12.8478
0.102, 1.85234
0.103, -12.8481
0.104, -1.85183
0.105, 12.8478
0.106, 1.85235
0.107, -12.8478
0.108, -1.85232
0.109, 12.8475
0.11, 1.85284
0.111, -12.8472
0.112, -1.85269
0.113, 12.8474
0.114, 1.85288
0.115, -12.8473
0.116, -1.85258
0.117, 12.8473
0.118, 1.85299
0.119, -12.8474
0.12, -1.8525
0.121, 12.8472
0.122, 1.85304
0.123, -12.8475
0.124, -1.85247
0.125, 12.8472
0.126, 1.85307
0.127, -12.8475
0.128, -1.85245
0.129, 12.8472
0.13, 1.85308
0.131, -12.8475
0.132, -1.85244
0.133, 12.8472
0.134, 1.8531
0.135, -12.8475
0.136, -1.85243
0.137, 12.8472
0.138, 1.85311
0.139, -12.8476
0.14, -1.85242
0.141, 12.8472
0.142, 1.85313
0.143, -12.8476
0.144, -1.85241
0.145, 12.8472
0.146, 1.85314
0.147, -12.8476
0.148, -1.8524
0.149, 12.8472
0.15, 1.85316
0.151, -12.8476
0.152, -1.85239
0.153, 12.8473
0.154, 1.85317
0.155, -12.8476
0.156, -1.85238
0.157, 12.8473
0.158, 1.85319
0.159, -12.8477
0.16, -1.85237
0.161, 12.8473
0.162, 1.8532
0.163, -12.8477
0.164, -1.85236
0.165, 12.8473
0.166, 1.85322
0.167, -12.8477
0.168, -1.85235
0.169, 12.8473
0.17, 1.85323
0.171, -12.8477
0.172, -1.85234
0.173, 12.8473
0.174, 1.85325
0.175, -12.8478
0.176, -1.85233
0.177, 12.8473
0.178, 1.85327
0.179, -12.8478
0.18, -1.85232
0.181, 12.8473
0.182, 1.85328
0.183, -12.8478
0.184, -1.85231
0.185, 12.8473
0.186, 1.8533
0.187, -12.8478
0.188, -1.85229
0.189, 12.8473
0.19, 1.85332
0.191, -12.8479
0.192, -1.85228
0.193, 12.8474
0.194, 1.85333
0.195, -12.8479
0.196, -1.85227
0.197, 12.8474
0.198, 1.85335
0.199, -12.8479
0.2, -1.85226
0.201, 12.8474
0.202, 1.85337
0.203, -12.8479
0.204, -1.85225
0.205, 12.8474
0.206, 1.85339
0.207, -12.848
0.208, -1.85224
0.209, 12.8474
0.21, 1.8534
0.211, -12.848
0.212, -1.85223
0.213, 12.8474
0.214, 1.85342
0.215, -12.848
0.216, -1.85222
0.217, 12.8474
0.218, 1.85344
0.219, -12.8481
0.22, -1.8522
0.221, 12.8475
0.222, 1.85346
0.223, -12.8481
0.224, -1.85219
0.225, 12.8475
0.226, 1.85348
0.227, -12.8481
0.228, -1.85218
0.229, 12.8475
0.23, 1.8535
0.231, -12.8482
0.232, -1.85217
0.233, 12.8475
0.234, 1.85352
0.235, -12.8482
0.236, -1.85216
0.237, 12.8475
0.238, 1.85354
0.239, -12.8482
0.24, -1.85214
0.241, 12.8475
0.242, 1.85356
0.243, -12.8483
0.244, -1.85213
0.245, 12.8476
0.246, 1.85358
0.247, -12.8483
0.248, -1.85212
0.249, 12.8476
0.25, 1.8536
0.251, -12.8483
0.252, -1.85211
0.253, 12.8476
0.254, 1.85363
0.255, -12.8484
0.256, -1.85209
0.257, 12.8476
0.258, 1.85365
0.259, -12.8484
0.26, -1.85208
0.261, 12.8476
0.262, 1.85367
0.263, -12.8485
0.264, -1.85207
0.265, 12.8477
0.266, 1.85369
0.267, -12.8485
0.268, -1.85205
0.269, 12.8477
0.27, 1.85372
0.271, -12.8485
0.272, -1.85204
0.273, 12.8477
0.274, 1.85374
0.275, -12.8486
0.276, -1.85203
0.277, 12.8477
0.278, 1.85377
0.279, -12.8486
0.28, -1.85201
0.281, 12.8478
0.282, 1.85379
0.283, -12.8487
0.284, -1.852
0.285, 12.8478
0.286, 1.85382
0.287, -12.8487
0.288, -1.85198
0.289, 12.8478
0.29, 1.85384
0.291, -12.8488
0.292, -1.85197
0.293, 12.8479
0.294, 1.85387
0.295, -12.8488
0.296, -1.85196
0.297, 12.8479
0.298, 1.8539
0.299, -12.8489
0.3, -1.85194
0.301, 12.8479
0.302, 1.85392
0.303, -12.8489
0.304, -1.85193
0.305, 12.8479
0.306, 1.85395
0.307, -12.849
0.308, -1.85191
0.309, 12.848
0.31, 1.85398
0.311, -12.849
0.312, -1.8519
0.313, 12.848
0.314, 1.85401
0.315, -12.8491
0.316, -1.85188
0.317, 12.8481
0.318, 1.85404
0.319, -12.8492
0.32, -1.85187
0.321, 12.8481
0.322, 1.85407
0.323, -12.8492
0.324, -1.85185
0.325, 12.8481
0.326, 1.8541
0.327, -12.8493
0.328, -1.85184
0.329, 12.8482
0.33, 1.85414
0.331, -12.8493
0.332, -1.85182
0.333, 12.8482
0.334, 1.85417
0.335, -12.8494
0.336, -1.85181
0.337, 12.8483
0.338, 1.8542
0.339, -12.8495
0.34, -1.85179
0.341, 12.8483
0.342, 1.85423
0.343, -12.8495
0.344, -1.85177
0.345, 12.8483
0.346, 1.85427
0.347, -12.8496
0.348, -1.85176
0.349, 12.8484
0.35, 1.8543
0.351, -12.8497
0.352, -1.85174
0.353, 12.8484
0.354, 1.85434
0.355, -12.8498
0.356, -1.85172
0.357, 12.8485
0.358, 1.85438
0.359, -12.8498
0.36, -1.85171
0.361, 12.8485
0.362, 1.85441
0.363, -12.8499
0.364, -1.85169
0.365, 12.8486
0.366, 1.85445
0.367, -12.85
0.368, -1.85167
0.369, 12.8487
0.37, 1.85449
0.371, -12.8501
0.372, -1.85166
0.373, 12.8487
0.374, 1.85453
0.375, -12.8502
0.376, -1.85164
0.377, 12.8488
0.378, 1.85457
0.379, -12.8503
0.38, -1.85162
0.381, 12.8488
0.382, 1.85462
0.383, -12.8504
0.384, -1.8516
0.385, 12.8489
0.386, 1.85466
0.387, -12.8505
0.388, -1.85159
0.389, 12.849
0.39, 1.8547
0.391, -12.8506
0.392, -1.85157
0.393, 12.849
0.394, 1.85475
0.395, -12.8507
0.396, -1.85155
0.397, 12.8491
0.398, 1.85479
0.399, -12.8508
0.4, -1.85153
0.401, 12.8492
0.402, 1.85484
0.403, -12.8509
0.404, -1.85151
0.405, 12.8492
0.406, 1.85489
0.407, -12.851
0.408, -1.85149
0.409, 12.8493
0.41, 1.85493
0.411, -12.8511
0.412, -1.85147
0.413, 12.8494
0.414, 1.85498
0.415, -12.8512
0.416, -1.85146
0.417, 12.8495
0.418, 1.85504
0.419, -12.8513
0.42, -1.85144
0.421, 12.8496
0.422, 1.85509
0.423, -12.8515
0.424, -1.85142
0.425, 12.8497
0.426, 1.85514
0.427, -12.8516
0.428, -1.8514
0.429, 12.8498
0.43, 1.85519
0.431, -12.8517
0.432, -1.85138
0.433, 12.8499
0.434, 1.85525
0.435, -12.8518
0.436, -1.85136
0.437, 12.85
0.438, 1.85531
0.439, -12.852
0.44, -1.85134
0.441, 12.8501
0.442, 1.85537
0.443, -12.8521
0.444, -1.85132
0.445, 12.8502
0.446, 1.85542
0.447, -12.8523
0.448, -1.8513
0.449, 12.8503
0.45, 1.85549
0.451, -12.8524
0.452, -1.85128
0.453, 12.8504
0.454, 1.85555
0.455, -12.8526
0.456, -1.85126
0.457, 12.8505
0.458, 1.85561
0.459, -12.8527
0.46, -1.85124
0.461, 12.8506
0.462, 1.85568
0.463, -12.8529
0.464, -1.85122
0.465, 12.8507
0.466, 1.85574
0.467, -12.8531
0.468, -1.8512
0.469, 12.8509
0.47, 1.85581
0.471, -12.8533
0.472, -1.85118
0.473, 12.851
0.474, 1.85588
0.475, -12.8534
0.476, -1.85116
0.477, 12.8511
0.478, 1.85595
0.479, -12.8536
0.48, -1.85113
0.481, 12.8513
0.482, 1.85602
0.483, -12.8538
0.484, -1.85111
0.485, 12.8514
0.486, 1.8561
0.487, -12.854
0.488, -1.85109
0.489, 12.8516
0.49, 1.85617
0.491, -12.8542
0.492, -1.85107
0.493, 12.8517
0.494, 1.85625
0.495, -12.8544
0.496, -1.85105
0.497, 12.8519
0.498, 1.85633
0.499, -12.8546
0.5, -1.85103
0.501, 12.8521
0.502, 1.85641
0.503, -12.8549
0.504, -1.85101
0.505, 12.8522
0.506, 1.8565
0.507, -12.8551
0.508, -1.85099
0.509, 12.8524
0.51, 1.85658
0.511, -12.8553
0.512, -1.85097
0.513, 12.8526
0.514, 1.85667
0.515, -12.8556
0.516, -1.85095
0.517, 12.8528
0.518, 1.85676
0.519, -12.8558
0.52, -1.85092
0.521, 12.853
0.522, 1.85685
0.523, -12.8561
0.524, -1.8509
0.525, 12.8532
0.526, 1.85695
0.527, -12.8563
0.528, -1.85088
0.529, 12.8534
0.53, 1.85704
0.531, -12.8566
0.532, -1.85086
0.533, 12.8536
0.534, 1.85714
0.535, -12.8569
0.536, -1.85084
0.537, 12.8538
0.538, 1.85724
0.539, -12.8572
0.54, -1.85082
0.541, 12.8541
0.542, 1.85734
0.543, -12.8575
0.544, -1.8508
0.545, 12.8543
0.546, 1.85745
0.547, -12.8578
0.548, -1.85078
0.549, 12.8546
0.55, 1.85756
0.551, -12.8581
0.552, -1.85076
0.553, 12.8548
0.554, 1.85767
0.555, -12.8584
0.556, -1.85074
0.557, 12.8551
0.558, 1.85778
0.559, -12.8587
0.56, -1.85072
0.561, 12.8553
0.562, 1.8579
0.563, -12.8591
0.564, -1.8507
0.565, 12.8556
0.566, 1.85802
0.567, -12.8594
0.568, -1.85068
0.569, 12.8559
0.57, 1.85814
0.571, -12.8598
0.572, -1.85066
0.573, 12.8562
0.574, 1.85826
0.575, -12.8602
0.576, -1.85064
0.577, 12.8565
0.578, 1.85839
0.579, -12.8606
0.58, -1.85062
0.581, 12.8568
0.582, 1.85852
0.583, -12.861
0.584, -1.8506
0.585, 12.8572
0.586, 1.85865
0.587, -12.8614
0.588, -1.85058
0.589, 12.8575
0.59, 1.85879
0.591, -12.8618
0.592, -1.85056
0.593, 12.8578
0.594, 1.85893
0.595, -12.8622
0.596, -1.85054
0.597, 12.8582
0.598, 1.85908
0.599, -12.8627
0.6, -1.85053
0.601, 12.8586
0.602, 1.85922
0.603, -12.8632
0.604, -1.85051
0.605, 12.859
0.606, 1.85937
0.607, -12.8636
0.608, -1.85049
0.609, 12.8594
0.61, 1.85953
0.611, -12.8641
0.612, -1.85048
0.613, 12.8598
0.614, 1.85969
0.615, -12.8646
0.616, -1.85046
0.617, 12.8602
0.618, 1.85985
0.619, -12.8652
0.62, -1.85045
0.621, 12.8606
0.622, 1.86002
0.623, -12.8657
0.624, -1.85043
0.625, 12.8611
0.626, 1.86019
0.627, -12.8662
0.628, -1.85042
0.629, 12.8616
0.63, 1.86036
0.631, -12.8668
0.632, -1.85041
0.633, 12.862
0.634, 1.86054
0.635, -12.8674
0.636, -1.85039
0.637, 12.8625
0.638, 1.86072
0.639, -12.868
0.64, -1.85038
0.641, 12.863
0.642, 1.86091
0.643, -12.8686
0.644, -1.85037
0.645, 12.8636
0.646, 1.8611
0.647, -12.8693
0.648, -1.85036
0.649, 12.8641
0.65, 1.8613
0.651, -12.8699
0.652, -1.85035
0.653, 12.8647
0.654, 1.86151
0.655, -12.8706
0.656, -1.85034
0.657, 12.8653
0.658, 1.86171
0.659, -12.8713
0.66, -1.85034
0.661, 12.8659
0.662, 1.86193
0.663, -12.872
0.664, -1.85033
0.665, 12.8665
0.666, 1.86214
0.667, -12.8728
0.668, -1.85032
0.669, 12.8671
0.67, 1.86237
0.671, -12.8736
0.672, -1.85032
0.673, 12.8678
0.674, 1.8626
0.675, -12.8743
0.676, -1.85032
0.677, 12.8685
0.678, 1.86283
0.679, -12.8752
0.68, -1.85032
0.681, 12.8692
0.682, 1.86307
0.683, -12.876
0.684, -1.85032
0.685, 12.8699
0.686, 1.86332
0.687, -12.8769
0.688, -1.85032
0.689, 12.8706
0.69, 1.86357
0.691, -12.8778
0.692, -1.85032
0.693, 12.8714
0.694, 1.86384
0.695, -12.8787
0.696, -1.85032
0.697, 12.8722
0.698, 1.8641
0.699, -12.8796
0.7, -1.85033
0.701, 12.873
0.702, 1.86438
0.703, -12.8806
0.704, -1.85034
0.705, 12.8739
0.706, 1.86466
0.707, -12.8816
0.708, -1.85035
0.709, 12.8748
0.71, 1.86494
0.711, -12.8826
0.712, -1.85036
0.713, 12.8757
0.714, 1.86524
0.715, -12.8837
0.716, -1.85037
0.717, 12.8766
0.718, 1.86554
0.719, -12.8848
0.72, -1.85039
0.721, 12.8776
0.722, 1.86585
0.723, -12.8859
0.724, -1.8504
0.725, 12.8786
0.726, 1.86617
0.727, -12.8871
0.728, -1.85042
0.729, 12.8796
0.73, 1.8665
0.731, -12.8883
0.732, -1.85045
0.733, 12.8807
0.734, 1.86683
0.735, -12.8896
0.736, -1.85047
0.737, 12.8818
0.738, 1.86718
0.739, -12.8908
0.74, -1.8505
0.741, 12.8829
0.742, 1.86753
0.743, -12.8922
0.744, -1.85053
0.745, 12.8841
0.746, 1.8679
0.747, -12.8935
0.748, -1.85056
0.749, 12.8853
0.75, 1.86827
0.751, -12.8949
0.752, -1.85059
0.753, 12.8865
0.754, 1.86865
0.755, -12.8964
0.756, -1.85063
0.757, 12.8878
0.758, 1.86904
0.759, -12.8979
0.76, -1.85067
0.761, 12.8891
0.762, 1.86944
0.763, -12.8994
0.764, -1.85072
0.765, 12.8905
0.766, 1.86986
0.767, -12.901
0.768, -1.85076
0.769, 12.8919
0.77, 1.87028
0.771, -12.9026
0.772, -1.85082
0.773, 12.8933
0.774, 1.87072
0.775, -12.9043
0.776, -1.85087
0.777, 12.8948
0.778, 1.87116
0.779, -12.906
0.78, -1.85093
0.781, 12.8964
0.782, 1.87162
0.783, -12.9078
0.784, -1.85099
0.785, 12.898
0.786, 1.87209
0.787, -12.9096
0.788, -1.85106
0.789, 12.8996
0.79, 1.87257
0.791, -12.9115
0.792, -1.85113
0.793, 12.9013
0.794, 1.87307
0.795, -12.9135
0.796, -1.8512
0.797, 12.9031
0.798, 1.87358
0.799, -12.9155
0.8, -1.85128
0.801, 12.9049
0.802, 1.8741
0.803, -12.9176
0.804, -1.85137
0.805, 12.9068
0.806, 1.87464
0.807, -12.9197
0.808, -1.85146
0.809, 12.9087
0.81, 1.87519
0.811, -12.9219
0.812, -1.85155
0.813, 12.9107
0.814, 1.87576
0.815, -12.9242
0.816, -1.85165
0.817, 12.9127
0.818, 1.87634
0.819, -12.9266
0.82, -1.85176
0.821, 12.9149
0.822, 1.87694
0.823, -12.929
0.824, -1.85187
0.825, 12.917
0.826, 1.87756
0.827, -12.9315
0.828, -1.85199
0.829, 12.9193
0.83, 1.87819
0.831, -12.9341
0.832, -1.85211
0.833, 12.9216
0.834, 1.87884
0.835, -12.9367
0.836, -1.85224
0.837, 12.924
0.838, 1.8795
0.839, -12.9394
0.84, -1.85238
0.841, 12.9265
0.842, 1.88019
0.843, -12.9423
0.844, -1.85252
0.845, 12.929
0.846, 1.88089
0.847, -12.9452
0.848, -1.85267
0.849, 12.9317
0.85, 1.88161
0.851, -12.9482
0.852, -1.85283
0.853, 12.9344
0.854, 1.88236
0.855, -12.9513
0.856, -1.853
0.857, 12.9372
0.858, 1.88312
0.859, -12.9544
0.86, -1.85317
0.861, 12.9401
0.862, 1.8839
0.863, -12.9631
0.864, -1.84282
0.865, 12.9453
0.866, 1.88497
0.867, -12.9788
0.868, -1.83477
0.869, 12.9388
0.87, 1.89355
0.871, -12.9883
0.872, -1.82974
0.873, 12.9442
0.874, 1.88595
0.875, -12.9966
0.876, -1.82809
0.877, 12.96
0.878, 1.8787
0.879, -12.9906
0.88, -1.83599
0.881, 12.9698
0.882, 1.87419
0.883, -12.9908
0.884, -1.83947
0.885, 12.9754
0.886, 1.87317
0.887, -12.9937
0.888, -1.84071
0.889, 12.9796
0.89, 1.8735
0.891, -12.9974
0.892, -1.84122
0.893, 12.9836
0.894, 1.87426
0.895, -13.0016
0.896, -1.84154
0.897, 12.9876
0.898, 1.87514
0.899, -13.0059
0.9, -1.84181
0.901, 12.9916
0.902, 1.87608
0.903, -13.0104
0.904, -1.84209
0.905, 12.9958
0.906, 1.87705
0.907, -13.015
0.908, -1.84236
0.909, 13.0001
0.91, 1.87806
0.911, -13.0198
0.912, -1.84265
0.913, 13.0045
0.914, 1.87909
0.915, -13.0247
0.916, -1.84296
0.917, 13.0091
0.918, 1.88015
0.919, -13.0298
0.92, -1.84327
0.921, 13.0139
0.922, 1.88124
0.923, -13.035
0.924, -1.8436
0.925, 13.0187
0.926, 1.88236
0.927, -13.0404
0.928, -1.84394
0.929, 13.0238
0.93, 1.88352
0.931, -13.046
0.932, -1.8443
0.933, 13.029
0.934, 1.8847
0.935, -13.0517
0.936, -1.84467
0.937, 13.0343
0.938, 1.88593
0.939, -13.0577
0.94, -1.84505
0.941, 13.0399
0.942, 1.88718
0.943, -13.0638
0.944, -1.84545
0.945, 13.0456
0.946, 1.88848
0.947, -13.0701
0.948, -1.84586
0.949, 13.0515
0.95, 1.88981
0.951, -13.0766
0.952, -1.8463
0.953, 13.0575
0.954, 1.89118
0.955, -13.0833
0.956, -1.84674
0.957, 13.0638
0.958, 1.89259
0.959, -13.0902
0.96, -1.84721
0.961, 13.0703
0.962, 1.89404
0.963, -13.0974
0.964, -1.84769
0.965, 13.077
0.966, 1.89554
0.967, -13.1048
0.968, -1.8482
0.969, 13.0838
0.97, 1.89708
0.971, -13.1124
0.972, -1.84872
0.973, 13.0909
0.974, 1.89866
0.975, -13.1202
0.976, -1.84926
0.977, 13.0983
0.978, 1.90029
0.979, -13.1283
0.98, -1.84982
0.981, 13.1058
0.982, 1.90197
0.983, -13.1367
0.984, -1.85041
0.985, 13.1136
0.986, 1.9037
0.987, -13.1453
0.988, -1.85101
0.989, 13.1217
0.99, 1.90548
0.991, -13.1542
0.992, -1.85164
0.993, 13.13
0.994, 1.90732
0.995, -13.1634
0.996, -1.85229
0.997, 13.1386
0.998, 1.90921
0.999, -13.1729
1, -1.85296
1.001, 13.1474
1.002, 1.91116
1.003, -13.1827
1.004, -1.85366
1.005, 13.1566
1.006, 1.91316
1.007, -13.1928
1.008, -1.85438
1.009, 13.166
1.01, 1.9153
1.011, -13.2031
1.012, -1.85527
1.013, 12.6178
1.014, 0.960539
1.015, -8.62008
1.016, -0.935008
1.017, 5.47233
1.018, 0.961656
1.019, -6.91164
1.02, -0.940661
1.021, 6.27267
1.022, 0.946585
1.023, -6.55029
1.024, -0.949816
1.025, 6.43588
1.026, 0.943414
1.027, -6.47833
1.028, -0.948937
1.029, 6.4655
1.03, 0.944339
1.031, -6.46316
1.032, -0.946457
1.033, 6.46777
1.034, 0.944568
1.035, -6.45726
1.036, -0.94424
1.037, 6.46376
1.038, 0.943688
1.039, -6.45529
1.04, -0.935103
1.041, 6.46249
1.042, 0.935114
1.043, -6.45716
1.044, -0.927778
1.045, 6.45614
1.046, 0.932427
1.047, -6.44601
1.048, -0.926713
1.049, 6.44779
1.05, 0.928463
1.051, -6.43432
1.052, -0.924596
1.053, 6.43672
1.054, 0.924824
1.055, -6.42156
1.056, -0.921506
1.057, 6.42355
1.058, 0
1.059, -4.96529
1.06, -0.515758
1.061, 5.62509
1.062, -2.84859
1.063, 0
1.064, -0.226976
1.065, 0
1.066, 0.400975
1.067, 0
1.068, -0.369248
1.069, 0
1.07, 0.357747
1.071, 0
1.072, -0.326564
1.073, 0.114801
1.074, 0
1.075, 0
1.076, -0.185206
1.077, -0.0782397
1.078, 2.8865
1.079, -4.96272
1.08, -1.42119
1.081, 6.59439
1.082, 0.728124
1.083, -6.23821
1.084, -1.10152
1.085, 6.52424
1.086, 0.834501
1.087, -6.34919
1.088, -1.00455
1.089, 6.4529
1.09, 0.89894
1.091, -6.39476
1.092, -0.96145
1.093, 6.42337
1.094, 0.923685
1.095, -6.40849
1.096, -0.945157
1.097, 6.41021
1.098, 0.931281
1.099, -6.40952
1.1, 2.76106
1.101, 0
1.102, 0
1.103, 0.0063903
1.104, -0.108526
1.105, 0.222577
1.106, 2.61398
1.107, -5.20987
1.108, 2.46545
1.109, 0
1.11, 0
1.111, 0.0592536
1.112, -0.0404672
1.113, -2.67279
1.114, 5.33481
1.115, -1.38129
1.116, -2.56016
1.117, 1.21723
1.118, 0.0625344
1.119, 0
1.12, -0.00437567
1.121, 0.00292376
1.122, 2.10295
1.123, -4.20211
1.124, -2.2275
1.125, 8.65026
1.126, 0.432602
1.127, -9.50254
1.128, -0.114754
1.129, 9.71298
1.13, 0.0363195
1.131, -9.76492
1.132, -0.0169622
1.133, 9.77776
1.134, 0.0121702
1.135, -9.78092
1.136, -0.0109989
1.137, 9.78171
1.138, 0.0106996
1.139, -9.78189
1.14, -0.0106382
1.141, 9.78195
1.142, 0.0106101
1.143, -9.78196
1.144, -0.0106151
1.145, 9.78197
1.146, 0.0106044
1.147, -9.78196
1.148, -0.0106137
1.149, 9.78197
1.15, 0.010604
1.151, -9.78196
1.152, -0.0106136
1.153, 9.78197
1.154, 0.010604
1.155, -9.78196
1.156, -0.0106136
1.157, 9.78197
1.158, 0.010604
1.159, -9.78196
1.16, -0.0106136
1.161, 9.78197
1.162, 0.010604
1.163, -9.78196
1.164, -0.0106136
1.165, 9.78197
1.166, 0.010604
1.167, -9.78196
1.168, -0.0106136
1.169, 9.78197
1.17, 0.010604
1.171, -9.78196
1.172, -0.0106136
1.173, 9.78197
1.174, 0.010604
1.175, -9.78196
1.176, -0.0106136
1.177, 9.78197
1.178, 0.010604
1.179, -9.78196
1.18, -0.0106136
1.181, 9.78197
1.182, 0.010604
1.183, -9.78196
1.184, -0.0106136
1.185, 9.78197
1.186, 0.010604
1.187, -9.78196
1.188, -0.0106136
1.189, 9.78197
1.19, 0.010604
1.191, -9.78196
1.192, -0.0106136
1.193, 9.78197
1.194, 0.010604
1.195, -9.78196
1.196, -0.0106136
1.197, 9.78197
1.198, 0.010604
1.199, -9.78196
1.2, -0.0106136
1.201, 9.78197
1.202, 0.010604
1.203, -9.78196
1.204, -0.0106136
1.205, 9.78197
1.206, 0.010604
1.207, -9.78196
1.208, -0.0106136
1.209, 9.78197
1.21, 0.010604
1.211, -9.78196
1.212, -0.0106136
1.213, 9.78197
1.214, 0.010604
1.215, -9.78196
1.216, -0.0106136
1.217, 9.78197
1.218, 0.010604
1.219, -9.78196
1.22, -0.0106136
1.221, 9.78197
1.222, 0.010604
1.223, -9.78196
1.224, -0.0106136
1.225, 9.78197
1.226, 0.010604
1.227, -9.78196
1.228, -0.0106136
1.229, 9.78197
1.23, 0.010604
1.231, -9.78196
1.232, -0.0106136
1.233, 9.78197
1.234, 0.010604
1.235, -9.78196
1.236, -0.0106136
1.237, 9.78197
1.238, 0.010604
1.239, -9.78196
1.24, -0.0106136
1.241, 9.78197
1.242, 0.010604
1.243, -9.78196
1.244, -0.0106136
1.245, 9.78197
1.246, 0.010604
1.247, -9.78196
1.248, -0.0106136
1.249, 9.78197
1.25, 0.010604
1.251, -9.78196
1.252, -0.0106136
1.253, 9.78197
1.254, 0.010604
1.255, -9.78196
1.256, -0.0106136
1.257, 9.78197
1.258, 0.010604
1.259, -9.78196
1.26, -0.0106136
1.261, 9.78197
1.262, 0.010604
1.263, -9.78196
1.264, -0.0106136
1.265, 9.78197
1.266, 0.010604
1.267, -9.78196
1.268, -0.0106136
1.269, 9.78197
1.27, 0.010604
1.271, -9.78196
1.272, -0.0106136
1.273, 9.78197
1.274, 0.010604
1.275, -9.78196
1.276, -0.0106136
1.277, 9.78197
1.278, 0.010604
1.279, -9.78196
1.28, -0.0106136
1.281, 9.78197
1.282, 0.010604
1.283, -9.78196
1.284, -0.0106136
1.285, 9.78197
1.286, 0.010604
1.287, -9.78196
1.288, -0.0106136
1.289, 9.78197
1.29, 0.010604
1.291, -9.78196
1.292, -0.0106136
1.293, 9.78197
1.294, 0.010604
1.295, -9.78196
1.296, -0.0106136
1.297, 9.78197
1.298, 0.010604
1.299, -9.78196
1.3, -0.0106136
1.301, 9.78197
1.302, 0.010604
1.303, -9.78196
1.304, -0.0106136
1.305, 9.78197
1.306, 0.010604
1.307, -9.78196
1.308, -0.0106136
1.309, 9.78197
1.31, 0.010604
1.311, -9.78196
1.312, -0.0106136
1.313, 9.78197
1.314, 0.010604
1.315, -9.78196
1.316, -0.0106136
1.317, 9.78197
1.318, 0.010604
1.319, -9.78196
1.32, -0.0106136
1.321, 9.78197
1.322, 0.010604
1.323, -9.78196
1.324, -0.0106136
1.325, 9.78197
1.326, 0.010604
1.327, -9.78196
1.328, -0.0106136
1.329, 9.78197
1.33, 0.010604
1.331, -9.78196
1.332, -0.0106136
1.333, 9.78197
1.334, 0.010604
1.335, -9.78196
1.336, -0.0106136
1.337, 9.78197
1.338, 0.010604
1.339, -9.78196
1.34, -0.0106136
1.341, 9.78197
1.342, 0.010604
1.343, -9.78196
1.344, -0.0106136
1.345, 9.78197
1.346, 0.010604
1.347, -9.78196
1.348, -0.0106136
1.349, 9.78197
1.35, 0.010604
1.351, -9.78196
1.352, -0.0106136
1.353, 9.78197
1.354, 0.010604
1.355, -9.78196
1.356, -0.0106136
1.357, 9.78197
1.358, 0.010604
1.359, -9.78196
1.36, -0.0106136
1.361, 9.78197
1.362, 0.010604
1.363, -9.78196
1.364, -0.0106136
1.365, 9.78197
1.366, 0.010604
1.367, -9.78196
1.368, -0.0106136
1.369, 9.78197
1.37, 0.010604
1.371, -9.78196
1.372, -0.0106136
1.373, 9.78197
1.374, 0.010604
1.375, -9.78196
1.376, -0.0106136
1.377, 9.78197
1.378, 0.010604
1.379, -9.78196
1.38, -0.0106136
1.381, 9.78197
1.382, 0.010604
1.383, -9.78196
1.384, -0.0106136
1.385, 9.78197
1.386, 0.010604
1.387, -9.78196
1.388, -0.0106136
1.389, 9.78197
1.39, 0.010604
1.391, -9.78196
1.392, -0.0106136
1.393, 9.78197
1.394, 0.010604
1.395, -9.78196
1.396, -0.0106136
1.397, 9.78197
1.398, 0.010604
1.399, -9.78196
1.4, -0.0106136
1.401, 9.78197
1.402, 0.010604
1.403, -9.78196
1.404, -0.0106136
1.405, 9.78197
1.406, 0.010604
1.407, -9.78196
1.408, -0.0106136
1.409, 9.78197
1.41, 0.010604
1.411, -9.78196
1.412, -0.0106136
1.413, 9.78197
1.414, 0.010604
1.415, -9.78196
1.416, -0.0106136
1.417, 9.78197
1.418, 0.010604
1.419, -9.78196
1.42, -0.0106136
1.421, 9.78197
1.422, 0.010604
1.423, -9.78196
1.424, -0.0106136
1.425, 9.78197
1.426, 0.010604
1.427, -9.78196
1.428, -0.0106136
1.429, 9.78197
1.43, 0.010604
1.431, -9.78196
1.432, -0.0106136
1.433, 9.78197
1.434, 0.010604
1.435, -9.78196
1.436, -0.0106136
1.437, 9.78197
1.438, 0.010604
1.439, -9.78196
1.44, -0.0106136
1.441, 9.78197
1.442, 0.010604
1.443, -9.78196
1.444, -0.0106136
1.445, 9.78197
1.446, 0.010604
1.447, -9.78196
1.448, -0.0106136
1.449, 9.78197
1.45, 0.010604
1.451, -9.78196
1.452, -0.0106136
1.453, 9.78197
1.454, 0.010604
1.455, -9.78196
1.456, -0.0106136
1.457, 9.78197
1.458, 0.010604
1.459, -9.78196
1.46, -0.0106136
1.461, 9.78197
1.462, 0.010604
1.463, -9.78196
1.464, -0.0106136
1.465, 9.78197
1.466, 0.010604
1.467, -9.78196
1.468, -0.0106136
1.469, 9.78197
1.47, 0.010604
1.471, -9.78196
1.472, -0.0106136
1.473, 9.78197
1.474, 0.010604
1.475, -9.78196
1.476, -0.0106136
1.477, 9.78197
1.478, 0.010604
1.479, -9.78196
1.48, -0.0106136
1.481, 9.78197
1.482, 0.010604
1.483, -9.78196
1.484, -0.0106136
1.485, 9.78197
1.486, 0.010604
1.487, -9.78196
1.488, -0.0106136
1.489, 9.78197
1.49, 0.010604
1.491, -9.78196
1.492, -0.0106136
1.493, 9.78197
1.494, 0.010604
1.495, -9.78196
1.496, -0.0106136
1.497, 9.78197
1.498, 0.010604
1.499, -9.78196
1.5, -0.0106136
1.501, 9.78197
1.502, 0.010604
1.503, -9.78196
1.504, -0.0106136
1.505, 9.78197
1.506, 0.010604
1.507, -9.78196
1.508, -0.0106136
1.509, 9.78197
1.51, 0.010604
1.511, -9.78196
1.512, -0.0106136
1.513, 9.78197
1.514, 0.010604
1.515, -9.78196
1.516, -0.0106136
1.517, 9.78197
1.518, 0.010604
1.519, -9.78196
1.52, -0.0106136
1.521, 9.78197
1.522, 0.010604
1.523, -9.78196
1.524, -0.0106136
1.525, 9.78197
1.526, 0.010604
1.527, -9.78196
1.528, -0.0106136
1.529, 9.78197
1.53, 0.010604
1.531, -9.78196
1.532, -0.0106136
1.533, 9.78197
1.534, 0.010604
1.535, -9.78196
1.536, -0.0106136
1.537, 9.78197
1.538, 0.010604
1.539, -9.78196
1.54, -0.0106136
1.541, 9.78197
1.542, 0.010604
1.543, -9.78196
1.544, -0.0106136
1.545, 9.78197
1.546, 0.010604
1.547, -9.78196
1.548, -0.0106136
1.549, 9.78197
1.55, 0.010604
1.551, -9.78196
1.552, -0.0106136
1.553, 9.78197
1.554, 0.010604
1.555, -9.78196
1.556, -0.0106136
1.557, 9.78197
1.558, 0.010604
1.559, -9.78196
1.56, -0.0106136
1.561, 9.78197
1.562, 0.010604
1.563, -9.78196
1.564, -0.0106136
1.565, 9.78197
1.566, 0.010604
1.567, -9.78196
1.568, -0.0106136
1.569, 9.78197
1.57, 0.010604
1.571, -9.78196
1.572, -0.0106136
1.573, 9.78197
1.574, 0.010604
1.575, -9.78196
1.576, -0.0106136
1.577, 9.78197
1.578, 0.010604
1.579, -9.78196
1.58, -0.0106136
1.581, 9.78197
1.582, 0.010604
1.583, -9.78196
1.584, -0.0106136
1.585, 9.78197
1.586, 0.010604
1.587, -9.78196
1.588, -0.0106136
1.589, 9.78197
1.59, 0.010604
1.591, -9.78196
1.592, -0.0106136
1.593, 9.78197
1.594, 0.010604
1.595, -9.78196
1.596, -0.0106136
1.597, 9.78197
1.598, 0.010604
1.599, -9.78196
1.6, -0.0106136
1.601, 9.78197
1.602, 0.010604
1.603, -9.78196
1.604, -0.0106136
1.605, 9.78197
1.606, 0.010604
1.607, -9.78196
1.608, -0.0106136
1.609, 9.78197
1.61, 0.010604
1.611, -9.78196
1.612, -0.0106136
1.613, 9.78197
1.614, 0.010604
1.615, -9.78196
1.616, -0.0106136
1.617, 9.78197
1.618, 0.010604
1.619, -9.78196
1.62, -0.0106136
1.621, 9.78197
1.622, 0.010604
1.623, -9.78196
1.624, -0.0106136
1.625, 9.78197
1.626, 0.010604
1.627, -9.78196
1.628, -0.0106136
1.629, 9.78197
1.63, 0.010604
1.631, -9.78196
1.632, -0.0106136
1.633, 9.78197
1.634, 0.010604
1.635, -9.78196
1.636, -0.0106136
1.637, 9.78197
1.638, 0.010604
1.639, -9.78196
1.64, -0.0106136
1.641, 9.78197
1.642, 0.010604
1.643, -9.78196
1.644, -0.0106136
1.645, 9.78197
1.646, 0.010604
1.647, -9.78196
1.648, -0.0106136
1.649, 9.78197
1.65, 0.010604
1.651, -9.78196
1.652, -0.0106136
1.653, 9.78197
1.654, 0.010604
1.655, -9.78196
1.656, -0.0106136
1.657, 9.78197
1.658, 0.010604
1.659, -9.78196
1.66, -0.0106136
1.661, 9.78197
1.662, 0.010604
1.663, -9.78196
1.664, -0.0106136
1.665, 9.78197
1.666, 0.010604
1.667, -9.78196
1.668, -0.0106136
1.669, 9.78197
1.67, 0.010604
1.671, -9.78196
1.672, -0.0106136
1.673, 9.78197
1.674, 0.010604
1.675, -9.78196
1.676, -0.0106136
1.677, 9.78197
1.678, 0.010604
1.679, -9.78196
1.68, -0.0106136
1.681, 9.78197
1.682, 0.010604
1.683, -9.78196
1.684, -0.0106136
1.685, 9.78197
1.686, 0.010604
1.687, -9.78196
1.688, -0.0106136
1.689, 9.78197
1.69, 0.010604
1.691, -9.78196
1.692, -0.0106136
1.693, 9.78197
1.694, 0.010604
1.695, -9.78196
1.696, -0.0106136
1.697, 9.78197
1.698, 0.010604
1.699, -9.78196
1.7, -0.0106136
1.701, 9.78197
1.702, 0.010604
1.703, -9.78196
1.704, -0.0106136
1.705, 9.78197
1.706, 0.010604
1.707, -9.78196
1.708, -0.0106136
1.709, 9.78197
1.71, 0.010604
1.711, -9.78196
1.712, -0.0106136
1.713, 9.78197
1.714, 0.010604
1.715, -9.78196
1.716, -0.0106136
1.717, 9.78197
1.718, 0.010604
1.719, -9.78196
1.72, -0.0106136
1.721, 9.78197
1.722, 0.010604
1.723, -9.78196
1.724, -0.0106136
1.725, 9.78197
1.726, 0.010604
1.727, -9.78196
1.728, -0.0106136
1.729, 9.78197
1.73, 0.010604
1.731, -9.78196
1.732, -0.0106136
1.733, 9.78197
1.734, 0.010604
1.735, -9.78196
1.736, -0.0106136
1.737, 9.78197
1.738, 0.010604
1.739, -9.78196
1.74, -0.0106136
1.741, 9.78197
1.742, 0.010604
1.743, -9.78196
1.744, -0.0106136
1.745, 9.78197
1.746, 0.010604
1.747, -9.78196
1.748, -0.0106136
1.749, 9.78197
1.75, 0.010604
1.751, -9.78196
1.752, -0.0106136
1.753, 9.78197
1.754, 0.010604
1.755, -9.78196
1.756, -0.0106136
1.757, 9.78197
1.758, 0.010604
1.759, -9.78196
1.76, -0.0106136
1.761, 9.78197
1.762, 0.010604
1.763, -9.78196
1.764, -0.0106136
1.765, 9.78197
1.766, 0.010604
1.767, -9.78196
1.768, -0.0106136
1.769, 9.78197
1.77, 0.010604
1.771, -9.78196
1.772, -0.0106136
1.773, 9.78197
1.774, 0.010604
1.775, -9.78196
1.776, -0.0106136
1.777, 9.78197
1.778, 0.010604
1.779, -9.78196
1.78, -0.0106136
1.781, 9.78197
1.782, 0.010604
1.783, -9.78196
1.784, -0.0106136
1.785, 9.78197
1.786, 0.010604
1.787, -9.78196
1.788, -0.0106136
1.789, 9.78197
1.79, 0.010604
1.791, -9.78196
1.792, -0.0106136
1.793, 9.78197
1.794, 0.010604
1.795, -9.78196
1.796, -0.0106136
1.797, 9.78197
1.798, 0.010604
1.799, -9.78196
1.8, -0.0106136
1.801, 9.78197
1.802, 0.010604
1.803, -9.78196
1.804, -0.0106136
1.805, 9.78197
1.806, 0.010604
1.807, -9.78196
1.808, -0.0106136
1.809, 9.78197
1.81, 0.010604
1.811, -9.78196
1.812, -0.0106136
1.813, 9.78197
1.814, 0.010604
1.815, -9.78196
1.816, -0.0106136
1.817, 9.78197
1.818, 0.010604
1.819, -9.78196
1.82, -0.0106136
1.821, 9.78197
1.822, 0.010604
1.823, -9.78196
1.824, -0.0106136
1.825, 9.78197
1.826, 0.010604
1.827, -9.78196
1.828, -0.0106136
1.829, 9.78197
1.83, 0.010604
1.831, -9.78196
1.832, -0.0106136
1.833, 9.78197
1.834, 0.010604
1.835, -9.78196
1.836, -0.0106136
1.837, 9.78197
1.838, 0.010604
1.839, -9.78196
1.84, -0.0106136
1.841, 9.78197
1.842, 0.010604
1.843, -9.78196
1.844, -0.0106136
1.845, 9.78197
1.846, 0.010604
1.847, -9.78196
1.848, -0.0106136
1.849, 9.78197
1.85, 0.010604
1.851, -9.78196
1.852, -0.0106136
1.853, 9.78197
1.854, 0.010604
1.855, -9.78196
1.856, -0.0106136
1.857, 9.78197
1.858, 0.010604
1.859, -9.78196
1.86, -0.0106136
1.861, 9.78197
1.862, 0.010604
1.863, -9.78196
1.864, -0.0106136
1.865, 9.78197
1.866, 0.010604
1.867, -9.78196
1.868, -0.0106136
1.869, 9.78197
1.87, 0.010604
1.871, -9.78196
1.872, -0.0106136
1.873, 9.78197
1.874, 0.010604
1.875, -9.78196
1.876, -0.0106136
1.877, 9.78197
1.878, 0.010604
1.879, -9.78196
1.88, -0.0106136
1.881, 9.78197
1.882, 0.010604
1.883, -9.78196
1.884, -0.0106136
1.885, 9.78197
1.886, 0.010604
1.887, -9.78196
1.888, -0.0106136
1.889, 9.78197
1.89, 0.010604
1.891, -9.78196
1.892, -0.0106136
1.893, 9.78197
1.894, 0.010604
1.895, -9.78196
1.896, -0.0106136
1.897, 9.78197
1.898, 0.010604
1.899, -9.78196
1.9, -0.0106136
1.901, 9.78197
1.902, 0.010604
1.903, -9.78196
1.904, -0.0106136
1.905, 9.78197
1.906, 0.010604
1.907, -9.78196
1.908, -0.0106136
1.909, 9.78197
1.91, 0.010604
1.911, -9.78196
1.912, -0.0106136
1.913, 9.78197
1.914, 0.010604
1.915, -9.78196
1.916, -0.0106136
1.917, 9.78197
1.918, 0.010604
1.919, -9.78196
1.92, -0.0106136
1.921, 9.78197
1.922, 0.010604
1.923, -9.78196
1.924, -0.0106136
1.925, 9.78197
1.926, 0.010604
1.927, -9.78196
1.928, -0.0106136
1.929, 9.78197
1.93, 0.010604
1.931, -9.78196
1.932, -0.0106136
1.933, 9.78197
1.934, 0.010604
1.935, -9.78196
1.936, -0.0106136
1.937, 9.78197
1.938, 0.010604
1.939, -9.78196
1.94, -0.0106136
1.941, 9.78197
1.942, 0.010604
1.943, -9.78196
1.944, -0.0106136
1.945, 9.78197
1.946, 0.010604
1.947, -9.78196
1.948, -0.0106136
1.949, 9.78197
1.95, 0.010604
1.951, -9.78196
1.952, -0.0106136
1.953, 9.78197
1.954, 0.010604
1.955, -9.78196
1.956, -0.0106136
1.957, 9.78197
1.958, 0.010604
1.959, -9.78196
1.96, -0.0106136
1.961, 9.78197
1.962, 0.010604
1.963, -9.78196
1.964, -0.0106136
1.965, 9.78197
1.966, 0.010604
1.967, -9.78196
1.968, -0.0106136
1.969, 9.78197
1.97, 0.010604
1.971, -9.78196
1.972, -0.0106136
1.973, 9.78197
1.974, 0.010604
1.975, -9.78196
1.976, -0.0106136
1.977, 9.78197
1.978, 0.010604
1.979, -9.78196
1.98, -0.0106136
1.981, 9.78197
1.982, 0.010604
1.983, -9.78196
1.984, -0.0106136
1.985, 9.78197
1.986, 0.010604
1.987, -9.78196
1.988, -0.0106136
1.989, 9.78197
1.99, 0.010604
1.991, -9.78196
1.992, -0.0106136
1.993, 9.78197
1.994, 0.010604
1.995, -9.78196
1.996, -0.0106136
1.997, 9.78197
1.998, 0.010604
1.999, -9.78196
2, -0.0106136
2.001, 9.78197
2.002, 0.010604
2.003, -9.78196
2.004, -0.0106136
2.005, 9.78197
2.006, 0.010604
2.007, -9.78196
2.008, -0.0106136
2.009, 9.78197
2.01, 0.010604
2.011, -9.78196
2.012, -0.0106136
2.013, 9.78197
2.014, 0.010604
2.015, -9.78196
2.016, -0.0106136
2.017, 9.78197
2.018, 0.010604
2.019, -9.78196
2.02, -0.0106136
2.021, 9.78197
2.022, 0.010604
2.023, -9.78196
2.024, -0.0106136
2.025, 9.78197
2.026, 0.010604
2.027, -9.78196
2.028, -0.0106136
2.029, 9.78197
2.03, 0.010604
2.031, -9.78196
2.032, -0.0106136
2.033, 9.78197
2.034, 0.010604
2.035, -9.78196
2.036, -0.0106136
2.037, 9.78197
2.038, 0.010604
2.039, -9.78196
2.04, -0.0106136
2.041, 9.78197
2.042, 0.010604
2.043, -9.78196
2.044, -0.0106136
2.045, 9.78197
2.046, 0.010604
2.047, -9.78196
2.048, -0.0106136
2.049, 9.78197
2.05, 0.010604
2.051, -9.78196
2.052, -0.0106136
2.053, 9.78197
2.054, 0.010604
2.055, -9.78196
2.056, -0.0106136
2.057, 9.78197
2.058, 0.010604
2.059, -9.78196
2.06, -0.0106136
2.061, 9.78197
2.062, 0.010604
2.063, -9.78196
2.064, -0.0106136
2.065, 9.78197
2.066, 0.010604
2.067, -9.78196
2.068, -0.0106136
2.069, 9.78197
2.07, 0.010604
2.071, -9.78196
2.072, -0.0106136
2.073, 9.78197
2.074, 0.010604
2.075, -9.78196
2.076, -0.0106136
2.077, 9.78197
2.078, 0.010604
2.079, -9.78196
2.08, -0.0106136
2.081, 9.78197
2.082, 0.010604
2.083, -9.78196
2.084, -0.0106136
2.085, 9.78197
2.086, 0.010604
2.087, -9.78196
2.088, -0.0106136
2.089, 9.78197
2.09, 0.010604
2.091, -9.78196
2.092, -0.0106136
2.093, 9.78197
2.094, 0.010604
2.095, -9.78196
2.096, -0.0106136
2.097, 9.78197
2.098, 0.010604
2.099, -9.78196
2.1, -0.0106136
2.101, 9.78197
2.102, 9.78197
2.103, 9.78197
2.104, 9.78197
2.105, 9.78197
2.106, 9.78197
2.107, 9.78197
2.108, 9.78197
2.109, 9.78197
2.11, 9.78197
2.111, 9.78197
2.112, 9.78197
2.113, 9.78197
2.114, 9.78197
2.115, 9.78197
2.116, 9.78197
2.117, 9.78197
2.118, 9.78197
2.119, 9.78197
2.12, 9.78197
2.121, 9.78197
2.122, 9.78197
2.123, 9.78197
2.124, 9.78197
2.125, 9.78197
2.126, 9.78197
2.127, 9.78197
2.128, 9.78197
2.129, 9.78197
2.13, 9.78197
2.131, 9.78197
2.132, 9.78197
2.133, 9.78197
2.134, 9.78197
2.135, 9.78197
2.136, 9.78197
2.137, 9.78197
2.138, 9.78197
2.139, 9.78197
2.14, 9.78197
2.141, 9.78197
2.142, 9.78197
2.143, 9.78197
2.144, 9.78197
2.145, 9.78197
2.146, 9.78197
2.147, 9.78197
2.148, 9.78197
2.149, 9.78197
2.15, 9.78197
2.151, 9.78197
2.152, 9.78197
2.153, 9.78197
2.154, 9.78197
2.155, 9.78197
2.156, 9.78197
2.157, 9.78197
2.158, 9.78197
2.159, 9.78197
2.16, 9.78197
2.161, 9.78197
2.162, 9.78197
2.163, 9.78197
2.164, 9.78197
2.165, 9.78197
2.166, 9.78197
2.167, 9.78197
2.168, 9.78197
2.169, 9.78197
2.17, 9.78197
2.171, 9.78197
2.172, 9.78197
2.173, 9.78197
2.174, 9.78197
2.175, 9.78197
2.176, 9.78197
2.177, 9.78197
2.178, 9.78197
2.179, 9.78197
2.18, 9.78197
2.181, 9.78197
2.182, 9.78197
2.183, 9.78197
2.184, 9.78197
2.185, 9.78197
2.186, 9.78197
2.187, 9.78197
2.188, 9.78197
2.189, 9.78197
2.19, 9.78197
2.191, 9.78197
2.192, 9.78197
2.193, 9.78197
2.194, 9.78197
2.195, 9.78197
2.196, 9.78197
2.197, 9.78197
2.198, 9.78197
2.199, 9.78197
2.2, 9.78197
2.201, 9.78197
2.202, 9.78197
2.203, 9.78197
2.204, 9.78197
2.205, 9.78197
2.206, 9.78197
2.207, 9.78197
2.208, 9.78197
2.209, 9.78197
2.21, 9.78197
2.211, 9.78197
2.212, 9.78197
2.213, 9.78197
2.214, 9.78197
2.215, 9.78197
2.216, 9.78197
2.217, 9.78197
2.218, 9.78197
2.219, 9.78197
2.22, 9.78197
2.221, 9.78197
2.222, 9.78197
2.223, 9.78197
2.224, 9.78197
2.225, 9.78197
2.226, 9.78197
2.227, 9.78197
2.228, 9.78197
2.229, 9.78197
2.23, 9.78197
2.231, 9.78197
2.232, 9.78197
2.233, 9.78197
2.234, 9.78197
2.235, 9.78197
2.236, 9.78197
2.237, 9.78197
2.238, 9.78197
2.239, 9.78197
2.24, 9.78197
2.241, 9.78197
2.242, 9.78197
2.243, 9.78197
2.244, 9.78197
2.245, 9.78197
2.246, 9.78197
2.247, 9.78197
2.248, 9.78197
2.249, 9.78197
2.25, 9.78197
2.251, 9.78197
2.252, 9.78197
2.253, 9.78197
2.254, 9.78197
2.255, 9.78197
2.256, 9.78197
2.257, 9.78197
2.258, 9.78197
2.259, 9.78197
2.26, 9.78197
2.261, 9.78197
2.262, 9.78197
2.263, 9.78197
2.264, 9.78197
2.265, 9.78197
2.266, 9.78197
2.267, 9.78197
2.268, 9.78197
2.269, 9.78197
2.27, 9.78197
2.271, 9.78197
2.272, 9.78197
2.273, 9.78197
2.274, 9.78197
2.275, 9.78197
2.276, 9.78197
2.277, 9.78197
2.278, 9.78197
2.279, 9.78197
2.28, 9.78197
2.281, 9.78197
2.282, 9.78197
2.283, 9.78197
2.284, 9.78197
2.285, 9.78197
2.286, 9.78197
2.287, 9.78197
2.288, 9.78197
2.289, 9.78197
2.29, 9.78197
2.291, 9.78197
2.292, 9.78197
2.293, 9.78197
2.294, 9.78197
2.295, 9.78197
2.296, 9.78197
2.297, 9.78197
2.298, 9.78197
2.299, 9.78197
2.3, 9.78197
2.301, 9.78197
2.302, 9.78197
2.303, 9.78197
2.304, 9.78197
2.305, 9.78197
2.306, 9.78197
2.307, 9.78197
2.308, 9.78197
2.309, 9.78197
2.31, 9.78197
2.311, 9.78197
2.312, 9.78197
2.313, 9.78197
2.314, 9.78197
2.315, 9.78197
2.316, 9.78197
2.317, 9.78197
2.318, 9.78197
2.319, 9.78197
2.32, 9.78197
2.321, 9.78197
2.322, 9.78197
2.323, 9.78197
2.324, 9.78197
2.325, 9.78197
2.326, 9.78197
2.327, 9.78197
2.328, 9.78197
2.329, 9.78197
2.33, 9.78197
2.331, 9.78197
2.332, 9.78197
2.333, 9.78197
2.334, 9.78197
2.335, 9.78197
2.336, 9.78197
2.337, 9.78197
2.338, 9.78197
2.339, 9.78197
2.34, 9.78197
2.341, 9.78197
2.342, 9.78197
2.343, 9.78197
2.344, 9.78197
2.345, 9.78197
2.346, 9.78197
2.347, 9.78197
2.348, 9.78197
2.349, 9.78197
2.35, 9.78197
2.351, 9.78197
2.352, 9.78197
2.353, 9.78197
2.354, 9.78197
2.355, 9.78197
2.356, 9.78197
2.357, 9.78197
2.358, 9.78197
2.359, 9.78197
2.36, 9.78197
2.361, 9.78197
2.362, 9.78197
2.363, 9.78197
2.364, 9.78197
2.365, 9.78197
2.366, 9.78197
2.367, 9.78197
2.368, 9.78197
2.369, 9.78197
2.37, 9.78197
2.371, 9.78197
2.372, 9.78197
2.373, 9.78197
2.374, 9.78197
2.375, 9.78197
2.376, 9.78197
2.377, 9.78197
2.378, 9.78197
2.379, 9.78197
2.38, 9.78197
2.381, 9.78197
2.382, 9.78197
2.383, 9.78197
2.384, 9.78197
2.385, 9.78197
2.386, 9.78197
2.387, 9.78197
2.388, 9.78197
2.389, 9.78197
2.39, 9.78197
2.391, 9.78197
2.392, 9.78197
2.393, 9.78197
2.394, 9.78197
2.395, 9.78197
2.396, 9.78197
2.397, 9.78197
2.398, 9.78197
2.399, 9.78197
2.4, 9.78197
2.401, 9.78197
2.402, 9.78197
2.403, 9.78197
2.404, 9.78197
2.405, 9.78197
2.406, 9.78197
2.407, 9.78197
2.408, 9.78197
2.409, 9.78197
2.41, 9.78197
2.411, 9.78197
2.412, 9.78197
2.413, 9.78197
2.414, 9.78197
2.415, 9.78197
2.416, 9.78197
2.417, 9.78197
2.418, 9.78197
2.419, 9.78197
2.42, 9.78197
2.421, 9.78197
2.422, 9.78197
2.423, 9.78197
2.424, 9.78197
2.425, 9.78197
2.426, 9.78197
2.427, 9.78197
2.428, 9.78197
2.429, 9.78197
2.43, 9.78197
2.431, 9.78197
2.432, 9.78197
2.433, 9.78197
2.434, 9.78197
2.435, 9.78197
2.436, 9.78197
2.437, 9.78197
2.438, 9.78197
2.439, 9.78197
2.44, 9.78197
2.441, 9.78197
2.442, 9.78197
2.443, 9.78197
2.444, 9.78197
2.445, 9.78197
2.446, 9.78197
2.447, 9.78197
2.448, 9.78197
2.449, 9.78197
2.45, 9.78197
2.451, 9.78197
2.452, 9.78197
2.453, 9.78197
2.454, 9.78197
2.455, 9.78197
2.456, 9.78197
2.457, 9.78197
2.458, 9.78197
2.459, 9.78197
2.46, 9.78197
2.461, 9.78197
2.462, 9.78197
2.463, 9.78197
2.464, 9.78197
2.465, 9.78197
2.466, 9.78197
2.467, 9.78197
2.468, 9.78197
2.469, 9.78197
2.47, 9.78197
2.471, 9.78197
2.472, 9.78197
2.473, 9.78197
2.474, 9.78197
2.475, 9.78197
2.476, 9.78197
2.477, 9.78197
2.478, 9.78197
2.479, 9.78197
2.48, 9.78197
2.481, 9.78197
2.482, 9.78197
2.483, 9.78197
2.484, 9.78197
2.485, 9.78197
2.486, 9.78197
2.487, 9.78197
2.488, 9.78197
2.489, 9.78197
2.49, 9.78197
2.491, 9.78197
2.492, 9.78197
2.493, 9.78197
2.494, 9.78197
2.495, 9.78197
2.496, 9.78197
2.497, 9.78197
2.498, 9.78197
2.499, 9.78197
2.5, 9.78197
2.501, 9.78197
2.502, 9.78197
2.503, 9.78197
2.504, 9.78197
2.505, 9.78197
2.506, 9.78197
2.507, 9.78197
2.508, 9.78197
2.509, 9.78197
2.51, 9.78197
2.511, 9.78197
2.512, 9.78197
2.513, 9.78197
2.514, 9.78197
2.515, 9.78197
2.516, 9.78197
2.517, 9.78197
2.518, 9.78197
2.519, 9.78197
2.52, 9.78197
2.521, 9.78197
2.522, 9.78197
2.523, 9.78197
2.524, 9.78197
2.525, 9.78197
2.526, 9.78197
2.527, 9.78197
2.528, 9.78197
2.529, 9.78197
2.53, 9.78197
2.531, 9.78197
2.532, 9.78197
2.533, 9.78197
2.534, 9.78197
2.535, 9.78197
2.536, 9.78197
2.537, 9.78197
2.538, 9.78197
2.539, 9.78197
2.54, 9.78197
2.541, 9.78197
2.542, 9.78197
2.543, 9.78197
2.544, 9.78197
2.545, 9.78197
2.546, 9.78197
2.547, 9.78197
2.548, 9.78197
2.549, 9.78197
2.55, 9.78197
2.551, 9.78197
2.552, 9.78197
2.553, 9.78197
2.554, 9.78197
2.555, 9.78197
2.556, 9.78197
2.557, 9.78197
2.558, 9.78197
2.559, 9.78197
2.56, 9.78197
2.561, 9.78197
2.562, 9.78197
2.563, 9.78197
2.564, 9.78197
2.565, 9.78197
2.566, 9.78197
2.567, 9.78197
2.568, 9.78197
2.569, 9.78197
2.57, 9.78197
2.571, 9.78197
2.572, 9.78197
2.573, 9.78197
2.574, 9.78197
2.575, 9.78197
2.576, 9.78197
2.577, 9.78197
2.578, 9.78197
2.579, 9.78197
2.58, 9.78197
2.581, 9.78197
2.582, 9.78197
2.583, 9.78197
2.584, 9.78197
2.585, 9.78197
2.586, 9.78197
2.587, 9.78197
2.588, 9.78197
2.589, 9.78197
2.59, 9.78197
2.591, 9.78197
2.592, 9.78197
2.593, 9.78197
2.594, 9.78197
2.595, 9.78197
2.596, 9.78197
2.597, 9.78197
2.598, 9.78197
2.599, 9.78197
2.6, 9.78197
2.601, 9.78197
2.602, 9.78197
2.603, 9.78197
2.604, 9.78197
2.605, 9.78197
2.606, 9.78197
2.607, 9.78197
2.608, 9.78197
2.609, 9.78197
2.61, 9.78197
2.611, 9.78197
2.612, 9.78197
2.613, 9.78197
2.614, 9.78197
2.615, 9.78197
2.616, 9.78197
2.617, 9.78197
2.618, 9.78197
2.619, 9.78197
2.62, 9.78197
2.621, 9.78197
2.622, 9.78197
2.623, 9.78197
2.624, 9.78197
2.625, 9.78197
2.626, 9.78197
2.627, 9.78197
2.628, 9.78197
2.629, 9.78197
2.63, 9.78197
2.631, 9.78197
2.632, 9.78197
2.633, 9.78197
2.634, 9.78197
2.635, 9.78197
2.636, 9.78197
2.637, 9.78197
2.638, 9.78197
2.639, 9.78197
2.64, 9.78197
2.641, 9.78197
2.642, 9.78197
2.643, 9.78197
2.644, 9.78197
2.645, 9.78197
2.646, 9.78197
2.647, 9.78197
2.648, 9.78197
2.649, 9.78197
2.65, 9.78197
2.651, 9.78197
2.652, 9.78197
2.653, 9.78197
2.654, 9.78197
2.655, 9.78197
2.656, 9.78197
2.657, 9.78197
2.658, 9.78197
2.659, 9.78197
2.66, 9.78197
2.661, 9.78197
2.662, 9.78197
2.663, 9.78197
2.664, 9.78197
2.665, 9.78197
2.666, 9.78197
2.667, 9.78197
2.668, 9.78197
2.669, 9.78197
2.67, 9.78197
2.671, 9.78197
2.672, 9.78197
2.673, 9.78197
2.674, 9.78197
2.675, 9.78197
2.676, 9.78197
2.677, 9.78197
2.678, 9.78197
2.679, 9.78197
2.68, 9.78197
2.681, 9.78197
2.682, 9.78197
2.683, 9.78197
2.684, 9.78197
2.685, 9.78197
2.686, 9.78197
2.687, 9.78197
2.688, 9.78197
2.689, 9.78197
2.69, 9.78197
2.691, 9.78197
2.692, 9.78197
2.693, 9.78197
2.694, 9.78197
2.695, 9.78197
2.696, 9.78197
2.697, 9.78197
2.698, 9.78197
2.699, 9.78197
2.7, 9.78197
2.701, 9.78197
2.702, 9.78197
2.703, 9.78197
2.704, 9.78197
2.705, 9.78197
2.706, 9.78197
2.707, 9.78197
2.708, 9.78197
2.709, 9.78197
2.71, 9.78197
2.711, 9.78197
2.712, 9.78197
2.713, 9.78197
2.714, 9.78197
2.715, 9.78197
2.716, 9.78197
2.717, 9.78197
2.718, 9.78197
2.719, 9.78197
2.72, 9.78197
2.721, 9.78197
2.722, 9.78197
2.723, 9.78197
2.724, 9.78197
2.725, 9.78197
2.726, 9.78197
2.727, 9.78197
2.728, 9.78197
2.729, 9.78197
2.73, 9.78197
2.731, 9.78197
2.732, 9.78197
2.733, 9.78197
2.734, 9.78197
2.735, 9.78197
2.736, 9.78197
2.737, 9.78197
2.738, 9.78197
2.739, 9.78197
2.74, 9.78197
2.741, 9.78197
2.742, 9.78197
2.743, 9.78197
2.744, 9.78197
2.745, 9.78197
2.746, 9.78197
2.747, 9.78197
2.748, 9.78197
2.749, 9.78197
2.75, 9.78197
2.751, 9.78197
2.752, 9.78197
2.753, 9.78197
2.754, 9.78197
2.755, 9.78197
2.756, 9.78197
2.757, 9.78197
2.758, 9.78197
2.759, 9.78197
2.76, 9.78197
2.761, 9.78197
2.762, 9.78197
2.763, 9.78197
2.764, 9.78197
2.765, 9.78197
2.766, 9.78197
2.767, 9.78197
2.768, 9.78197
2.769, 9.78197
2.77, 9.78197
2.771, 9.78197
2.772, 9.78197
2.773, 9.78197
2.774, 9.78197
2.775, 9.78197
2.776, 9.78197
2.777, 9.78197
2.778, 9.78197
2.779, 9.78197
2.78, 9.78197
2.781, 9.78197
2.782, 9.78197
2.783, 9.78197
2.784, 9.78197
2.785, 9.78197
2.786, 9.78197
2.787, 9.78197
2.788, 9.78197
2.789, 9.78197
2.79, 9.78197
2.791, 9.78197
2.792, 9.78197
2.793, 9.78197
2.794, 9.78197
2.795, 9.78197
2.796, 9.78197
2.797, 9.78197
2.798, 9.78197
2.799, 9.78197
2.8, 9.78197
2.801, 9.78197
2.802, 9.78197
2.803, 9.78197
2.804, 9.78197
2.805, 9.78197
2.806, 9.78197
2.807, 9.78197
2.808, 9.78197
2.809, 9.78197
2.81, 9.78197
2.811, 9.78197
2.812, 9.78197
2.813, 9.78197
2.814, 9.78197
2.815, 9.78197
2.816, 9.78197
2.817, 9.78197
2.818, 9.78197
2.819, 9.78197
2.82, 9.78197
2.821, 9.78197
2.822, 9.78197
2.823, 9.78197
2.824, 9.78197
2.825, 9.78197
2.826, 9.78197
2.827, 9.78197
2.828, 9.78197
2.829, 9.78197
2.83, 9.78197
2.831, 9.78197
2.832, 9.78197
2.833, 9.78197
2.834, 9.78197
2.835, 9.78197
2.836, 9.78197
2.837, 9.78197
2.838, 9.78197
2.839, 9.78197
2.84, 9.78197
2.841, 9.78197
2.842, 9.78197
2.843, 9.78197
2.844, 9.78197
2.845, 9.78197
2.846, 9.78197
2.847, 9.78197
2.848, 9.78197
2.849, 9.78197
2.85, 9.78197
2.851, 9.78197
2.852, 9.78197
2.853, 9.78197
2.854, 9.78197
2.855, 9.78197
2.856, 9.78197
2.857, 9.78197
2.858, 9.78197
2.859, 9.78197
2.86, 9.78197
2.861, 9.78197
2.862, 9.78197
2.863, 9.78197
2.864, 9.78197
2.865, 9.78197
2.866, 9.78197
2.867, 9.78197
2.868, 9.78197
2.869, 9.78197
2.87, 9.78197
2.871, 9.78197
2.872, 9.78197
2.873, 9.78197
2.874, 9.78197
2.875, 9.78197
2.876, 9.78197
2.877, 9.78197
2.878, 9.78197
2.879, 9.78197
2.88, 9.78197
2.881, 9.78197
2.882, 9.78197
2.883, 9.78197
2.884, 9.78197
2.885, 9.78197
2.886, 9.78197
2.887, 9.78197
2.888, 9.78197
2.889, 9.78197
2.89, 9.78197
2.891, 9.78197
2.892, 9.78197
2.893, 9.78197
2.894, 9.78197
2.895, 9.78197
2.896, 9.78197
2.897, 9.78197
2.898, 9.78197
2.899, 9.78197
2.9, 9.78197
2.901, 9.78197
2.902, 9.78197
2.903, 9.78197
2.904, 9.78197
2.905, 9.78197
2.906, 9.78197
2.907, 9.78197
2.908, 9.78197
2.909, 9.78197
2.91, 9.78197
2.911, 9.78197
2.912, 9.78197
2.913, 9.78197
2.914, 9.78197
2.915, 9.78197
2.916, 9.78197
2.917, 9.78197
2.918, 9.78197
2.919, 9.78197
2.92, 9.78197
2.921, 9.78197
2.922, 9.78197
2.923, 9.78197
2.924, 9.78197
2.925, 9.78197
2.926, 9.78197
2.927, 9.78197
2.928, 9.78197
2.929, 9.78197
2.93, 9.78197
2.931, 9.78197
2.932, 9.78197
2.933, 9.78197
2.934, 9.78197
2.935, 9.78197
2.936, 9.78197
2.937, 9.78197
2.938, 9.78197
2.939, 9.78197
2.94, 9.78197
2.941, 9.78197
2.942, 9.78197
2.943, 9.78197
2.944, 9.78197
2.945, 9.78197
2.946, 9.78197
2.947, 9.78197
2.948, 9.78197
2.949, 9.78197
2.95, 9.78197
2.951, 9.78197
2.952, 9.78197
2.953, 9.78197
2.954, 9.78197
2.955, 9.78197
2.956, 9.78197
2.957, 9.78197
2.958, 9.78197
2.959, 9.78197
2.96, 9.78197
2.961, 9.78197
2.962, 9.78197
2.963, 9.78197
2.964, 9.78197
2.965, 9.78197
2.966, 9.78197
2.967, 9.78197
2.968, 9.78197
2.969, 9.78197
2.97, 9.78197
2.971, 9.78197
2.972, 9.78197
2.973, 9.78197
2.974, 9.78197
2.975, 9.78197
2.976, 9.78197
2.977, 9.78197
2.978, 9.78197
2.979, 9.78197
2.98, 9.78197
2.981, 9.78197
2.982, 9.78197
2.983, 9.78197
2.984, 9.78197
2.985, 9.78197
2.986, 9.78197
2.987, 9.78197
2.988, 9.78197
2.989, 9.78197
2.99, 9.78197
2.991, 9.78197
2.992, 9.78197
2.993, 9.78197
2.994, 9.78197
2.995, 9.78197
2.996, 9.78197
2.997, 9.78197
2.998, 9.78197
2.999, 9.78197
3, 9.78197
3.001, 9.78197
3.002, 9.78197
3.003, 9.78197
3.004, 9.78197
3.005, 9.78197
3.006, 9.78197
3.007, 9.78197
3.008, 9.78197
3.009, 9.78197
3.01, 9.78197
3.011, 9.78197
3.012, 9.78197
3.013, 9.78197
3.014, 9.78197
3.015, 9.78197
3.016, 9.78197
3.017, 9.78197
3.018, 9.78197
3.019, 9.78197
3.02, 9.78197
3.021, 9.78197
3.022, 9.78197
3.023, 9.78197
3.024, 9.78197
3.025, 9.78197
3.026, 9.78197
3.027, 9.78197
3.028, 9.78197
3.029, 9.78197
3.03, 9.78197
3.031, 9.78197
3.032, 9.78197
3.033, 9.78197
3.034, 9.78197
3.035, 9.78197
3.036, 9.78197
3.037, 9.78197
3.038, 9.78197
3.039, 9.78197
3.04, 9.78197
3.041, 9.78197
3.042, 9.78197
3.043, 9.78197
3.044, 9.78197
3.045, 9.78197
3.046, 9.78197
3.047, 9.78197
3.048, 9.78197
3.049, 9.78197
3.05, 9.78197
3.051, 9.78197
3.052, 9.78197
3.053, 9.78197
3.054, 9.78197
3.055, 9.78197
3.056, 9.78197
3.057, 9.78197
3.058, 9.78197
3.059, 9.78197
3.06, 9.78197
3.061, 9.78197
3.062, 9.78197
3.063, 9.78197
3.064, 9.78197
3.065, 9.78197
3.066, 9.78197
3.067, 9.78197
3.068, 9.78197
3.069, 9.78197
3.07, 9.78197
3.071, 9.78197
3.072, 9.78197
3.073, 9.78197
3.074, 9.78197
3.075, 9.78197
3.076, 9.78197
3.077, 9.78197
3.078, 9.78197
3.079, 9.78197
3.08, 9.78197
3.081, 9.78197
3.082, 9.78197
3.083, 9.78197
3.084, 9.78197
3.085, 9.78197
3.086, 9.78197
3.087, 9.78197
3.088, 9.78197
3.089, 9.78197
3.09, 9.78197
3.091, 9.78197
3.092, 9.78197
3.093, 9.78197
3.094, 9.78197
3.095, 9.78197
3.096, 9.78197
3.097, 9.78197
3.098, 9.78197
3.099, 9.78197
3.1, 9.78197
3.101, 9.78197
3.102, 9.78197
3.103, 9.78197
3.104, 9.78197
3.105, 9.78197
3.106, 9.78197
3.107, 9.78197
3.108, 9.78197
3.109, 9.78197
3.11, 9.78197
3.111, 9.78197
3.112, 9.78197
3.113, 9.78197
3.114, 9.78197
3.115, 9.78197
3.116, 9.78197
3.117, 9.78197
3.118, 9.78197
3.119, 9.78197
3.12, 9.78197
3.121, 9.78197
3.122, 9.78197
3.123, 9.78197
3.124, 9.78197
3.125, 9.78197
3.126, 9.78197
3.127, 9.78197
3.128, 9.78197
3.129, 9.78197
3.13, 9.78197
3.131, 9.78197
3.132, 9.78197
3.133, 9.78197
3.134, 9.78197
3.135, 9.78197
3.136, 9.78197
3.137, 9.78197
3.138, 9.78197
3.139, 9.78197
3.14, 9.78197
3.141, 9.78197
3.142, 9.78197
3.143, 9.78197
3.144, 9.78197
3.145, 9.78197
3.146, 9.78197
3.147, 9.78197
3.148, 9.78197
3.149, 9.78197
3.15, 9.78197
3.151, 9.78197
3.152, 9.78197
3.153, 9.78197
3.154, 9.78197
3.155, 9.78197
3.156, 9.78197
3.157, 9.78197
3.158, 9.78197
3.159, 9.78197
3.16, 9.78197
3.161, 9.78197
3.162, 9.78197
3.163, 9.78197
3.164, 9.78197
3.165, 9.78197
3.166, 9.78197
3.167, 9.78197
3.168, 9.78197
3.169, 9.78197
3.17, 9.78197
3.171, 9.78197
3.172, 9.78197
3.173, 9.78197
3.174, 9.78197
3.175, 9.78197
3.176, 9.78197
3.177, 9.78197
3.178, 9.78197
3.179, 9.78197
3.18, 9.78197
3.181, 9.78197
3.182, 9.78197
3.183, 9.78197
3.184, 9.78197
3.185, 9.78197
3.186, 9.78197
3.187, 9.78197
3.188, 9.78197
3.189, 9.78197
3.19, 9.78197
3.191, 9.78197
3.192, 9.78197
3.193, 9.78197
3.194, 9.78197
3.195, 9.78197
3.196, 9.78197
3.197, 9.78197
3.198, 9.78197
3.199, 9.78197
3.2, 9.78197
3.201, 9.78197
3.202, 9.78197
3.203, 9.78197
3.204, 9.78197
3.205, 9.78197
3.206, 9.78197
3.207, 9.78197
3.208, 9.78197
3.209, 9.78197
3.21, 9.78197
3.211, 9.78197
3.212, 9.78197
3.213, 9.78197
3.214, 9.78197
3.215, 9.78197
3.216, 9.78197
3.217, 9.78197
3.218, 9.78197
3.219, 9.78197
3.22, 9.78197
3.221, 9.78197
3.222, 9.78197
3.223, 9.78197
3.224, 9.78197
3.225, 9.78197
3.226, 9.78197
3.227, 9.78197
3.228, 9.78197
3.229, 9.78197
3.23, 9.78197
3.231, 9.78197
3.232, 9.78197
3.233, 9.78197
3.234, 9.78197
3.235, 9.78197
3.236, 9.78197
3.237, 9.78197
3.238, 9.78197
3.239, 9.78197
3.24, 9.78197
3.241, 9.78197
3.242, 9.78197
3.243, 9.78197
3.244, 9.78197
3.245, 9.78197
3.246, 9.78197
3.247, 9.78197
3.248, 9.78197
3.249, 9.78197
3.25, 9.78197
3.251, 9.78197
3.252, 9.78197
3.253, 9.78197
3.254, 9.78197
3.255, 9.78197
3.256, 9.78197
3.257, 9.78197
3.258, 9.78197
3.259, 9.78197
3.26, 9.78197
3.261, 9.78197
3.262, 9.78197
3.263, 9.78197
3.264, 9.78197
3.265, 9.78197
3.266, 9.78197
3.267, 9.78197
3.268, 9.78197
3.269, 9.78197
3.27, 9.78197
3.271, 9.78197
3.272, 9.78197
3.273, 9.78197
3.274, 9.78197
3.275, 9.78197
3.276, 9.78197
3.277, 9.78197
3.278, 9.78197
3.279, 9.78197
3.28, 9.78197
3.281, 9.78197
3.282, 9.78197
3.283, 9.78197
3.284, 9.78197
3.285, 9.78197
3.286, 9.78197
3.287, 9.78197
3.288, 9.78197
3.289, 9.78197
3.29, 9.78197
3.291, 9.78197
3.292, 9.78197
3.293, 9.78197
3.294, 9.78197
3.295, 9.78197
3.296, 9.78197
3.297, 9.78197
3.298, 9.78197
3.299, 9.78197
3.3, 9.78197
3.301, 9.78197
3.302, 9.78197
3.303, 9.78197
3.304, 9.78197
3.305, 9.78197
3.306, 9.78197
3.307, 9.78197
3.308, 9.78197
3.309, 9.78197
3.31, 9.78197
3.311, 9.78197
3.312, 9.78197
3.313, 9.78197
3.314, 9.78197
3.315, 9.78197
3.316, 9.78197
3.317, 9.78197
3.318, 9.78197
3.319, 9.78197
3.32, 9.78197
3.321, 9.78197
3.322, 9.78197
3.323, 9.78197
3.324, 9.78197
3.325, 9.78197
3.326, 9.78197
3.327, 9.78197
3.328, 9.78197
3.329, 9.78197
3.33, 9.78197
3.331, 9.78197
3.332, 9.78197
3.333, 9.78197
3.334, 9.78197
3.335, 9.78197
3.336, 9.78197
3.337, 9.78197
3.338, 9.78197
3.339, 9.78197
3.34, 9.78197
3.341, 9.78197
3.342, 9.78197
3.343, 9.78197
3.344, 9.78197
3.345, 9.78197
3.346, 9.78197
3.347, 9.78197
3.348, 9.78197
3.349, 9.78197
3.35, 9.78197
3.351, 9.78197
3.352, 9.78197
3.353, 9.78197
3.354, 9.78197
3.355, 9.78197
3.356, 9.78197
3.357, 9.78197
3.358, 9.78197
3.359, 9.78197
3.36, 9.78197
3.361, 9.78197
3.362, 9.78197
3.363, 9.78197
3.364, 9.78197
3.365, 9.78197
3.366, 9.78197
3.367, 9.78197
3.368, 9.78197
3.369, 9.78197
3.37, 9.78197
3.371, 9.78197
3.372, 9.78197
3.373, 9.78197
3.374, 9.78197
3.375, 9.78197
3.376, 9.78197
3.377, 9.78197
3.378, 9.78197
3.379, 9.78197
3.38, 9.78197
3.381, 9.78197
3.382, 9.78197
3.383, 9.78197
3.384, 9.78197
3.385, 9.78197
3.386, 9.78197
3.387, 9.78197
3.388, 9.78197
3.389, 9.78197
3.39, 9.78197
3.391, 9.78197
3.392, 9.78197
3.393, 9.78197
3.394, 9.78197
3.395, 9.78197
3.396, 9.78197
3.397, 9.78197
3.398, 9.78197
3.399, 9.78197
3.4, 9.78197
3.401, 9.78197
3.402, 9.78197
3.403, 9.78197
3.404, 9.78197
3.405, 9.78197
3.406, 9.78197
3.407, 9.78197
3.408, 9.78197
3.409, 9.78197
3.41, 9.78197
3.411, 9.78197
3.412, 9.78197
3.413, 9.78197
3.414, 9.78197
3.415, 9.78197
3.416, 9.78197
3.417, 9.78197
3.418, 9.78197
3.419, 9.78197
3.42, 9.78197
3.421, 9.78197
3.422, 9.78197
3.423, 9.78197
3.424, 9.78197
3.425, 9.78197
3.426, 9.78197
3.427, 9.78197
3.428, 9.78197
3.429, 9.78197
3.43, 9.78197
3.431, 9.78197
3.432, 9.78197
3.433, 9.78197
3.434, 9.78197
3.435, 9.78197
3.436, 9.78197
3.437, 9.78197
3.438, 9.78197
3.439, 9.78197
3.44, 9.78197
3.441, 9.78197
3.442, 9.78197
3.443, 9.78197
3.444, 9.78197
3.445, 9.78197
3.446, 9.78197
3.447, 9.78197
3.448, 9.78197
3.449, 9.78197
3.45, 9.78197
3.451, 9.78197
3.452, 9.78197
3.453, 9.78197
3.454, 9.78197
3.455, 9.78197
3.456, 9.78197
3.457, 9.78197
3.458, 9.78197
3.459, 9.78197
3.46, 9.78197
3.461, 9.78197
3.462, 9.78197
3.463, 9.78197
3.464, 9.78197
3.465, 9.78197
3.466, 9.78197
3.467, 9.78197
3.468, 9.78197
3.469, 9.78197
3.47, 9.78197
3.471, 9.78197
3.472, 9.78197
3.473, 9.78197
3.474, 9.78197
3.475, 9.78197
3.476, 9.78197
3.477, 9.78197
3.478, 9.78197
3.479, 9.78197
3.48, 9.78197
3.481, 9.78197
3.482, 9.78197
3.483, 9.78197
3.484, 9.78197
3.485, 9.78197
3.486, 9.78197
3.487, 9.78197
3.488, 9.78197
3.489, 9.78197
3.49, 9.78197
3.491, 9.78197
3.492, 9.78197
3.493, 9.78197
3.494, 9.78197
3.495, 9.78197
3.496, 9.78197
3.497, 9.78197
3.498, 9.78197
3.499, 9.78197
3.5, 9.78197
3.501, 9.78197
3.502, 9.78197
3.503, 9.78197
3.504, 9.78197
3.505, 9.78197
3.506, 9.78197
3.507, 9.78197
3.508, 9.78197
3.509, 9.78197
3.51, 9.78197
3.511, 9.78197
3.512, 9.78197
3.513, 9.78197
3.514, 9.78197
3.515, 9.78197
3.516, 9.78197
3.517, 9.78197
3.518, 9.78197
3.519, 9.78197
3.52, 9.78197
3.521, 9.78197
3.522, 9.78197
3.523, 9.78197
3.524, 9.78197
3.525, 9.78197
3.526, 9.78197
3.527, 9.78197
3.528, 9.78197
3.529, 9.78197
3.53, 9.78197
3.531, 9.78197
3.532, 9.78197
3.533, 9.78197
3.534, 9.78197
3.535, 9.78197
3.536, 9.78197
3.537, 9.78197
3.538, 9.78197
3.539, 9.78197
3.54, 9.78197
3.541, 9.78197
3.542, 9.78197
3.543, 9.78197
3.544, 9.78197
3.545, 9.78197
3.546, 9.78197
3.547, 9.78197
3.548, 9.78197
3.549, 9.78197
3.55, 9.78197
3.551, 9.78197
3.552, 9.78197
3.553, 9.78197
3.554, 9.78197
3.555, 9.78197
3.556, 9.78197
3.557, 9.78197
3.558, 9.78197
3.559, 9.78197
3.56, 9.78197
3.561, 9.78197
3.562, 9.78197
3.563, 9.78197
3.564, 9.78197
3.565, 9.78197
3.566, 9.78197
3.567, 9.78197
3.568, 9.78197
3.569, 9.78197
3.57, 9.78197
3.571, 9.78197
3.572, 9.78197
3.573, 9.78197
3.574, 9.78197
3.575, 9.78197
3.576, 9.78197
3.577, 9.78197
3.578, 9.78197
3.579, 9.78197
3.58, 9.78197
3.581, 9.78197
3.582, 9.78197
3.583, 9.78197
3.584, 9.78197
3.585, 9.78197
3.586, 9.78197
3.587, 9.78197
3.588, 9.78197
3.589, 9.78197
3.59, 9.78197
3.591, 9.78197
3.592, 9.78197
3.593, 9.78197
3.594, 9.78197
3.595, 9.78197
3.596, 9.78197
3.597, 9.78197
3.598, 9.78197
3.599, 9.78197
3.6, 9.78197
3.601, 9.78197
3.602, 9.78197
3.603, 9.78197
3.604, 9.78197
3.605, 9.78197
3.606, 9.78197
3.607, 9.78197
3.608, 9.78197
3.609, 9.78197
3.61, 9.78197
3.611, 9.78197
3.612, 9.78197
3.613, 9.78197
3.614, 9.78197
3.615, 9.78197
3.616, 9.78197
3.617, 9.78197
3.618, 9.78197
3.619, 9.78197
3.62, 9.78197
3.621, 9.78197
3.622, 9.78197
3.623, 9.78197
3.624, 9.78197
3.625, 9.78197
3.626, 9.78197
3.627, 9.78197
3.628, 9.78197
3.629, 9.78197
3.63, 9.78197
3.631, 9.78197
3.632, 9.78197
3.633, 9.78197
3.634, 9.78197
3.635, 9.78197
3.636, 9.78197
3.637, 9.78197
3.638, 9.78197
3.639, 9.78197
3.64, 9.78197
3.641, 9.78197
3.642, 9.78197
3.643, 9.78197
3.644, 9.78197
3.645, 9.78197
3.646, 9.78197
3.647, 9.78197
3.648, 9.78197
3.649, 9.78197
3.65, 9.78197
3.651, 9.78197
3.652, 9.78197
3.653, 9.78197
3.654, 9.78197
3.655, 9.78197
3.656, 9.78197
3.657, 9.78197
3.658, 9.78197
3.659, 9.78197
3.66, 9.78197
3.661, 9.78197
3.662, 9.78197
3.663, 9.78197
3.664, 9.78197
3.665, 9.78197
3.666, 9.78197
3.667, 9.78197
3.668, 9.78197
3.669, 9.78197
3.67, 9.78197
3.671, 9.78197
3.672, 9.78197
3.673, 9.78197
3.674, 9.78197
3.675, 9.78197
3.676, 9.78197
3.677, 9.78197
3.678, 9.78197
3.679, 9.78197
3.68, 9.78197
3.681, 9.78197
3.682, 9.78197
3.683, 9.78197
3.684, 9.78197
3.685, 9.78197
3.686, 9.78197
3.687, 9.78197
3.688, 9.78197
3.689, 9.78197
3.69, 9.78197
3.691, 9.78197
3.692, 9.78197
3.693, 9.78197
3.694, 9.78197
3.695, 9.78197
3.696, 9.78197
3.697, 9.78197
3.698, 9.78197
3.699, 9.78197
3.7, 9.78197
3.701, 9.78197
3.702, 9.78197
3.703, 9.78197
3.704, 9.78197
3.705, 9.78197
3.706, 9.78197
3.707, 9.78197
3.708, 9.78197
3.709, 9.78197
3.71, 9.78197
3.711, 9.78197
3.712, 9.78197
3.713, 9.78197
3.714, 9.78197
3.715, 9.78197
3.716, 9.78197
3.717, 9.78197
3.718, 9.78197
3.719, 9.78197
3.72, 9.78197
3.721, 9.78197
3.722, 9.78197
3.723, 9.78197
3.724, 9.78197
3.725, 9.78197
3.726, 9.78197
3.727, 9.78197
3.728, 9.78197
3.729, 9.78197
3.73, 9.78197
3.731, 9.78197
3.732, 9.78197
3.733, 9.78197
3.734, 9.78197
3.735, 9.78197
3.736, 9.78197
3.737, 9.78197
3.738, 9.78197
3.739, 9.78197
3.74, 9.78197
3.741, 9.78197
3.742, 9.78197
3.743, 9.78197
3.744, 9.78197
3.745, 9.78197
3.746, 9.78197
3.747, 9.78197
3.748, 9.78197
3.749, 9.78197
3.75, 9.78197
3.751, 9.78197
3.752, 9.78197
3.753, 9.78197
3.754, 9.78197
3.755, 9.78197
3.756, 9.78197
3.757, 9.78197
3.758, 9.78197
3.759, 9.78197
3.76, 9.78197
3.761, 9.78197
3.762, 9.78197
3.763, 9.78197
3.764, 9.78197
3.765, 9.78197
3.766, 9.78197
3.767, 9.78197
3.768, 9.78197
3.769, 9.78197
3.77, 9.78197
3.771, 9.78197
3.772, 9.78197
3.773, 9.78197
3.774, 9.78197
3.775, 9.78197
3.776, 9.78197
3.777, 9.78197
3.778, 9.78197
3.779, 9.78197
3.78, 9.78197
3.781, 9.78197
3.782, 9.78197
3.783, 9.78197
3.784, 9.78197
3.785, 9.78197
3.786, 9.78197
3.787, 9.78197
3.788, 9.78197
3.789, 9.78197
3.79, 9.78197
3.791, 9.78197
3.792, 9.78197
3.793, 9.78197
3.794, 9.78197
3.795, 9.78197
3.796, 9.78197
3.797, 9.78197
3.798, 9.78197
3.799, 9.78197
3.8, 9.78197
3.801, 9.78197
3.802, 9.78197
3.803, 9.78197
3.804, 9.78197
3.805, 9.78197
3.806, 9.78197
3.807, 9.78197
3.808, 9.78197
3.809, 9.78197
3.81, 9.78197
3.811, 9.78197
3.812, 9.78197
3.813, 9.78197
3.814, 9.78197
3.815, 9.78197
3.816, 9.78197
3.817, 9.78197
3.818, 9.78197
3.819, 9.78197
3.82, 9.78197
3.821, 9.78197
3.822, 9.78197
3.823, 9.78197
3.824, 9.78197
3.825, 9.78197
3.826, 9.78197
3.827, 9.78197
3.828, 9.78197
3.829, 9.78197
3.83, 9.78197
3.831, 9.78197
3.832, 9.78197
3.833, 9.78197
3.834, 9.78197
3.835, 9.78197
3.836, 9.78197
3.837, 9.78197
3.838, 9.78197
3.839, 9.78197
3.84, 9.78197
3.841, 9.78197
3.842, 9.78197
3.843, 9.78197
3.844, 9.78197
3.845, 9.78197
3.846, 9.78197
3.847, 9.78197
3.848, 9.78197
3.849, 9.78197
3.85, 9.78197
3.851, 9.78197
3.852, 9.78197
3.853, 9.78197
3.854, 9.78197
3.855, 9.78197
3.856, 9.78197
3.857, 9.78197
3.858, 9.78197
3.859, 9.78197
3.86, 9.78197
3.861, 9.78197
3.862, 9.78197
3.863, 9.78197
3.864, 9.78197
3.865, 9.78197
3.866, 9.78197
3.867, 9.78197
3.868, 9.78197
3.869, 9.78197
3.87, 9.78197
3.871, 9.78197
3.872, 9.78197
3.873, 9.78197
3.874, 9.78197
3.875, 9.78197
3.876, 9.78197
3.877, 9.78197
3.878, 9.78197
3.879, 9.78197
3.88, 9.78197
3.881, 9.78197
3.882, 9.78197
3.883, 9.78197
3.884, 9.78197
3.885, 9.78197
3.886, 9.78197
3.887, 9.78197
3.888, 9.78197
3.889, 9.78197
3.89, 9.78197
3.891, 9.78197
3.892, 9.78197
3.893, 9.78197
3.894, 9.78197
3.895, 9.78197
3.896, 9.78197
3.897, 9.78197
3.898, 9.78197
3.899, 9.78197
3.9, 9.78197
3.901, 9.78197
3.902, 9.78197
3.903, 9.78197
3.904, 9.78197
3.905, 9.78197
3.906, 9.78197
3.907, 9.78197
3.908, 9.78197
3.909, 9.78197
3.91, 9.78197
3.911, 9.78197
3.912, 9.78197
3.913, 9.78197
3.914, 9.78197
3.915, 9.78197
3.916, 9.78197
3.917, 9.78197
3.918, 9.78197
3.919, 9.78197
3.92, 9.78197
3.921, 9.78197
3.922, 9.78197
3.923, 9.78197
3.924, 9.78197
3.925, 9.78197
3.926, 9.78197
3.927, 9.78197
3.928, 9.78197
3.929, 9.78197
3.93, 9.78197
3.931, 9.78197
3.932, 9.78197
3.933, 9.78197
3.934, 9.78197
3.935, 9.78197
3.936, 9.78197
3.937, 9.78197
3.938, 9.78197
3.939, 9.78197
3.94, 9.78197
3.941, 9.78197
3.942, 9.78197
3.943, 9.78197
3.944, 9.78197
3.945, 9.78197
3.946, 9.78197
3.947, 9.78197
3.948, 9.78197
3.949, 9.78197
3.95, 9.78197
3.951, 9.78197
3.952, 9.78197
3.953, 9.78197
3.954, 9.78197
3.955, 9.78197
3.956, 9.78197
3.957, 9.78197
3.958, 9.78197
3.959, 9.78197
3.96, 9.78197
3.961, 9.78197
3.962, 9.78197
3.963, 9.78197
3.964, 9.78197
3.965, 9.78197
3.966, 9.78197
3.967, 9.78197
3.968, 9.78197
3.969, 9.78197
3.97, 9.78197
3.971, 9.78197
3.972, 9.78197
3.973, 9.78197
3.974, 9.78197
3.975, 9.78197
3.976, 9.78197
3.977, 9.78197
3.978, 9.78197
3.979, 9.78197
3.98, 9.78197
3.981, 9.78197
3.982, 9.78197
3.983, 9.78197
3.984, 9.78197
3.985, 9.78197
3.986, 9.78197
3.987, 9.78197
3.988, 9.78197
3.989, 9.78197
3.99, 9.78197
3.991, 9.78197
3.992, 9.78197
3.993, 9.78197
3.994, 9.78197
3.995, 9.78197
3.996, 9.78197
3.997, 9.78197
3.998, 9.78197
3.999, 9.78197
4, 9.78197
4.001, 9.78197
4.002, 9.78197
4.003, 9.78197
4.004, 9.78197
4.005, 9.78197
4.006, 9.78197
4.007, 9.78197
4.008, 9.78197
4.009, 9.78197
4.01, 9.78197
4.011, 9.78197
4.012, 9.78197
4.013, 9.78197
4.014, 9.78197
4.015, 9.78197
4.016, 9.78197
4.017, 9.78197
4.018, 9.78197
4.019, 9.78197
4.02, 9.78197
4.021, 9.78197
4.022, 9.78197
4.023, 9.78197
4.024, 9.78197
4.025, 9.78197
4.026, 9.78197
4.027, 9.78197
4.028, 9.78197
4.029, 9.78197
4.03, 9.78197
4.031, 9.78197
4.032, 9.78197
4.033, 9.78197
4.034, 9.78197
4.035, 9.78197
4.036, 9.78197
4.037, 9.78197
4.038, 9.78197
4.039, 9.78197
4.04, 9.78197
4.041, 9.78197
4.042, 9.78197
4.043, 9.78197
4.044, 9.78197
4.045, 9.78197
4.046, 9.78197
4.047, 9.78197
4.048, 9.78197
4.049, 9.78197
4.05, 9.78197
4.051, 9.78197
4.052, 9.78197
4.053, 9.78197
4.054, 9.78197
4.055, 9.78197
4.056, 9.78197
4.057, 9.78197
4.058, 9.78197
4.059, 9.78197
4.06, 9.78197
4.061, 9.78197
4.062, 9.78197
4.063, 9.78197
4.064, 9.78197
4.065, 9.78197
4.066, 9.78197
4.067, 9.78197
4.068, 9.78197
4.069, 9.78197
4.07, 9.78197
4.071, 9.78197
4.072, 9.78197
4.073, 9.78197
4.074, 9.78197
4.075, 9.78197
4.076, 9.78197
4.077, 9.78197
4.078, 9.78197
4.079, 9.78197
4.08, 9.78197
4.081, 9.78197
4.082, 9.78197
4.083, 9.78197
4.084, 9.78197
4.085, 9.78197
4.086, 9.78197
4.087, 9.78197
4.088, 9.78197
4.089, 9.78197
4.09, 9.78197
4.091, 9.78197
4.092, 9.78197
4.093, 9.78197
4.094, 9.78197
4.095, 9.78197
4.096, 9.78197
4.097, 9.78197
4.098, 9.78197
4.099, 9.78197
4.1, 9.78197
4.101, 9.78197
4.102, 9.78197
