sim_time, unit_box_Custom?world_linear_acceleration/y
0.001, 9990.2
0.002, -7.12736
0.003, -15.1587
0.004, -3.40507
0.005, -18.0991
0.006, -1.67646
0.007, -16.2885
0.008, -3.17392
0.009, -17.6514
0.01, -2.01223
0.011, -16.7815
0.012, -2.77564
0.013, -17.3368
0.014, -2.28401
0.015, -17.0078
0.016, -2.58052
0.017, -17.2011
0.018, -2.40499
0.019, -17.0903
0.02, -2.50643
0.021, -17.1535
0.022, -2.44839
0.023, -17.1177
0.024, -2.48132
0.025, -17.1379
0.026, -2.46274
0.027, -17.1266
0.028, -2.47319
0.029, -17.1329
0.03, -2.46736
0.031, -17.1294
0.032, -2.47058
0.033, -17.1313
0.034, -2.46884
0.035, -17.1303
0.036, -2.46973
0.037, -17.1308
0.038, -2.46932
0.039, -17.1307
0.04, -2.46945
0.041, -17.1307
0.042, -2.46948
0.043, -17.1308
0.044, -2.46935
0.045, -17.1306
0.046, -2.46953
0.047, -17.1308
0.048, -2.4693
0.049, -17.1306
0.05, -2.46956
0.051, -17.1309
0.052, -2.46928
0.053, -17.1306
0.054, -2.46957
0.055, -17.1309
0.056, -2.46926
0.057, -17.1306
0.058, -2.46958
0.059, -17.1309
0.06, -2.46924
0.061, -17.1306
0.062, -2.46959
0.063, -17.131
0.064, -2.46922
0.065, -17.1306
0.066, -2.4696
0.067, -17.131
0.068, -2.4692
0.069, -17.1306
0.07, -2.46961
0.071, -17.131
0.072, -2.46918
0.073, -17.1306
0.074, -2.46962
0.075, -17.1311
0.076, -2.46917
0.077, -17.1306
0.078, -2.46963
0.079, -17.1311
0.08, -2.46915
0.081, -17.1307
0.082, -2.46963
0.083, -17.1311
0.084, -2.46913
0.085, -17.1307
0.086, -2.46964
0.087, -17.1312
0.088, -2.46911
0.089, -17.1307
0.09, -2.46965
0.091, -17.1312
0.092, -2.46909
0.093, -17.1307
0.094, -2.46966
0.095, -17.1312
0.096, -2.46907
0.097, -17.1307
0.098, -2.46967
0.099, -17.1313
0.1, -2.46906
0.101, -17.1307
0.102, -2.46968
0.103, -17.1313
0.104, -2.46904
0.105, -17.1307
0.106, -2.46969
0.107, -17.131
0.108, -2.46968
0.109, -17.1302
0.11, -2.47034
0.111, -17.1301
0.112, -2.47018
0.113, -17.1301
0.114, -2.4704
0.115, -17.1304
0.116, -2.47003
0.117, -17.1299
0.118, -2.47053
0.119, -17.1305
0.12, -2.46993
0.121, -17.1299
0.122, -2.4706
0.123, -17.1305
0.124, -2.46989
0.125, -17.1298
0.126, -2.47064
0.127, -17.1306
0.128, -2.46987
0.129, -17.1298
0.13, -2.47066
0.131, -17.1306
0.132, -2.46985
0.133, -17.1298
0.134, -2.47068
0.135, -17.1307
0.136, -2.46984
0.137, -17.1298
0.138, -2.4707
0.139, -17.1307
0.14, -2.46982
0.141, -17.1299
0.142, -2.47072
0.143, -17.1307
0.144, -2.46981
0.145, -17.1299
0.146, -2.47074
0.147, -17.1308
0.148, -2.4698
0.149, -17.1299
0.15, -2.47076
0.151, -17.1308
0.152, -2.46979
0.153, -17.1299
0.154, -2.47078
0.155, -17.1308
0.156, -2.46977
0.157, -17.1299
0.158, -2.47079
0.159, -17.1309
0.16, -2.46976
0.161, -17.1299
0.162, -2.47081
0.163, -17.1309
0.164, -2.46975
0.165, -17.1299
0.166, -2.47083
0.167, -17.1309
0.168, -2.46974
0.169, -17.1299
0.17, -2.47085
0.171, -17.131
0.172, -2.46972
0.173, -17.1299
0.174, -2.47087
0.175, -17.131
0.176, -2.46971
0.177, -17.1299
0.178, -2.47089
0.179, -17.131
0.18, -2.4697
0.181, -17.1299
0.182, -2.47092
0.183, -17.1311
0.184, -2.46968
0.185, -17.1299
0.186, -2.47094
0.187, -17.1311
0.188, -2.46967
0.189, -17.1299
0.19, -2.47096
0.191, -17.1312
0.192, -2.46966
0.193, -17.1299
0.194, -2.47098
0.195, -17.1312
0.196, -2.46964
0.197, -17.1299
0.198, -2.471
0.199, -17.1313
0.2, -2.46963
0.201, -17.1299
0.202, -2.47102
0.203, -17.1313
0.204, -2.46961
0.205, -17.13
0.206, -2.47105
0.207, -17.1314
0.208, -2.4696
0.209, -17.13
0.21, -2.47107
0.211, -17.1314
0.212, -2.46958
0.213, -17.13
0.214, -2.47109
0.215, -17.1314
0.216, -2.46957
0.217, -17.13
0.218, -2.47112
0.219, -17.1315
0.22, -2.46956
0.221, -17.13
0.222, -2.47114
0.223, -17.1315
0.224, -2.46954
0.225, -17.13
0.226, -2.47117
0.227, -17.1316
0.228, -2.46953
0.229, -17.13
0.23, -2.47119
0.231, -17.1316
0.232, -2.46951
0.233, -17.13
0.234, -2.47122
0.235, -17.1317
0.236, -2.4695
0.237, -17.1301
0.238, -2.47124
0.239, -17.1318
0.24, -2.46948
0.241, -17.1301
0.242, -2.47127
0.243, -17.1318
0.244, -2.46947
0.245, -17.1301
0.246, -2.4713
0.247, -17.1319
0.248, -2.46945
0.249, -17.1301
0.25, -2.47133
0.251, -17.1319
0.252, -2.46943
0.253, -17.1301
0.254, -2.47135
0.255, -17.132
0.256, -2.46942
0.257, -17.1301
0.258, -2.47138
0.259, -17.1321
0.26, -2.4694
0.261, -17.1302
0.262, -2.47141
0.263, -17.1321
0.264, -2.46939
0.265, -17.1302
0.266, -2.47144
0.267, -17.1322
0.268, -2.46937
0.269, -17.1302
0.27, -2.47147
0.271, -17.1323
0.272, -2.46935
0.273, -17.1302
0.274, -2.4715
0.275, -17.1323
0.276, -2.46934
0.277, -17.1303
0.278, -2.47153
0.279, -17.1324
0.28, -2.46932
0.281, -17.1303
0.282, -2.47157
0.283, -17.1325
0.284, -2.4693
0.285, -17.1303
0.286, -2.4716
0.287, -17.1325
0.288, -2.46928
0.289, -17.1303
0.29, -2.47163
0.291, -17.1326
0.292, -2.46927
0.293, -17.1304
0.294, -2.47167
0.295, -17.1327
0.296, -2.46925
0.297, -17.1304
0.298, -2.4717
0.299, -17.1328
0.3, -2.46923
0.301, -17.1304
0.302, -2.47174
0.303, -17.1329
0.304, -2.46921
0.305, -17.1305
0.306, -2.47177
0.307, -17.1329
0.308, -2.4692
0.309, -17.1305
0.31, -2.47181
0.311, -17.133
0.312, -2.46918
0.313, -17.1305
0.314, -2.47185
0.315, -17.1331
0.316, -2.46916
0.317, -17.1306
0.318, -2.47189
0.319, -17.1332
0.32, -2.46914
0.321, -17.1306
0.322, -2.47192
0.323, -17.1333
0.324, -2.46912
0.325, -17.1306
0.326, -2.47196
0.327, -17.1334
0.328, -2.4691
0.329, -17.1307
0.33, -2.47201
0.331, -17.1335
0.332, -2.46908
0.333, -17.1307
0.334, -2.47205
0.335, -17.1336
0.336, -2.46906
0.337, -17.1308
0.338, -2.47209
0.339, -17.1337
0.34, -2.46904
0.341, -17.1308
0.342, -2.47213
0.343, -17.1338
0.344, -2.46903
0.345, -17.1309
0.346, -2.47218
0.347, -17.1339
0.348, -2.46901
0.349, -17.1309
0.35, -2.47222
0.351, -17.134
0.352, -2.46899
0.353, -17.131
0.354, -2.47227
0.355, -17.1341
0.356, -2.46896
0.357, -17.131
0.358, -2.47232
0.359, -17.1343
0.36, -2.46894
0.361, -17.1311
0.362, -2.47236
0.363, -17.1344
0.364, -2.46892
0.365, -17.1311
0.366, -2.47241
0.367, -17.1345
0.368, -2.4689
0.369, -17.1312
0.37, -2.47246
0.371, -17.1346
0.372, -2.46888
0.373, -17.1312
0.374, -2.47252
0.375, -17.1348
0.376, -2.46886
0.377, -17.1313
0.378, -2.47257
0.379, -17.1349
0.38, -2.46884
0.381, -17.1314
0.382, -2.47262
0.383, -17.1351
0.384, -2.46882
0.385, -17.1314
0.386, -2.47268
0.387, -17.1352
0.388, -2.4688
0.389, -17.1315
0.39, -2.47273
0.391, -17.1353
0.392, -2.46877
0.393, -17.1316
0.394, -2.47279
0.395, -17.1355
0.396, -2.46875
0.397, -17.1317
0.398, -2.47285
0.399, -17.1357
0.4, -2.46873
0.401, -17.1317
0.402, -2.47291
0.403, -17.1358
0.404, -2.46871
0.405, -17.1318
0.406, -2.47297
0.407, -17.136
0.408, -2.46869
0.409, -17.1319
0.41, -2.47303
0.411, -17.1362
0.412, -2.46866
0.413, -17.132
0.414, -2.4731
0.415, -17.1363
0.416, -2.46864
0.417, -17.1321
0.418, -2.47316
0.419, -17.1365
0.42, -2.46862
0.421, -17.1322
0.422, -2.47323
0.423, -17.1367
0.424, -2.46859
0.425, -17.1323
0.426, -2.4733
0.427, -17.1369
0.428, -2.46857
0.429, -17.1324
0.43, -2.47337
0.431, -17.1371
0.432, -2.46855
0.433, -17.1325
0.434, -2.47344
0.435, -17.1373
0.436, -2.46852
0.437, -17.1326
0.438, -2.47351
0.439, -17.1375
0.44, -2.4685
0.441, -17.1327
0.442, -2.47358
0.443, -17.1377
0.444, -2.46848
0.445, -17.1329
0.446, -2.47366
0.447, -17.1379
0.448, -2.46845
0.449, -17.133
0.45, -2.47374
0.451, -17.1381
0.452, -2.46843
0.453, -17.1331
0.454, -2.47382
0.455, -17.1384
0.456, -2.4684
0.457, -17.1332
0.458, -2.4739
0.459, -17.1386
0.46, -2.46838
0.461, -17.1334
0.462, -2.47398
0.463, -17.1388
0.464, -2.46835
0.465, -17.1335
0.466, -2.47407
0.467, -17.1391
0.468, -2.46833
0.469, -17.1337
0.47, -2.47416
0.471, -17.1394
0.472, -2.46831
0.473, -17.1338
0.474, -2.47425
0.475, -17.1396
0.476, -2.46828
0.477, -17.134
0.478, -2.47434
0.479, -17.1399
0.48, -2.46826
0.481, -17.1341
0.482, -2.47443
0.483, -17.1402
0.484, -2.46823
0.485, -17.1343
0.486, -2.47453
0.487, -17.1405
0.488, -2.46821
0.489, -17.1345
0.49, -2.47463
0.491, -17.1408
0.492, -2.46818
0.493, -17.1347
0.494, -2.47473
0.495, -17.1411
0.496, -2.46816
0.497, -17.1349
0.498, -2.47483
0.499, -17.1414
0.5, -2.46813
0.501, -17.1351
0.502, -2.47494
0.503, -17.1417
0.504, -2.46811
0.505, -17.1353
0.506, -2.47504
0.507, -17.142
0.508, -2.46808
0.509, -17.1355
0.51, -2.47515
0.511, -17.1424
0.512, -2.46806
0.513, -17.1357
0.514, -2.47527
0.515, -17.1427
0.516, -2.46804
0.517, -17.1359
0.518, -2.47538
0.519, -17.1431
0.52, -2.46801
0.521, -17.1361
0.522, -2.4755
0.523, -17.1435
0.524, -2.46799
0.525, -17.1364
0.526, -2.47562
0.527, -17.1438
0.528, -2.46796
0.529, -17.1366
0.53, -2.47574
0.531, -17.1442
0.532, -2.46794
0.533, -17.1369
0.534, -2.47587
0.535, -17.1446
0.536, -2.46792
0.537, -17.1371
0.538, -2.476
0.539, -17.1451
0.54, -2.46789
0.541, -17.1374
0.542, -2.47613
0.543, -17.1455
0.544, -2.46787
0.545, -17.1377
0.546, -2.47627
0.547, -17.1459
0.548, -2.46784
0.549, -17.138
0.55, -2.47641
0.551, -17.1464
0.552, -2.46782
0.553, -17.1383
0.554, -2.47655
0.555, -17.1469
0.556, -2.4678
0.557, -17.1386
0.558, -2.4767
0.559, -17.1473
0.56, -2.46778
0.561, -17.1389
0.562, -2.47685
0.563, -17.1478
0.564, -2.46775
0.565, -17.1393
0.566, -2.477
0.567, -17.1484
0.568, -2.46773
0.569, -17.1396
0.57, -2.47716
0.571, -17.1489
0.572, -2.46771
0.573, -17.14
0.574, -2.47732
0.575, -17.1494
0.576, -2.46769
0.577, -17.1403
0.578, -2.47749
0.579, -17.15
0.58, -2.46767
0.581, -17.1407
0.582, -2.47765
0.583, -17.1505
0.584, -2.46765
0.585, -17.1411
0.586, -2.47783
0.587, -17.1511
0.588, -2.46763
0.589, -17.1415
0.59, -2.47801
0.591, -17.1517
0.592, -2.46761
0.593, -17.142
0.594, -2.47819
0.595, -17.1524
0.596, -2.46759
0.597, -17.1424
0.598, -2.47837
0.599, -17.153
0.6, -2.46758
0.601, -17.1429
0.602, -2.47856
0.603, -17.1537
0.604, -2.46756
0.605, -17.1433
0.606, -2.47876
0.607, -17.1544
0.608, -2.46754
0.609, -17.1438
0.61, -2.47896
0.611, -17.1551
0.612, -2.46753
0.613, -17.1443
0.614, -2.47916
0.615, -17.1558
0.616, -2.46751
0.617, -17.1448
0.618, -2.47938
0.619, -17.1565
0.62, -2.4675
0.621, -17.1454
0.622, -2.47959
0.623, -17.1573
0.624, -2.46749
0.625, -17.1459
0.626, -2.47981
0.627, -17.1581
0.628, -2.46747
0.629, -17.1465
0.63, -2.48004
0.631, -17.1589
0.632, -2.46746
0.633, -17.1471
0.634, -2.48027
0.635, -17.1597
0.636, -2.46745
0.637, -17.1477
0.638, -2.48051
0.639, -17.1606
0.64, -2.46744
0.641, -17.1483
0.642, -2.48075
0.643, -17.1615
0.644, -2.46744
0.645, -17.149
0.646, -2.481
0.647, -17.1624
0.648, -2.46743
0.649, -17.1497
0.65, -2.48126
0.651, -17.1633
0.652, -2.46743
0.653, -17.1504
0.654, -2.48152
0.655, -17.1643
0.656, -2.46742
0.657, -17.1511
0.658, -2.48179
0.659, -17.1653
0.66, -2.46742
0.661, -17.1518
0.662, -2.48207
0.663, -17.1663
0.664, -2.46742
0.665, -17.1526
0.666, -2.48235
0.667, -17.1674
0.668, -2.46742
0.669, -17.1534
0.67, -2.48264
0.671, -17.1684
0.672, -2.46742
0.673, -17.1542
0.674, -2.48294
0.675, -17.1696
0.676, -2.46743
0.677, -17.155
0.678, -2.48324
0.679, -17.1707
0.68, -2.46743
0.681, -17.1559
0.682, -2.48356
0.683, -17.1719
0.684, -2.46744
0.685, -17.1568
0.686, -2.48388
0.687, -17.1731
0.688, -2.46745
0.689, -17.1578
0.69, -2.48421
0.691, -17.1744
0.692, -2.46746
0.693, -17.1587
0.694, -2.48455
0.695, -17.1757
0.696, -2.46748
0.697, -17.1597
0.698, -2.48489
0.699, -17.177
0.7, -2.4675
0.701, -17.1608
0.702, -2.48525
0.703, -17.1784
0.704, -2.46752
0.705, -17.1618
0.706, -2.48561
0.707, -17.1798
0.708, -2.46754
0.709, -17.1629
0.71, -2.48599
0.711, -17.1813
0.712, -2.46756
0.713, -17.1641
0.714, -2.48637
0.715, -17.1828
0.716, -2.46759
0.717, -17.1652
0.718, -2.48677
0.719, -17.1843
0.72, -2.46762
0.721, -17.1664
0.722, -2.48717
0.723, -17.1859
0.724, -2.46765
0.725, -17.1677
0.726, -2.48758
0.727, -17.1876
0.728, -2.46769
0.729, -17.169
0.73, -2.48801
0.731, -17.1892
0.732, -2.46773
0.733, -17.1703
0.734, -2.48845
0.735, -17.191
0.736, -2.46777
0.737, -17.1717
0.738, -2.4889
0.739, -17.1928
0.74, -2.46782
0.741, -17.1731
0.742, -2.48936
0.743, -17.1946
0.744, -2.46787
0.745, -17.1746
0.746, -2.48983
0.747, -17.1965
0.748, -2.46792
0.749, -17.1761
0.75, -2.49031
0.751, -17.1985
0.752, -2.46798
0.753, -17.1777
0.754, -2.49081
0.755, -17.2005
0.756, -2.46804
0.757, -17.1793
0.758, -2.49132
0.759, -17.2026
0.76, -2.46811
0.761, -17.181
0.762, -2.49184
0.763, -17.2047
0.764, -2.46818
0.765, -17.1827
0.766, -2.49238
0.767, -17.207
0.768, -2.46825
0.769, -17.1845
0.77, -2.49294
0.771, -17.2092
0.772, -2.46834
0.773, -17.1863
0.774, -2.4935
0.775, -17.2116
0.776, -2.46842
0.777, -17.1882
0.778, -2.49408
0.779, -17.214
0.78, -2.46851
0.781, -17.1902
0.782, -2.49468
0.783, -17.2165
0.784, -2.46861
0.785, -17.1922
0.786, -2.4953
0.787, -17.219
0.788, -2.46871
0.789, -17.1943
0.79, -2.49593
0.791, -17.2217
0.792, -2.46882
0.793, -17.1965
0.794, -2.49658
0.795, -17.2244
0.796, -2.46893
0.797, -17.1987
0.798, -2.49724
0.799, -17.2272
0.8, -2.46905
0.801, -17.201
0.802, -2.49792
0.803, -17.2301
0.804, -2.46918
0.805, -17.2034
0.806, -2.49863
0.807, -17.2331
0.808, -2.46932
0.809, -17.2059
0.81, -2.49935
0.811, -17.2362
0.812, -2.46946
0.813, -17.2084
0.814, -2.50009
0.815, -17.2393
0.816, -2.46961
0.817, -17.211
0.818, -2.50085
0.819, -17.2426
0.82, -2.46976
0.821, -17.2137
0.822, -2.50163
0.823, -17.2459
0.824, -2.46993
0.825, -17.2165
0.826, -2.50243
0.827, -17.2494
0.828, -2.4701
0.829, -17.2194
0.83, -2.50326
0.831, -17.253
0.832, -2.47028
0.833, -17.2224
0.834, -2.5041
0.835, -17.2566
0.836, -2.47047
0.837, -17.2255
0.838, -2.50498
0.839, -17.2604
0.84, -2.47067
0.841, -17.2286
0.842, -2.50587
0.843, -17.2643
0.844, -2.47088
0.845, -17.2319
0.846, -2.50679
0.847, -17.2684
0.848, -2.4711
0.849, -17.2353
0.85, -2.50774
0.851, -17.2725
0.852, -2.47133
0.853, -17.2388
0.854, -2.50871
0.855, -17.2768
0.856, -2.47157
0.857, -17.2424
0.858, -2.50971
0.859, -17.2812
0.86, -2.47182
0.861, -17.2461
0.862, -2.51073
0.863, -17.2928
0.864, -2.45814
0.865, -17.2529
0.866, -2.51213
0.867, -17.3139
0.868, -2.44742
0.869, -17.244
0.87, -2.52355
0.871, -17.3268
0.872, -2.44073
0.873, -17.251
0.874, -2.51352
0.875, -17.338
0.876, -2.43856
0.877, -17.272
0.878, -2.50383
0.879, -17.3302
0.88, -2.44912
0.881, -17.2848
0.882, -2.4978
0.883, -17.3306
0.884, -2.45377
0.885, -17.2921
0.886, -2.49642
0.887, -17.3346
0.888, -2.45545
0.889, -17.2977
0.89, -2.49685
0.891, -17.3398
0.892, -2.45616
0.893, -17.3028
0.894, -2.49783
0.895, -17.3456
0.896, -2.4566
0.897, -17.3079
0.898, -2.49899
0.899, -17.3515
0.9, -2.45699
0.901, -17.3131
0.902, -2.50022
0.903, -17.3577
0.904, -2.45738
0.905, -17.3185
0.906, -2.50149
0.907, -17.3641
0.908, -2.45777
0.909, -17.3241
0.91, -2.5028
0.911, -17.3706
0.912, -2.45819
0.913, -17.3299
0.914, -2.50415
0.915, -17.3774
0.916, -2.45861
0.917, -17.3358
0.918, -2.50554
0.919, -17.3844
0.92, -2.45906
0.921, -17.3419
0.922, -2.50697
0.923, -17.3916
0.924, -2.45952
0.925, -17.3483
0.926, -2.50845
0.927, -17.399
0.928, -2.46
0.929, -17.3548
0.93, -2.50996
0.931, -17.4067
0.932, -2.46051
0.933, -17.3615
0.934, -2.51152
0.935, -17.4146
0.936, -2.46103
0.937, -17.3685
0.938, -2.51312
0.939, -17.4227
0.94, -2.46157
0.941, -17.3757
0.942, -2.51477
0.943, -17.4312
0.944, -2.46213
0.945, -17.3831
0.946, -2.51647
0.947, -17.4398
0.948, -2.46271
0.949, -17.3907
0.95, -2.51822
0.951, -17.4488
0.952, -2.46332
0.953, -17.3986
0.954, -2.52002
0.955, -17.458
0.956, -2.46395
0.957, -17.4068
0.958, -2.52187
0.959, -17.4675
0.96, -2.4646
0.961, -17.4152
0.962, -2.52378
0.963, -17.4773
0.964, -2.46528
0.965, -17.4239
0.966, -2.52574
0.967, -17.4874
0.968, -2.46598
0.969, -17.4328
0.97, -2.52777
0.971, -17.4979
0.972, -2.46671
0.973, -17.4421
0.974, -2.52985
0.975, -17.5087
0.976, -2.46747
0.977, -17.4516
0.978, -2.53199
0.979, -17.5198
0.98, -2.46825
0.981, -17.4615
0.982, -2.5342
0.983, -17.5312
0.984, -2.46907
0.985, -17.4717
0.986, -2.53648
0.987, -17.5431
0.988, -2.46991
0.989, -17.4822
0.99, -2.53882
0.991, -17.5553
0.992, -2.47079
0.993, -17.493
0.994, -2.54124
0.995, -17.5679
0.996, -2.47169
0.997, -17.5042
0.998, -2.54373
0.999, -17.5809
1, -2.47263
1.001, -17.5158
1.002, -2.54629
1.003, -17.5943
1.004, -2.4736
1.005, -17.5277
1.006, -2.54893
1.007, -17.6081
1.008, -2.47461
1.009, -17.54
1.01, -2.55174
1.011, -17.6223
1.012, -2.47583
1.013, -16.6324
1.014, -0.950704
1.015, -9.99781
1.016, -0.927945
1.017, -4.76171
1.018, -0.951739
1.019, -7.15753
1.02, -0.933629
1.021, -6.07258
1.022, -0.936863
1.023, -6.56238
1.024, -0.94273
1.025, -6.3414
1.026, -0.933724
1.027, -6.44242
1.028, -0.941832
1.029, -6.39341
1.03, -0.934595
1.031, -6.41804
1.032, -0.939305
1.033, -6.40125
1.034, -0.934734
1.035, -6.41137
1.036, -0.936995
1.037, -6.39973
1.038, -0.933732
1.039, -6.41077
1.04, -0.927728
1.041, -6.4007
1.042, -0.925024
1.043, -6.41479
1.044, -0.920247
1.045, -6.39693
1.046, -0.922137
1.047, -6.40642
1.048, -0.918937
1.049, -6.39162
1.05, -0.917932
1.051, -6.39798
1.052, -0.91653
1.053, -6.38407
1.054, -0.913995
1.055, -6.38895
1.056, -0.913102
1.057, -6.37487
1.058, 0
1.059, -8.0454
1.06, -0.508942
1.061, -5.58276
1.062, -2.83517
1.063, 0
1.064, -10.577
1.065, 0
1.066, -4.0041
1.067, 0
1.068, -10.4996
1.069, 0
1.07, -3.98176
1.071, 0
1.072, -10.4832
1.073, 141.477
1.074, 0
1.075, 0
1.076, 10.7873
1.077, 0.0778604
1.078, 2.88846
1.079, 5.46444
1.08, 1.41892
1.081, 6.58627
1.082, 0.728714
1.083, 6.23161
1.084, 1.09936
1.085, 6.52648
1.086, 0.835217
1.087, 6.33746
1.088, 1.00258
1.089, 6.4575
1.09, 0.899688
1.091, 6.38237
1.092, 0.959515
1.093, 6.42908
1.094, 0.924387
1.095, 6.39678
1.096, 0.943165
1.097, 6.41716
1.098, 0.931876
1.099, 6.39915
1.1, -44.4703
1.101, 0
1.102, 0
1.103, -10.8002
1.104, -0.108738
1.105, -3.7578
1.106, -2.61022
1.107, -5.71984
1.108, 18.5902
1.109, 0
1.11, 0
1.111, -2.65131
1.112, 0.152548
1.113, 2.66901
1.114, -4.8809
1.115, -1.38323
1.116, 7.49461
1.117, 1.34295
1.118, -10.0619
1.119, 0
1.12, 10.9883
1.121, -5.31414
1.122, -2.10001
1.123, 1.05464
1.124, 0.337368
1.125, 0.0126375
1.126, 0.000974742
1.127, -0.0116761
1.128, 0.00563497
1.129, 0.000925878
1.13, 0.00614115
1.131, -0.0130863
1.132, 0.00622851
1.133, 0.000660865
1.134, 0.00625996
1.135, -0.0131745
1.136, 0.0062664
1.137, 0.000644743
1.138, 0.00622537
1.139, -0.0131161
1.14, 0.00619722
1.141, 0.000720374
1.142, 0.00619345
1.143, -0.0131076
1.144, 0.00619174
1.145, 0.000723781
1.146, 0.00619167
1.147, -0.0131069
1.148, 0.00619137
1.149, 0.000723965
1.15, 0.00619157
1.151, -0.0131069
1.152, 0.00619134
1.153, 0.000723976
1.154, 0.00619156
1.155, -0.0131069
1.156, 0.00619134
1.157, 0.000723977
1.158, 0.00619156
1.159, -0.0131069
1.16, 0.00619134
1.161, 0.000723977
1.162, 0.00619156
1.163, -0.0131069
1.164, 0.00619134
1.165, 0.000723977
1.166, 0.00619156
1.167, -0.0131069
1.168, 0.00619134
1.169, 0.000723977
1.17, 0.00619156
1.171, -0.0131069
1.172, 0.00619134
1.173, 0.000723977
1.174, 0.00619156
1.175, -0.0131069
1.176, 0.00619134
1.177, 0.000723977
1.178, 0.00619156
1.179, -0.0131069
1.18, 0.00619134
1.181, 0.000723977
1.182, 0.00619156
1.183, -0.0131069
1.184, 0.00619134
1.185, 0.000723977
1.186, 0.00619156
1.187, -0.0131069
1.188, 0.00619134
1.189, 0.000723977
1.19, 0.00619156
1.191, -0.0131069
1.192, 0.00619134
1.193, 0.000723977
1.194, 0.00619156
1.195, -0.0131069
1.196, 0.00619134
1.197, 0.000723977
1.198, 0.00619156
1.199, -0.0131069
1.2, 0.00619134
1.201, 0.000723977
1.202, 0.00619156
1.203, -0.0131069
1.204, 0.00619134
1.205, 0.000723977
1.206, 0.00619156
1.207, -0.0131069
1.208, 0.00619134
1.209, 0.000723977
1.21, 0.00619156
1.211, -0.0131069
1.212, 0.00619134
1.213, 0.000723977
1.214, 0.00619156
1.215, -0.0131069
1.216, 0.00619134
1.217, 0.000723977
1.218, 0.00619156
1.219, -0.0131069
1.22, 0.00619134
1.221, 0.000723977
1.222, 0.00619156
1.223, -0.0131069
1.224, 0.00619134
1.225, 0.000723977
1.226, 0.00619156
1.227, -0.0131069
1.228, 0.00619134
1.229, 0.000723977
1.23, 0.00619156
1.231, -0.0131069
1.232, 0.00619134
1.233, 0.000723977
1.234, 0.00619156
1.235, -0.0131069
1.236, 0.00619134
1.237, 0.000723977
1.238, 0.00619156
1.239, -0.0131069
1.24, 0.00619134
1.241, 0.000723977
1.242, 0.00619156
1.243, -0.0131069
1.244, 0.00619134
1.245, 0.000723977
1.246, 0.00619156
1.247, -0.0131069
1.248, 0.00619134
1.249, 0.000723977
1.25, 0.00619156
1.251, -0.0131069
1.252, 0.00619134
1.253, 0.000723977
1.254, 0.00619156
1.255, -0.0131069
1.256, 0.00619134
1.257, 0.000723977
1.258, 0.00619156
1.259, -0.0131069
1.26, 0.00619134
1.261, 0.000723977
1.262, 0.00619156
1.263, -0.0131069
1.264, 0.00619134
1.265, 0.000723977
1.266, 0.00619156
1.267, -0.0131069
1.268, 0.00619134
1.269, 0.000723977
1.27, 0.00619156
1.271, -0.0131069
1.272, 0.00619134
1.273, 0.000723977
1.274, 0.00619156
1.275, -0.0131069
1.276, 0.00619134
1.277, 0.000723977
1.278, 0.00619156
1.279, -0.0131069
1.28, 0.00619134
1.281, 0.000723977
1.282, 0.00619156
1.283, -0.0131069
1.284, 0.00619134
1.285, 0.000723977
1.286, 0.00619156
1.287, -0.0131069
1.288, 0.00619134
1.289, 0.000723977
1.29, 0.00619156
1.291, -0.0131069
1.292, 0.00619134
1.293, 0.000723977
1.294, 0.00619156
1.295, -0.0131069
1.296, 0.00619134
1.297, 0.000723977
1.298, 0.00619156
1.299, -0.0131069
1.3, 0.00619134
1.301, 0.000723977
1.302, 0.00619156
1.303, -0.0131069
1.304, 0.00619134
1.305, 0.000723977
1.306, 0.00619156
1.307, -0.0131069
1.308, 0.00619134
1.309, 0.000723977
1.31, 0.00619156
1.311, -0.0131069
1.312, 0.00619134
1.313, 0.000723977
1.314, 0.00619156
1.315, -0.0131069
1.316, 0.00619134
1.317, 0.000723977
1.318, 0.00619156
1.319, -0.0131069
1.32, 0.00619134
1.321, 0.000723977
1.322, 0.00619156
1.323, -0.0131069
1.324, 0.00619134
1.325, 0.000723977
1.326, 0.00619156
1.327, -0.0131069
1.328, 0.00619134
1.329, 0.000723977
1.33, 0.00619156
1.331, -0.0131069
1.332, 0.00619134
1.333, 0.000723977
1.334, 0.00619156
1.335, -0.0131069
1.336, 0.00619134
1.337, 0.000723977
1.338, 0.00619156
1.339, -0.0131069
1.34, 0.00619134
1.341, 0.000723977
1.342, 0.00619156
1.343, -0.0131069
1.344, 0.00619134
1.345, 0.000723977
1.346, 0.00619156
1.347, -0.0131069
1.348, 0.00619134
1.349, 0.000723977
1.35, 0.00619156
1.351, -0.0131069
1.352, 0.00619134
1.353, 0.000723977
1.354, 0.00619156
1.355, -0.0131069
1.356, 0.00619134
1.357, 0.000723977
1.358, 0.00619156
1.359, -0.0131069
1.36, 0.00619134
1.361, 0.000723977
1.362, 0.00619156
1.363, -0.0131069
1.364, 0.00619134
1.365, 0.000723977
1.366, 0.00619156
1.367, -0.0131069
1.368, 0.00619134
1.369, 0.000723977
1.37, 0.00619156
1.371, -0.0131069
1.372, 0.00619134
1.373, 0.000723977
1.374, 0.00619156
1.375, -0.0131069
1.376, 0.00619134
1.377, 0.000723977
1.378, 0.00619156
1.379, -0.0131069
1.38, 0.00619134
1.381, 0.000723977
1.382, 0.00619156
1.383, -0.0131069
1.384, 0.00619134
1.385, 0.000723978
1.386, 0.00619156
1.387, -0.0131069
1.388, 0.00619134
1.389, 0.000723978
1.39, 0.00619156
1.391, -0.0131069
1.392, 0.00619134
1.393, 0.000723978
1.394, 0.00619156
1.395, -0.0131069
1.396, 0.00619134
1.397, 0.000723978
1.398, 0.00619156
1.399, -0.0131069
1.4, 0.00619134
1.401, 0.000723978
1.402, 0.00619156
1.403, -0.0131069
1.404, 0.00619134
1.405, 0.000723978
1.406, 0.00619156
1.407, -0.0131069
1.408, 0.00619134
1.409, 0.000723978
1.41, 0.00619156
1.411, -0.0131069
1.412, 0.00619134
1.413, 0.000723978
1.414, 0.00619156
1.415, -0.0131069
1.416, 0.00619134
1.417, 0.000723978
1.418, 0.00619156
1.419, -0.0131069
1.42, 0.00619134
1.421, 0.000723978
1.422, 0.00619156
1.423, -0.0131069
1.424, 0.00619134
1.425, 0.000723978
1.426, 0.00619156
1.427, -0.0131069
1.428, 0.00619134
1.429, 0.000723978
1.43, 0.00619156
1.431, -0.0131069
1.432, 0.00619134
1.433, 0.000723978
1.434, 0.00619156
1.435, -0.0131069
1.436, 0.00619134
1.437, 0.000723978
1.438, 0.00619156
1.439, -0.0131069
1.44, 0.00619134
1.441, 0.000723978
1.442, 0.00619156
1.443, -0.0131069
1.444, 0.00619134
1.445, 0.000723978
1.446, 0.00619156
1.447, -0.0131069
1.448, 0.00619134
1.449, 0.000723978
1.45, 0.00619156
1.451, -0.0131069
1.452, 0.00619134
1.453, 0.000723978
1.454, 0.00619156
1.455, -0.0131069
1.456, 0.00619134
1.457, 0.000723978
1.458, 0.00619156
1.459, -0.0131069
1.46, 0.00619134
1.461, 0.000723978
1.462, 0.00619156
1.463, -0.0131069
1.464, 0.00619134
1.465, 0.000723978
1.466, 0.00619156
1.467, -0.0131069
1.468, 0.00619134
1.469, 0.000723978
1.47, 0.00619156
1.471, -0.0131069
1.472, 0.00619134
1.473, 0.000723978
1.474, 0.00619156
1.475, -0.0131069
1.476, 0.00619134
1.477, 0.000723978
1.478, 0.00619156
1.479, -0.0131069
1.48, 0.00619134
1.481, 0.000723978
1.482, 0.00619156
1.483, -0.0131069
1.484, 0.00619134
1.485, 0.000723978
1.486, 0.00619156
1.487, -0.0131069
1.488, 0.00619134
1.489, 0.000723978
1.49, 0.00619156
1.491, -0.0131069
1.492, 0.00619134
1.493, 0.000723978
1.494, 0.00619156
1.495, -0.0131069
1.496, 0.00619134
1.497, 0.000723978
1.498, 0.00619156
1.499, -0.0131069
1.5, 0.00619134
1.501, 0.000723978
1.502, 0.00619156
1.503, -0.0131069
1.504, 0.00619134
1.505, 0.000723978
1.506, 0.00619156
1.507, -0.0131069
1.508, 0.00619134
1.509, 0.000723978
1.51, 0.00619156
1.511, -0.0131069
1.512, 0.00619134
1.513, 0.000723978
1.514, 0.00619156
1.515, -0.0131069
1.516, 0.00619134
1.517, 0.000723978
1.518, 0.00619156
1.519, -0.0131069
1.52, 0.00619134
1.521, 0.000723978
1.522, 0.00619156
1.523, -0.0131069
1.524, 0.00619134
1.525, 0.000723978
1.526, 0.00619156
1.527, -0.0131069
1.528, 0.00619134
1.529, 0.000723978
1.53, 0.00619156
1.531, -0.0131069
1.532, 0.00619134
1.533, 0.000723978
1.534, 0.00619156
1.535, -0.0131069
1.536, 0.00619134
1.537, 0.000723978
1.538, 0.00619156
1.539, -0.0131069
1.54, 0.00619134
1.541, 0.000723978
1.542, 0.00619156
1.543, -0.0131069
1.544, 0.00619134
1.545, 0.000723978
1.546, 0.00619156
1.547, -0.0131069
1.548, 0.00619134
1.549, 0.000723978
1.55, 0.00619156
1.551, -0.0131069
1.552, 0.00619134
1.553, 0.000723978
1.554, 0.00619156
1.555, -0.0131069
1.556, 0.00619134
1.557, 0.000723978
1.558, 0.00619156
1.559, -0.0131069
1.56, 0.00619134
1.561, 0.000723978
1.562, 0.00619156
1.563, -0.0131069
1.564, 0.00619134
1.565, 0.000723978
1.566, 0.00619156
1.567, -0.0131069
1.568, 0.00619134
1.569, 0.000723978
1.57, 0.00619156
1.571, -0.0131069
1.572, 0.00619134
1.573, 0.000723978
1.574, 0.00619156
1.575, -0.0131069
1.576, 0.00619134
1.577, 0.000723978
1.578, 0.00619156
1.579, -0.0131069
1.58, 0.00619134
1.581, 0.000723978
1.582, 0.00619156
1.583, -0.0131069
1.584, 0.00619134
1.585, 0.000723978
1.586, 0.00619156
1.587, -0.0131069
1.588, 0.00619134
1.589, 0.000723978
1.59, 0.00619156
1.591, -0.0131069
1.592, 0.00619134
1.593, 0.000723978
1.594, 0.00619156
1.595, -0.0131069
1.596, 0.00619134
1.597, 0.000723978
1.598, 0.00619156
1.599, -0.0131069
1.6, 0.00619134
1.601, 0.000723978
1.602, 0.00619156
1.603, -0.0131069
1.604, 0.00619134
1.605, 0.000723978
1.606, 0.00619156
1.607, -0.0131069
1.608, 0.00619134
1.609, 0.000723978
1.61, 0.00619156
1.611, -0.0131069
1.612, 0.00619134
1.613, 0.000723978
1.614, 0.00619156
1.615, -0.0131069
1.616, 0.00619134
1.617, 0.000723978
1.618, 0.00619156
1.619, -0.0131069
1.62, 0.00619134
1.621, 0.000723978
1.622, 0.00619156
1.623, -0.0131069
1.624, 0.00619134
1.625, 0.000723978
1.626, 0.00619156
1.627, -0.0131069
1.628, 0.00619134
1.629, 0.000723978
1.63, 0.00619156
1.631, -0.0131069
1.632, 0.00619134
1.633, 0.000723978
1.634, 0.00619156
1.635, -0.0131069
1.636, 0.00619134
1.637, 0.000723978
1.638, 0.00619156
1.639, -0.0131069
1.64, 0.00619134
1.641, 0.000723978
1.642, 0.00619156
1.643, -0.0131069
1.644, 0.00619134
1.645, 0.000723978
1.646, 0.00619156
1.647, -0.0131069
1.648, 0.00619134
1.649, 0.000723978
1.65, 0.00619156
1.651, -0.0131069
1.652, 0.00619134
1.653, 0.000723978
1.654, 0.00619156
1.655, -0.0131069
1.656, 0.00619134
1.657, 0.000723978
1.658, 0.00619156
1.659, -0.0131069
1.66, 0.00619134
1.661, 0.000723978
1.662, 0.00619156
1.663, -0.0131069
1.664, 0.00619134
1.665, 0.000723978
1.666, 0.00619156
1.667, -0.0131069
1.668, 0.00619134
1.669, 0.000723978
1.67, 0.00619156
1.671, -0.0131069
1.672, 0.00619134
1.673, 0.000723978
1.674, 0.00619156
1.675, -0.0131069
1.676, 0.00619134
1.677, 0.000723978
1.678, 0.00619156
1.679, -0.0131069
1.68, 0.00619134
1.681, 0.000723978
1.682, 0.00619156
1.683, -0.0131069
1.684, 0.00619134
1.685, 0.000723978
1.686, 0.00619156
1.687, -0.0131069
1.688, 0.00619134
1.689, 0.000723978
1.69, 0.00619156
1.691, -0.0131069
1.692, 0.00619134
1.693, 0.000723979
1.694, 0.00619156
1.695, -0.0131069
1.696, 0.00619134
1.697, 0.000723978
1.698, 0.00619156
1.699, -0.0131069
1.7, 0.00619134
1.701, 0.000723979
1.702, 0.00619156
1.703, -0.0131069
1.704, 0.00619134
1.705, 0.000723979
1.706, 0.00619156
1.707, -0.0131069
1.708, 0.00619134
1.709, 0.000723979
1.71, 0.00619156
1.711, -0.0131069
1.712, 0.00619134
1.713, 0.000723979
1.714, 0.00619156
1.715, -0.0131069
1.716, 0.00619134
1.717, 0.000723979
1.718, 0.00619156
1.719, -0.0131069
1.72, 0.00619134
1.721, 0.000723979
1.722, 0.00619156
1.723, -0.0131069
1.724, 0.00619134
1.725, 0.000723979
1.726, 0.00619156
1.727, -0.0131069
1.728, 0.00619134
1.729, 0.000723979
1.73, 0.00619156
1.731, -0.0131069
1.732, 0.00619134
1.733, 0.000723979
1.734, 0.00619156
1.735, -0.0131069
1.736, 0.00619134
1.737, 0.000723979
1.738, 0.00619156
1.739, -0.0131069
1.74, 0.00619134
1.741, 0.000723979
1.742, 0.00619156
1.743, -0.0131069
1.744, 0.00619134
1.745, 0.000723979
1.746, 0.00619156
1.747, -0.0131069
1.748, 0.00619134
1.749, 0.000723979
1.75, 0.00619156
1.751, -0.0131069
1.752, 0.00619134
1.753, 0.000723979
1.754, 0.00619156
1.755, -0.0131069
1.756, 0.00619134
1.757, 0.000723979
1.758, 0.00619156
1.759, -0.0131069
1.76, 0.00619134
1.761, 0.000723979
1.762, 0.00619156
1.763, -0.0131069
1.764, 0.00619134
1.765, 0.000723979
1.766, 0.00619156
1.767, -0.0131069
1.768, 0.00619134
1.769, 0.000723979
1.77, 0.00619156
1.771, -0.0131069
1.772, 0.00619134
1.773, 0.000723979
1.774, 0.00619156
1.775, -0.0131069
1.776, 0.00619134
1.777, 0.000723979
1.778, 0.00619156
1.779, -0.0131069
1.78, 0.00619134
1.781, 0.000723979
1.782, 0.00619156
1.783, -0.0131069
1.784, 0.00619134
1.785, 0.000723979
1.786, 0.00619156
1.787, -0.0131069
1.788, 0.00619134
1.789, 0.000723979
1.79, 0.00619156
1.791, -0.0131069
1.792, 0.00619134
1.793, 0.000723979
1.794, 0.00619156
1.795, -0.0131069
1.796, 0.00619134
1.797, 0.000723979
1.798, 0.00619156
1.799, -0.0131069
1.8, 0.00619134
1.801, 0.000723979
1.802, 0.00619156
1.803, -0.0131069
1.804, 0.00619134
1.805, 0.000723979
1.806, 0.00619156
1.807, -0.0131069
1.808, 0.00619134
1.809, 0.000723979
1.81, 0.00619156
1.811, -0.0131069
1.812, 0.00619134
1.813, 0.000723979
1.814, 0.00619156
1.815, -0.0131069
1.816, 0.00619134
1.817, 0.000723979
1.818, 0.00619156
1.819, -0.0131069
1.82, 0.00619134
1.821, 0.000723979
1.822, 0.00619156
1.823, -0.0131069
1.824, 0.00619134
1.825, 0.000723979
1.826, 0.00619156
1.827, -0.0131069
1.828, 0.00619134
1.829, 0.000723979
1.83, 0.00619156
1.831, -0.0131069
1.832, 0.00619134
1.833, 0.000723979
1.834, 0.00619156
1.835, -0.0131069
1.836, 0.00619134
1.837, 0.000723979
1.838, 0.00619156
1.839, -0.0131069
1.84, 0.00619134
1.841, 0.000723979
1.842, 0.00619156
1.843, -0.0131069
1.844, 0.00619134
1.845, 0.000723979
1.846, 0.00619156
1.847, -0.0131069
1.848, 0.00619134
1.849, 0.000723979
1.85, 0.00619156
1.851, -0.0131069
1.852, 0.00619134
1.853, 0.000723979
1.854, 0.00619156
1.855, -0.0131069
1.856, 0.00619134
1.857, 0.000723979
1.858, 0.00619156
1.859, -0.0131069
1.86, 0.00619134
1.861, 0.000723979
1.862, 0.00619156
1.863, -0.0131069
1.864, 0.00619134
1.865, 0.000723979
1.866, 0.00619156
1.867, -0.0131069
1.868, 0.00619134
1.869, 0.000723979
1.87, 0.00619156
1.871, -0.0131069
1.872, 0.00619134
1.873, 0.000723979
1.874, 0.00619156
1.875, -0.0131069
1.876, 0.00619134
1.877, 0.000723979
1.878, 0.00619156
1.879, -0.0131069
1.88, 0.00619134
1.881, 0.000723979
1.882, 0.00619156
1.883, -0.0131069
1.884, 0.00619134
1.885, 0.000723979
1.886, 0.00619156
1.887, -0.0131069
1.888, 0.00619134
1.889, 0.000723979
1.89, 0.00619156
1.891, -0.0131069
1.892, 0.00619134
1.893, 0.000723979
1.894, 0.00619156
1.895, -0.0131069
1.896, 0.00619134
1.897, 0.000723979
1.898, 0.00619156
1.899, -0.0131069
1.9, 0.00619134
1.901, 0.000723979
1.902, 0.00619156
1.903, -0.0131069
1.904, 0.00619134
1.905, 0.000723979
1.906, 0.00619156
1.907, -0.0131069
1.908, 0.00619134
1.909, 0.000723979
1.91, 0.00619156
1.911, -0.0131069
1.912, 0.00619134
1.913, 0.000723979
1.914, 0.00619156
1.915, -0.0131069
1.916, 0.00619134
1.917, 0.000723979
1.918, 0.00619156
1.919, -0.0131069
1.92, 0.00619134
1.921, 0.000723979
1.922, 0.00619156
1.923, -0.0131069
1.924, 0.00619134
1.925, 0.000723979
1.926, 0.00619156
1.927, -0.0131069
1.928, 0.00619134
1.929, 0.000723979
1.93, 0.00619156
1.931, -0.0131069
1.932, 0.00619134
1.933, 0.000723979
1.934, 0.00619156
1.935, -0.0131069
1.936, 0.00619134
1.937, 0.000723979
1.938, 0.00619156
1.939, -0.0131069
1.94, 0.00619134
1.941, 0.000723979
1.942, 0.00619156
1.943, -0.0131069
1.944, 0.00619134
1.945, 0.000723979
1.946, 0.00619156
1.947, -0.0131069
1.948, 0.00619134
1.949, 0.000723979
1.95, 0.00619156
1.951, -0.0131069
1.952, 0.00619134
1.953, 0.000723979
1.954, 0.00619156
1.955, -0.0131069
1.956, 0.00619134
1.957, 0.000723979
1.958, 0.00619156
1.959, -0.0131069
1.96, 0.00619134
1.961, 0.000723979
1.962, 0.00619156
1.963, -0.0131069
1.964, 0.00619134
1.965, 0.000723979
1.966, 0.00619156
1.967, -0.0131069
1.968, 0.00619134
1.969, 0.000723979
1.97, 0.00619156
1.971, -0.0131069
1.972, 0.00619134
1.973, 0.000723979
1.974, 0.00619156
1.975, -0.0131069
1.976, 0.00619134
1.977, 0.000723979
1.978, 0.00619156
1.979, -0.0131069
1.98, 0.00619134
1.981, 0.000723979
1.982, 0.00619156
1.983, -0.0131069
1.984, 0.00619134
1.985, 0.000723979
1.986, 0.00619156
1.987, -0.0131069
1.988, 0.00619134
1.989, 0.000723979
1.99, 0.00619156
1.991, -0.0131069
1.992, 0.00619134
1.993, 0.000723979
1.994, 0.00619156
1.995, -0.0131069
1.996, 0.00619134
1.997, 0.000723979
1.998, 0.00619156
1.999, -0.0131069
2, 0.00619134
2.001, 0.000723979
2.002, 0.00619156
2.003, -0.0131069
2.004, 0.00619134
2.005, 0.00072398
2.006, 0.00619156
2.007, -0.0131069
2.008, 0.00619134
2.009, 0.00072398
2.01, 0.00619156
2.011, -0.0131069
2.012, 0.00619134
2.013, 0.00072398
2.014, 0.00619156
2.015, -0.0131069
2.016, 0.00619134
2.017, 0.00072398
2.018, 0.00619156
2.019, -0.0131069
2.02, 0.00619134
2.021, 0.00072398
2.022, 0.00619156
2.023, -0.0131069
2.024, 0.00619134
2.025, 0.00072398
2.026, 0.00619156
2.027, -0.0131069
2.028, 0.00619134
2.029, 0.00072398
2.03, 0.00619156
2.031, -0.0131069
2.032, 0.00619134
2.033, 0.00072398
2.034, 0.00619156
2.035, -0.0131069
2.036, 0.00619134
2.037, 0.00072398
2.038, 0.00619156
2.039, -0.0131069
2.04, 0.00619134
2.041, 0.00072398
2.042, 0.00619156
2.043, -0.0131069
2.044, 0.00619134
2.045, 0.00072398
2.046, 0.00619156
2.047, -0.0131069
2.048, 0.00619134
2.049, 0.00072398
2.05, 0.00619156
2.051, -0.0131069
2.052, 0.00619134
2.053, 0.00072398
2.054, 0.00619156
2.055, -0.0131069
2.056, 0.00619134
2.057, 0.00072398
2.058, 0.00619156
2.059, -0.0131069
2.06, 0.00619134
2.061, 0.00072398
2.062, 0.00619156
2.063, -0.0131069
2.064, 0.00619134
2.065, 0.00072398
2.066, 0.00619156
2.067, -0.0131069
2.068, 0.00619134
2.069, 0.00072398
2.07, 0.00619156
2.071, -0.0131069
2.072, 0.00619134
2.073, 0.00072398
2.074, 0.00619156
2.075, -0.0131069
2.076, 0.00619134
2.077, 0.00072398
2.078, 0.00619156
2.079, -0.0131069
2.08, 0.00619134
2.081, 0.00072398
2.082, 0.00619156
2.083, -0.0131069
2.084, 0.00619134
2.085, 0.00072398
2.086, 0.00619156
2.087, -0.0131069
2.088, 0.00619134
2.089, 0.00072398
2.09, 0.00619156
2.091, -0.0131069
2.092, 0.00619134
2.093, 0.00072398
2.094, 0.00619156
2.095, -0.0131069
2.096, 0.00619134
2.097, 0.00072398
2.098, 0.00619156
2.099, -0.0131069
2.1, 0.00619134
2.101, 0.00072398
2.102, 0.00072398
2.103, 0.00072398
2.104, 0.00072398
2.105, 0.00072398
2.106, 0.00072398
2.107, 0.00072398
2.108, 0.00072398
2.109, 0.00072398
2.11, 0.00072398
2.111, 0.00072398
2.112, 0.00072398
2.113, 0.00072398
2.114, 0.00072398
2.115, 0.00072398
2.116, 0.00072398
2.117, 0.00072398
2.118, 0.00072398
2.119, 0.00072398
2.12, 0.00072398
2.121, 0.00072398
2.122, 0.00072398
2.123, 0.00072398
2.124, 0.00072398
2.125, 0.00072398
2.126, 0.00072398
2.127, 0.00072398
2.128, 0.00072398
2.129, 0.00072398
2.13, 0.00072398
2.131, 0.00072398
2.132, 0.00072398
2.133, 0.00072398
2.134, 0.00072398
2.135, 0.00072398
2.136, 0.00072398
2.137, 0.00072398
2.138, 0.00072398
2.139, 0.00072398
2.14, 0.00072398
2.141, 0.00072398
2.142, 0.00072398
2.143, 0.00072398
2.144, 0.00072398
2.145, 0.00072398
2.146, 0.00072398
2.147, 0.00072398
2.148, 0.00072398
2.149, 0.00072398
2.15, 0.00072398
2.151, 0.00072398
2.152, 0.00072398
2.153, 0.00072398
2.154, 0.00072398
2.155, 0.00072398
2.156, 0.00072398
2.157, 0.00072398
2.158, 0.00072398
2.159, 0.00072398
2.16, 0.00072398
2.161, 0.00072398
2.162, 0.00072398
2.163, 0.00072398
2.164, 0.00072398
2.165, 0.00072398
2.166, 0.00072398
2.167, 0.00072398
2.168, 0.00072398
2.169, 0.00072398
2.17, 0.00072398
2.171, 0.00072398
2.172, 0.00072398
2.173, 0.00072398
2.174, 0.00072398
2.175, 0.00072398
2.176, 0.00072398
2.177, 0.00072398
2.178, 0.00072398
2.179, 0.00072398
2.18, 0.00072398
2.181, 0.00072398
2.182, 0.00072398
2.183, 0.00072398
2.184, 0.00072398
2.185, 0.00072398
2.186, 0.00072398
2.187, 0.00072398
2.188, 0.00072398
2.189, 0.00072398
2.19, 0.00072398
2.191, 0.00072398
2.192, 0.00072398
2.193, 0.00072398
2.194, 0.00072398
2.195, 0.00072398
2.196, 0.00072398
2.197, 0.00072398
2.198, 0.00072398
2.199, 0.00072398
2.2, 0.00072398
2.201, 0.00072398
2.202, 0.00072398
2.203, 0.00072398
2.204, 0.00072398
2.205, 0.00072398
2.206, 0.00072398
2.207, 0.00072398
2.208, 0.00072398
2.209, 0.00072398
2.21, 0.00072398
2.211, 0.00072398
2.212, 0.00072398
2.213, 0.00072398
2.214, 0.00072398
2.215, 0.00072398
2.216, 0.00072398
2.217, 0.00072398
2.218, 0.00072398
2.219, 0.00072398
2.22, 0.00072398
2.221, 0.00072398
2.222, 0.00072398
2.223, 0.00072398
2.224, 0.00072398
2.225, 0.00072398
2.226, 0.00072398
2.227, 0.00072398
2.228, 0.00072398
2.229, 0.00072398
2.23, 0.00072398
2.231, 0.00072398
2.232, 0.00072398
2.233, 0.00072398
2.234, 0.00072398
2.235, 0.00072398
2.236, 0.00072398
2.237, 0.00072398
2.238, 0.00072398
2.239, 0.00072398
2.24, 0.00072398
2.241, 0.00072398
2.242, 0.00072398
2.243, 0.00072398
2.244, 0.00072398
2.245, 0.00072398
2.246, 0.00072398
2.247, 0.00072398
2.248, 0.00072398
2.249, 0.00072398
2.25, 0.00072398
2.251, 0.00072398
2.252, 0.00072398
2.253, 0.00072398
2.254, 0.00072398
2.255, 0.00072398
2.256, 0.00072398
2.257, 0.00072398
2.258, 0.00072398
2.259, 0.00072398
2.26, 0.00072398
2.261, 0.00072398
2.262, 0.00072398
2.263, 0.00072398
2.264, 0.00072398
2.265, 0.00072398
2.266, 0.00072398
2.267, 0.00072398
2.268, 0.00072398
2.269, 0.00072398
2.27, 0.00072398
2.271, 0.00072398
2.272, 0.00072398
2.273, 0.00072398
2.274, 0.00072398
2.275, 0.00072398
2.276, 0.00072398
2.277, 0.00072398
2.278, 0.00072398
2.279, 0.00072398
2.28, 0.00072398
2.281, 0.00072398
2.282, 0.00072398
2.283, 0.00072398
2.284, 0.00072398
2.285, 0.00072398
2.286, 0.00072398
2.287, 0.00072398
2.288, 0.00072398
2.289, 0.00072398
2.29, 0.00072398
2.291, 0.00072398
2.292, 0.00072398
2.293, 0.00072398
2.294, 0.00072398
2.295, 0.00072398
2.296, 0.00072398
2.297, 0.00072398
2.298, 0.00072398
2.299, 0.00072398
2.3, 0.00072398
2.301, 0.00072398
2.302, 0.00072398
2.303, 0.00072398
2.304, 0.00072398
2.305, 0.00072398
2.306, 0.00072398
2.307, 0.00072398
2.308, 0.00072398
2.309, 0.00072398
2.31, 0.00072398
2.311, 0.00072398
2.312, 0.00072398
2.313, 0.00072398
2.314, 0.00072398
2.315, 0.00072398
2.316, 0.00072398
2.317, 0.00072398
2.318, 0.00072398
2.319, 0.00072398
2.32, 0.00072398
2.321, 0.00072398
2.322, 0.00072398
2.323, 0.00072398
2.324, 0.00072398
2.325, 0.00072398
2.326, 0.00072398
2.327, 0.00072398
2.328, 0.00072398
2.329, 0.00072398
2.33, 0.00072398
2.331, 0.00072398
2.332, 0.00072398
2.333, 0.00072398
2.334, 0.00072398
2.335, 0.00072398
2.336, 0.00072398
2.337, 0.00072398
2.338, 0.00072398
2.339, 0.00072398
2.34, 0.00072398
2.341, 0.00072398
2.342, 0.00072398
2.343, 0.00072398
2.344, 0.00072398
2.345, 0.00072398
2.346, 0.00072398
2.347, 0.00072398
2.348, 0.00072398
2.349, 0.00072398
2.35, 0.00072398
2.351, 0.00072398
2.352, 0.00072398
2.353, 0.00072398
2.354, 0.00072398
2.355, 0.00072398
2.356, 0.00072398
2.357, 0.00072398
2.358, 0.00072398
2.359, 0.00072398
2.36, 0.00072398
2.361, 0.00072398
2.362, 0.00072398
2.363, 0.00072398
2.364, 0.00072398
2.365, 0.00072398
2.366, 0.00072398
2.367, 0.00072398
2.368, 0.00072398
2.369, 0.00072398
2.37, 0.00072398
2.371, 0.00072398
2.372, 0.00072398
2.373, 0.00072398
2.374, 0.00072398
2.375, 0.00072398
2.376, 0.00072398
2.377, 0.00072398
2.378, 0.00072398
2.379, 0.00072398
2.38, 0.00072398
2.381, 0.00072398
2.382, 0.00072398
2.383, 0.00072398
2.384, 0.00072398
2.385, 0.00072398
2.386, 0.00072398
2.387, 0.00072398
2.388, 0.00072398
2.389, 0.00072398
2.39, 0.00072398
2.391, 0.00072398
2.392, 0.00072398
2.393, 0.00072398
2.394, 0.00072398
2.395, 0.00072398
2.396, 0.00072398
2.397, 0.00072398
2.398, 0.00072398
2.399, 0.00072398
2.4, 0.00072398
2.401, 0.00072398
2.402, 0.00072398
2.403, 0.00072398
2.404, 0.00072398
2.405, 0.00072398
2.406, 0.00072398
2.407, 0.00072398
2.408, 0.00072398
2.409, 0.00072398
2.41, 0.00072398
2.411, 0.00072398
2.412, 0.00072398
2.413, 0.00072398
2.414, 0.00072398
2.415, 0.00072398
2.416, 0.00072398
2.417, 0.00072398
2.418, 0.00072398
2.419, 0.00072398
2.42, 0.00072398
2.421, 0.00072398
2.422, 0.00072398
2.423, 0.00072398
2.424, 0.00072398
2.425, 0.00072398
2.426, 0.00072398
2.427, 0.00072398
2.428, 0.00072398
2.429, 0.00072398
2.43, 0.00072398
2.431, 0.00072398
2.432, 0.00072398
2.433, 0.00072398
2.434, 0.00072398
2.435, 0.00072398
2.436, 0.00072398
2.437, 0.00072398
2.438, 0.00072398
2.439, 0.00072398
2.44, 0.00072398
2.441, 0.00072398
2.442, 0.00072398
2.443, 0.00072398
2.444, 0.00072398
2.445, 0.00072398
2.446, 0.00072398
2.447, 0.00072398
2.448, 0.00072398
2.449, 0.00072398
2.45, 0.00072398
2.451, 0.00072398
2.452, 0.00072398
2.453, 0.00072398
2.454, 0.00072398
2.455, 0.00072398
2.456, 0.00072398
2.457, 0.00072398
2.458, 0.00072398
2.459, 0.00072398
2.46, 0.00072398
2.461, 0.00072398
2.462, 0.00072398
2.463, 0.00072398
2.464, 0.00072398
2.465, 0.00072398
2.466, 0.00072398
2.467, 0.00072398
2.468, 0.00072398
2.469, 0.00072398
2.47, 0.00072398
2.471, 0.00072398
2.472, 0.00072398
2.473, 0.00072398
2.474, 0.00072398
2.475, 0.00072398
2.476, 0.00072398
2.477, 0.00072398
2.478, 0.00072398
2.479, 0.00072398
2.48, 0.00072398
2.481, 0.00072398
2.482, 0.00072398
2.483, 0.00072398
2.484, 0.00072398
2.485, 0.00072398
2.486, 0.00072398
2.487, 0.00072398
2.488, 0.00072398
2.489, 0.00072398
2.49, 0.00072398
2.491, 0.00072398
2.492, 0.00072398
2.493, 0.00072398
2.494, 0.00072398
2.495, 0.00072398
2.496, 0.00072398
2.497, 0.00072398
2.498, 0.00072398
2.499, 0.00072398
2.5, 0.00072398
2.501, 0.00072398
2.502, 0.00072398
2.503, 0.00072398
2.504, 0.00072398
2.505, 0.00072398
2.506, 0.00072398
2.507, 0.00072398
2.508, 0.00072398
2.509, 0.00072398
2.51, 0.00072398
2.511, 0.00072398
2.512, 0.00072398
2.513, 0.00072398
2.514, 0.00072398
2.515, 0.00072398
2.516, 0.00072398
2.517, 0.00072398
2.518, 0.00072398
2.519, 0.00072398
2.52, 0.00072398
2.521, 0.00072398
2.522, 0.00072398
2.523, 0.00072398
2.524, 0.00072398
2.525, 0.00072398
2.526, 0.00072398
2.527, 0.00072398
2.528, 0.00072398
2.529, 0.00072398
2.53, 0.00072398
2.531, 0.00072398
2.532, 0.00072398
2.533, 0.00072398
2.534, 0.00072398
2.535, 0.00072398
2.536, 0.00072398
2.537, 0.00072398
2.538, 0.00072398
2.539, 0.00072398
2.54, 0.00072398
2.541, 0.00072398
2.542, 0.00072398
2.543, 0.00072398
2.544, 0.00072398
2.545, 0.00072398
2.546, 0.00072398
2.547, 0.00072398
2.548, 0.00072398
2.549, 0.00072398
2.55, 0.00072398
2.551, 0.00072398
2.552, 0.00072398
2.553, 0.00072398
2.554, 0.00072398
2.555, 0.00072398
2.556, 0.00072398
2.557, 0.00072398
2.558, 0.00072398
2.559, 0.00072398
2.56, 0.00072398
2.561, 0.00072398
2.562, 0.00072398
2.563, 0.00072398
2.564, 0.00072398
2.565, 0.00072398
2.566, 0.00072398
2.567, 0.00072398
2.568, 0.00072398
2.569, 0.00072398
2.57, 0.00072398
2.571, 0.00072398
2.572, 0.00072398
2.573, 0.00072398
2.574, 0.00072398
2.575, 0.00072398
2.576, 0.00072398
2.577, 0.00072398
2.578, 0.00072398
2.579, 0.00072398
2.58, 0.00072398
2.581, 0.00072398
2.582, 0.00072398
2.583, 0.00072398
2.584, 0.00072398
2.585, 0.00072398
2.586, 0.00072398
2.587, 0.00072398
2.588, 0.00072398
2.589, 0.00072398
2.59, 0.00072398
2.591, 0.00072398
2.592, 0.00072398
2.593, 0.00072398
2.594, 0.00072398
2.595, 0.00072398
2.596, 0.00072398
2.597, 0.00072398
2.598, 0.00072398
2.599, 0.00072398
2.6, 0.00072398
2.601, 0.00072398
2.602, 0.00072398
2.603, 0.00072398
2.604, 0.00072398
2.605, 0.00072398
2.606, 0.00072398
2.607, 0.00072398
2.608, 0.00072398
2.609, 0.00072398
2.61, 0.00072398
2.611, 0.00072398
2.612, 0.00072398
2.613, 0.00072398
2.614, 0.00072398
2.615, 0.00072398
2.616, 0.00072398
2.617, 0.00072398
2.618, 0.00072398
2.619, 0.00072398
2.62, 0.00072398
2.621, 0.00072398
2.622, 0.00072398
2.623, 0.00072398
2.624, 0.00072398
2.625, 0.00072398
2.626, 0.00072398
2.627, 0.00072398
2.628, 0.00072398
2.629, 0.00072398
2.63, 0.00072398
2.631, 0.00072398
2.632, 0.00072398
2.633, 0.00072398
2.634, 0.00072398
2.635, 0.00072398
2.636, 0.00072398
2.637, 0.00072398
2.638, 0.00072398
2.639, 0.00072398
2.64, 0.00072398
2.641, 0.00072398
2.642, 0.00072398
2.643, 0.00072398
2.644, 0.00072398
2.645, 0.00072398
2.646, 0.00072398
2.647, 0.00072398
2.648, 0.00072398
2.649, 0.00072398
2.65, 0.00072398
2.651, 0.00072398
2.652, 0.00072398
2.653, 0.00072398
2.654, 0.00072398
2.655, 0.00072398
2.656, 0.00072398
2.657, 0.00072398
2.658, 0.00072398
2.659, 0.00072398
2.66, 0.00072398
2.661, 0.00072398
2.662, 0.00072398
2.663, 0.00072398
2.664, 0.00072398
2.665, 0.00072398
2.666, 0.00072398
2.667, 0.00072398
2.668, 0.00072398
2.669, 0.00072398
2.67, 0.00072398
2.671, 0.00072398
2.672, 0.00072398
2.673, 0.00072398
2.674, 0.00072398
2.675, 0.00072398
2.676, 0.00072398
2.677, 0.00072398
2.678, 0.00072398
2.679, 0.00072398
2.68, 0.00072398
2.681, 0.00072398
2.682, 0.00072398
2.683, 0.00072398
2.684, 0.00072398
2.685, 0.00072398
2.686, 0.00072398
2.687, 0.00072398
2.688, 0.00072398
2.689, 0.00072398
2.69, 0.00072398
2.691, 0.00072398
2.692, 0.00072398
2.693, 0.00072398
2.694, 0.00072398
2.695, 0.00072398
2.696, 0.00072398
2.697, 0.00072398
2.698, 0.00072398
2.699, 0.00072398
2.7, 0.00072398
2.701, 0.00072398
2.702, 0.00072398
2.703, 0.00072398
2.704, 0.00072398
2.705, 0.00072398
2.706, 0.00072398
2.707, 0.00072398
2.708, 0.00072398
2.709, 0.00072398
2.71, 0.00072398
2.711, 0.00072398
2.712, 0.00072398
2.713, 0.00072398
2.714, 0.00072398
2.715, 0.00072398
2.716, 0.00072398
2.717, 0.00072398
2.718, 0.00072398
2.719, 0.00072398
2.72, 0.00072398
2.721, 0.00072398
2.722, 0.00072398
2.723, 0.00072398
2.724, 0.00072398
2.725, 0.00072398
2.726, 0.00072398
2.727, 0.00072398
2.728, 0.00072398
2.729, 0.00072398
2.73, 0.00072398
2.731, 0.00072398
2.732, 0.00072398
2.733, 0.00072398
2.734, 0.00072398
2.735, 0.00072398
2.736, 0.00072398
2.737, 0.00072398
2.738, 0.00072398
2.739, 0.00072398
2.74, 0.00072398
2.741, 0.00072398
2.742, 0.00072398
2.743, 0.00072398
2.744, 0.00072398
2.745, 0.00072398
2.746, 0.00072398
2.747, 0.00072398
2.748, 0.00072398
2.749, 0.00072398
2.75, 0.00072398
2.751, 0.00072398
2.752, 0.00072398
2.753, 0.00072398
2.754, 0.00072398
2.755, 0.00072398
2.756, 0.00072398
2.757, 0.00072398
2.758, 0.00072398
2.759, 0.00072398
2.76, 0.00072398
2.761, 0.00072398
2.762, 0.00072398
2.763, 0.00072398
2.764, 0.00072398
2.765, 0.00072398
2.766, 0.00072398
2.767, 0.00072398
2.768, 0.00072398
2.769, 0.00072398
2.77, 0.00072398
2.771, 0.00072398
2.772, 0.00072398
2.773, 0.00072398
2.774, 0.00072398
2.775, 0.00072398
2.776, 0.00072398
2.777, 0.00072398
2.778, 0.00072398
2.779, 0.00072398
2.78, 0.00072398
2.781, 0.00072398
2.782, 0.00072398
2.783, 0.00072398
2.784, 0.00072398
2.785, 0.00072398
2.786, 0.00072398
2.787, 0.00072398
2.788, 0.00072398
2.789, 0.00072398
2.79, 0.00072398
2.791, 0.00072398
2.792, 0.00072398
2.793, 0.00072398
2.794, 0.00072398
2.795, 0.00072398
2.796, 0.00072398
2.797, 0.00072398
2.798, 0.00072398
2.799, 0.00072398
2.8, 0.00072398
2.801, 0.00072398
2.802, 0.00072398
2.803, 0.00072398
2.804, 0.00072398
2.805, 0.00072398
2.806, 0.00072398
2.807, 0.00072398
2.808, 0.00072398
2.809, 0.00072398
2.81, 0.00072398
2.811, 0.00072398
2.812, 0.00072398
2.813, 0.00072398
2.814, 0.00072398
2.815, 0.00072398
2.816, 0.00072398
2.817, 0.00072398
2.818, 0.00072398
2.819, 0.00072398
2.82, 0.00072398
2.821, 0.00072398
2.822, 0.00072398
2.823, 0.00072398
2.824, 0.00072398
2.825, 0.00072398
2.826, 0.00072398
2.827, 0.00072398
2.828, 0.00072398
2.829, 0.00072398
2.83, 0.00072398
2.831, 0.00072398
2.832, 0.00072398
2.833, 0.00072398
2.834, 0.00072398
2.835, 0.00072398
2.836, 0.00072398
2.837, 0.00072398
2.838, 0.00072398
2.839, 0.00072398
2.84, 0.00072398
2.841, 0.00072398
2.842, 0.00072398
2.843, 0.00072398
2.844, 0.00072398
2.845, 0.00072398
2.846, 0.00072398
2.847, 0.00072398
2.848, 0.00072398
2.849, 0.00072398
2.85, 0.00072398
2.851, 0.00072398
2.852, 0.00072398
2.853, 0.00072398
2.854, 0.00072398
2.855, 0.00072398
2.856, 0.00072398
2.857, 0.00072398
2.858, 0.00072398
2.859, 0.00072398
2.86, 0.00072398
2.861, 0.00072398
2.862, 0.00072398
2.863, 0.00072398
2.864, 0.00072398
2.865, 0.00072398
2.866, 0.00072398
2.867, 0.00072398
2.868, 0.00072398
2.869, 0.00072398
2.87, 0.00072398
2.871, 0.00072398
2.872, 0.00072398
2.873, 0.00072398
2.874, 0.00072398
2.875, 0.00072398
2.876, 0.00072398
2.877, 0.00072398
2.878, 0.00072398
2.879, 0.00072398
2.88, 0.00072398
2.881, 0.00072398
2.882, 0.00072398
2.883, 0.00072398
2.884, 0.00072398
2.885, 0.00072398
2.886, 0.00072398
2.887, 0.00072398
2.888, 0.00072398
2.889, 0.00072398
2.89, 0.00072398
2.891, 0.00072398
2.892, 0.00072398
2.893, 0.00072398
2.894, 0.00072398
2.895, 0.00072398
2.896, 0.00072398
2.897, 0.00072398
2.898, 0.00072398
2.899, 0.00072398
2.9, 0.00072398
2.901, 0.00072398
2.902, 0.00072398
2.903, 0.00072398
2.904, 0.00072398
2.905, 0.00072398
2.906, 0.00072398
2.907, 0.00072398
2.908, 0.00072398
2.909, 0.00072398
2.91, 0.00072398
2.911, 0.00072398
2.912, 0.00072398
2.913, 0.00072398
2.914, 0.00072398
2.915, 0.00072398
2.916, 0.00072398
2.917, 0.00072398
2.918, 0.00072398
2.919, 0.00072398
2.92, 0.00072398
2.921, 0.00072398
2.922, 0.00072398
2.923, 0.00072398
2.924, 0.00072398
2.925, 0.00072398
2.926, 0.00072398
2.927, 0.00072398
2.928, 0.00072398
2.929, 0.00072398
2.93, 0.00072398
2.931, 0.00072398
2.932, 0.00072398
2.933, 0.00072398
2.934, 0.00072398
2.935, 0.00072398
2.936, 0.00072398
2.937, 0.00072398
2.938, 0.00072398
2.939, 0.00072398
2.94, 0.00072398
2.941, 0.00072398
2.942, 0.00072398
2.943, 0.00072398
2.944, 0.00072398
2.945, 0.00072398
2.946, 0.00072398
2.947, 0.00072398
2.948, 0.00072398
2.949, 0.00072398
2.95, 0.00072398
2.951, 0.00072398
2.952, 0.00072398
2.953, 0.00072398
2.954, 0.00072398
2.955, 0.00072398
2.956, 0.00072398
2.957, 0.00072398
2.958, 0.00072398
2.959, 0.00072398
2.96, 0.00072398
2.961, 0.00072398
2.962, 0.00072398
2.963, 0.00072398
2.964, 0.00072398
2.965, 0.00072398
2.966, 0.00072398
2.967, 0.00072398
2.968, 0.00072398
2.969, 0.00072398
2.97, 0.00072398
2.971, 0.00072398
2.972, 0.00072398
2.973, 0.00072398
2.974, 0.00072398
2.975, 0.00072398
2.976, 0.00072398
2.977, 0.00072398
2.978, 0.00072398
2.979, 0.00072398
2.98, 0.00072398
2.981, 0.00072398
2.982, 0.00072398
2.983, 0.00072398
2.984, 0.00072398
2.985, 0.00072398
2.986, 0.00072398
2.987, 0.00072398
2.988, 0.00072398
2.989, 0.00072398
2.99, 0.00072398
2.991, 0.00072398
2.992, 0.00072398
2.993, 0.00072398
2.994, 0.00072398
2.995, 0.00072398
2.996, 0.00072398
2.997, 0.00072398
2.998, 0.00072398
2.999, 0.00072398
3, 0.00072398
3.001, 0.00072398
3.002, 0.00072398
3.003, 0.00072398
3.004, 0.00072398
3.005, 0.00072398
3.006, 0.00072398
3.007, 0.00072398
3.008, 0.00072398
3.009, 0.00072398
3.01, 0.00072398
3.011, 0.00072398
3.012, 0.00072398
3.013, 0.00072398
3.014, 0.00072398
3.015, 0.00072398
3.016, 0.00072398
3.017, 0.00072398
3.018, 0.00072398
3.019, 0.00072398
3.02, 0.00072398
3.021, 0.00072398
3.022, 0.00072398
3.023, 0.00072398
3.024, 0.00072398
3.025, 0.00072398
3.026, 0.00072398
3.027, 0.00072398
3.028, 0.00072398
3.029, 0.00072398
3.03, 0.00072398
3.031, 0.00072398
3.032, 0.00072398
3.033, 0.00072398
3.034, 0.00072398
3.035, 0.00072398
3.036, 0.00072398
3.037, 0.00072398
3.038, 0.00072398
3.039, 0.00072398
3.04, 0.00072398
3.041, 0.00072398
3.042, 0.00072398
3.043, 0.00072398
3.044, 0.00072398
3.045, 0.00072398
3.046, 0.00072398
3.047, 0.00072398
3.048, 0.00072398
3.049, 0.00072398
3.05, 0.00072398
3.051, 0.00072398
3.052, 0.00072398
3.053, 0.00072398
3.054, 0.00072398
3.055, 0.00072398
3.056, 0.00072398
3.057, 0.00072398
3.058, 0.00072398
3.059, 0.00072398
3.06, 0.00072398
3.061, 0.00072398
3.062, 0.00072398
3.063, 0.00072398
3.064, 0.00072398
3.065, 0.00072398
3.066, 0.00072398
3.067, 0.00072398
3.068, 0.00072398
3.069, 0.00072398
3.07, 0.00072398
3.071, 0.00072398
3.072, 0.00072398
3.073, 0.00072398
3.074, 0.00072398
3.075, 0.00072398
3.076, 0.00072398
3.077, 0.00072398
3.078, 0.00072398
3.079, 0.00072398
3.08, 0.00072398
3.081, 0.00072398
3.082, 0.00072398
3.083, 0.00072398
3.084, 0.00072398
3.085, 0.00072398
3.086, 0.00072398
3.087, 0.00072398
3.088, 0.00072398
3.089, 0.00072398
3.09, 0.00072398
3.091, 0.00072398
3.092, 0.00072398
3.093, 0.00072398
3.094, 0.00072398
3.095, 0.00072398
3.096, 0.00072398
3.097, 0.00072398
3.098, 0.00072398
3.099, 0.00072398
3.1, 0.00072398
3.101, 0.00072398
3.102, 0.00072398
3.103, 0.00072398
3.104, 0.00072398
3.105, 0.00072398
3.106, 0.00072398
3.107, 0.00072398
3.108, 0.00072398
3.109, 0.00072398
3.11, 0.00072398
3.111, 0.00072398
3.112, 0.00072398
3.113, 0.00072398
3.114, 0.00072398
3.115, 0.00072398
3.116, 0.00072398
3.117, 0.00072398
3.118, 0.00072398
3.119, 0.00072398
3.12, 0.00072398
3.121, 0.00072398
3.122, 0.00072398
3.123, 0.00072398
3.124, 0.00072398
3.125, 0.00072398
3.126, 0.00072398
3.127, 0.00072398
3.128, 0.00072398
3.129, 0.00072398
3.13, 0.00072398
3.131, 0.00072398
3.132, 0.00072398
3.133, 0.00072398
3.134, 0.00072398
3.135, 0.00072398
3.136, 0.00072398
3.137, 0.00072398
3.138, 0.00072398
3.139, 0.00072398
3.14, 0.00072398
3.141, 0.00072398
3.142, 0.00072398
3.143, 0.00072398
3.144, 0.00072398
3.145, 0.00072398
3.146, 0.00072398
3.147, 0.00072398
3.148, 0.00072398
3.149, 0.00072398
3.15, 0.00072398
3.151, 0.00072398
3.152, 0.00072398
3.153, 0.00072398
3.154, 0.00072398
3.155, 0.00072398
3.156, 0.00072398
3.157, 0.00072398
3.158, 0.00072398
3.159, 0.00072398
3.16, 0.00072398
3.161, 0.00072398
3.162, 0.00072398
3.163, 0.00072398
3.164, 0.00072398
3.165, 0.00072398
3.166, 0.00072398
3.167, 0.00072398
3.168, 0.00072398
3.169, 0.00072398
3.17, 0.00072398
3.171, 0.00072398
3.172, 0.00072398
3.173, 0.00072398
3.174, 0.00072398
3.175, 0.00072398
3.176, 0.00072398
3.177, 0.00072398
3.178, 0.00072398
3.179, 0.00072398
3.18, 0.00072398
3.181, 0.00072398
3.182, 0.00072398
3.183, 0.00072398
3.184, 0.00072398
3.185, 0.00072398
3.186, 0.00072398
3.187, 0.00072398
3.188, 0.00072398
3.189, 0.00072398
3.19, 0.00072398
3.191, 0.00072398
3.192, 0.00072398
3.193, 0.00072398
3.194, 0.00072398
3.195, 0.00072398
3.196, 0.00072398
3.197, 0.00072398
3.198, 0.00072398
3.199, 0.00072398
3.2, 0.00072398
3.201, 0.00072398
3.202, 0.00072398
3.203, 0.00072398
3.204, 0.00072398
3.205, 0.00072398
3.206, 0.00072398
3.207, 0.00072398
3.208, 0.00072398
3.209, 0.00072398
3.21, 0.00072398
3.211, 0.00072398
3.212, 0.00072398
3.213, 0.00072398
3.214, 0.00072398
3.215, 0.00072398
3.216, 0.00072398
3.217, 0.00072398
3.218, 0.00072398
3.219, 0.00072398
3.22, 0.00072398
3.221, 0.00072398
3.222, 0.00072398
3.223, 0.00072398
3.224, 0.00072398
3.225, 0.00072398
3.226, 0.00072398
3.227, 0.00072398
3.228, 0.00072398
3.229, 0.00072398
3.23, 0.00072398
3.231, 0.00072398
3.232, 0.00072398
3.233, 0.00072398
3.234, 0.00072398
3.235, 0.00072398
3.236, 0.00072398
3.237, 0.00072398
3.238, 0.00072398
3.239, 0.00072398
3.24, 0.00072398
3.241, 0.00072398
3.242, 0.00072398
3.243, 0.00072398
3.244, 0.00072398
3.245, 0.00072398
3.246, 0.00072398
3.247, 0.00072398
3.248, 0.00072398
3.249, 0.00072398
3.25, 0.00072398
3.251, 0.00072398
3.252, 0.00072398
3.253, 0.00072398
3.254, 0.00072398
3.255, 0.00072398
3.256, 0.00072398
3.257, 0.00072398
3.258, 0.00072398
3.259, 0.00072398
3.26, 0.00072398
3.261, 0.00072398
3.262, 0.00072398
3.263, 0.00072398
3.264, 0.00072398
3.265, 0.00072398
3.266, 0.00072398
3.267, 0.00072398
3.268, 0.00072398
3.269, 0.00072398
3.27, 0.00072398
3.271, 0.00072398
3.272, 0.00072398
3.273, 0.00072398
3.274, 0.00072398
3.275, 0.00072398
3.276, 0.00072398
3.277, 0.00072398
3.278, 0.00072398
3.279, 0.00072398
3.28, 0.00072398
3.281, 0.00072398
3.282, 0.00072398
3.283, 0.00072398
3.284, 0.00072398
3.285, 0.00072398
3.286, 0.00072398
3.287, 0.00072398
3.288, 0.00072398
3.289, 0.00072398
3.29, 0.00072398
3.291, 0.00072398
3.292, 0.00072398
3.293, 0.00072398
3.294, 0.00072398
3.295, 0.00072398
3.296, 0.00072398
3.297, 0.00072398
3.298, 0.00072398
3.299, 0.00072398
3.3, 0.00072398
3.301, 0.00072398
3.302, 0.00072398
3.303, 0.00072398
3.304, 0.00072398
3.305, 0.00072398
3.306, 0.00072398
3.307, 0.00072398
3.308, 0.00072398
3.309, 0.00072398
3.31, 0.00072398
3.311, 0.00072398
3.312, 0.00072398
3.313, 0.00072398
3.314, 0.00072398
3.315, 0.00072398
3.316, 0.00072398
3.317, 0.00072398
3.318, 0.00072398
3.319, 0.00072398
3.32, 0.00072398
3.321, 0.00072398
3.322, 0.00072398
3.323, 0.00072398
3.324, 0.00072398
3.325, 0.00072398
3.326, 0.00072398
3.327, 0.00072398
3.328, 0.00072398
3.329, 0.00072398
3.33, 0.00072398
3.331, 0.00072398
3.332, 0.00072398
3.333, 0.00072398
3.334, 0.00072398
3.335, 0.00072398
3.336, 0.00072398
3.337, 0.00072398
3.338, 0.00072398
3.339, 0.00072398
3.34, 0.00072398
3.341, 0.00072398
3.342, 0.00072398
3.343, 0.00072398
3.344, 0.00072398
3.345, 0.00072398
3.346, 0.00072398
3.347, 0.00072398
3.348, 0.00072398
3.349, 0.00072398
3.35, 0.00072398
3.351, 0.00072398
3.352, 0.00072398
3.353, 0.00072398
3.354, 0.00072398
3.355, 0.00072398
3.356, 0.00072398
3.357, 0.00072398
3.358, 0.00072398
3.359, 0.00072398
3.36, 0.00072398
3.361, 0.00072398
3.362, 0.00072398
3.363, 0.00072398
3.364, 0.00072398
3.365, 0.00072398
3.366, 0.00072398
3.367, 0.00072398
3.368, 0.00072398
3.369, 0.00072398
3.37, 0.00072398
3.371, 0.00072398
3.372, 0.00072398
3.373, 0.00072398
3.374, 0.00072398
3.375, 0.00072398
3.376, 0.00072398
3.377, 0.00072398
3.378, 0.00072398
3.379, 0.00072398
3.38, 0.00072398
3.381, 0.00072398
3.382, 0.00072398
3.383, 0.00072398
3.384, 0.00072398
3.385, 0.00072398
3.386, 0.00072398
3.387, 0.00072398
3.388, 0.00072398
3.389, 0.00072398
3.39, 0.00072398
3.391, 0.00072398
3.392, 0.00072398
3.393, 0.00072398
3.394, 0.00072398
3.395, 0.00072398
3.396, 0.00072398
3.397, 0.00072398
3.398, 0.00072398
3.399, 0.00072398
3.4, 0.00072398
3.401, 0.00072398
3.402, 0.00072398
3.403, 0.00072398
3.404, 0.00072398
3.405, 0.00072398
3.406, 0.00072398
3.407, 0.00072398
3.408, 0.00072398
3.409, 0.00072398
3.41, 0.00072398
3.411, 0.00072398
3.412, 0.00072398
3.413, 0.00072398
3.414, 0.00072398
3.415, 0.00072398
3.416, 0.00072398
3.417, 0.00072398
3.418, 0.00072398
3.419, 0.00072398
3.42, 0.00072398
3.421, 0.00072398
3.422, 0.00072398
3.423, 0.00072398
3.424, 0.00072398
3.425, 0.00072398
3.426, 0.00072398
3.427, 0.00072398
3.428, 0.00072398
3.429, 0.00072398
3.43, 0.00072398
3.431, 0.00072398
3.432, 0.00072398
3.433, 0.00072398
3.434, 0.00072398
3.435, 0.00072398
3.436, 0.00072398
3.437, 0.00072398
3.438, 0.00072398
3.439, 0.00072398
3.44, 0.00072398
3.441, 0.00072398
3.442, 0.00072398
3.443, 0.00072398
3.444, 0.00072398
3.445, 0.00072398
3.446, 0.00072398
3.447, 0.00072398
3.448, 0.00072398
3.449, 0.00072398
3.45, 0.00072398
3.451, 0.00072398
3.452, 0.00072398
3.453, 0.00072398
3.454, 0.00072398
3.455, 0.00072398
3.456, 0.00072398
3.457, 0.00072398
3.458, 0.00072398
3.459, 0.00072398
3.46, 0.00072398
3.461, 0.00072398
3.462, 0.00072398
3.463, 0.00072398
3.464, 0.00072398
3.465, 0.00072398
3.466, 0.00072398
3.467, 0.00072398
3.468, 0.00072398
3.469, 0.00072398
3.47, 0.00072398
3.471, 0.00072398
3.472, 0.00072398
3.473, 0.00072398
3.474, 0.00072398
3.475, 0.00072398
3.476, 0.00072398
3.477, 0.00072398
3.478, 0.00072398
3.479, 0.00072398
3.48, 0.00072398
3.481, 0.00072398
3.482, 0.00072398
3.483, 0.00072398
3.484, 0.00072398
3.485, 0.00072398
3.486, 0.00072398
3.487, 0.00072398
3.488, 0.00072398
3.489, 0.00072398
3.49, 0.00072398
3.491, 0.00072398
3.492, 0.00072398
3.493, 0.00072398
3.494, 0.00072398
3.495, 0.00072398
3.496, 0.00072398
3.497, 0.00072398
3.498, 0.00072398
3.499, 0.00072398
3.5, 0.00072398
3.501, 0.00072398
3.502, 0.00072398
3.503, 0.00072398
3.504, 0.00072398
3.505, 0.00072398
3.506, 0.00072398
3.507, 0.00072398
3.508, 0.00072398
3.509, 0.00072398
3.51, 0.00072398
3.511, 0.00072398
3.512, 0.00072398
3.513, 0.00072398
3.514, 0.00072398
3.515, 0.00072398
3.516, 0.00072398
3.517, 0.00072398
3.518, 0.00072398
3.519, 0.00072398
3.52, 0.00072398
3.521, 0.00072398
3.522, 0.00072398
3.523, 0.00072398
3.524, 0.00072398
3.525, 0.00072398
3.526, 0.00072398
3.527, 0.00072398
3.528, 0.00072398
3.529, 0.00072398
3.53, 0.00072398
3.531, 0.00072398
3.532, 0.00072398
3.533, 0.00072398
3.534, 0.00072398
3.535, 0.00072398
3.536, 0.00072398
3.537, 0.00072398
3.538, 0.00072398
3.539, 0.00072398
3.54, 0.00072398
3.541, 0.00072398
3.542, 0.00072398
3.543, 0.00072398
3.544, 0.00072398
3.545, 0.00072398
3.546, 0.00072398
3.547, 0.00072398
3.548, 0.00072398
3.549, 0.00072398
3.55, 0.00072398
3.551, 0.00072398
3.552, 0.00072398
3.553, 0.00072398
3.554, 0.00072398
3.555, 0.00072398
3.556, 0.00072398
3.557, 0.00072398
3.558, 0.00072398
3.559, 0.00072398
3.56, 0.00072398
3.561, 0.00072398
3.562, 0.00072398
3.563, 0.00072398
3.564, 0.00072398
3.565, 0.00072398
3.566, 0.00072398
3.567, 0.00072398
3.568, 0.00072398
3.569, 0.00072398
3.57, 0.00072398
3.571, 0.00072398
3.572, 0.00072398
3.573, 0.00072398
3.574, 0.00072398
3.575, 0.00072398
3.576, 0.00072398
3.577, 0.00072398
3.578, 0.00072398
3.579, 0.00072398
3.58, 0.00072398
3.581, 0.00072398
3.582, 0.00072398
3.583, 0.00072398
3.584, 0.00072398
3.585, 0.00072398
3.586, 0.00072398
3.587, 0.00072398
3.588, 0.00072398
3.589, 0.00072398
3.59, 0.00072398
3.591, 0.00072398
3.592, 0.00072398
3.593, 0.00072398
3.594, 0.00072398
3.595, 0.00072398
3.596, 0.00072398
3.597, 0.00072398
3.598, 0.00072398
3.599, 0.00072398
3.6, 0.00072398
3.601, 0.00072398
3.602, 0.00072398
3.603, 0.00072398
3.604, 0.00072398
3.605, 0.00072398
3.606, 0.00072398
3.607, 0.00072398
3.608, 0.00072398
3.609, 0.00072398
3.61, 0.00072398
3.611, 0.00072398
3.612, 0.00072398
3.613, 0.00072398
3.614, 0.00072398
3.615, 0.00072398
3.616, 0.00072398
3.617, 0.00072398
3.618, 0.00072398
3.619, 0.00072398
3.62, 0.00072398
3.621, 0.00072398
3.622, 0.00072398
3.623, 0.00072398
3.624, 0.00072398
3.625, 0.00072398
3.626, 0.00072398
3.627, 0.00072398
3.628, 0.00072398
3.629, 0.00072398
3.63, 0.00072398
3.631, 0.00072398
3.632, 0.00072398
3.633, 0.00072398
3.634, 0.00072398
3.635, 0.00072398
3.636, 0.00072398
3.637, 0.00072398
3.638, 0.00072398
3.639, 0.00072398
3.64, 0.00072398
3.641, 0.00072398
3.642, 0.00072398
3.643, 0.00072398
3.644, 0.00072398
3.645, 0.00072398
3.646, 0.00072398
3.647, 0.00072398
3.648, 0.00072398
3.649, 0.00072398
3.65, 0.00072398
3.651, 0.00072398
3.652, 0.00072398
3.653, 0.00072398
3.654, 0.00072398
3.655, 0.00072398
3.656, 0.00072398
3.657, 0.00072398
3.658, 0.00072398
3.659, 0.00072398
3.66, 0.00072398
3.661, 0.00072398
3.662, 0.00072398
3.663, 0.00072398
3.664, 0.00072398
3.665, 0.00072398
3.666, 0.00072398
3.667, 0.00072398
3.668, 0.00072398
3.669, 0.00072398
3.67, 0.00072398
3.671, 0.00072398
3.672, 0.00072398
3.673, 0.00072398
3.674, 0.00072398
3.675, 0.00072398
3.676, 0.00072398
3.677, 0.00072398
3.678, 0.00072398
3.679, 0.00072398
3.68, 0.00072398
3.681, 0.00072398
3.682, 0.00072398
3.683, 0.00072398
3.684, 0.00072398
3.685, 0.00072398
3.686, 0.00072398
3.687, 0.00072398
3.688, 0.00072398
3.689, 0.00072398
3.69, 0.00072398
3.691, 0.00072398
3.692, 0.00072398
3.693, 0.00072398
3.694, 0.00072398
3.695, 0.00072398
3.696, 0.00072398
3.697, 0.00072398
3.698, 0.00072398
3.699, 0.00072398
3.7, 0.00072398
3.701, 0.00072398
3.702, 0.00072398
3.703, 0.00072398
3.704, 0.00072398
3.705, 0.00072398
3.706, 0.00072398
3.707, 0.00072398
3.708, 0.00072398
3.709, 0.00072398
3.71, 0.00072398
3.711, 0.00072398
3.712, 0.00072398
3.713, 0.00072398
3.714, 0.00072398
3.715, 0.00072398
3.716, 0.00072398
3.717, 0.00072398
3.718, 0.00072398
3.719, 0.00072398
3.72, 0.00072398
3.721, 0.00072398
3.722, 0.00072398
3.723, 0.00072398
3.724, 0.00072398
3.725, 0.00072398
3.726, 0.00072398
3.727, 0.00072398
3.728, 0.00072398
3.729, 0.00072398
3.73, 0.00072398
3.731, 0.00072398
3.732, 0.00072398
3.733, 0.00072398
3.734, 0.00072398
3.735, 0.00072398
3.736, 0.00072398
3.737, 0.00072398
3.738, 0.00072398
3.739, 0.00072398
3.74, 0.00072398
3.741, 0.00072398
3.742, 0.00072398
3.743, 0.00072398
3.744, 0.00072398
3.745, 0.00072398
3.746, 0.00072398
3.747, 0.00072398
3.748, 0.00072398
3.749, 0.00072398
3.75, 0.00072398
3.751, 0.00072398
3.752, 0.00072398
3.753, 0.00072398
3.754, 0.00072398
3.755, 0.00072398
3.756, 0.00072398
3.757, 0.00072398
3.758, 0.00072398
3.759, 0.00072398
3.76, 0.00072398
3.761, 0.00072398
3.762, 0.00072398
3.763, 0.00072398
3.764, 0.00072398
3.765, 0.00072398
3.766, 0.00072398
3.767, 0.00072398
3.768, 0.00072398
3.769, 0.00072398
3.77, 0.00072398
3.771, 0.00072398
3.772, 0.00072398
3.773, 0.00072398
3.774, 0.00072398
3.775, 0.00072398
3.776, 0.00072398
3.777, 0.00072398
3.778, 0.00072398
3.779, 0.00072398
3.78, 0.00072398
3.781, 0.00072398
3.782, 0.00072398
3.783, 0.00072398
3.784, 0.00072398
3.785, 0.00072398
3.786, 0.00072398
3.787, 0.00072398
3.788, 0.00072398
3.789, 0.00072398
3.79, 0.00072398
3.791, 0.00072398
3.792, 0.00072398
3.793, 0.00072398
3.794, 0.00072398
3.795, 0.00072398
3.796, 0.00072398
3.797, 0.00072398
3.798, 0.00072398
3.799, 0.00072398
3.8, 0.00072398
3.801, 0.00072398
3.802, 0.00072398
3.803, 0.00072398
3.804, 0.00072398
3.805, 0.00072398
3.806, 0.00072398
3.807, 0.00072398
3.808, 0.00072398
3.809, 0.00072398
3.81, 0.00072398
3.811, 0.00072398
3.812, 0.00072398
3.813, 0.00072398
3.814, 0.00072398
3.815, 0.00072398
3.816, 0.00072398
3.817, 0.00072398
3.818, 0.00072398
3.819, 0.00072398
3.82, 0.00072398
3.821, 0.00072398
3.822, 0.00072398
3.823, 0.00072398
3.824, 0.00072398
3.825, 0.00072398
3.826, 0.00072398
3.827, 0.00072398
3.828, 0.00072398
3.829, 0.00072398
3.83, 0.00072398
3.831, 0.00072398
3.832, 0.00072398
3.833, 0.00072398
3.834, 0.00072398
3.835, 0.00072398
3.836, 0.00072398
3.837, 0.00072398
3.838, 0.00072398
3.839, 0.00072398
3.84, 0.00072398
3.841, 0.00072398
3.842, 0.00072398
3.843, 0.00072398
3.844, 0.00072398
3.845, 0.00072398
3.846, 0.00072398
3.847, 0.00072398
3.848, 0.00072398
3.849, 0.00072398
3.85, 0.00072398
3.851, 0.00072398
3.852, 0.00072398
3.853, 0.00072398
3.854, 0.00072398
3.855, 0.00072398
3.856, 0.00072398
3.857, 0.00072398
3.858, 0.00072398
3.859, 0.00072398
3.86, 0.00072398
3.861, 0.00072398
3.862, 0.00072398
3.863, 0.00072398
3.864, 0.00072398
3.865, 0.00072398
3.866, 0.00072398
3.867, 0.00072398
3.868, 0.00072398
3.869, 0.00072398
3.87, 0.00072398
3.871, 0.00072398
3.872, 0.00072398
3.873, 0.00072398
3.874, 0.00072398
3.875, 0.00072398
3.876, 0.00072398
3.877, 0.00072398
3.878, 0.00072398
3.879, 0.00072398
3.88, 0.00072398
3.881, 0.00072398
3.882, 0.00072398
3.883, 0.00072398
3.884, 0.00072398
3.885, 0.00072398
3.886, 0.00072398
3.887, 0.00072398
3.888, 0.00072398
3.889, 0.00072398
3.89, 0.00072398
3.891, 0.00072398
3.892, 0.00072398
3.893, 0.00072398
3.894, 0.00072398
3.895, 0.00072398
3.896, 0.00072398
3.897, 0.00072398
3.898, 0.00072398
3.899, 0.00072398
3.9, 0.00072398
3.901, 0.00072398
3.902, 0.00072398
3.903, 0.00072398
3.904, 0.00072398
3.905, 0.00072398
3.906, 0.00072398
3.907, 0.00072398
3.908, 0.00072398
3.909, 0.00072398
3.91, 0.00072398
3.911, 0.00072398
3.912, 0.00072398
3.913, 0.00072398
3.914, 0.00072398
3.915, 0.00072398
3.916, 0.00072398
3.917, 0.00072398
3.918, 0.00072398
3.919, 0.00072398
3.92, 0.00072398
3.921, 0.00072398
3.922, 0.00072398
3.923, 0.00072398
3.924, 0.00072398
3.925, 0.00072398
3.926, 0.00072398
3.927, 0.00072398
3.928, 0.00072398
3.929, 0.00072398
3.93, 0.00072398
3.931, 0.00072398
3.932, 0.00072398
3.933, 0.00072398
3.934, 0.00072398
3.935, 0.00072398
3.936, 0.00072398
3.937, 0.00072398
3.938, 0.00072398
3.939, 0.00072398
3.94, 0.00072398
3.941, 0.00072398
3.942, 0.00072398
3.943, 0.00072398
3.944, 0.00072398
3.945, 0.00072398
3.946, 0.00072398
3.947, 0.00072398
3.948, 0.00072398
3.949, 0.00072398
3.95, 0.00072398
3.951, 0.00072398
3.952, 0.00072398
3.953, 0.00072398
3.954, 0.00072398
3.955, 0.00072398
3.956, 0.00072398
3.957, 0.00072398
3.958, 0.00072398
3.959, 0.00072398
3.96, 0.00072398
3.961, 0.00072398
3.962, 0.00072398
3.963, 0.00072398
3.964, 0.00072398
3.965, 0.00072398
3.966, 0.00072398
3.967, 0.00072398
3.968, 0.00072398
3.969, 0.00072398
3.97, 0.00072398
3.971, 0.00072398
3.972, 0.00072398
3.973, 0.00072398
3.974, 0.00072398
3.975, 0.00072398
3.976, 0.00072398
3.977, 0.00072398
3.978, 0.00072398
3.979, 0.00072398
3.98, 0.00072398
3.981, 0.00072398
3.982, 0.00072398
3.983, 0.00072398
3.984, 0.00072398
3.985, 0.00072398
3.986, 0.00072398
3.987, 0.00072398
3.988, 0.00072398
3.989, 0.00072398
3.99, 0.00072398
3.991, 0.00072398
3.992, 0.00072398
3.993, 0.00072398
3.994, 0.00072398
3.995, 0.00072398
3.996, 0.00072398
3.997, 0.00072398
3.998, 0.00072398
3.999, 0.00072398
4, 0.00072398
4.001, 0.00072398
4.002, 0.00072398
4.003, 0.00072398
4.004, 0.00072398
4.005, 0.00072398
4.006, 0.00072398
4.007, 0.00072398
4.008, 0.00072398
4.009, 0.00072398
4.01, 0.00072398
4.011, 0.00072398
4.012, 0.00072398
4.013, 0.00072398
4.014, 0.00072398
4.015, 0.00072398
4.016, 0.00072398
4.017, 0.00072398
4.018, 0.00072398
4.019, 0.00072398
4.02, 0.00072398
4.021, 0.00072398
4.022, 0.00072398
4.023, 0.00072398
4.024, 0.00072398
4.025, 0.00072398
4.026, 0.00072398
4.027, 0.00072398
4.028, 0.00072398
4.029, 0.00072398
4.03, 0.00072398
4.031, 0.00072398
4.032, 0.00072398
4.033, 0.00072398
4.034, 0.00072398
4.035, 0.00072398
4.036, 0.00072398
4.037, 0.00072398
4.038, 0.00072398
4.039, 0.00072398
4.04, 0.00072398
4.041, 0.00072398
4.042, 0.00072398
4.043, 0.00072398
4.044, 0.00072398
4.045, 0.00072398
4.046, 0.00072398
4.047, 0.00072398
4.048, 0.00072398
4.049, 0.00072398
4.05, 0.00072398
4.051, 0.00072398
4.052, 0.00072398
4.053, 0.00072398
4.054, 0.00072398
4.055, 0.00072398
4.056, 0.00072398
4.057, 0.00072398
4.058, 0.00072398
4.059, 0.00072398
4.06, 0.00072398
4.061, 0.00072398
4.062, 0.00072398
4.063, 0.00072398
4.064, 0.00072398
4.065, 0.00072398
4.066, 0.00072398
4.067, 0.00072398
4.068, 0.00072398
4.069, 0.00072398
4.07, 0.00072398
4.071, 0.00072398
4.072, 0.00072398
4.073, 0.00072398
4.074, 0.00072398
4.075, 0.00072398
4.076, 0.00072398
4.077, 0.00072398
4.078, 0.00072398
4.079, 0.00072398
4.08, 0.00072398
4.081, 0.00072398
4.082, 0.00072398
4.083, 0.00072398
4.084, 0.00072398
4.085, 0.00072398
4.086, 0.00072398
4.087, 0.00072398
4.088, 0.00072398
4.089, 0.00072398
4.09, 0.00072398
4.091, 0.00072398
4.092, 0.00072398
4.093, 0.00072398
4.094, 0.00072398
4.095, 0.00072398
4.096, 0.00072398
4.097, 0.00072398
4.098, 0.00072398
4.099, 0.00072398
4.1, 0.00072398
4.101, 0.00072398
4.102, 0.00072398
