sim_time, unit_box_Custom?world_linear_velocity/x
0.001, -2.34583e-07
0.002, 0.00534526
0.003, -0.00511587
0.004, -0.00767099
0.005, 0.00590304
0.006, 0.00716041
0.007, -0.00505549
0.008, -0.0074362
0.009, 0.00580204
0.01, 0.00731125
0.011, -0.00527454
0.012, -0.00735637
0.013, 0.00564591
0.014, 0.00735897
0.015, -0.00539654
0.016, -0.00733201
0.017, 0.00556855
0.018, 0.00737236
0.019, -0.00544504
0.02, -0.00732493
0.021, 0.00553991
0.022, 0.00737626
0.023, -0.00546172
0.024, -0.00732277
0.025, 0.00553038
0.026, 0.0073775
0.027, -0.0054671
0.028, -0.00732206
0.029, 0.00552734
0.03, 0.00737794
0.031, -0.00546878
0.032, -0.00732178
0.033, 0.00552644
0.034, 0.00737814
0.035, -0.00546928
0.036, -0.00732164
0.037, 0.00552621
0.038, 0.00737827
0.039, -0.00546938
0.04, -0.00732153
0.041, 0.0055262
0.042, 0.00737838
0.043, -0.00546936
0.044, -0.00732143
0.045, 0.00552627
0.046, 0.00737849
0.047, -0.00546928
0.048, -0.00732132
0.049, 0.00552638
0.05, 0.00737862
0.051, -0.00546919
0.052, -0.0073212
0.053, 0.0055265
0.054, 0.00737875
0.055, -0.00546907
0.056, -0.00732108
0.057, 0.00552663
0.058, 0.00737889
0.059, -0.00546895
0.06, -0.00732094
0.061, 0.00552678
0.062, 0.00737904
0.063, -0.00546882
0.064, -0.00732079
0.065, 0.00552693
0.066, 0.00737921
0.067, -0.00546868
0.068, -0.00732064
0.069, 0.0055271
0.07, 0.00737938
0.071, -0.00546852
0.072, -0.00732047
0.073, 0.00552727
0.074, 0.00737956
0.075, -0.00546836
0.076, -0.00732029
0.077, 0.00552746
0.078, 0.00737976
0.079, -0.00546819
0.08, -0.00732011
0.081, 0.00552766
0.082, 0.00737996
0.083, -0.005468
0.084, -0.00731991
0.085, 0.00552787
0.086, 0.00738018
0.087, -0.00546781
0.088, -0.0073197
0.089, 0.00552808
0.09, 0.0073804
0.091, -0.00546761
0.092, -0.00731948
0.093, 0.00552831
0.094, 0.00738064
0.095, -0.00546739
0.096, -0.00731925
0.097, 0.00552855
0.098, 0.00738089
0.099, -0.00546717
0.1, -0.00731901
0.101, 0.00552881
0.102, 0.00738114
0.103, -0.00546693
0.104, -0.00731876
0.105, 0.00552907
0.106, 0.00738141
0.107, -0.00546642
0.108, -0.00731874
0.109, 0.00552874
0.11, 0.00738158
0.111, -0.00546559
0.112, -0.00731828
0.113, 0.00552907
0.114, 0.00738196
0.115, -0.00546538
0.116, -0.00731796
0.117, 0.00552929
0.118, 0.00738228
0.119, -0.00546515
0.12, -0.00731765
0.121, 0.00552956
0.122, 0.0073826
0.123, -0.00546487
0.124, -0.00731734
0.125, 0.00552986
0.126, 0.00738293
0.127, -0.00546457
0.128, -0.00731702
0.129, 0.00553018
0.13, 0.00738327
0.131, -0.00546425
0.132, -0.00731669
0.133, 0.00553052
0.134, 0.00738362
0.135, -0.00546392
0.136, -0.00731635
0.137, 0.00553087
0.138, 0.00738398
0.139, -0.00546358
0.14, -0.007316
0.141, 0.00553123
0.142, 0.00738436
0.143, -0.00546323
0.144, -0.00731564
0.145, 0.0055316
0.146, 0.00738474
0.147, -0.00546286
0.148, -0.00731526
0.149, 0.00553198
0.15, 0.00738514
0.151, -0.00546248
0.152, -0.00731487
0.153, 0.00553238
0.154, 0.00738555
0.155, -0.00546209
0.156, -0.00731447
0.157, 0.00553279
0.158, 0.00738598
0.159, -0.00546169
0.16, -0.00731406
0.161, 0.00553321
0.162, 0.00738642
0.163, -0.00546127
0.164, -0.00731363
0.165, 0.00553365
0.166, 0.00738687
0.167, -0.00546084
0.168, -0.00731319
0.169, 0.0055341
0.17, 0.00738733
0.171, -0.0054604
0.172, -0.00731274
0.173, 0.00553456
0.174, 0.00738781
0.175, -0.00545995
0.176, -0.00731228
0.177, 0.00553503
0.178, 0.0073883
0.179, -0.00545948
0.18, -0.0073118
0.181, 0.00553552
0.182, 0.0073888
0.183, -0.005459
0.184, -0.00731131
0.185, 0.00553602
0.186, 0.00738932
0.187, -0.00545851
0.188, -0.0073108
0.189, 0.00553654
0.19, 0.00738985
0.191, -0.005458
0.192, -0.00731029
0.193, 0.00553707
0.194, 0.0073904
0.195, -0.00545748
0.196, -0.00730976
0.197, 0.00553761
0.198, 0.00739096
0.199, -0.00545695
0.2, -0.00730921
0.201, 0.00553817
0.202, 0.00739154
0.203, -0.0054564
0.204, -0.00730865
0.205, 0.00553874
0.206, 0.00739213
0.207, -0.00545584
0.208, -0.00730808
0.209, 0.00553933
0.21, 0.00739273
0.211, -0.00545526
0.212, -0.00730749
0.213, 0.00553993
0.214, 0.00739336
0.215, -0.00545467
0.216, -0.00730689
0.217, 0.00554055
0.218, 0.00739399
0.219, -0.00545406
0.22, -0.00730627
0.221, 0.00554119
0.222, 0.00739465
0.223, -0.00545344
0.224, -0.00730563
0.225, 0.00554183
0.226, 0.00739531
0.227, -0.00545281
0.228, -0.00730499
0.229, 0.0055425
0.23, 0.007396
0.231, -0.00545215
0.232, -0.00730432
0.233, 0.00554318
0.234, 0.0073967
0.235, -0.00545149
0.236, -0.00730364
0.237, 0.00554388
0.238, 0.00739742
0.239, -0.0054508
0.24, -0.00730295
0.241, 0.00554459
0.242, 0.00739815
0.243, -0.0054501
0.244, -0.00730223
0.245, 0.00554532
0.246, 0.00739891
0.247, -0.00544939
0.248, -0.00730151
0.249, 0.00554607
0.25, 0.00739968
0.251, -0.00544866
0.252, -0.00730076
0.253, 0.00554684
0.254, 0.00740047
0.255, -0.00544791
0.256, -0.0073
0.257, 0.00554762
0.258, 0.00740127
0.259, -0.00544714
0.26, -0.00729922
0.261, 0.00554843
0.262, 0.0074021
0.263, -0.00544635
0.264, -0.00729842
0.265, 0.00554925
0.266, 0.00740294
0.267, -0.00544555
0.268, -0.00729761
0.269, 0.00555008
0.27, 0.0074038
0.271, -0.00544473
0.272, -0.00729677
0.273, 0.00555094
0.274, 0.00740468
0.275, -0.0054439
0.276, -0.00729592
0.277, 0.00555182
0.278, 0.00740559
0.279, -0.00544304
0.28, -0.00729505
0.281, 0.00555272
0.282, 0.00740651
0.283, -0.00544216
0.284, -0.00729416
0.285, 0.00555363
0.286, 0.00740745
0.287, -0.00544127
0.288, -0.00729325
0.289, 0.00555457
0.29, 0.00740841
0.291, -0.00544036
0.292, -0.00729233
0.293, 0.00555553
0.294, 0.0074094
0.295, -0.00543942
0.296, -0.00729138
0.297, 0.0055565
0.298, 0.0074104
0.299, -0.00543847
0.3, -0.00729041
0.301, 0.0055575
0.302, 0.00741143
0.303, -0.00543749
0.304, -0.00728942
0.305, 0.00555852
0.306, 0.00741248
0.307, -0.0054365
0.308, -0.00728841
0.309, 0.00555957
0.31, 0.00741355
0.311, -0.00543548
0.312, -0.00728738
0.313, 0.00556063
0.314, 0.00741464
0.315, -0.00543445
0.316, -0.00728633
0.317, 0.00556172
0.318, 0.00741576
0.319, -0.00543339
0.32, -0.00728526
0.321, 0.00556283
0.322, 0.0074169
0.323, -0.00543231
0.324, -0.00728416
0.325, 0.00556397
0.326, 0.00741807
0.327, -0.00543121
0.328, -0.00728304
0.329, 0.00556512
0.33, 0.00741926
0.331, -0.00543008
0.332, -0.0072819
0.333, 0.00556631
0.334, 0.00742048
0.335, -0.00542893
0.336, -0.00728074
0.337, 0.00556752
0.338, 0.00742172
0.339, -0.00542776
0.34, -0.00727955
0.341, 0.00556875
0.342, 0.00742298
0.343, -0.00542656
0.344, -0.00727833
0.345, 0.00557001
0.346, 0.00742428
0.347, -0.00542534
0.348, -0.0072771
0.349, 0.00557129
0.35, 0.0074256
0.351, -0.00542409
0.352, -0.00727583
0.353, 0.0055726
0.354, 0.00742694
0.355, -0.00542282
0.356, -0.00727454
0.357, 0.00557394
0.358, 0.00742832
0.359, -0.00542152
0.36, -0.00727323
0.361, 0.00557531
0.362, 0.00742972
0.363, -0.0054202
0.364, -0.00727189
0.365, 0.0055767
0.366, 0.00743116
0.367, -0.00541885
0.368, -0.00727052
0.369, 0.00557813
0.37, 0.00743262
0.371, -0.00541747
0.372, -0.00726913
0.373, 0.00557958
0.374, 0.00743411
0.375, -0.00541607
0.376, -0.00726771
0.377, 0.00558106
0.378, 0.00743563
0.379, -0.00541464
0.38, -0.00726626
0.381, 0.00558257
0.382, 0.00743719
0.383, -0.00541318
0.384, -0.00726478
0.385, 0.00558412
0.386, 0.00743877
0.387, -0.00541169
0.388, -0.00726327
0.389, 0.00558569
0.39, 0.00744039
0.391, -0.00541017
0.392, -0.00726173
0.393, 0.0055873
0.394, 0.00744204
0.395, -0.00540862
0.396, -0.00726017
0.397, 0.00558893
0.398, 0.00744373
0.399, -0.00540704
0.4, -0.00725857
0.401, 0.00559061
0.402, 0.00744544
0.403, -0.00540543
0.404, -0.00725694
0.405, 0.00559231
0.406, 0.0074472
0.407, -0.00540378
0.408, -0.00725528
0.409, 0.00559405
0.41, 0.00744899
0.411, -0.00540211
0.412, -0.00725358
0.413, 0.00559582
0.414, 0.00745081
0.415, -0.0054004
0.416, -0.00725186
0.417, 0.00559763
0.418, 0.00745267
0.419, -0.00539866
0.42, -0.0072501
0.421, 0.00559948
0.422, 0.00745457
0.423, -0.00539689
0.424, -0.00724831
0.425, 0.00560136
0.426, 0.0074565
0.427, -0.00539508
0.428, -0.00724648
0.429, 0.00560328
0.43, 0.00745848
0.431, -0.00539323
0.432, -0.00724461
0.433, 0.00560524
0.434, 0.00746049
0.435, -0.00539136
0.436, -0.00724271
0.437, 0.00560724
0.438, 0.00746255
0.439, -0.00538944
0.44, -0.00724078
0.441, 0.00560928
0.442, 0.00746464
0.443, -0.00538749
0.444, -0.00723881
0.445, 0.00561136
0.446, 0.00746678
0.447, -0.0053855
0.448, -0.00723679
0.449, 0.00561348
0.45, 0.00746896
0.451, -0.00538347
0.452, -0.00723475
0.453, 0.00561564
0.454, 0.00747119
0.455, -0.0053814
0.456, -0.00723266
0.457, 0.00561784
0.458, 0.00747345
0.459, -0.00537929
0.46, -0.00723053
0.461, 0.00562009
0.462, 0.00747577
0.463, -0.00537714
0.464, -0.00722836
0.465, 0.00562238
0.466, 0.00747813
0.467, -0.00537496
0.468, -0.00722615
0.469, 0.00562472
0.47, 0.00748053
0.471, -0.00537272
0.472, -0.0072239
0.473, 0.00562711
0.474, 0.00748299
0.475, -0.00537045
0.476, -0.00722161
0.477, 0.00562954
0.478, 0.00748549
0.479, -0.00536813
0.48, -0.00721927
0.481, 0.00563202
0.482, 0.00748804
0.483, -0.00536577
0.484, -0.00721689
0.485, 0.00563454
0.486, 0.00749064
0.487, -0.00536337
0.488, -0.00721446
0.489, 0.00563712
0.49, 0.0074933
0.491, -0.00536092
0.492, -0.00721199
0.493, 0.00563975
0.494, 0.007496
0.495, -0.00535842
0.496, -0.00720947
0.497, 0.00564243
0.498, 0.00749876
0.499, -0.00535587
0.5, -0.0072069
0.501, 0.00564516
0.502, 0.00750158
0.503, -0.00535328
0.504, -0.00720429
0.505, 0.00564795
0.506, 0.00750445
0.507, -0.00535064
0.508, -0.00720163
0.509, 0.00565079
0.51, 0.00750738
0.511, -0.00534795
0.512, -0.00719891
0.513, 0.00565369
0.514, 0.00751036
0.515, -0.0053452
0.516, -0.00719615
0.517, 0.00565664
0.518, 0.0075134
0.519, -0.00534241
0.52, -0.00719333
0.521, 0.00565966
0.522, 0.00751651
0.523, -0.00533956
0.524, -0.00719046
0.525, 0.00566273
0.526, 0.00751967
0.527, -0.00533666
0.528, -0.00718754
0.529, 0.00566586
0.53, 0.0075229
0.531, -0.00533371
0.532, -0.00718457
0.533, 0.00566905
0.534, 0.00752619
0.535, -0.00533069
0.536, -0.00718153
0.537, 0.0056723
0.538, 0.00752955
0.539, -0.00532763
0.54, -0.00717845
0.541, 0.00567562
0.542, 0.00753297
0.543, -0.0053245
0.544, -0.0071753
0.545, 0.00567901
0.546, 0.00753646
0.547, -0.00532132
0.548, -0.0071721
0.549, 0.00568246
0.55, 0.00754001
0.551, -0.00531808
0.552, -0.00716883
0.553, 0.00568597
0.554, 0.00754364
0.555, -0.00531477
0.556, -0.00716551
0.557, 0.00568956
0.558, 0.00754734
0.559, -0.00531141
0.56, -0.00716212
0.561, 0.00569322
0.562, 0.00755111
0.563, -0.00530798
0.564, -0.00715867
0.565, 0.00569695
0.566, 0.00755496
0.567, -0.00530449
0.568, -0.00715516
0.569, 0.00570075
0.57, 0.00755888
0.571, -0.00530093
0.572, -0.00715158
0.573, 0.00570462
0.574, 0.00756288
0.575, -0.00529731
0.576, -0.00714794
0.577, 0.00570857
0.578, 0.00756696
0.579, -0.00529361
0.58, -0.00714423
0.581, 0.0057126
0.582, 0.00757112
0.583, -0.00528985
0.584, -0.00714045
0.585, 0.00571671
0.586, 0.00757536
0.587, -0.00528603
0.588, -0.00713661
0.589, 0.00572089
0.59, 0.00757968
0.591, -0.00528212
0.592, -0.00713269
0.593, 0.00572516
0.594, 0.00758409
0.595, -0.00527815
0.596, -0.0071287
0.597, 0.00572951
0.598, 0.00758859
0.599, -0.00527411
0.6, -0.00712463
0.601, 0.00573395
0.602, 0.00759317
0.603, -0.00526998
0.604, -0.00712049
0.605, 0.00573847
0.606, 0.00759785
0.607, -0.00526579
0.608, -0.00711628
0.609, 0.00574308
0.61, 0.00760261
0.611, -0.00526151
0.612, -0.00711199
0.613, 0.00574779
0.614, 0.00760747
0.615, -0.00525716
0.616, -0.00710762
0.617, 0.00575258
0.618, 0.00761243
0.619, -0.00525272
0.62, -0.00710317
0.621, 0.00575747
0.622, 0.00761748
0.623, -0.00524821
0.624, -0.00709864
0.625, 0.00576245
0.626, 0.00762264
0.627, -0.00524361
0.628, -0.00709402
0.629, 0.00576753
0.63, 0.00762789
0.631, -0.00523892
0.632, -0.00708933
0.633, 0.00577271
0.634, 0.00763325
0.635, -0.00523415
0.636, -0.00708454
0.637, 0.00577799
0.638, 0.00763871
0.639, -0.00522929
0.64, -0.00707967
0.641, 0.00578337
0.642, 0.00764428
0.643, -0.00522434
0.644, -0.00707471
0.645, 0.00578886
0.646, 0.00764996
0.647, -0.0052193
0.648, -0.00706966
0.649, 0.00579445
0.65, 0.00765576
0.651, -0.00521417
0.652, -0.00706452
0.653, 0.00580016
0.654, 0.00766166
0.655, -0.00520895
0.656, -0.00705929
0.657, 0.00580597
0.658, 0.00766769
0.659, -0.00520363
0.66, -0.00705396
0.661, 0.0058119
0.662, 0.00767383
0.663, -0.00519821
0.664, -0.00704854
0.665, 0.00581795
0.666, 0.00768009
0.667, -0.00519269
0.668, -0.00704301
0.669, 0.00582411
0.67, 0.00768648
0.671, -0.00518707
0.672, -0.00703739
0.673, 0.00583039
0.674, 0.00769299
0.675, -0.00518135
0.676, -0.00703167
0.677, 0.0058368
0.678, 0.00769963
0.679, -0.00517552
0.68, -0.00702584
0.681, 0.00584333
0.682, 0.00770641
0.683, -0.00516959
0.684, -0.00701991
0.685, 0.00584999
0.686, 0.00771331
0.687, -0.00516355
0.688, -0.00701387
0.689, 0.00585678
0.69, 0.00772035
0.691, -0.0051574
0.692, -0.00700772
0.693, 0.0058637
0.694, 0.00772754
0.695, -0.00515114
0.696, -0.00700147
0.697, 0.00587076
0.698, 0.00773486
0.699, -0.00514477
0.7, -0.0069951
0.701, 0.00587795
0.702, 0.00774233
0.703, -0.00513827
0.704, -0.00698861
0.705, 0.00588529
0.706, 0.00774994
0.707, -0.00513166
0.708, -0.00698201
0.709, 0.00589276
0.71, 0.00775771
0.711, -0.00512494
0.712, -0.00697529
0.713, 0.00590039
0.714, 0.00776563
0.715, -0.00511808
0.716, -0.00696846
0.717, 0.00590816
0.718, 0.0077737
0.719, -0.00511111
0.72, -0.0069615
0.721, 0.00591609
0.722, 0.00778194
0.723, -0.00510401
0.724, -0.00695441
0.725, 0.00592417
0.726, 0.00779034
0.727, -0.00509678
0.728, -0.0069472
0.729, 0.0059324
0.73, 0.0077989
0.731, -0.00508942
0.732, -0.00693987
0.733, 0.0059408
0.734, 0.00780764
0.735, -0.00508193
0.736, -0.0069324
0.737, 0.00594937
0.738, 0.00781655
0.739, -0.0050743
0.74, -0.0069248
0.741, 0.0059581
0.742, 0.00782563
0.743, -0.00506654
0.744, -0.00691706
0.745, 0.005967
0.746, 0.00783489
0.747, -0.00505863
0.748, -0.00690919
0.749, 0.00597607
0.75, 0.00784434
0.751, -0.00505059
0.752, -0.00690118
0.753, 0.00598533
0.754, 0.00785397
0.755, -0.0050424
0.756, -0.00689303
0.757, 0.00599476
0.758, 0.0078638
0.759, -0.00503406
0.76, -0.00688473
0.761, 0.00600438
0.762, 0.00787382
0.763, -0.00502558
0.764, -0.00687629
0.765, 0.00601418
0.766, 0.00788404
0.767, -0.00501694
0.768, -0.0068677
0.769, 0.00602418
0.77, 0.00789446
0.771, -0.00500815
0.772, -0.00685896
0.773, 0.00603438
0.774, 0.00790509
0.775, -0.0049992
0.776, -0.00685007
0.777, 0.00604477
0.778, 0.00791593
0.779, -0.00499009
0.78, -0.00684102
0.781, 0.00605537
0.782, 0.00792699
0.783, -0.00498082
0.784, -0.00683181
0.785, 0.00606617
0.786, 0.00793826
0.787, -0.00497139
0.788, -0.00682244
0.789, 0.00607719
0.79, 0.00794976
0.791, -0.00496179
0.792, -0.00681291
0.793, 0.00608842
0.794, 0.00796149
0.795, -0.00495202
0.796, -0.00680322
0.797, 0.00609987
0.798, 0.00797345
0.799, -0.00494207
0.8, -0.00679335
0.801, 0.00611154
0.802, 0.00798565
0.803, -0.00493195
0.804, -0.00678332
0.805, 0.00612345
0.806, 0.00799809
0.807, -0.00492165
0.808, -0.00677311
0.809, 0.00613558
0.81, 0.00801078
0.811, -0.00491117
0.812, -0.00676272
0.813, 0.00614796
0.814, 0.00802372
0.815, -0.00490051
0.816, -0.00675216
0.817, 0.00616057
0.818, 0.00803692
0.819, -0.00488966
0.82, -0.00674141
0.821, 0.00617344
0.822, 0.00805038
0.823, -0.00487862
0.824, -0.00673048
0.825, 0.00618655
0.826, 0.00806411
0.827, -0.00486738
0.828, -0.00671937
0.829, 0.00619992
0.83, 0.00807811
0.831, -0.00485595
0.832, -0.00670806
0.833, 0.00621356
0.834, 0.00809239
0.835, -0.00484432
0.836, -0.00669656
0.837, 0.00622746
0.838, 0.00810696
0.839, -0.00483249
0.84, -0.00668486
0.841, 0.00624163
0.842, 0.00812182
0.843, -0.00482045
0.844, -0.00667297
0.845, 0.00625608
0.846, 0.00813697
0.847, -0.0048082
0.848, -0.00666087
0.849, 0.00627081
0.85, 0.00815243
0.851, -0.00479574
0.852, -0.00664857
0.853, 0.00628584
0.854, 0.00816819
0.855, -0.00478307
0.856, -0.00663606
0.857, 0.00630115
0.858, 0.00818427
0.859, -0.00477017
0.86, -0.00662334
0.861, 0.00631677
0.862, 0.00820067
0.863, -0.00476244
0.864, -0.00660526
0.865, 0.00634001
0.866, 0.00822498
0.867, -0.0047538
0.868, -0.00658857
0.869, 0.00635018
0.87, 0.00824373
0.871, -0.0047446
0.872, -0.00657434
0.873, 0.00636984
0.874, 0.00825579
0.875, -0.00474082
0.876, -0.00656891
0.877, 0.00639112
0.878, 0.00826982
0.879, -0.0047208
0.88, -0.00655679
0.881, 0.00641296
0.882, 0.00828715
0.883, -0.00470364
0.884, -0.00654311
0.885, 0.00643227
0.886, 0.00830544
0.887, -0.00468821
0.888, -0.00652892
0.889, 0.00645073
0.89, 0.00832423
0.891, -0.00467321
0.892, -0.00651444
0.893, 0.00646916
0.894, 0.00834342
0.895, -0.00465816
0.896, -0.0064997
0.897, 0.00648785
0.898, 0.008363
0.899, -0.00464291
0.9, -0.00648473
0.901, 0.00650689
0.902, 0.00838297
0.903, -0.00462742
0.904, -0.00646951
0.905, 0.00652628
0.906, 0.00840334
0.907, -0.00461168
0.908, -0.00645404
0.909, 0.00654606
0.91, 0.00842412
0.911, -0.00459567
0.912, -0.00643832
0.913, 0.00656622
0.914, 0.00844531
0.915, -0.00457939
0.916, -0.00642235
0.917, 0.00658678
0.918, 0.00846693
0.919, -0.00456285
0.92, -0.00640612
0.921, 0.00660774
0.922, 0.00848898
0.923, -0.00454604
0.924, -0.00638963
0.925, 0.00662911
0.926, 0.00851147
0.927, -0.00452894
0.928, -0.00637288
0.929, 0.00665089
0.93, 0.00853441
0.931, -0.00451157
0.932, -0.00635587
0.933, 0.00667311
0.934, 0.00855781
0.935, -0.00449392
0.936, -0.00633858
0.937, 0.00669575
0.938, 0.00858168
0.939, -0.00447598
0.94, -0.00632103
0.941, 0.00671884
0.942, 0.00860602
0.943, -0.00445775
0.944, -0.0063032
0.945, 0.00674238
0.946, 0.00863086
0.947, -0.00443922
0.948, -0.00628509
0.949, 0.00676638
0.95, 0.00865619
0.951, -0.0044204
0.952, -0.0062667
0.953, 0.00679084
0.954, 0.00868202
0.955, -0.00440128
0.956, -0.00624802
0.957, 0.00681579
0.958, 0.00870838
0.959, -0.00438185
0.96, -0.00622906
0.961, 0.00684122
0.962, 0.00873526
0.963, -0.00436212
0.964, -0.00620981
0.965, 0.00686714
0.966, 0.00876268
0.967, -0.00434208
0.968, -0.00619027
0.969, 0.00689357
0.97, 0.00879064
0.971, -0.00432172
0.972, -0.00617044
0.973, 0.00692051
0.974, 0.00881917
0.975, -0.00430105
0.976, -0.00615031
0.977, 0.00694797
0.978, 0.00884826
0.979, -0.00428005
0.98, -0.00612988
0.981, 0.00697597
0.982, 0.00887794
0.983, -0.00425874
0.984, -0.00610914
0.985, 0.0070045
0.986, 0.00890821
0.987, -0.0042371
0.988, -0.00608811
0.989, 0.0070336
0.99, 0.00893908
0.991, -0.00421513
0.992, -0.00606676
0.993, 0.00706325
0.994, 0.00897057
0.995, -0.00419283
0.996, -0.00604511
0.997, 0.00709348
0.998, 0.00900269
0.999, -0.00417019
1, -0.00602315
1.001, 0.00712429
1.002, 0.00903544
1.003, -0.00414722
1.004, -0.00600088
1.005, 0.00715569
1.006, 0.00906885
1.007, -0.00412391
1.008, -0.0059783
1.009, 0.00718766
1.01, 0.00910296
1.011, -0.00410015
1.012, -0.00595542
1.013, 0.0066624
1.014, 0.00762294
1.015, -0.000997139
1.016, -0.00193215
1.017, 0.00354019
1.018, 0.00450184
1.019, -0.00240979
1.02, -0.00335046
1.021, 0.00292221
1.022, 0.0038688
1.023, -0.0026815
1.024, -0.00363131
1.025, 0.00280457
1.026, 0.00374798
1.027, -0.00273035
1.028, -0.00367929
1.029, 0.00278622
1.03, 0.00373056
1.031, -0.0027326
1.032, -0.00367906
1.033, 0.00278871
1.034, 0.00373328
1.035, -0.00272398
1.036, -0.00366822
1.037, 0.00279553
1.038, 0.00373922
1.039, -0.00271606
1.04, -0.00365117
1.041, 0.00281132
1.042, 0.00374644
1.043, -0.00271072
1.044, -0.0036385
1.045, 0.00281764
1.046, 0.00375007
1.047, -0.00269595
1.048, -0.00362266
1.049, 0.00282513
1.05, 0.00375359
1.051, -0.00268073
1.052, -0.00360532
1.053, 0.0028314
1.054, 0.00375622
1.055, -0.00266534
1.056, -0.00358684
1.057, 0.0028367
1.058, 0.0028367
1.059, -0.00212859
1.06, -0.00264435
1.061, 0.00298074
1.062, 0.000132152
1.063, 0.000132152
1.064, -9.48239e-05
1.065, -9.48239e-05
1.066, 0.000306151
1.067, 0.000306151
1.068, -6.3097e-05
1.069, -6.3097e-05
1.07, 0.00029465
1.071, 0.00029465
1.072, -3.1914e-05
1.073, 8.28869e-05
1.074, 8.28869e-05
1.075, 8.28869e-05
1.076, -0.000102319
1.077, -0.000180559
1.078, 0.00270594
1.079, -0.00225678
1.08, -0.00367797
1.081, 0.00291641
1.082, 0.00364454
1.083, -0.00259367
1.084, -0.00369519
1.085, 0.00282905
1.086, 0.00366355
1.087, -0.00268564
1.088, -0.00369019
1.089, 0.0027627
1.09, 0.00366164
1.091, -0.00273312
1.092, -0.00369457
1.093, 0.0027288
1.094, 0.00365248
1.095, -0.00275601
1.096, -0.00370117
1.097, 0.00270904
1.098, 0.00364032
1.099, -0.0027692
1.1, -8.13944e-06
1.101, -8.13944e-06
1.102, -8.13944e-06
1.103, -1.74913e-06
1.104, -0.000110275
1.105, 0.000112302
1.106, 0.00272628
1.107, -0.00248359
1.108, -1.81417e-05
1.109, -1.81417e-05
1.11, -1.81417e-05
1.111, 4.1112e-05
1.112, 6.44806e-07
1.113, -0.00267215
1.114, 0.00266266
1.115, 0.00128137
1.116, -0.00127879
1.117, -6.15674e-05
1.118, 9.67014e-07
1.119, 9.67014e-07
1.12, -3.40865e-06
1.121, -4.84894e-07
1.122, 0.00210247
1.123, -0.00209965
1.124, -0.00432715
1.125, 0.00432311
1.126, 0.00475571
1.127, -0.00474683
1.128, -0.00486158
1.129, 0.00485139
1.13, 0.00488771
1.131, -0.00487721
1.132, -0.00489417
1.133, 0.00488359
1.134, 0.00489576
1.135, -0.00488516
1.136, -0.00489616
1.137, 0.00488555
1.138, 0.00489625
1.139, -0.00488564
1.14, -0.00489628
1.141, 0.00488567
1.142, 0.00489628
1.143, -0.00488567
1.144, -0.00489629
1.145, 0.00488568
1.146, 0.00489628
1.147, -0.00488568
1.148, -0.00489629
1.149, 0.00488568
1.15, 0.00489628
1.151, -0.00488568
1.152, -0.00489629
1.153, 0.00488568
1.154, 0.00489628
1.155, -0.00488568
1.156, -0.00489629
1.157, 0.00488568
1.158, 0.00489628
1.159, -0.00488568
1.16, -0.00489629
1.161, 0.00488568
1.162, 0.00489628
1.163, -0.00488568
1.164, -0.00489629
1.165, 0.00488568
1.166, 0.00489628
1.167, -0.00488568
1.168, -0.00489629
1.169, 0.00488568
1.17, 0.00489628
1.171, -0.00488568
1.172, -0.00489629
1.173, 0.00488568
1.174, 0.00489628
1.175, -0.00488568
1.176, -0.00489629
1.177, 0.00488568
1.178, 0.00489628
1.179, -0.00488568
1.18, -0.00489629
1.181, 0.00488568
1.182, 0.00489628
1.183, -0.00488568
1.184, -0.00489629
1.185, 0.00488568
1.186, 0.00489628
1.187, -0.00488568
1.188, -0.00489629
1.189, 0.00488568
1.19, 0.00489628
1.191, -0.00488568
1.192, -0.00489629
1.193, 0.00488568
1.194, 0.00489628
1.195, -0.00488568
1.196, -0.00489629
1.197, 0.00488568
1.198, 0.00489628
1.199, -0.00488568
1.2, -0.00489629
1.201, 0.00488568
1.202, 0.00489628
1.203, -0.00488568
1.204, -0.00489629
1.205, 0.00488568
1.206, 0.00489628
1.207, -0.00488568
1.208, -0.00489629
1.209, 0.00488568
1.21, 0.00489628
1.211, -0.00488568
1.212, -0.00489629
1.213, 0.00488568
1.214, 0.00489628
1.215, -0.00488568
1.216, -0.00489629
1.217, 0.00488568
1.218, 0.00489628
1.219, -0.00488568
1.22, -0.00489629
1.221, 0.00488568
1.222, 0.00489628
1.223, -0.00488568
1.224, -0.00489629
1.225, 0.00488568
1.226, 0.00489628
1.227, -0.00488568
1.228, -0.00489629
1.229, 0.00488568
1.23, 0.00489628
1.231, -0.00488568
1.232, -0.00489629
1.233, 0.00488568
1.234, 0.00489628
1.235, -0.00488568
1.236, -0.00489629
1.237, 0.00488568
1.238, 0.00489628
1.239, -0.00488568
1.24, -0.00489629
1.241, 0.00488568
1.242, 0.00489628
1.243, -0.00488568
1.244, -0.00489629
1.245, 0.00488568
1.246, 0.00489628
1.247, -0.00488568
1.248, -0.00489629
1.249, 0.00488568
1.25, 0.00489628
1.251, -0.00488568
1.252, -0.00489629
1.253, 0.00488568
1.254, 0.00489628
1.255, -0.00488568
1.256, -0.00489629
1.257, 0.00488568
1.258, 0.00489628
1.259, -0.00488568
1.26, -0.00489629
1.261, 0.00488568
1.262, 0.00489628
1.263, -0.00488568
1.264, -0.00489629
1.265, 0.00488568
1.266, 0.00489628
1.267, -0.00488568
1.268, -0.00489629
1.269, 0.00488568
1.27, 0.00489628
1.271, -0.00488568
1.272, -0.00489629
1.273, 0.00488568
1.274, 0.00489628
1.275, -0.00488568
1.276, -0.00489629
1.277, 0.00488568
1.278, 0.00489628
1.279, -0.00488568
1.28, -0.00489629
1.281, 0.00488568
1.282, 0.00489628
1.283, -0.00488568
1.284, -0.00489629
1.285, 0.00488568
1.286, 0.00489628
1.287, -0.00488568
1.288, -0.00489629
1.289, 0.00488568
1.29, 0.00489628
1.291, -0.00488568
1.292, -0.00489629
1.293, 0.00488568
1.294, 0.00489628
1.295, -0.00488568
1.296, -0.00489629
1.297, 0.00488568
1.298, 0.00489628
1.299, -0.00488568
1.3, -0.00489629
1.301, 0.00488568
1.302, 0.00489628
1.303, -0.00488568
1.304, -0.00489629
1.305, 0.00488568
1.306, 0.00489628
1.307, -0.00488568
1.308, -0.00489629
1.309, 0.00488568
1.31, 0.00489628
1.311, -0.00488568
1.312, -0.00489629
1.313, 0.00488568
1.314, 0.00489628
1.315, -0.00488568
1.316, -0.00489629
1.317, 0.00488568
1.318, 0.00489628
1.319, -0.00488568
1.32, -0.00489629
1.321, 0.00488568
1.322, 0.00489628
1.323, -0.00488568
1.324, -0.00489629
1.325, 0.00488568
1.326, 0.00489628
1.327, -0.00488568
1.328, -0.00489629
1.329, 0.00488568
1.33, 0.00489628
1.331, -0.00488568
1.332, -0.00489629
1.333, 0.00488568
1.334, 0.00489628
1.335, -0.00488568
1.336, -0.00489629
1.337, 0.00488568
1.338, 0.00489628
1.339, -0.00488568
1.34, -0.00489629
1.341, 0.00488568
1.342, 0.00489628
1.343, -0.00488568
1.344, -0.00489629
1.345, 0.00488568
1.346, 0.00489628
1.347, -0.00488568
1.348, -0.00489629
1.349, 0.00488568
1.35, 0.00489628
1.351, -0.00488568
1.352, -0.00489629
1.353, 0.00488568
1.354, 0.00489628
1.355, -0.00488568
1.356, -0.00489629
1.357, 0.00488568
1.358, 0.00489628
1.359, -0.00488568
1.36, -0.00489629
1.361, 0.00488568
1.362, 0.00489628
1.363, -0.00488568
1.364, -0.00489629
1.365, 0.00488568
1.366, 0.00489628
1.367, -0.00488568
1.368, -0.00489629
1.369, 0.00488568
1.37, 0.00489628
1.371, -0.00488568
1.372, -0.00489629
1.373, 0.00488568
1.374, 0.00489628
1.375, -0.00488568
1.376, -0.00489629
1.377, 0.00488568
1.378, 0.00489628
1.379, -0.00488568
1.38, -0.00489629
1.381, 0.00488568
1.382, 0.00489628
1.383, -0.00488568
1.384, -0.00489629
1.385, 0.00488568
1.386, 0.00489628
1.387, -0.00488568
1.388, -0.00489629
1.389, 0.00488568
1.39, 0.00489628
1.391, -0.00488568
1.392, -0.00489629
1.393, 0.00488568
1.394, 0.00489628
1.395, -0.00488568
1.396, -0.00489629
1.397, 0.00488568
1.398, 0.00489628
1.399, -0.00488568
1.4, -0.00489629
1.401, 0.00488568
1.402, 0.00489628
1.403, -0.00488568
1.404, -0.00489629
1.405, 0.00488568
1.406, 0.00489628
1.407, -0.00488568
1.408, -0.00489629
1.409, 0.00488568
1.41, 0.00489628
1.411, -0.00488568
1.412, -0.00489629
1.413, 0.00488568
1.414, 0.00489628
1.415, -0.00488568
1.416, -0.00489629
1.417, 0.00488568
1.418, 0.00489628
1.419, -0.00488568
1.42, -0.00489629
1.421, 0.00488568
1.422, 0.00489628
1.423, -0.00488568
1.424, -0.00489629
1.425, 0.00488568
1.426, 0.00489628
1.427, -0.00488568
1.428, -0.00489629
1.429, 0.00488568
1.43, 0.00489628
1.431, -0.00488568
1.432, -0.00489629
1.433, 0.00488568
1.434, 0.00489628
1.435, -0.00488568
1.436, -0.00489629
1.437, 0.00488568
1.438, 0.00489628
1.439, -0.00488568
1.44, -0.00489629
1.441, 0.00488568
1.442, 0.00489628
1.443, -0.00488568
1.444, -0.00489629
1.445, 0.00488568
1.446, 0.00489628
1.447, -0.00488568
1.448, -0.00489629
1.449, 0.00488568
1.45, 0.00489628
1.451, -0.00488568
1.452, -0.00489629
1.453, 0.00488568
1.454, 0.00489628
1.455, -0.00488568
1.456, -0.00489629
1.457, 0.00488568
1.458, 0.00489628
1.459, -0.00488568
1.46, -0.00489629
1.461, 0.00488568
1.462, 0.00489628
1.463, -0.00488568
1.464, -0.00489629
1.465, 0.00488568
1.466, 0.00489628
1.467, -0.00488568
1.468, -0.00489629
1.469, 0.00488568
1.47, 0.00489628
1.471, -0.00488568
1.472, -0.00489629
1.473, 0.00488568
1.474, 0.00489628
1.475, -0.00488568
1.476, -0.00489629
1.477, 0.00488568
1.478, 0.00489628
1.479, -0.00488568
1.48, -0.00489629
1.481, 0.00488568
1.482, 0.00489628
1.483, -0.00488568
1.484, -0.00489629
1.485, 0.00488568
1.486, 0.00489628
1.487, -0.00488568
1.488, -0.00489629
1.489, 0.00488568
1.49, 0.00489628
1.491, -0.00488568
1.492, -0.00489629
1.493, 0.00488568
1.494, 0.00489628
1.495, -0.00488568
1.496, -0.00489629
1.497, 0.00488568
1.498, 0.00489628
1.499, -0.00488568
1.5, -0.00489629
1.501, 0.00488568
1.502, 0.00489628
1.503, -0.00488568
1.504, -0.00489629
1.505, 0.00488568
1.506, 0.00489628
1.507, -0.00488568
1.508, -0.00489629
1.509, 0.00488568
1.51, 0.00489628
1.511, -0.00488568
1.512, -0.00489629
1.513, 0.00488568
1.514, 0.00489628
1.515, -0.00488568
1.516, -0.00489629
1.517, 0.00488568
1.518, 0.00489628
1.519, -0.00488568
1.52, -0.00489629
1.521, 0.00488568
1.522, 0.00489628
1.523, -0.00488568
1.524, -0.00489629
1.525, 0.00488568
1.526, 0.00489628
1.527, -0.00488568
1.528, -0.00489629
1.529, 0.00488568
1.53, 0.00489628
1.531, -0.00488568
1.532, -0.00489629
1.533, 0.00488568
1.534, 0.00489628
1.535, -0.00488568
1.536, -0.00489629
1.537, 0.00488568
1.538, 0.00489628
1.539, -0.00488568
1.54, -0.00489629
1.541, 0.00488568
1.542, 0.00489628
1.543, -0.00488568
1.544, -0.00489629
1.545, 0.00488568
1.546, 0.00489628
1.547, -0.00488568
1.548, -0.00489629
1.549, 0.00488568
1.55, 0.00489628
1.551, -0.00488568
1.552, -0.00489629
1.553, 0.00488568
1.554, 0.00489628
1.555, -0.00488568
1.556, -0.00489629
1.557, 0.00488568
1.558, 0.00489628
1.559, -0.00488568
1.56, -0.00489629
1.561, 0.00488568
1.562, 0.00489628
1.563, -0.00488568
1.564, -0.00489629
1.565, 0.00488568
1.566, 0.00489628
1.567, -0.00488568
1.568, -0.00489629
1.569, 0.00488568
1.57, 0.00489628
1.571, -0.00488568
1.572, -0.00489629
1.573, 0.00488568
1.574, 0.00489628
1.575, -0.00488568
1.576, -0.00489629
1.577, 0.00488568
1.578, 0.00489628
1.579, -0.00488568
1.58, -0.00489629
1.581, 0.00488568
1.582, 0.00489628
1.583, -0.00488568
1.584, -0.00489629
1.585, 0.00488568
1.586, 0.00489628
1.587, -0.00488568
1.588, -0.00489629
1.589, 0.00488568
1.59, 0.00489628
1.591, -0.00488568
1.592, -0.00489629
1.593, 0.00488568
1.594, 0.00489628
1.595, -0.00488568
1.596, -0.00489629
1.597, 0.00488568
1.598, 0.00489628
1.599, -0.00488568
1.6, -0.00489629
1.601, 0.00488568
1.602, 0.00489628
1.603, -0.00488568
1.604, -0.00489629
1.605, 0.00488568
1.606, 0.00489628
1.607, -0.00488568
1.608, -0.00489629
1.609, 0.00488568
1.61, 0.00489628
1.611, -0.00488568
1.612, -0.00489629
1.613, 0.00488568
1.614, 0.00489628
1.615, -0.00488568
1.616, -0.00489629
1.617, 0.00488568
1.618, 0.00489628
1.619, -0.00488568
1.62, -0.00489629
1.621, 0.00488568
1.622, 0.00489628
1.623, -0.00488568
1.624, -0.00489629
1.625, 0.00488568
1.626, 0.00489628
1.627, -0.00488568
1.628, -0.00489629
1.629, 0.00488568
1.63, 0.00489628
1.631, -0.00488568
1.632, -0.00489629
1.633, 0.00488568
1.634, 0.00489628
1.635, -0.00488568
1.636, -0.00489629
1.637, 0.00488568
1.638, 0.00489628
1.639, -0.00488568
1.64, -0.00489629
1.641, 0.00488568
1.642, 0.00489628
1.643, -0.00488568
1.644, -0.00489629
1.645, 0.00488568
1.646, 0.00489628
1.647, -0.00488568
1.648, -0.00489629
1.649, 0.00488568
1.65, 0.00489628
1.651, -0.00488568
1.652, -0.00489629
1.653, 0.00488568
1.654, 0.00489628
1.655, -0.00488568
1.656, -0.00489629
1.657, 0.00488568
1.658, 0.00489628
1.659, -0.00488568
1.66, -0.00489629
1.661, 0.00488568
1.662, 0.00489628
1.663, -0.00488568
1.664, -0.00489629
1.665, 0.00488568
1.666, 0.00489628
1.667, -0.00488568
1.668, -0.00489629
1.669, 0.00488568
1.67, 0.00489628
1.671, -0.00488568
1.672, -0.00489629
1.673, 0.00488568
1.674, 0.00489628
1.675, -0.00488568
1.676, -0.00489629
1.677, 0.00488568
1.678, 0.00489628
1.679, -0.00488568
1.68, -0.00489629
1.681, 0.00488568
1.682, 0.00489628
1.683, -0.00488568
1.684, -0.00489629
1.685, 0.00488568
1.686, 0.00489628
1.687, -0.00488568
1.688, -0.00489629
1.689, 0.00488568
1.69, 0.00489628
1.691, -0.00488568
1.692, -0.00489629
1.693, 0.00488568
1.694, 0.00489628
1.695, -0.00488568
1.696, -0.00489629
1.697, 0.00488568
1.698, 0.00489628
1.699, -0.00488568
1.7, -0.00489629
1.701, 0.00488568
1.702, 0.00489628
1.703, -0.00488568
1.704, -0.00489629
1.705, 0.00488568
1.706, 0.00489628
1.707, -0.00488568
1.708, -0.00489629
1.709, 0.00488568
1.71, 0.00489628
1.711, -0.00488568
1.712, -0.00489629
1.713, 0.00488568
1.714, 0.00489628
1.715, -0.00488568
1.716, -0.00489629
1.717, 0.00488568
1.718, 0.00489628
1.719, -0.00488568
1.72, -0.00489629
1.721, 0.00488568
1.722, 0.00489628
1.723, -0.00488568
1.724, -0.00489629
1.725, 0.00488568
1.726, 0.00489628
1.727, -0.00488568
1.728, -0.00489629
1.729, 0.00488568
1.73, 0.00489628
1.731, -0.00488568
1.732, -0.00489629
1.733, 0.00488568
1.734, 0.00489628
1.735, -0.00488568
1.736, -0.00489629
1.737, 0.00488568
1.738, 0.00489628
1.739, -0.00488568
1.74, -0.00489629
1.741, 0.00488568
1.742, 0.00489628
1.743, -0.00488568
1.744, -0.00489629
1.745, 0.00488568
1.746, 0.00489628
1.747, -0.00488568
1.748, -0.00489629
1.749, 0.00488568
1.75, 0.00489628
1.751, -0.00488568
1.752, -0.00489629
1.753, 0.00488568
1.754, 0.00489628
1.755, -0.00488568
1.756, -0.00489629
1.757, 0.00488568
1.758, 0.00489628
1.759, -0.00488568
1.76, -0.00489629
1.761, 0.00488568
1.762, 0.00489628
1.763, -0.00488568
1.764, -0.00489629
1.765, 0.00488568
1.766, 0.00489628
1.767, -0.00488568
1.768, -0.00489629
1.769, 0.00488568
1.77, 0.00489628
1.771, -0.00488568
1.772, -0.00489629
1.773, 0.00488568
1.774, 0.00489628
1.775, -0.00488568
1.776, -0.00489629
1.777, 0.00488568
1.778, 0.00489628
1.779, -0.00488568
1.78, -0.00489629
1.781, 0.00488568
1.782, 0.00489628
1.783, -0.00488568
1.784, -0.00489629
1.785, 0.00488568
1.786, 0.00489628
1.787, -0.00488568
1.788, -0.00489629
1.789, 0.00488568
1.79, 0.00489628
1.791, -0.00488568
1.792, -0.00489629
1.793, 0.00488568
1.794, 0.00489628
1.795, -0.00488568
1.796, -0.00489629
1.797, 0.00488568
1.798, 0.00489628
1.799, -0.00488568
1.8, -0.00489629
1.801, 0.00488568
1.802, 0.00489628
1.803, -0.00488568
1.804, -0.00489629
1.805, 0.00488568
1.806, 0.00489628
1.807, -0.00488568
1.808, -0.00489629
1.809, 0.00488568
1.81, 0.00489628
1.811, -0.00488568
1.812, -0.00489629
1.813, 0.00488568
1.814, 0.00489628
1.815, -0.00488568
1.816, -0.00489629
1.817, 0.00488568
1.818, 0.00489628
1.819, -0.00488568
1.82, -0.00489629
1.821, 0.00488568
1.822, 0.00489628
1.823, -0.00488568
1.824, -0.00489629
1.825, 0.00488568
1.826, 0.00489628
1.827, -0.00488568
1.828, -0.00489629
1.829, 0.00488568
1.83, 0.00489628
1.831, -0.00488568
1.832, -0.00489629
1.833, 0.00488568
1.834, 0.00489628
1.835, -0.00488568
1.836, -0.00489629
1.837, 0.00488568
1.838, 0.00489628
1.839, -0.00488568
1.84, -0.00489629
1.841, 0.00488568
1.842, 0.00489628
1.843, -0.00488568
1.844, -0.00489629
1.845, 0.00488568
1.846, 0.00489628
1.847, -0.00488568
1.848, -0.00489629
1.849, 0.00488568
1.85, 0.00489628
1.851, -0.00488568
1.852, -0.00489629
1.853, 0.00488568
1.854, 0.00489628
1.855, -0.00488568
1.856, -0.00489629
1.857, 0.00488568
1.858, 0.00489628
1.859, -0.00488568
1.86, -0.00489629
1.861, 0.00488568
1.862, 0.00489628
1.863, -0.00488568
1.864, -0.00489629
1.865, 0.00488568
1.866, 0.00489628
1.867, -0.00488568
1.868, -0.00489629
1.869, 0.00488568
1.87, 0.00489628
1.871, -0.00488568
1.872, -0.00489629
1.873, 0.00488568
1.874, 0.00489628
1.875, -0.00488568
1.876, -0.00489629
1.877, 0.00488568
1.878, 0.00489628
1.879, -0.00488568
1.88, -0.00489629
1.881, 0.00488568
1.882, 0.00489628
1.883, -0.00488568
1.884, -0.00489629
1.885, 0.00488568
1.886, 0.00489628
1.887, -0.00488568
1.888, -0.00489629
1.889, 0.00488568
1.89, 0.00489628
1.891, -0.00488568
1.892, -0.00489629
1.893, 0.00488568
1.894, 0.00489628
1.895, -0.00488568
1.896, -0.00489629
1.897, 0.00488568
1.898, 0.00489628
1.899, -0.00488568
1.9, -0.00489629
1.901, 0.00488568
1.902, 0.00489628
1.903, -0.00488568
1.904, -0.00489629
1.905, 0.00488568
1.906, 0.00489628
1.907, -0.00488568
1.908, -0.00489629
1.909, 0.00488568
1.91, 0.00489628
1.911, -0.00488568
1.912, -0.00489629
1.913, 0.00488568
1.914, 0.00489628
1.915, -0.00488568
1.916, -0.00489629
1.917, 0.00488568
1.918, 0.00489628
1.919, -0.00488568
1.92, -0.00489629
1.921, 0.00488568
1.922, 0.00489628
1.923, -0.00488568
1.924, -0.00489629
1.925, 0.00488568
1.926, 0.00489628
1.927, -0.00488568
1.928, -0.00489629
1.929, 0.00488568
1.93, 0.00489628
1.931, -0.00488568
1.932, -0.00489629
1.933, 0.00488568
1.934, 0.00489628
1.935, -0.00488568
1.936, -0.00489629
1.937, 0.00488568
1.938, 0.00489628
1.939, -0.00488568
1.94, -0.00489629
1.941, 0.00488568
1.942, 0.00489628
1.943, -0.00488568
1.944, -0.00489629
1.945, 0.00488568
1.946, 0.00489628
1.947, -0.00488568
1.948, -0.00489629
1.949, 0.00488568
1.95, 0.00489628
1.951, -0.00488568
1.952, -0.00489629
1.953, 0.00488568
1.954, 0.00489628
1.955, -0.00488568
1.956, -0.00489629
1.957, 0.00488568
1.958, 0.00489628
1.959, -0.00488568
1.96, -0.00489629
1.961, 0.00488568
1.962, 0.00489628
1.963, -0.00488568
1.964, -0.00489629
1.965, 0.00488568
1.966, 0.00489628
1.967, -0.00488568
1.968, -0.00489629
1.969, 0.00488568
1.97, 0.00489628
1.971, -0.00488568
1.972, -0.00489629
1.973, 0.00488568
1.974, 0.00489628
1.975, -0.00488568
1.976, -0.00489629
1.977, 0.00488568
1.978, 0.00489628
1.979, -0.00488568
1.98, -0.00489629
1.981, 0.00488568
1.982, 0.00489628
1.983, -0.00488568
1.984, -0.00489629
1.985, 0.00488568
1.986, 0.00489628
1.987, -0.00488568
1.988, -0.00489629
1.989, 0.00488568
1.99, 0.00489628
1.991, -0.00488568
1.992, -0.00489629
1.993, 0.00488568
1.994, 0.00489628
1.995, -0.00488568
1.996, -0.00489629
1.997, 0.00488568
1.998, 0.00489628
1.999, -0.00488568
2, -0.00489629
2.001, 0.00488568
2.002, 0.00489628
2.003, -0.00488568
2.004, -0.00489629
2.005, 0.00488568
2.006, 0.00489628
2.007, -0.00488568
2.008, -0.00489629
2.009, 0.00488568
2.01, 0.00489628
2.011, -0.00488568
2.012, -0.00489629
2.013, 0.00488568
2.014, 0.00489628
2.015, -0.00488568
2.016, -0.00489629
2.017, 0.00488568
2.018, 0.00489628
2.019, -0.00488568
2.02, -0.00489629
2.021, 0.00488568
2.022, 0.00489628
2.023, -0.00488568
2.024, -0.00489629
2.025, 0.00488568
2.026, 0.00489628
2.027, -0.00488568
2.028, -0.00489629
2.029, 0.00488568
2.03, 0.00489628
2.031, -0.00488568
2.032, -0.00489629
2.033, 0.00488568
2.034, 0.00489628
2.035, -0.00488568
2.036, -0.00489629
2.037, 0.00488568
2.038, 0.00489628
2.039, -0.00488568
2.04, -0.00489629
2.041, 0.00488568
2.042, 0.00489628
2.043, -0.00488568
2.044, -0.00489629
2.045, 0.00488568
2.046, 0.00489628
2.047, -0.00488568
2.048, -0.00489629
2.049, 0.00488568
2.05, 0.00489628
2.051, -0.00488568
2.052, -0.00489629
2.053, 0.00488568
2.054, 0.00489628
2.055, -0.00488568
2.056, -0.00489629
2.057, 0.00488568
2.058, 0.00489628
2.059, -0.00488568
2.06, -0.00489629
2.061, 0.00488568
2.062, 0.00489628
2.063, -0.00488568
2.064, -0.00489629
2.065, 0.00488568
2.066, 0.00489628
2.067, -0.00488568
2.068, -0.00489629
2.069, 0.00488568
2.07, 0.00489628
2.071, -0.00488568
2.072, -0.00489629
2.073, 0.00488568
2.074, 0.00489628
2.075, -0.00488568
2.076, -0.00489629
2.077, 0.00488568
2.078, 0.00489628
2.079, -0.00488568
2.08, -0.00489629
2.081, 0.00488568
2.082, 0.00489628
2.083, -0.00488568
2.084, -0.00489629
2.085, 0.00488568
2.086, 0.00489628
2.087, -0.00488568
2.088, -0.00489629
2.089, 0.00488568
2.09, 0.00489628
2.091, -0.00488568
2.092, -0.00489629
2.093, 0.00488568
2.094, 0.00489628
2.095, -0.00488568
2.096, -0.00489629
2.097, 0.00488568
2.098, 0.00489628
2.099, -0.00488568
2.1, -0.00489629
2.101, 0.00488568
2.102, 0
2.103, 0
2.104, 0
2.105, 0
2.106, 0
2.107, 0
2.108, 0
2.109, 0
2.11, 0
2.111, 0
2.112, 0
2.113, 0
2.114, 0
2.115, 0
2.116, 0
2.117, 0
2.118, 0
2.119, 0
2.12, 0
2.121, 0
2.122, 0
2.123, 0
2.124, 0
2.125, 0
2.126, 0
2.127, 0
2.128, 0
2.129, 0
2.13, 0
2.131, 0
2.132, 0
2.133, 0
2.134, 0
2.135, 0
2.136, 0
2.137, 0
2.138, 0
2.139, 0
2.14, 0
2.141, 0
2.142, 0
2.143, 0
2.144, 0
2.145, 0
2.146, 0
2.147, 0
2.148, 0
2.149, 0
2.15, 0
2.151, 0
2.152, 0
2.153, 0
2.154, 0
2.155, 0
2.156, 0
2.157, 0
2.158, 0
2.159, 0
2.16, 0
2.161, 0
2.162, 0
2.163, 0
2.164, 0
2.165, 0
2.166, 0
2.167, 0
2.168, 0
2.169, 0
2.17, 0
2.171, 0
2.172, 0
2.173, 0
2.174, 0
2.175, 0
2.176, 0
2.177, 0
2.178, 0
2.179, 0
2.18, 0
2.181, 0
2.182, 0
2.183, 0
2.184, 0
2.185, 0
2.186, 0
2.187, 0
2.188, 0
2.189, 0
2.19, 0
2.191, 0
2.192, 0
2.193, 0
2.194, 0
2.195, 0
2.196, 0
2.197, 0
2.198, 0
2.199, 0
2.2, 0
2.201, 0
2.202, 0
2.203, 0
2.204, 0
2.205, 0
2.206, 0
2.207, 0
2.208, 0
2.209, 0
2.21, 0
2.211, 0
2.212, 0
2.213, 0
2.214, 0
2.215, 0
2.216, 0
2.217, 0
2.218, 0
2.219, 0
2.22, 0
2.221, 0
2.222, 0
2.223, 0
2.224, 0
2.225, 0
2.226, 0
2.227, 0
2.228, 0
2.229, 0
2.23, 0
2.231, 0
2.232, 0
2.233, 0
2.234, 0
2.235, 0
2.236, 0
2.237, 0
2.238, 0
2.239, 0
2.24, 0
2.241, 0
2.242, 0
2.243, 0
2.244, 0
2.245, 0
2.246, 0
2.247, 0
2.248, 0
2.249, 0
2.25, 0
2.251, 0
2.252, 0
2.253, 0
2.254, 0
2.255, 0
2.256, 0
2.257, 0
2.258, 0
2.259, 0
2.26, 0
2.261, 0
2.262, 0
2.263, 0
2.264, 0
2.265, 0
2.266, 0
2.267, 0
2.268, 0
2.269, 0
2.27, 0
2.271, 0
2.272, 0
2.273, 0
2.274, 0
2.275, 0
2.276, 0
2.277, 0
2.278, 0
2.279, 0
2.28, 0
2.281, 0
2.282, 0
2.283, 0
2.284, 0
2.285, 0
2.286, 0
2.287, 0
2.288, 0
2.289, 0
2.29, 0
2.291, 0
2.292, 0
2.293, 0
2.294, 0
2.295, 0
2.296, 0
2.297, 0
2.298, 0
2.299, 0
2.3, 0
2.301, 0
2.302, 0
2.303, 0
2.304, 0
2.305, 0
2.306, 0
2.307, 0
2.308, 0
2.309, 0
2.31, 0
2.311, 0
2.312, 0
2.313, 0
2.314, 0
2.315, 0
2.316, 0
2.317, 0
2.318, 0
2.319, 0
2.32, 0
2.321, 0
2.322, 0
2.323, 0
2.324, 0
2.325, 0
2.326, 0
2.327, 0
2.328, 0
2.329, 0
2.33, 0
2.331, 0
2.332, 0
2.333, 0
2.334, 0
2.335, 0
2.336, 0
2.337, 0
2.338, 0
2.339, 0
2.34, 0
2.341, 0
2.342, 0
2.343, 0
2.344, 0
2.345, 0
2.346, 0
2.347, 0
2.348, 0
2.349, 0
2.35, 0
2.351, 0
2.352, 0
2.353, 0
2.354, 0
2.355, 0
2.356, 0
2.357, 0
2.358, 0
2.359, 0
2.36, 0
2.361, 0
2.362, 0
2.363, 0
2.364, 0
2.365, 0
2.366, 0
2.367, 0
2.368, 0
2.369, 0
2.37, 0
2.371, 0
2.372, 0
2.373, 0
2.374, 0
2.375, 0
2.376, 0
2.377, 0
2.378, 0
2.379, 0
2.38, 0
2.381, 0
2.382, 0
2.383, 0
2.384, 0
2.385, 0
2.386, 0
2.387, 0
2.388, 0
2.389, 0
2.39, 0
2.391, 0
2.392, 0
2.393, 0
2.394, 0
2.395, 0
2.396, 0
2.397, 0
2.398, 0
2.399, 0
2.4, 0
2.401, 0
2.402, 0
2.403, 0
2.404, 0
2.405, 0
2.406, 0
2.407, 0
2.408, 0
2.409, 0
2.41, 0
2.411, 0
2.412, 0
2.413, 0
2.414, 0
2.415, 0
2.416, 0
2.417, 0
2.418, 0
2.419, 0
2.42, 0
2.421, 0
2.422, 0
2.423, 0
2.424, 0
2.425, 0
2.426, 0
2.427, 0
2.428, 0
2.429, 0
2.43, 0
2.431, 0
2.432, 0
2.433, 0
2.434, 0
2.435, 0
2.436, 0
2.437, 0
2.438, 0
2.439, 0
2.44, 0
2.441, 0
2.442, 0
2.443, 0
2.444, 0
2.445, 0
2.446, 0
2.447, 0
2.448, 0
2.449, 0
2.45, 0
2.451, 0
2.452, 0
2.453, 0
2.454, 0
2.455, 0
2.456, 0
2.457, 0
2.458, 0
2.459, 0
2.46, 0
2.461, 0
2.462, 0
2.463, 0
2.464, 0
2.465, 0
2.466, 0
2.467, 0
2.468, 0
2.469, 0
2.47, 0
2.471, 0
2.472, 0
2.473, 0
2.474, 0
2.475, 0
2.476, 0
2.477, 0
2.478, 0
2.479, 0
2.48, 0
2.481, 0
2.482, 0
2.483, 0
2.484, 0
2.485, 0
2.486, 0
2.487, 0
2.488, 0
2.489, 0
2.49, 0
2.491, 0
2.492, 0
2.493, 0
2.494, 0
2.495, 0
2.496, 0
2.497, 0
2.498, 0
2.499, 0
2.5, 0
2.501, 0
2.502, 0
2.503, 0
2.504, 0
2.505, 0
2.506, 0
2.507, 0
2.508, 0
2.509, 0
2.51, 0
2.511, 0
2.512, 0
2.513, 0
2.514, 0
2.515, 0
2.516, 0
2.517, 0
2.518, 0
2.519, 0
2.52, 0
2.521, 0
2.522, 0
2.523, 0
2.524, 0
2.525, 0
2.526, 0
2.527, 0
2.528, 0
2.529, 0
2.53, 0
2.531, 0
2.532, 0
2.533, 0
2.534, 0
2.535, 0
2.536, 0
2.537, 0
2.538, 0
2.539, 0
2.54, 0
2.541, 0
2.542, 0
2.543, 0
2.544, 0
2.545, 0
2.546, 0
2.547, 0
2.548, 0
2.549, 0
2.55, 0
2.551, 0
2.552, 0
2.553, 0
2.554, 0
2.555, 0
2.556, 0
2.557, 0
2.558, 0
2.559, 0
2.56, 0
2.561, 0
2.562, 0
2.563, 0
2.564, 0
2.565, 0
2.566, 0
2.567, 0
2.568, 0
2.569, 0
2.57, 0
2.571, 0
2.572, 0
2.573, 0
2.574, 0
2.575, 0
2.576, 0
2.577, 0
2.578, 0
2.579, 0
2.58, 0
2.581, 0
2.582, 0
2.583, 0
2.584, 0
2.585, 0
2.586, 0
2.587, 0
2.588, 0
2.589, 0
2.59, 0
2.591, 0
2.592, 0
2.593, 0
2.594, 0
2.595, 0
2.596, 0
2.597, 0
2.598, 0
2.599, 0
2.6, 0
2.601, 0
2.602, 0
2.603, 0
2.604, 0
2.605, 0
2.606, 0
2.607, 0
2.608, 0
2.609, 0
2.61, 0
2.611, 0
2.612, 0
2.613, 0
2.614, 0
2.615, 0
2.616, 0
2.617, 0
2.618, 0
2.619, 0
2.62, 0
2.621, 0
2.622, 0
2.623, 0
2.624, 0
2.625, 0
2.626, 0
2.627, 0
2.628, 0
2.629, 0
2.63, 0
2.631, 0
2.632, 0
2.633, 0
2.634, 0
2.635, 0
2.636, 0
2.637, 0
2.638, 0
2.639, 0
2.64, 0
2.641, 0
2.642, 0
2.643, 0
2.644, 0
2.645, 0
2.646, 0
2.647, 0
2.648, 0
2.649, 0
2.65, 0
2.651, 0
2.652, 0
2.653, 0
2.654, 0
2.655, 0
2.656, 0
2.657, 0
2.658, 0
2.659, 0
2.66, 0
2.661, 0
2.662, 0
2.663, 0
2.664, 0
2.665, 0
2.666, 0
2.667, 0
2.668, 0
2.669, 0
2.67, 0
2.671, 0
2.672, 0
2.673, 0
2.674, 0
2.675, 0
2.676, 0
2.677, 0
2.678, 0
2.679, 0
2.68, 0
2.681, 0
2.682, 0
2.683, 0
2.684, 0
2.685, 0
2.686, 0
2.687, 0
2.688, 0
2.689, 0
2.69, 0
2.691, 0
2.692, 0
2.693, 0
2.694, 0
2.695, 0
2.696, 0
2.697, 0
2.698, 0
2.699, 0
2.7, 0
2.701, 0
2.702, 0
2.703, 0
2.704, 0
2.705, 0
2.706, 0
2.707, 0
2.708, 0
2.709, 0
2.71, 0
2.711, 0
2.712, 0
2.713, 0
2.714, 0
2.715, 0
2.716, 0
2.717, 0
2.718, 0
2.719, 0
2.72, 0
2.721, 0
2.722, 0
2.723, 0
2.724, 0
2.725, 0
2.726, 0
2.727, 0
2.728, 0
2.729, 0
2.73, 0
2.731, 0
2.732, 0
2.733, 0
2.734, 0
2.735, 0
2.736, 0
2.737, 0
2.738, 0
2.739, 0
2.74, 0
2.741, 0
2.742, 0
2.743, 0
2.744, 0
2.745, 0
2.746, 0
2.747, 0
2.748, 0
2.749, 0
2.75, 0
2.751, 0
2.752, 0
2.753, 0
2.754, 0
2.755, 0
2.756, 0
2.757, 0
2.758, 0
2.759, 0
2.76, 0
2.761, 0
2.762, 0
2.763, 0
2.764, 0
2.765, 0
2.766, 0
2.767, 0
2.768, 0
2.769, 0
2.77, 0
2.771, 0
2.772, 0
2.773, 0
2.774, 0
2.775, 0
2.776, 0
2.777, 0
2.778, 0
2.779, 0
2.78, 0
2.781, 0
2.782, 0
2.783, 0
2.784, 0
2.785, 0
2.786, 0
2.787, 0
2.788, 0
2.789, 0
2.79, 0
2.791, 0
2.792, 0
2.793, 0
2.794, 0
2.795, 0
2.796, 0
2.797, 0
2.798, 0
2.799, 0
2.8, 0
2.801, 0
2.802, 0
2.803, 0
2.804, 0
2.805, 0
2.806, 0
2.807, 0
2.808, 0
2.809, 0
2.81, 0
2.811, 0
2.812, 0
2.813, 0
2.814, 0
2.815, 0
2.816, 0
2.817, 0
2.818, 0
2.819, 0
2.82, 0
2.821, 0
2.822, 0
2.823, 0
2.824, 0
2.825, 0
2.826, 0
2.827, 0
2.828, 0
2.829, 0
2.83, 0
2.831, 0
2.832, 0
2.833, 0
2.834, 0
2.835, 0
2.836, 0
2.837, 0
2.838, 0
2.839, 0
2.84, 0
2.841, 0
2.842, 0
2.843, 0
2.844, 0
2.845, 0
2.846, 0
2.847, 0
2.848, 0
2.849, 0
2.85, 0
2.851, 0
2.852, 0
2.853, 0
2.854, 0
2.855, 0
2.856, 0
2.857, 0
2.858, 0
2.859, 0
2.86, 0
2.861, 0
2.862, 0
2.863, 0
2.864, 0
2.865, 0
2.866, 0
2.867, 0
2.868, 0
2.869, 0
2.87, 0
2.871, 0
2.872, 0
2.873, 0
2.874, 0
2.875, 0
2.876, 0
2.877, 0
2.878, 0
2.879, 0
2.88, 0
2.881, 0
2.882, 0
2.883, 0
2.884, 0
2.885, 0
2.886, 0
2.887, 0
2.888, 0
2.889, 0
2.89, 0
2.891, 0
2.892, 0
2.893, 0
2.894, 0
2.895, 0
2.896, 0
2.897, 0
2.898, 0
2.899, 0
2.9, 0
2.901, 0
2.902, 0
2.903, 0
2.904, 0
2.905, 0
2.906, 0
2.907, 0
2.908, 0
2.909, 0
2.91, 0
2.911, 0
2.912, 0
2.913, 0
2.914, 0
2.915, 0
2.916, 0
2.917, 0
2.918, 0
2.919, 0
2.92, 0
2.921, 0
2.922, 0
2.923, 0
2.924, 0
2.925, 0
2.926, 0
2.927, 0
2.928, 0
2.929, 0
2.93, 0
2.931, 0
2.932, 0
2.933, 0
2.934, 0
2.935, 0
2.936, 0
2.937, 0
2.938, 0
2.939, 0
2.94, 0
2.941, 0
2.942, 0
2.943, 0
2.944, 0
2.945, 0
2.946, 0
2.947, 0
2.948, 0
2.949, 0
2.95, 0
2.951, 0
2.952, 0
2.953, 0
2.954, 0
2.955, 0
2.956, 0
2.957, 0
2.958, 0
2.959, 0
2.96, 0
2.961, 0
2.962, 0
2.963, 0
2.964, 0
2.965, 0
2.966, 0
2.967, 0
2.968, 0
2.969, 0
2.97, 0
2.971, 0
2.972, 0
2.973, 0
2.974, 0
2.975, 0
2.976, 0
2.977, 0
2.978, 0
2.979, 0
2.98, 0
2.981, 0
2.982, 0
2.983, 0
2.984, 0
2.985, 0
2.986, 0
2.987, 0
2.988, 0
2.989, 0
2.99, 0
2.991, 0
2.992, 0
2.993, 0
2.994, 0
2.995, 0
2.996, 0
2.997, 0
2.998, 0
2.999, 0
3, 0
3.001, 0
3.002, 0
3.003, 0
3.004, 0
3.005, 0
3.006, 0
3.007, 0
3.008, 0
3.009, 0
3.01, 0
3.011, 0
3.012, 0
3.013, 0
3.014, 0
3.015, 0
3.016, 0
3.017, 0
3.018, 0
3.019, 0
3.02, 0
3.021, 0
3.022, 0
3.023, 0
3.024, 0
3.025, 0
3.026, 0
3.027, 0
3.028, 0
3.029, 0
3.03, 0
3.031, 0
3.032, 0
3.033, 0
3.034, 0
3.035, 0
3.036, 0
3.037, 0
3.038, 0
3.039, 0
3.04, 0
3.041, 0
3.042, 0
3.043, 0
3.044, 0
3.045, 0
3.046, 0
3.047, 0
3.048, 0
3.049, 0
3.05, 0
3.051, 0
3.052, 0
3.053, 0
3.054, 0
3.055, 0
3.056, 0
3.057, 0
3.058, 0
3.059, 0
3.06, 0
3.061, 0
3.062, 0
3.063, 0
3.064, 0
3.065, 0
3.066, 0
3.067, 0
3.068, 0
3.069, 0
3.07, 0
3.071, 0
3.072, 0
3.073, 0
3.074, 0
3.075, 0
3.076, 0
3.077, 0
3.078, 0
3.079, 0
3.08, 0
3.081, 0
3.082, 0
3.083, 0
3.084, 0
3.085, 0
3.086, 0
3.087, 0
3.088, 0
3.089, 0
3.09, 0
3.091, 0
3.092, 0
3.093, 0
3.094, 0
3.095, 0
3.096, 0
3.097, 0
3.098, 0
3.099, 0
3.1, 0
3.101, 0
3.102, 0
3.103, 0
3.104, 0
3.105, 0
3.106, 0
3.107, 0
3.108, 0
3.109, 0
3.11, 0
3.111, 0
3.112, 0
3.113, 0
3.114, 0
3.115, 0
3.116, 0
3.117, 0
3.118, 0
3.119, 0
3.12, 0
3.121, 0
3.122, 0
3.123, 0
3.124, 0
3.125, 0
3.126, 0
3.127, 0
3.128, 0
3.129, 0
3.13, 0
3.131, 0
3.132, 0
3.133, 0
3.134, 0
3.135, 0
3.136, 0
3.137, 0
3.138, 0
3.139, 0
3.14, 0
3.141, 0
3.142, 0
3.143, 0
3.144, 0
3.145, 0
3.146, 0
3.147, 0
3.148, 0
3.149, 0
3.15, 0
3.151, 0
3.152, 0
3.153, 0
3.154, 0
3.155, 0
3.156, 0
3.157, 0
3.158, 0
3.159, 0
3.16, 0
3.161, 0
3.162, 0
3.163, 0
3.164, 0
3.165, 0
3.166, 0
3.167, 0
3.168, 0
3.169, 0
3.17, 0
3.171, 0
3.172, 0
3.173, 0
3.174, 0
3.175, 0
3.176, 0
3.177, 0
3.178, 0
3.179, 0
3.18, 0
3.181, 0
3.182, 0
3.183, 0
3.184, 0
3.185, 0
3.186, 0
3.187, 0
3.188, 0
3.189, 0
3.19, 0
3.191, 0
3.192, 0
3.193, 0
3.194, 0
3.195, 0
3.196, 0
3.197, 0
3.198, 0
3.199, 0
3.2, 0
3.201, 0
3.202, 0
3.203, 0
3.204, 0
3.205, 0
3.206, 0
3.207, 0
3.208, 0
3.209, 0
3.21, 0
3.211, 0
3.212, 0
3.213, 0
3.214, 0
3.215, 0
3.216, 0
3.217, 0
3.218, 0
3.219, 0
3.22, 0
3.221, 0
3.222, 0
3.223, 0
3.224, 0
3.225, 0
3.226, 0
3.227, 0
3.228, 0
3.229, 0
3.23, 0
3.231, 0
3.232, 0
3.233, 0
3.234, 0
3.235, 0
3.236, 0
3.237, 0
3.238, 0
3.239, 0
3.24, 0
3.241, 0
3.242, 0
3.243, 0
3.244, 0
3.245, 0
3.246, 0
3.247, 0
3.248, 0
3.249, 0
3.25, 0
3.251, 0
3.252, 0
3.253, 0
3.254, 0
3.255, 0
3.256, 0
3.257, 0
3.258, 0
3.259, 0
3.26, 0
3.261, 0
3.262, 0
3.263, 0
3.264, 0
3.265, 0
3.266, 0
3.267, 0
3.268, 0
3.269, 0
3.27, 0
3.271, 0
3.272, 0
3.273, 0
3.274, 0
3.275, 0
3.276, 0
3.277, 0
3.278, 0
3.279, 0
3.28, 0
3.281, 0
3.282, 0
3.283, 0
3.284, 0
3.285, 0
3.286, 0
3.287, 0
3.288, 0
3.289, 0
3.29, 0
3.291, 0
3.292, 0
3.293, 0
3.294, 0
3.295, 0
3.296, 0
3.297, 0
3.298, 0
3.299, 0
3.3, 0
3.301, 0
3.302, 0
3.303, 0
3.304, 0
3.305, 0
3.306, 0
3.307, 0
3.308, 0
3.309, 0
3.31, 0
3.311, 0
3.312, 0
3.313, 0
3.314, 0
3.315, 0
3.316, 0
3.317, 0
3.318, 0
3.319, 0
3.32, 0
3.321, 0
3.322, 0
3.323, 0
3.324, 0
3.325, 0
3.326, 0
3.327, 0
3.328, 0
3.329, 0
3.33, 0
3.331, 0
3.332, 0
3.333, 0
3.334, 0
3.335, 0
3.336, 0
3.337, 0
3.338, 0
3.339, 0
3.34, 0
3.341, 0
3.342, 0
3.343, 0
3.344, 0
3.345, 0
3.346, 0
3.347, 0
3.348, 0
3.349, 0
3.35, 0
3.351, 0
3.352, 0
3.353, 0
3.354, 0
3.355, 0
3.356, 0
3.357, 0
3.358, 0
3.359, 0
3.36, 0
3.361, 0
3.362, 0
3.363, 0
3.364, 0
3.365, 0
3.366, 0
3.367, 0
3.368, 0
3.369, 0
3.37, 0
3.371, 0
3.372, 0
3.373, 0
3.374, 0
3.375, 0
3.376, 0
3.377, 0
3.378, 0
3.379, 0
3.38, 0
3.381, 0
3.382, 0
3.383, 0
3.384, 0
3.385, 0
3.386, 0
3.387, 0
3.388, 0
3.389, 0
3.39, 0
3.391, 0
3.392, 0
3.393, 0
3.394, 0
3.395, 0
3.396, 0
3.397, 0
3.398, 0
3.399, 0
3.4, 0
3.401, 0
3.402, 0
3.403, 0
3.404, 0
3.405, 0
3.406, 0
3.407, 0
3.408, 0
3.409, 0
3.41, 0
3.411, 0
3.412, 0
3.413, 0
3.414, 0
3.415, 0
3.416, 0
3.417, 0
3.418, 0
3.419, 0
3.42, 0
3.421, 0
3.422, 0
3.423, 0
3.424, 0
3.425, 0
3.426, 0
3.427, 0
3.428, 0
3.429, 0
3.43, 0
3.431, 0
3.432, 0
3.433, 0
3.434, 0
3.435, 0
3.436, 0
3.437, 0
3.438, 0
3.439, 0
3.44, 0
3.441, 0
3.442, 0
3.443, 0
3.444, 0
3.445, 0
3.446, 0
3.447, 0
3.448, 0
3.449, 0
3.45, 0
3.451, 0
3.452, 0
3.453, 0
3.454, 0
3.455, 0
3.456, 0
3.457, 0
3.458, 0
3.459, 0
3.46, 0
3.461, 0
3.462, 0
3.463, 0
3.464, 0
3.465, 0
3.466, 0
3.467, 0
3.468, 0
3.469, 0
3.47, 0
3.471, 0
3.472, 0
3.473, 0
3.474, 0
3.475, 0
3.476, 0
3.477, 0
3.478, 0
3.479, 0
3.48, 0
3.481, 0
3.482, 0
3.483, 0
3.484, 0
3.485, 0
3.486, 0
3.487, 0
3.488, 0
3.489, 0
3.49, 0
3.491, 0
3.492, 0
3.493, 0
3.494, 0
3.495, 0
3.496, 0
3.497, 0
3.498, 0
3.499, 0
3.5, 0
3.501, 0
3.502, 0
3.503, 0
3.504, 0
3.505, 0
3.506, 0
3.507, 0
3.508, 0
3.509, 0
3.51, 0
3.511, 0
3.512, 0
3.513, 0
3.514, 0
3.515, 0
3.516, 0
3.517, 0
3.518, 0
3.519, 0
3.52, 0
3.521, 0
3.522, 0
3.523, 0
3.524, 0
3.525, 0
3.526, 0
3.527, 0
3.528, 0
3.529, 0
3.53, 0
3.531, 0
3.532, 0
3.533, 0
3.534, 0
3.535, 0
3.536, 0
3.537, 0
3.538, 0
3.539, 0
3.54, 0
3.541, 0
3.542, 0
3.543, 0
3.544, 0
3.545, 0
3.546, 0
3.547, 0
3.548, 0
3.549, 0
3.55, 0
3.551, 0
3.552, 0
3.553, 0
3.554, 0
3.555, 0
3.556, 0
3.557, 0
3.558, 0
3.559, 0
3.56, 0
3.561, 0
3.562, 0
3.563, 0
3.564, 0
3.565, 0
3.566, 0
3.567, 0
3.568, 0
3.569, 0
3.57, 0
3.571, 0
3.572, 0
3.573, 0
3.574, 0
3.575, 0
3.576, 0
3.577, 0
3.578, 0
3.579, 0
3.58, 0
3.581, 0
3.582, 0
3.583, 0
3.584, 0
3.585, 0
3.586, 0
3.587, 0
3.588, 0
3.589, 0
3.59, 0
3.591, 0
3.592, 0
3.593, 0
3.594, 0
3.595, 0
3.596, 0
3.597, 0
3.598, 0
3.599, 0
3.6, 0
3.601, 0
3.602, 0
3.603, 0
3.604, 0
3.605, 0
3.606, 0
3.607, 0
3.608, 0
3.609, 0
3.61, 0
3.611, 0
3.612, 0
3.613, 0
3.614, 0
3.615, 0
3.616, 0
3.617, 0
3.618, 0
3.619, 0
3.62, 0
3.621, 0
3.622, 0
3.623, 0
3.624, 0
3.625, 0
3.626, 0
3.627, 0
3.628, 0
3.629, 0
3.63, 0
3.631, 0
3.632, 0
3.633, 0
3.634, 0
3.635, 0
3.636, 0
3.637, 0
3.638, 0
3.639, 0
3.64, 0
3.641, 0
3.642, 0
3.643, 0
3.644, 0
3.645, 0
3.646, 0
3.647, 0
3.648, 0
3.649, 0
3.65, 0
3.651, 0
3.652, 0
3.653, 0
3.654, 0
3.655, 0
3.656, 0
3.657, 0
3.658, 0
3.659, 0
3.66, 0
3.661, 0
3.662, 0
3.663, 0
3.664, 0
3.665, 0
3.666, 0
3.667, 0
3.668, 0
3.669, 0
3.67, 0
3.671, 0
3.672, 0
3.673, 0
3.674, 0
3.675, 0
3.676, 0
3.677, 0
3.678, 0
3.679, 0
3.68, 0
3.681, 0
3.682, 0
3.683, 0
3.684, 0
3.685, 0
3.686, 0
3.687, 0
3.688, 0
3.689, 0
3.69, 0
3.691, 0
3.692, 0
3.693, 0
3.694, 0
3.695, 0
3.696, 0
3.697, 0
3.698, 0
3.699, 0
3.7, 0
3.701, 0
3.702, 0
3.703, 0
3.704, 0
3.705, 0
3.706, 0
3.707, 0
3.708, 0
3.709, 0
3.71, 0
3.711, 0
3.712, 0
3.713, 0
3.714, 0
3.715, 0
3.716, 0
3.717, 0
3.718, 0
3.719, 0
3.72, 0
3.721, 0
3.722, 0
3.723, 0
3.724, 0
3.725, 0
3.726, 0
3.727, 0
3.728, 0
3.729, 0
3.73, 0
3.731, 0
3.732, 0
3.733, 0
3.734, 0
3.735, 0
3.736, 0
3.737, 0
3.738, 0
3.739, 0
3.74, 0
3.741, 0
3.742, 0
3.743, 0
3.744, 0
3.745, 0
3.746, 0
3.747, 0
3.748, 0
3.749, 0
3.75, 0
3.751, 0
3.752, 0
3.753, 0
3.754, 0
3.755, 0
3.756, 0
3.757, 0
3.758, 0
3.759, 0
3.76, 0
3.761, 0
3.762, 0
3.763, 0
3.764, 0
3.765, 0
3.766, 0
3.767, 0
3.768, 0
3.769, 0
3.77, 0
3.771, 0
3.772, 0
3.773, 0
3.774, 0
3.775, 0
3.776, 0
3.777, 0
3.778, 0
3.779, 0
3.78, 0
3.781, 0
3.782, 0
3.783, 0
3.784, 0
3.785, 0
3.786, 0
3.787, 0
3.788, 0
3.789, 0
3.79, 0
3.791, 0
3.792, 0
3.793, 0
3.794, 0
3.795, 0
3.796, 0
3.797, 0
3.798, 0
3.799, 0
3.8, 0
3.801, 0
3.802, 0
3.803, 0
3.804, 0
3.805, 0
3.806, 0
3.807, 0
3.808, 0
3.809, 0
3.81, 0
3.811, 0
3.812, 0
3.813, 0
3.814, 0
3.815, 0
3.816, 0
3.817, 0
3.818, 0
3.819, 0
3.82, 0
3.821, 0
3.822, 0
3.823, 0
3.824, 0
3.825, 0
3.826, 0
3.827, 0
3.828, 0
3.829, 0
3.83, 0
3.831, 0
3.832, 0
3.833, 0
3.834, 0
3.835, 0
3.836, 0
3.837, 0
3.838, 0
3.839, 0
3.84, 0
3.841, 0
3.842, 0
3.843, 0
3.844, 0
3.845, 0
3.846, 0
3.847, 0
3.848, 0
3.849, 0
3.85, 0
3.851, 0
3.852, 0
3.853, 0
3.854, 0
3.855, 0
3.856, 0
3.857, 0
3.858, 0
3.859, 0
3.86, 0
3.861, 0
3.862, 0
3.863, 0
3.864, 0
3.865, 0
3.866, 0
3.867, 0
3.868, 0
3.869, 0
3.87, 0
3.871, 0
3.872, 0
3.873, 0
3.874, 0
3.875, 0
3.876, 0
3.877, 0
3.878, 0
3.879, 0
3.88, 0
3.881, 0
3.882, 0
3.883, 0
3.884, 0
3.885, 0
3.886, 0
3.887, 0
3.888, 0
3.889, 0
3.89, 0
3.891, 0
3.892, 0
3.893, 0
3.894, 0
3.895, 0
3.896, 0
3.897, 0
3.898, 0
3.899, 0
3.9, 0
3.901, 0
3.902, 0
3.903, 0
3.904, 0
3.905, 0
3.906, 0
3.907, 0
3.908, 0
3.909, 0
3.91, 0
3.911, 0
3.912, 0
3.913, 0
3.914, 0
3.915, 0
3.916, 0
3.917, 0
3.918, 0
3.919, 0
3.92, 0
3.921, 0
3.922, 0
3.923, 0
3.924, 0
3.925, 0
3.926, 0
3.927, 0
3.928, 0
3.929, 0
3.93, 0
3.931, 0
3.932, 0
3.933, 0
3.934, 0
3.935, 0
3.936, 0
3.937, 0
3.938, 0
3.939, 0
3.94, 0
3.941, 0
3.942, 0
3.943, 0
3.944, 0
3.945, 0
3.946, 0
3.947, 0
3.948, 0
3.949, 0
3.95, 0
3.951, 0
3.952, 0
3.953, 0
3.954, 0
3.955, 0
3.956, 0
3.957, 0
3.958, 0
3.959, 0
3.96, 0
3.961, 0
3.962, 0
3.963, 0
3.964, 0
3.965, 0
3.966, 0
3.967, 0
3.968, 0
3.969, 0
3.97, 0
3.971, 0
3.972, 0
3.973, 0
3.974, 0
3.975, 0
3.976, 0
3.977, 0
3.978, 0
3.979, 0
3.98, 0
3.981, 0
3.982, 0
3.983, 0
3.984, 0
3.985, 0
3.986, 0
3.987, 0
3.988, 0
3.989, 0
3.99, 0
3.991, 0
3.992, 0
3.993, 0
3.994, 0
3.995, 0
3.996, 0
3.997, 0
3.998, 0
3.999, 0
4, 0
4.001, 0
4.002, 0
4.003, 0
4.004, 0
4.005, 0
4.006, 0
4.007, 0
4.008, 0
4.009, 0
4.01, 0
4.011, 0
4.012, 0
4.013, 0
4.014, 0
4.015, 0
4.016, 0
4.017, 0
4.018, 0
4.019, 0
4.02, 0
4.021, 0
4.022, 0
4.023, 0
4.024, 0
4.025, 0
4.026, 0
4.027, 0
4.028, 0
4.029, 0
4.03, 0
4.031, 0
4.032, 0
4.033, 0
4.034, 0
4.035, 0
4.036, 0
4.037, 0
4.038, 0
4.039, 0
4.04, 0
4.041, 0
4.042, 0
4.043, 0
4.044, 0
4.045, 0
4.046, 0
4.047, 0
4.048, 0
4.049, 0
4.05, 0
4.051, 0
4.052, 0
4.053, 0
4.054, 0
4.055, 0
4.056, 0
4.057, 0
4.058, 0
4.059, 0
4.06, 0
4.061, 0
4.062, 0
4.063, 0
4.064, 0
4.065, 0
4.066, 0
4.067, 0
4.068, 0
4.069, 0
4.07, 0
4.071, 0
4.072, 0
4.073, 0
4.074, 0
4.075, 0
4.076, 0
4.077, 0
4.078, 0
4.079, 0
4.08, 0
4.081, 0
4.082, 0
4.083, 0
4.084, 0
4.085, 0
4.086, 0
4.087, 0
4.088, 0
4.089, 0
4.09, 0
4.091, 0
4.092, 0
4.093, 0
4.094, 0
4.095, 0
4.096, 0
4.097, 0
4.098, 0
4.099, 0
4.1, 0
4.101, 0
4.102, 0
