sim_time, unit_box_Custom?world_angular_acceleration/z
0.001, -0.000234519
0.002, 5.34543
0.003, -10.4384
0.004, -2.54984
0.005, 13.5742
0.006, 1.25724
0.007, -12.217
0.008, -2.37964
0.009, 13.2384
0.01, 1.50904
0.011, -12.5862
0.012, -2.0814
0.013, 13.0025
0.014, 1.71283
0.015, -12.7559
0.016, -1.93514
0.017, 12.9009
0.018, 1.80355
0.019, -12.8177
0.02, -1.87959
0.021, 12.8652
0.022, 1.83608
0.023, -12.8383
0.024, -1.86076
0.025, 12.8535
0.026, 1.84685
0.027, -12.8449
0.028, -1.85467
0.029, 12.8498
0.03, 1.85032
0.031, -12.847
0.032, -1.85271
0.033, 12.8486
0.034, 1.85143
0.035, -12.8477
0.036, -1.85208
0.037, 12.8482
0.038, 1.85179
0.039, -12.848
0.04, -1.85186
0.041, 12.8481
0.042, 1.85191
0.043, -12.8481
0.044, -1.85179
0.045, 12.8481
0.046, 1.85196
0.047, -12.8481
0.048, -1.85175
0.049, 12.8481
0.05, 1.85198
0.051, -12.8481
0.052, -1.85173
0.053, 12.8482
0.054, 1.85199
0.055, -12.8482
0.056, -1.85172
0.057, 12.8482
0.058, 1.852
0.059, -12.8482
0.06, -1.85171
0.061, 12.8482
0.062, 1.85201
0.063, -12.8482
0.064, -1.85169
0.065, 12.8482
0.066, 1.85202
0.067, -12.8482
0.068, -1.85168
0.069, 12.8482
0.07, 1.85203
0.071, -12.8483
0.072, -1.85167
0.073, 12.8483
0.074, 1.85204
0.075, -12.8483
0.076, -1.85165
0.077, 12.8483
0.078, 1.85205
0.079, -12.8483
0.08, -1.85164
0.081, 12.8483
0.082, 1.85206
0.083, -12.8484
0.084, -1.85162
0.085, 12.8483
0.086, 1.85207
0.087, -12.8484
0.088, -1.85161
0.089, 12.8484
0.09, 1.85208
0.091, -12.8484
0.092, -1.8516
0.093, 12.8484
0.094, 1.85209
0.095, -12.8484
0.096, -1.85158
0.097, 12.8484
0.098, 1.8521
0.099, -12.8485
0.1, -1.85157
0.101, 12.8484
0.102, 1.85211
0.103, -12.8485
0.104, -1.85156
0.105, 12.8485
0.106, 1.85212
0.107, -12.8483
0.108, -1.85203
0.109, 12.8481
0.11, 1.8526
0.111, -12.8476
0.112, -1.8524
0.113, 12.848
0.114, 1.85264
0.115, -12.8478
0.116, -1.85229
0.117, 12.848
0.118, 1.85275
0.119, -12.8479
0.12, -1.85222
0.121, 12.8479
0.122, 1.85281
0.123, -12.8479
0.124, -1.85218
0.125, 12.8479
0.126, 1.85284
0.127, -12.848
0.128, -1.85217
0.129, 12.848
0.13, 1.85286
0.131, -12.848
0.132, -1.85216
0.133, 12.848
0.134, 1.85288
0.135, -12.848
0.136, -1.85215
0.137, 12.848
0.138, 1.85289
0.139, -12.8481
0.14, -1.85214
0.141, 12.848
0.142, 1.85291
0.143, -12.8481
0.144, -1.85213
0.145, 12.8481
0.146, 1.85293
0.147, -12.8481
0.148, -1.85212
0.149, 12.8481
0.15, 1.85295
0.151, -12.8482
0.152, -1.85211
0.153, 12.8481
0.154, 1.85296
0.155, -12.8482
0.156, -1.8521
0.157, 12.8482
0.158, 1.85298
0.159, -12.8482
0.16, -1.85209
0.161, 12.8482
0.162, 1.853
0.163, -12.8482
0.164, -1.85208
0.165, 12.8482
0.166, 1.85302
0.167, -12.8483
0.168, -1.85207
0.169, 12.8482
0.17, 1.85304
0.171, -12.8483
0.172, -1.85207
0.173, 12.8483
0.174, 1.85306
0.175, -12.8484
0.176, -1.85206
0.177, 12.8483
0.178, 1.85308
0.179, -12.8484
0.18, -1.85205
0.181, 12.8483
0.182, 1.8531
0.183, -12.8484
0.184, -1.85204
0.185, 12.8484
0.186, 1.85312
0.187, -12.8485
0.188, -1.85203
0.189, 12.8484
0.19, 1.85314
0.191, -12.8485
0.192, -1.85202
0.193, 12.8485
0.194, 1.85316
0.195, -12.8485
0.196, -1.85201
0.197, 12.8485
0.198, 1.85318
0.199, -12.8486
0.2, -1.852
0.201, 12.8485
0.202, 1.8532
0.203, -12.8486
0.204, -1.85199
0.205, 12.8486
0.206, 1.85322
0.207, -12.8487
0.208, -1.85198
0.209, 12.8486
0.21, 1.85325
0.211, -12.8487
0.212, -1.85197
0.213, 12.8487
0.214, 1.85327
0.215, -12.8488
0.216, -1.85196
0.217, 12.8487
0.218, 1.85329
0.219, -12.8488
0.22, -1.85195
0.221, 12.8487
0.222, 1.85332
0.223, -12.8489
0.224, -1.85194
0.225, 12.8488
0.226, 1.85334
0.227, -12.8489
0.228, -1.85193
0.229, 12.8488
0.23, 1.85337
0.231, -12.849
0.232, -1.85192
0.233, 12.8489
0.234, 1.85339
0.235, -12.849
0.236, -1.85191
0.237, 12.8489
0.238, 1.85342
0.239, -12.8491
0.24, -1.8519
0.241, 12.849
0.242, 1.85344
0.243, -12.8491
0.244, -1.85189
0.245, 12.849
0.246, 1.85347
0.247, -12.8492
0.248, -1.85188
0.249, 12.8491
0.25, 1.8535
0.251, -12.8492
0.252, -1.85187
0.253, 12.8492
0.254, 1.85352
0.255, -12.8493
0.256, -1.85186
0.257, 12.8492
0.258, 1.85355
0.259, -12.8494
0.26, -1.85185
0.261, 12.8493
0.262, 1.85358
0.263, -12.8494
0.264, -1.85184
0.265, 12.8493
0.266, 1.85361
0.267, -12.8495
0.268, -1.85183
0.269, 12.8494
0.27, 1.85364
0.271, -12.8496
0.272, -1.85182
0.273, 12.8495
0.274, 1.85367
0.275, -12.8496
0.276, -1.85181
0.277, 12.8495
0.278, 1.8537
0.279, -12.8497
0.28, -1.8518
0.281, 12.8496
0.282, 1.85374
0.283, -12.8498
0.284, -1.85179
0.285, 12.8497
0.286, 1.85377
0.287, -12.8499
0.288, -1.85178
0.289, 12.8498
0.29, 1.8538
0.291, -12.8499
0.292, -1.85177
0.293, 12.8498
0.294, 1.85384
0.295, -12.85
0.296, -1.85176
0.297, 12.8499
0.298, 1.85387
0.299, -12.8501
0.3, -1.85175
0.301, 12.85
0.302, 1.85391
0.303, -12.8502
0.304, -1.85174
0.305, 12.8501
0.306, 1.85394
0.307, -12.8503
0.308, -1.85173
0.309, 12.8502
0.31, 1.85398
0.311, -12.8504
0.312, -1.85172
0.313, 12.8503
0.314, 1.85402
0.315, -12.8505
0.316, -1.85171
0.317, 12.8504
0.318, 1.85406
0.319, -12.8506
0.32, -1.8517
0.321, 12.8505
0.322, 1.8541
0.323, -12.8507
0.324, -1.85169
0.325, 12.8506
0.326, 1.85414
0.327, -12.8508
0.328, -1.85168
0.329, 12.8507
0.33, 1.85418
0.331, -12.8509
0.332, -1.85167
0.333, 12.8508
0.334, 1.85422
0.335, -12.851
0.336, -1.85166
0.337, 12.8509
0.338, 1.85426
0.339, -12.8511
0.34, -1.85165
0.341, 12.851
0.342, 1.85431
0.343, -12.8512
0.344, -1.85164
0.345, 12.8511
0.346, 1.85435
0.347, -12.8514
0.348, -1.85163
0.349, 12.8512
0.35, 1.8544
0.351, -12.8515
0.352, -1.85162
0.353, 12.8513
0.354, 1.85445
0.355, -12.8516
0.356, -1.85161
0.357, 12.8515
0.358, 1.8545
0.359, -12.8517
0.36, -1.8516
0.361, 12.8516
0.362, 1.85455
0.363, -12.8519
0.364, -1.85159
0.365, 12.8517
0.366, 1.8546
0.367, -12.852
0.368, -1.85159
0.369, 12.8519
0.37, 1.85465
0.371, -12.8522
0.372, -1.85158
0.373, 12.852
0.374, 1.8547
0.375, -12.8523
0.376, -1.85157
0.377, 12.8522
0.378, 1.85476
0.379, -12.8525
0.38, -1.85156
0.381, 12.8523
0.382, 1.85481
0.383, -12.8526
0.384, -1.85155
0.385, 12.8525
0.386, 1.85487
0.387, -12.8528
0.388, -1.85154
0.389, 12.8526
0.39, 1.85493
0.391, -12.853
0.392, -1.85153
0.393, 12.8528
0.394, 1.85499
0.395, -12.8531
0.396, -1.85152
0.397, 12.853
0.398, 1.85505
0.399, -12.8533
0.4, -1.85152
0.401, 12.8532
0.402, 1.85511
0.403, -12.8535
0.404, -1.85151
0.405, 12.8533
0.406, 1.85517
0.407, -12.8537
0.408, -1.8515
0.409, 12.8535
0.41, 1.85524
0.411, -12.8539
0.412, -1.85149
0.413, 12.8537
0.414, 1.85531
0.415, -12.8541
0.416, -1.85149
0.417, 12.8539
0.418, 1.85538
0.419, -12.8543
0.42, -1.85148
0.421, 12.8541
0.422, 1.85545
0.423, -12.8545
0.424, -1.85147
0.425, 12.8543
0.426, 1.85552
0.427, -12.8547
0.428, -1.85147
0.429, 12.8546
0.43, 1.85559
0.431, -12.855
0.432, -1.85146
0.433, 12.8548
0.434, 1.85567
0.435, -12.8552
0.436, -1.85145
0.437, 12.855
0.438, 1.85574
0.439, -12.8555
0.44, -1.85145
0.441, 12.8553
0.442, 1.85582
0.443, -12.8557
0.444, -1.85144
0.445, 12.8555
0.446, 1.8559
0.447, -12.856
0.448, -1.85144
0.449, 12.8558
0.45, 1.85599
0.451, -12.8562
0.452, -1.85143
0.453, 12.856
0.454, 1.85607
0.455, -12.8565
0.456, -1.85143
0.457, 12.8563
0.458, 1.85616
0.459, -12.8568
0.46, -1.85143
0.461, 12.8566
0.462, 1.85625
0.463, -12.8571
0.464, -1.85142
0.465, 12.8569
0.466, 1.85634
0.467, -12.8574
0.468, -1.85142
0.469, 12.8572
0.47, 1.85643
0.471, -12.8577
0.472, -1.85142
0.473, 12.8575
0.474, 1.85653
0.475, -12.858
0.476, -1.85142
0.477, 12.8578
0.478, 1.85663
0.479, -12.8584
0.48, -1.85142
0.481, 12.8581
0.482, 1.85673
0.483, -12.8587
0.484, -1.85142
0.485, 12.8585
0.486, 1.85683
0.487, -12.8591
0.488, -1.85142
0.489, 12.8588
0.49, 1.85694
0.491, -12.8594
0.492, -1.85142
0.493, 12.8592
0.494, 1.85705
0.495, -12.8598
0.496, -1.85142
0.497, 12.8596
0.498, 1.85716
0.499, -12.8602
0.5, -1.85142
0.501, 12.8599
0.502, 1.85728
0.503, -12.8606
0.504, -1.85142
0.505, 12.8603
0.506, 1.85739
0.507, -12.861
0.508, -1.85143
0.509, 12.8607
0.51, 1.85751
0.511, -12.8614
0.512, -1.85143
0.513, 12.8612
0.514, 1.85764
0.515, -12.8618
0.516, -1.85144
0.517, 12.8616
0.518, 1.85776
0.519, -12.8623
0.52, -1.85144
0.521, 12.8621
0.522, 1.85789
0.523, -12.8628
0.524, -1.85145
0.525, 12.8625
0.526, 1.85802
0.527, -12.8632
0.528, -1.85146
0.529, 12.863
0.53, 1.85816
0.531, -12.8637
0.532, -1.85147
0.533, 12.8635
0.534, 1.8583
0.535, -12.8642
0.536, -1.85148
0.537, 12.864
0.538, 1.85844
0.539, -12.8648
0.54, -1.85149
0.541, 12.8645
0.542, 1.85859
0.543, -12.8653
0.544, -1.85151
0.545, 12.865
0.546, 1.85874
0.547, -12.8659
0.548, -1.85152
0.549, 12.8656
0.55, 1.85889
0.551, -12.8664
0.552, -1.85153
0.553, 12.8662
0.554, 1.85905
0.555, -12.867
0.556, -1.85155
0.557, 12.8668
0.558, 1.85922
0.559, -12.8676
0.56, -1.85157
0.561, 12.8674
0.562, 1.85938
0.563, -12.8683
0.564, -1.85159
0.565, 12.868
0.566, 1.85955
0.567, -12.8689
0.568, -1.85161
0.569, 12.8686
0.57, 1.85973
0.571, -12.8696
0.572, -1.85163
0.573, 12.8693
0.574, 1.85991
0.575, -12.8703
0.576, -1.85166
0.577, 12.87
0.578, 1.86009
0.579, -12.871
0.58, -1.85168
0.581, 12.8707
0.582, 1.86028
0.583, -12.8717
0.584, -1.85171
0.585, 12.8714
0.586, 1.86048
0.587, -12.8725
0.588, -1.85174
0.589, 12.8722
0.59, 1.86068
0.591, -12.8733
0.592, -1.85177
0.593, 12.873
0.594, 1.86088
0.595, -12.8741
0.596, -1.8518
0.597, 12.8738
0.598, 1.86109
0.599, -12.8749
0.6, -1.85184
0.601, 12.8746
0.602, 1.86131
0.603, -12.8758
0.604, -1.85188
0.605, 12.8755
0.606, 1.86153
0.607, -12.8767
0.608, -1.85192
0.609, 12.8763
0.61, 1.86175
0.611, -12.8776
0.612, -1.85196
0.613, 12.8773
0.614, 1.86199
0.615, -12.8785
0.616, -1.852
0.617, 12.8782
0.618, 1.86223
0.619, -12.8795
0.62, -1.85205
0.621, 12.8792
0.622, 1.86247
0.623, -12.8805
0.624, -1.8521
0.625, 12.8802
0.626, 1.86272
0.627, -12.8815
0.628, -1.85215
0.629, 12.8812
0.63, 1.86298
0.631, -12.8826
0.632, -1.85221
0.633, 12.8822
0.634, 1.86325
0.635, -12.8837
0.636, -1.85227
0.637, 12.8833
0.638, 1.86352
0.639, -12.8848
0.64, -1.85233
0.641, 12.8845
0.642, 1.8638
0.643, -12.886
0.644, -1.85239
0.645, 12.8856
0.646, 1.86409
0.647, -12.8872
0.648, -1.85246
0.649, 12.8868
0.65, 1.86438
0.651, -12.8884
0.652, -1.85253
0.653, 12.8881
0.654, 1.86469
0.655, -12.8897
0.656, -1.85261
0.657, 12.8893
0.658, 1.865
0.659, -12.891
0.66, -1.85269
0.661, 12.8907
0.662, 1.86532
0.663, -12.8923
0.664, -1.85277
0.665, 12.892
0.666, 1.86564
0.667, -12.8937
0.668, -1.85286
0.669, 12.8934
0.67, 1.86598
0.671, -12.8952
0.672, -1.85295
0.673, 12.8949
0.674, 1.86633
0.675, -12.8967
0.676, -1.85304
0.677, 12.8963
0.678, 1.86668
0.679, -12.8982
0.68, -1.85314
0.681, 12.8979
0.682, 1.86705
0.683, -12.8998
0.684, -1.85324
0.685, 12.8995
0.686, 1.86742
0.687, -12.9014
0.688, -1.85335
0.689, 12.9011
0.69, 1.86781
0.691, -12.9031
0.692, -1.85347
0.693, 12.9028
0.694, 1.8682
0.695, -12.9049
0.696, -1.85358
0.697, 12.9045
0.698, 1.86861
0.699, -12.9067
0.7, -1.85371
0.701, 12.9063
0.702, 1.86903
0.703, -12.9085
0.704, -1.85384
0.705, 12.9082
0.706, 1.86946
0.707, -12.9104
0.708, -1.85397
0.709, 12.9101
0.71, 1.8699
0.711, -12.9124
0.712, -1.85411
0.713, 12.912
0.714, 1.87035
0.715, -12.9144
0.716, -1.85426
0.717, 12.914
0.718, 1.87081
0.719, -12.9165
0.72, -1.85442
0.721, 12.9161
0.722, 1.87129
0.723, -12.9186
0.724, -1.85458
0.725, 12.9183
0.726, 1.87178
0.727, -12.9209
0.728, -1.85474
0.729, 12.9205
0.73, 1.87229
0.731, -12.9232
0.732, -1.85492
0.733, 12.9228
0.734, 1.87281
0.735, -12.9255
0.736, -1.8551
0.737, 12.9252
0.738, 1.87334
0.739, -12.928
0.74, -1.85529
0.741, 12.9276
0.742, 1.87389
0.743, -12.9305
0.744, -1.85548
0.745, 12.9301
0.746, 1.87445
0.747, -12.9331
0.748, -1.85569
0.749, 12.9327
0.75, 1.87503
0.751, -12.9358
0.752, -1.8559
0.753, 12.9354
0.754, 1.87563
0.755, -12.9385
0.756, -1.85612
0.757, 12.9382
0.758, 1.87624
0.759, -12.9414
0.76, -1.85636
0.761, 12.941
0.762, 1.87687
0.763, -12.9443
0.764, -1.8566
0.765, 12.9439
0.766, 1.87751
0.767, -12.9473
0.768, -1.85685
0.769, 12.947
0.77, 1.87818
0.771, -12.9505
0.772, -1.85711
0.773, 12.9501
0.774, 1.87886
0.775, -12.9537
0.776, -1.85738
0.777, 12.9533
0.778, 1.87956
0.779, -12.957
0.78, -1.85766
0.781, 12.9566
0.782, 1.88029
0.783, -12.9604
0.784, -1.85795
0.785, 12.9601
0.786, 1.88103
0.787, -12.964
0.788, -1.85826
0.789, 12.9636
0.79, 1.88179
0.791, -12.9676
0.792, -1.85857
0.793, 12.9673
0.794, 1.88258
0.795, -12.9714
0.796, -1.8589
0.797, 12.971
0.798, 1.88339
0.799, -12.9753
0.8, -1.85924
0.801, 12.9749
0.802, 1.88422
0.803, -12.9793
0.804, -1.8596
0.805, 12.9789
0.806, 1.88507
0.807, -12.9834
0.808, -1.85996
0.809, 12.983
0.81, 1.88595
0.811, -12.9877
0.812, -1.86035
0.813, 12.9873
0.814, 1.88686
0.815, -12.9921
0.816, -1.86074
0.817, 12.9917
0.818, 1.88779
0.819, -12.9966
0.82, -1.86116
0.821, 12.9962
0.822, 1.88874
0.823, -13.0013
0.824, -1.86158
0.825, 13.0009
0.826, 1.88973
0.827, -13.0061
0.828, -1.86203
0.829, 13.0057
0.83, 1.89074
0.831, -13.0111
0.832, -1.86249
0.833, 13.0107
0.834, 1.89178
0.835, -13.0162
0.836, -1.86297
0.837, 13.0158
0.838, 1.89286
0.839, -13.0215
0.84, -1.86346
0.841, 13.0211
0.842, 1.89396
0.843, -13.027
0.844, -1.86398
0.845, 13.0266
0.846, 1.8951
0.847, -13.0326
0.848, -1.86451
0.849, 13.0322
0.85, 1.89627
0.851, -13.0385
0.852, -1.86506
0.853, 13.038
0.854, 1.89747
0.855, -13.0445
0.856, -1.86564
0.857, 13.044
0.858, 1.89871
0.859, -13.0507
0.86, -1.86623
0.861, 13.0502
0.862, 1.89998
0.863, -13.0622
0.864, -1.85655
0.865, 13.0588
0.866, 1.90155
0.867, -13.0811
0.868, -1.84888
0.869, 13.0557
0.87, 1.91072
0.871, -13.0941
0.872, -1.84427
0.873, 13.0644
0.874, 1.90392
0.875, -13.1058
0.876, -1.84308
0.877, 13.0841
0.878, 1.89715
0.879, -13.1033
0.88, -1.85154
0.881, 13.0977
0.882, 1.89315
0.883, -13.1071
0.884, -1.85554
0.885, 13.1073
0.886, 1.89271
0.887, -13.1137
0.888, -1.85732
0.889, 13.1157
0.89, 1.89364
0.891, -13.1214
0.892, -1.85838
0.893, 13.1239
0.894, 1.89501
0.895, -13.1295
0.896, -1.85925
0.897, 13.1322
0.898, 1.89654
0.899, -13.138
0.9, -1.8601
0.901, 13.1408
0.902, 1.89815
0.903, -13.1468
0.904, -1.86097
0.905, 13.1496
0.906, 1.89981
0.907, -13.1558
0.908, -1.86186
0.909, 13.1587
0.91, 1.90152
0.911, -13.1652
0.912, -1.86279
0.913, 13.1681
0.914, 1.90328
0.915, -13.1748
0.916, -1.86374
0.917, 13.1778
0.918, 1.90509
0.919, -13.1848
0.92, -1.86473
0.921, 13.1878
0.922, 1.90697
0.923, -13.1951
0.924, -1.86576
0.925, 13.1981
0.926, 1.90889
0.927, -13.2057
0.928, -1.86682
0.929, 13.2088
0.93, 1.91088
0.931, -13.2166
0.932, -1.86792
0.933, 13.2198
0.934, 1.91292
0.935, -13.2279
0.936, -1.86906
0.937, 13.2311
0.938, 1.91503
0.939, -13.2396
0.94, -1.87024
0.941, 13.2428
0.942, 1.9172
0.943, -13.2517
0.944, -1.87146
0.945, 13.2549
0.946, 1.91944
0.947, -13.2641
0.948, -1.87272
0.949, 13.2674
0.95, 1.92175
0.951, -13.2769
0.952, -1.87403
0.953, 13.2802
0.954, 1.92413
0.955, -13.2902
0.956, -1.87538
0.957, 13.2935
0.958, 1.92658
0.959, -13.3039
0.96, -1.87678
0.961, 13.3072
0.962, 1.92911
0.963, -13.318
0.964, -1.87823
0.965, 13.3214
0.966, 1.93171
0.967, -13.3326
0.968, -1.87973
0.969, 13.336
0.97, 1.9344
0.971, -13.3477
0.972, -1.88128
0.973, 13.3511
0.974, 1.93717
0.975, -13.3633
0.976, -1.88289
0.977, 13.3667
0.978, 1.94003
0.979, -13.3793
0.98, -1.88455
0.981, 13.3828
0.982, 1.94297
0.983, -13.3959
0.984, -1.88626
0.985, 13.3994
0.986, 1.94601
0.987, -13.4131
0.988, -1.88804
0.989, 13.4165
0.99, 1.94914
0.991, -13.4308
0.992, -1.88988
0.993, 13.4342
0.994, 1.95238
0.995, -13.4491
0.996, -1.89178
0.997, 13.4525
0.998, 1.95571
0.999, -13.468
1, -1.89375
1.001, 13.4714
1.002, 1.95916
1.003, -13.4875
1.004, -1.89578
1.005, 13.4909
1.006, 1.96271
1.007, -13.5077
1.008, -1.89789
1.009, 13.511
1.01, 1.96643
1.011, -13.5285
1.012, -1.9002
1.013, 12.4272
1.014, -0.000700621
1.015, -4.31946
1.016, 0.000502949
1.017, -1.96586
1.018, -0.000206545
1.019, -0.892254
1.02, -0.000110048
1.021, -0.406214
1.022, 0.000206526
1.023, -0.184433
1.024, -0.000249882
1.025, -0.0839189
1.026, 0.000144964
1.027, -0.0378954
1.028, 5.74503e-05
1.029, -0.0179326
1.03, -0.000382357
1.031, -0.00669596
1.032, 0.000820284
1.033, -0.00554173
1.034, -0.00137183
1.035, 0.00131168
1.036, 0.002042
1.037, -0.00486335
1.038, -0.00282299
1.039, 0.00505607
1.04, 0.00383706
1.041, -0.00713385
1.042, -0.00484974
1.043, 0.00869803
1.044, 0.00598287
1.045, -0.0107952
1.046, -0.00722783
1.047, 0.0129432
1.048, 0.00859408
1.049, -0.0153671
1.05, -0.0100733
1.051, 0.0179626
1.052, 0.0116742
1.053, -0.0207811
1.054, -0.0133893
1.055, 0.0237973
1.056, 0.0152267
1.057, -0.0270274
1.058, 1.6263e-19
1.059, 0.0276535
1.06, 0.0164293
1.061, -0.0404416
1.062, 0.0228314
1.063, -3.04931e-20
1.064, -0.017804
1.065, 2.03288e-20
1.066, -0.00458742
1.067, 8.1315e-20
1.068, 0.0051805
1.069, 3.55753e-20
1.07, -0.00499629
1.071, 9.68574e-42
1.072, 0.00481601
1.073, -0.022537
1.074, -5.08219e-21
1.075, -7.62328e-21
1.076, 0.0173354
1.077, -0.000725027
1.078, 0.00279547
1.079, -0.0762751
1.08, 0.00139509
1.081, 0.0414422
1.082, 4.12242e-05
1.083, 0.0179928
1.084, 0.000252304
1.085, 0.00849948
1.086, -0.000213077
1.087, 0.00378974
1.088, 0.000205454
1.089, 0.00186767
1.09, 4.22594e-06
1.091, 0.000342474
1.092, -0.000273673
1.093, 0.0013326
1.094, 0.000697584
1.095, -0.00153687
1.096, -0.00121436
1.097, 0.00271157
1.098, 0.00186671
1.099, -0.00374587
1.1, -0.000107537
1.101, -2.01786e-43
1.102, -7.94092e-23
1.103, 0.00278207
1.104, -0.000196191
1.105, -0.00285432
1.106, 8.34275e-05
1.107, 0.0804507
1.108, -0.0729287
1.109, 9.62191e-50
1.11, -1.98523e-23
1.111, -0.00610164
1.112, -0.000198354
1.113, -3.34137e-05
1.114, 0.000230134
1.115, 3.71009e-05
1.116, -5.20943e-05
1.117, 0.0169271
1.118, -0.0169322
1.119, -2.48154e-24
1.12, 0.00160558
1.121, -0.00276323
1.122, 0.000116885
1.123, 0.0010593
1.124, 0.00163023
1.125, -0.00164322
1.126, -5.53381e-05
1.127, 9.16308e-05
1.128, 1.94661e-05
1.129, -6.04522e-05
1.13, -7.85304e-06
1.131, 5.00133e-05
1.132, 4.952e-06
1.133, -4.74043e-05
1.134, -4.21402e-06
1.135, 4.67385e-05
1.136, 4.0727e-06
1.137, -4.6615e-05
1.138, -1.62945e-05
1.139, 5.88412e-05
1.14, 1.87364e-05
1.141, -6.12842e-05
1.142, -1.79117e-05
1.143, 6.04597e-05
1.144, 1.93534e-05
1.145, -6.19015e-05
1.146, -1.80289e-05
1.147, 6.0577e-05
1.148, 1.93887e-05
1.149, -6.19368e-05
1.15, -1.80374e-05
1.151, 6.05855e-05
1.152, 1.93907e-05
1.153, -6.19389e-05
1.154, -1.8038e-05
1.155, 6.05861e-05
1.156, 1.93909e-05
1.157, -6.1939e-05
1.158, -1.8038e-05
1.159, 6.05861e-05
1.16, 1.93909e-05
1.161, -6.1939e-05
1.162, -1.8038e-05
1.163, 6.05861e-05
1.164, 1.93909e-05
1.165, -6.1939e-05
1.166, -1.8038e-05
1.167, 6.05861e-05
1.168, 1.93909e-05
1.169, -6.1939e-05
1.17, -1.8038e-05
1.171, 6.05861e-05
1.172, 1.93909e-05
1.173, -6.1939e-05
1.174, -1.8038e-05
1.175, 6.05861e-05
1.176, 1.93909e-05
1.177, -6.1939e-05
1.178, -1.8038e-05
1.179, 6.05861e-05
1.18, 1.93909e-05
1.181, -6.1939e-05
1.182, -1.8038e-05
1.183, 6.05861e-05
1.184, 1.93909e-05
1.185, -6.1939e-05
1.186, -1.8038e-05
1.187, 6.05861e-05
1.188, 1.93909e-05
1.189, -6.1939e-05
1.19, -1.8038e-05
1.191, 6.05861e-05
1.192, 1.93909e-05
1.193, -6.1939e-05
1.194, -1.8038e-05
1.195, 6.05861e-05
1.196, 1.93909e-05
1.197, -6.1939e-05
1.198, -1.8038e-05
1.199, 6.05861e-05
1.2, 1.93909e-05
1.201, -6.1939e-05
1.202, -1.8038e-05
1.203, 6.05861e-05
1.204, 1.93909e-05
1.205, -6.1939e-05
1.206, -1.8038e-05
1.207, 6.05861e-05
1.208, 1.93909e-05
1.209, -6.1939e-05
1.21, -1.8038e-05
1.211, 6.05861e-05
1.212, 1.93909e-05
1.213, -6.1939e-05
1.214, -1.8038e-05
1.215, 6.05861e-05
1.216, 1.93909e-05
1.217, -6.1939e-05
1.218, -1.8038e-05
1.219, 6.05861e-05
1.22, 1.93909e-05
1.221, -6.1939e-05
1.222, -1.8038e-05
1.223, 6.05861e-05
1.224, 1.93909e-05
1.225, -6.1939e-05
1.226, -1.8038e-05
1.227, 6.05861e-05
1.228, 1.93909e-05
1.229, -6.1939e-05
1.23, -1.8038e-05
1.231, 6.05861e-05
1.232, 1.93909e-05
1.233, -6.1939e-05
1.234, -1.8038e-05
1.235, 6.05861e-05
1.236, 1.93909e-05
1.237, -6.1939e-05
1.238, -1.8038e-05
1.239, 6.05861e-05
1.24, 1.93909e-05
1.241, -6.1939e-05
1.242, -1.8038e-05
1.243, 6.05861e-05
1.244, 1.93909e-05
1.245, -6.1939e-05
1.246, -1.8038e-05
1.247, 6.05861e-05
1.248, 1.93909e-05
1.249, -6.1939e-05
1.25, -1.8038e-05
1.251, 6.05861e-05
1.252, 1.93909e-05
1.253, -6.1939e-05
1.254, -1.8038e-05
1.255, 6.05861e-05
1.256, 1.93909e-05
1.257, -6.1939e-05
1.258, -1.8038e-05
1.259, 6.05861e-05
1.26, 1.93909e-05
1.261, -6.1939e-05
1.262, -1.8038e-05
1.263, 6.05861e-05
1.264, 1.93909e-05
1.265, -6.1939e-05
1.266, -1.8038e-05
1.267, 6.05861e-05
1.268, 1.93909e-05
1.269, -6.1939e-05
1.27, -1.8038e-05
1.271, 6.05861e-05
1.272, 1.93909e-05
1.273, -6.1939e-05
1.274, -1.8038e-05
1.275, 6.05861e-05
1.276, 1.93909e-05
1.277, -6.1939e-05
1.278, -1.8038e-05
1.279, 6.05861e-05
1.28, 1.93909e-05
1.281, -6.1939e-05
1.282, -1.8038e-05
1.283, 6.05861e-05
1.284, 1.93909e-05
1.285, -6.1939e-05
1.286, -1.8038e-05
1.287, 6.05861e-05
1.288, 1.93909e-05
1.289, -6.1939e-05
1.29, -1.8038e-05
1.291, 6.05861e-05
1.292, 1.93909e-05
1.293, -6.1939e-05
1.294, -1.8038e-05
1.295, 6.05861e-05
1.296, 1.93909e-05
1.297, -6.1939e-05
1.298, -1.8038e-05
1.299, 6.05861e-05
1.3, 1.93909e-05
1.301, -6.1939e-05
1.302, -1.8038e-05
1.303, 6.05861e-05
1.304, 1.93909e-05
1.305, -6.1939e-05
1.306, -1.8038e-05
1.307, 6.05861e-05
1.308, 1.93909e-05
1.309, -6.1939e-05
1.31, -1.8038e-05
1.311, 6.05861e-05
1.312, 1.93909e-05
1.313, -6.1939e-05
1.314, -1.8038e-05
1.315, 6.05861e-05
1.316, 1.93909e-05
1.317, -6.1939e-05
1.318, -1.8038e-05
1.319, 6.05861e-05
1.32, 1.93909e-05
1.321, -6.1939e-05
1.322, -1.8038e-05
1.323, 6.05861e-05
1.324, 1.93909e-05
1.325, -6.1939e-05
1.326, -1.8038e-05
1.327, 6.05861e-05
1.328, 1.93909e-05
1.329, -6.1939e-05
1.33, -1.8038e-05
1.331, 6.05861e-05
1.332, 1.93909e-05
1.333, -6.1939e-05
1.334, -1.8038e-05
1.335, 6.05861e-05
1.336, 1.93909e-05
1.337, -6.1939e-05
1.338, -1.8038e-05
1.339, 6.05861e-05
1.34, 1.93909e-05
1.341, -6.1939e-05
1.342, -1.8038e-05
1.343, 6.05861e-05
1.344, 1.93909e-05
1.345, -6.1939e-05
1.346, -1.8038e-05
1.347, 6.05861e-05
1.348, 1.93909e-05
1.349, -6.1939e-05
1.35, -1.8038e-05
1.351, 6.05861e-05
1.352, 1.93909e-05
1.353, -6.1939e-05
1.354, -1.8038e-05
1.355, 6.05861e-05
1.356, 1.93909e-05
1.357, -6.1939e-05
1.358, -1.8038e-05
1.359, 6.05861e-05
1.36, 1.93909e-05
1.361, -6.1939e-05
1.362, -1.8038e-05
1.363, 6.05861e-05
1.364, 1.93909e-05
1.365, -6.1939e-05
1.366, -1.8038e-05
1.367, 6.05861e-05
1.368, 1.93909e-05
1.369, -6.1939e-05
1.37, -1.8038e-05
1.371, 6.05861e-05
1.372, 1.93909e-05
1.373, -6.1939e-05
1.374, -1.8038e-05
1.375, 6.05861e-05
1.376, 1.93909e-05
1.377, -6.1939e-05
1.378, -1.8038e-05
1.379, 6.05861e-05
1.38, 1.93909e-05
1.381, -6.1939e-05
1.382, -1.8038e-05
1.383, 6.05861e-05
1.384, 1.93909e-05
1.385, -6.1939e-05
1.386, -1.8038e-05
1.387, 6.05861e-05
1.388, 1.93909e-05
1.389, -6.1939e-05
1.39, -1.8038e-05
1.391, 6.05861e-05
1.392, 1.93909e-05
1.393, -6.1939e-05
1.394, -1.8038e-05
1.395, 6.05861e-05
1.396, 1.93909e-05
1.397, -6.1939e-05
1.398, -1.8038e-05
1.399, 6.05861e-05
1.4, 1.93909e-05
1.401, -6.1939e-05
1.402, -1.8038e-05
1.403, 6.05861e-05
1.404, 1.93909e-05
1.405, -6.1939e-05
1.406, -1.8038e-05
1.407, 6.05861e-05
1.408, 1.93909e-05
1.409, -6.1939e-05
1.41, -1.8038e-05
1.411, 6.05861e-05
1.412, 1.93909e-05
1.413, -6.1939e-05
1.414, -1.8038e-05
1.415, 6.05861e-05
1.416, 1.93909e-05
1.417, -6.1939e-05
1.418, -1.8038e-05
1.419, 6.05861e-05
1.42, 1.93909e-05
1.421, -6.1939e-05
1.422, -1.8038e-05
1.423, 6.05861e-05
1.424, 1.93909e-05
1.425, -6.1939e-05
1.426, -1.8038e-05
1.427, 6.05861e-05
1.428, 1.93909e-05
1.429, -6.1939e-05
1.43, -1.8038e-05
1.431, 6.05861e-05
1.432, 1.93909e-05
1.433, -6.1939e-05
1.434, -1.8038e-05
1.435, 6.05861e-05
1.436, 1.93909e-05
1.437, -6.1939e-05
1.438, -1.8038e-05
1.439, 6.05861e-05
1.44, 1.93909e-05
1.441, -6.1939e-05
1.442, -1.8038e-05
1.443, 6.05861e-05
1.444, 1.93909e-05
1.445, -6.1939e-05
1.446, -1.8038e-05
1.447, 6.05861e-05
1.448, 1.93909e-05
1.449, -6.1939e-05
1.45, -1.8038e-05
1.451, 6.05861e-05
1.452, 1.93909e-05
1.453, -6.1939e-05
1.454, -1.8038e-05
1.455, 6.05861e-05
1.456, 1.93909e-05
1.457, -6.1939e-05
1.458, -1.8038e-05
1.459, 6.05861e-05
1.46, 1.93909e-05
1.461, -6.1939e-05
1.462, -1.8038e-05
1.463, 6.05861e-05
1.464, 1.93909e-05
1.465, -6.1939e-05
1.466, -1.8038e-05
1.467, 6.05861e-05
1.468, 1.93909e-05
1.469, -6.1939e-05
1.47, -1.8038e-05
1.471, 6.05861e-05
1.472, 1.93909e-05
1.473, -6.1939e-05
1.474, -1.8038e-05
1.475, 6.05861e-05
1.476, 1.93909e-05
1.477, -6.1939e-05
1.478, -1.8038e-05
1.479, 6.05861e-05
1.48, 1.93909e-05
1.481, -6.1939e-05
1.482, -1.8038e-05
1.483, 6.05861e-05
1.484, 1.93909e-05
1.485, -6.1939e-05
1.486, -1.8038e-05
1.487, 6.05861e-05
1.488, 1.93909e-05
1.489, -6.1939e-05
1.49, -1.8038e-05
1.491, 6.05861e-05
1.492, 1.93909e-05
1.493, -6.1939e-05
1.494, -1.8038e-05
1.495, 6.05861e-05
1.496, 1.93909e-05
1.497, -6.1939e-05
1.498, -1.8038e-05
1.499, 6.05861e-05
1.5, 1.93909e-05
1.501, -6.1939e-05
1.502, -1.8038e-05
1.503, 6.05861e-05
1.504, 1.93909e-05
1.505, -6.1939e-05
1.506, -1.8038e-05
1.507, 6.05861e-05
1.508, 1.93909e-05
1.509, -6.1939e-05
1.51, -1.8038e-05
1.511, 6.05861e-05
1.512, 1.93909e-05
1.513, -6.1939e-05
1.514, -1.8038e-05
1.515, 6.05861e-05
1.516, 1.93909e-05
1.517, -6.1939e-05
1.518, -1.8038e-05
1.519, 6.05861e-05
1.52, 1.93909e-05
1.521, -6.1939e-05
1.522, -1.8038e-05
1.523, 6.05861e-05
1.524, 1.93909e-05
1.525, -6.1939e-05
1.526, -1.8038e-05
1.527, 6.05861e-05
1.528, 1.93909e-05
1.529, -6.1939e-05
1.53, -1.8038e-05
1.531, 6.05861e-05
1.532, 1.93909e-05
1.533, -6.1939e-05
1.534, -1.8038e-05
1.535, 6.05861e-05
1.536, 1.93909e-05
1.537, -6.1939e-05
1.538, -1.8038e-05
1.539, 6.05861e-05
1.54, 1.93909e-05
1.541, -6.1939e-05
1.542, -1.8038e-05
1.543, 6.05861e-05
1.544, 1.93909e-05
1.545, -6.1939e-05
1.546, -1.8038e-05
1.547, 6.05861e-05
1.548, 1.93909e-05
1.549, -6.1939e-05
1.55, -1.8038e-05
1.551, 6.05861e-05
1.552, 1.93909e-05
1.553, -6.1939e-05
1.554, -1.8038e-05
1.555, 6.05861e-05
1.556, 1.93909e-05
1.557, -6.1939e-05
1.558, -1.8038e-05
1.559, 6.05861e-05
1.56, 1.93909e-05
1.561, -6.1939e-05
1.562, -1.8038e-05
1.563, 6.05861e-05
1.564, 1.93909e-05
1.565, -6.1939e-05
1.566, -1.8038e-05
1.567, 6.05861e-05
1.568, 1.93909e-05
1.569, -6.1939e-05
1.57, -1.8038e-05
1.571, 6.05861e-05
1.572, 1.93909e-05
1.573, -6.1939e-05
1.574, -1.8038e-05
1.575, 6.05861e-05
1.576, 1.93909e-05
1.577, -6.1939e-05
1.578, -1.8038e-05
1.579, 6.05861e-05
1.58, 1.93909e-05
1.581, -6.1939e-05
1.582, -1.8038e-05
1.583, 6.05861e-05
1.584, 1.93909e-05
1.585, -6.1939e-05
1.586, -1.8038e-05
1.587, 6.05861e-05
1.588, 1.93909e-05
1.589, -6.1939e-05
1.59, -1.8038e-05
1.591, 6.05861e-05
1.592, 1.93909e-05
1.593, -6.1939e-05
1.594, -1.8038e-05
1.595, 6.05861e-05
1.596, 1.93909e-05
1.597, -6.1939e-05
1.598, -1.8038e-05
1.599, 6.05861e-05
1.6, 1.93909e-05
1.601, -6.1939e-05
1.602, -1.8038e-05
1.603, 6.05861e-05
1.604, 1.93909e-05
1.605, -6.1939e-05
1.606, -1.8038e-05
1.607, 6.05861e-05
1.608, 1.93909e-05
1.609, -6.1939e-05
1.61, -1.8038e-05
1.611, 6.05861e-05
1.612, 1.93909e-05
1.613, -6.1939e-05
1.614, -1.8038e-05
1.615, 6.05861e-05
1.616, 1.93909e-05
1.617, -6.1939e-05
1.618, -1.8038e-05
1.619, 6.05861e-05
1.62, 1.93909e-05
1.621, -6.1939e-05
1.622, -1.8038e-05
1.623, 6.05861e-05
1.624, 1.93909e-05
1.625, -6.1939e-05
1.626, -1.8038e-05
1.627, 6.05861e-05
1.628, 1.93909e-05
1.629, -6.1939e-05
1.63, -1.8038e-05
1.631, 6.05861e-05
1.632, 1.93909e-05
1.633, -6.1939e-05
1.634, -1.8038e-05
1.635, 6.05861e-05
1.636, 1.93909e-05
1.637, -6.1939e-05
1.638, -1.8038e-05
1.639, 6.05861e-05
1.64, 1.93909e-05
1.641, -6.1939e-05
1.642, -1.8038e-05
1.643, 6.05861e-05
1.644, 1.93909e-05
1.645, -6.1939e-05
1.646, -1.8038e-05
1.647, 6.05861e-05
1.648, 1.93909e-05
1.649, -6.1939e-05
1.65, -1.8038e-05
1.651, 6.05861e-05
1.652, 1.93909e-05
1.653, -6.1939e-05
1.654, -1.8038e-05
1.655, 6.05861e-05
1.656, 1.93909e-05
1.657, -6.1939e-05
1.658, -1.8038e-05
1.659, 6.05861e-05
1.66, 1.93909e-05
1.661, -6.1939e-05
1.662, -1.8038e-05
1.663, 6.05861e-05
1.664, 1.93909e-05
1.665, -6.1939e-05
1.666, -1.8038e-05
1.667, 6.05861e-05
1.668, 1.93909e-05
1.669, -6.1939e-05
1.67, -1.8038e-05
1.671, 6.05861e-05
1.672, 1.93909e-05
1.673, -6.1939e-05
1.674, -1.8038e-05
1.675, 6.05861e-05
1.676, 1.93909e-05
1.677, -6.1939e-05
1.678, -1.8038e-05
1.679, 6.05861e-05
1.68, 1.93909e-05
1.681, -6.1939e-05
1.682, -1.8038e-05
1.683, 6.05861e-05
1.684, 1.93909e-05
1.685, -6.1939e-05
1.686, -1.8038e-05
1.687, 6.05861e-05
1.688, 1.93909e-05
1.689, -6.1939e-05
1.69, -1.8038e-05
1.691, 6.05861e-05
1.692, 1.93909e-05
1.693, -6.1939e-05
1.694, -1.8038e-05
1.695, 6.05861e-05
1.696, 1.93909e-05
1.697, -6.1939e-05
1.698, -1.8038e-05
1.699, 6.05861e-05
1.7, 1.93909e-05
1.701, -6.1939e-05
1.702, -1.8038e-05
1.703, 6.05861e-05
1.704, 1.93909e-05
1.705, -6.1939e-05
1.706, -1.8038e-05
1.707, 6.05861e-05
1.708, 1.93909e-05
1.709, -6.1939e-05
1.71, -1.8038e-05
1.711, 6.05861e-05
1.712, 1.93909e-05
1.713, -6.1939e-05
1.714, -1.8038e-05
1.715, 6.05861e-05
1.716, 1.93909e-05
1.717, -6.1939e-05
1.718, -1.8038e-05
1.719, 6.05861e-05
1.72, 1.93909e-05
1.721, -6.1939e-05
1.722, -1.8038e-05
1.723, 6.05861e-05
1.724, 1.93909e-05
1.725, -6.1939e-05
1.726, -1.8038e-05
1.727, 6.05861e-05
1.728, 1.93909e-05
1.729, -6.1939e-05
1.73, -1.8038e-05
1.731, 6.05861e-05
1.732, 1.93909e-05
1.733, -6.1939e-05
1.734, -1.8038e-05
1.735, 6.05861e-05
1.736, 1.93909e-05
1.737, -6.1939e-05
1.738, -1.8038e-05
1.739, 6.05861e-05
1.74, 1.93909e-05
1.741, -6.1939e-05
1.742, -1.8038e-05
1.743, 6.05861e-05
1.744, 1.93909e-05
1.745, -6.1939e-05
1.746, -1.8038e-05
1.747, 6.05861e-05
1.748, 1.93909e-05
1.749, -6.1939e-05
1.75, -1.8038e-05
1.751, 6.05861e-05
1.752, 1.93909e-05
1.753, -6.1939e-05
1.754, -1.8038e-05
1.755, 6.05861e-05
1.756, 1.93909e-05
1.757, -6.1939e-05
1.758, -1.8038e-05
1.759, 6.05861e-05
1.76, 1.93909e-05
1.761, -6.1939e-05
1.762, -1.8038e-05
1.763, 6.05861e-05
1.764, 1.93909e-05
1.765, -6.1939e-05
1.766, -1.8038e-05
1.767, 6.05861e-05
1.768, 1.93909e-05
1.769, -6.1939e-05
1.77, -1.8038e-05
1.771, 6.05861e-05
1.772, 1.93909e-05
1.773, -6.1939e-05
1.774, -1.8038e-05
1.775, 6.05861e-05
1.776, 1.93909e-05
1.777, -6.1939e-05
1.778, -1.8038e-05
1.779, 6.05861e-05
1.78, 1.93909e-05
1.781, -6.1939e-05
1.782, -1.8038e-05
1.783, 6.05861e-05
1.784, 1.93909e-05
1.785, -6.1939e-05
1.786, -1.8038e-05
1.787, 6.05861e-05
1.788, 1.93909e-05
1.789, -6.1939e-05
1.79, -1.8038e-05
1.791, 6.05861e-05
1.792, 1.93909e-05
1.793, -6.1939e-05
1.794, -1.8038e-05
1.795, 6.05861e-05
1.796, 1.93909e-05
1.797, -6.1939e-05
1.798, -1.8038e-05
1.799, 6.05861e-05
1.8, 1.93909e-05
1.801, -6.1939e-05
1.802, -1.8038e-05
1.803, 6.05861e-05
1.804, 1.93909e-05
1.805, -6.1939e-05
1.806, -1.8038e-05
1.807, 6.05861e-05
1.808, 1.93909e-05
1.809, -6.1939e-05
1.81, -1.8038e-05
1.811, 6.05861e-05
1.812, 1.93909e-05
1.813, -6.1939e-05
1.814, -1.8038e-05
1.815, 6.05861e-05
1.816, 1.93909e-05
1.817, -6.1939e-05
1.818, -1.8038e-05
1.819, 6.05861e-05
1.82, 1.93909e-05
1.821, -6.1939e-05
1.822, -1.8038e-05
1.823, 6.05861e-05
1.824, 1.93909e-05
1.825, -6.1939e-05
1.826, -1.8038e-05
1.827, 6.05861e-05
1.828, 1.93909e-05
1.829, -6.1939e-05
1.83, -1.8038e-05
1.831, 6.05861e-05
1.832, 1.93909e-05
1.833, -6.1939e-05
1.834, -1.8038e-05
1.835, 6.05861e-05
1.836, 1.93909e-05
1.837, -6.1939e-05
1.838, -1.8038e-05
1.839, 6.05861e-05
1.84, 1.93909e-05
1.841, -6.1939e-05
1.842, -1.8038e-05
1.843, 6.05861e-05
1.844, 1.93909e-05
1.845, -6.1939e-05
1.846, -1.8038e-05
1.847, 6.05861e-05
1.848, 1.93909e-05
1.849, -6.1939e-05
1.85, -1.8038e-05
1.851, 6.05861e-05
1.852, 1.93909e-05
1.853, -6.1939e-05
1.854, -1.8038e-05
1.855, 6.05861e-05
1.856, 1.93909e-05
1.857, -6.1939e-05
1.858, -1.8038e-05
1.859, 6.05861e-05
1.86, 1.93909e-05
1.861, -6.1939e-05
1.862, -1.8038e-05
1.863, 6.05861e-05
1.864, 1.93909e-05
1.865, -6.1939e-05
1.866, -1.8038e-05
1.867, 6.05861e-05
1.868, 1.93909e-05
1.869, -6.1939e-05
1.87, -1.8038e-05
1.871, 6.05861e-05
1.872, 1.93909e-05
1.873, -6.1939e-05
1.874, -1.8038e-05
1.875, 6.05861e-05
1.876, 1.93909e-05
1.877, -6.1939e-05
1.878, -1.8038e-05
1.879, 6.05861e-05
1.88, 1.93909e-05
1.881, -6.1939e-05
1.882, -1.8038e-05
1.883, 6.05861e-05
1.884, 1.93909e-05
1.885, -6.1939e-05
1.886, -1.8038e-05
1.887, 6.05861e-05
1.888, 1.93909e-05
1.889, -6.1939e-05
1.89, -1.8038e-05
1.891, 6.05861e-05
1.892, 1.93909e-05
1.893, -6.1939e-05
1.894, -1.8038e-05
1.895, 6.05861e-05
1.896, 1.93909e-05
1.897, -6.1939e-05
1.898, -1.8038e-05
1.899, 6.05861e-05
1.9, 1.93909e-05
1.901, -6.1939e-05
1.902, -1.8038e-05
1.903, 6.05861e-05
1.904, 1.93909e-05
1.905, -6.1939e-05
1.906, -1.8038e-05
1.907, 6.05861e-05
1.908, 1.93909e-05
1.909, -6.1939e-05
1.91, -1.8038e-05
1.911, 6.05861e-05
1.912, 1.93909e-05
1.913, -6.1939e-05
1.914, -1.8038e-05
1.915, 6.05861e-05
1.916, 1.93909e-05
1.917, -6.1939e-05
1.918, -1.8038e-05
1.919, 6.05861e-05
1.92, 1.93909e-05
1.921, -6.1939e-05
1.922, -1.8038e-05
1.923, 6.05861e-05
1.924, 1.93909e-05
1.925, -6.1939e-05
1.926, -1.8038e-05
1.927, 6.05861e-05
1.928, 1.93909e-05
1.929, -6.1939e-05
1.93, -1.8038e-05
1.931, 6.05861e-05
1.932, 1.93909e-05
1.933, -6.1939e-05
1.934, -1.8038e-05
1.935, 6.05861e-05
1.936, 1.93909e-05
1.937, -6.1939e-05
1.938, -1.8038e-05
1.939, 6.05861e-05
1.94, 1.93909e-05
1.941, -6.1939e-05
1.942, -1.8038e-05
1.943, 6.05861e-05
1.944, 1.93909e-05
1.945, -6.1939e-05
1.946, -1.8038e-05
1.947, 6.05861e-05
1.948, 1.93909e-05
1.949, -6.1939e-05
1.95, -1.8038e-05
1.951, 6.05861e-05
1.952, 1.93909e-05
1.953, -6.1939e-05
1.954, -1.8038e-05
1.955, 6.05861e-05
1.956, 1.93909e-05
1.957, -6.1939e-05
1.958, -1.8038e-05
1.959, 6.05861e-05
1.96, 1.93909e-05
1.961, -6.1939e-05
1.962, -1.8038e-05
1.963, 6.05861e-05
1.964, 1.93909e-05
1.965, -6.1939e-05
1.966, -1.8038e-05
1.967, 6.05861e-05
1.968, 1.93909e-05
1.969, -6.1939e-05
1.97, -1.8038e-05
1.971, 6.05861e-05
1.972, 1.93909e-05
1.973, -6.1939e-05
1.974, -1.8038e-05
1.975, 6.05861e-05
1.976, 1.93909e-05
1.977, -6.1939e-05
1.978, -1.8038e-05
1.979, 6.05861e-05
1.98, 1.93909e-05
1.981, -6.1939e-05
1.982, -1.8038e-05
1.983, 6.05861e-05
1.984, 1.93909e-05
1.985, -6.1939e-05
1.986, -1.8038e-05
1.987, 6.05861e-05
1.988, 1.93909e-05
1.989, -6.1939e-05
1.99, -1.8038e-05
1.991, 6.05861e-05
1.992, 1.93909e-05
1.993, -6.1939e-05
1.994, -1.8038e-05
1.995, 6.05861e-05
1.996, 1.93909e-05
1.997, -6.1939e-05
1.998, -1.8038e-05
1.999, 6.05861e-05
2, 1.93909e-05
2.001, -6.1939e-05
2.002, -1.8038e-05
2.003, 6.05861e-05
2.004, 1.93909e-05
2.005, -6.1939e-05
2.006, -1.8038e-05
2.007, 6.05861e-05
2.008, 1.93909e-05
2.009, -6.1939e-05
2.01, -1.8038e-05
2.011, 6.05861e-05
2.012, 1.93909e-05
2.013, -6.1939e-05
2.014, -1.8038e-05
2.015, 6.05861e-05
2.016, 1.93909e-05
2.017, -6.1939e-05
2.018, -1.8038e-05
2.019, 6.05861e-05
2.02, 1.93909e-05
2.021, -6.1939e-05
2.022, -1.8038e-05
2.023, 6.05861e-05
2.024, 1.93909e-05
2.025, -6.1939e-05
2.026, -1.8038e-05
2.027, 6.05861e-05
2.028, 1.93909e-05
2.029, -6.1939e-05
2.03, -1.8038e-05
2.031, 6.05861e-05
2.032, 1.93909e-05
2.033, -6.1939e-05
2.034, -1.8038e-05
2.035, 6.05861e-05
2.036, 1.93909e-05
2.037, -6.1939e-05
2.038, -1.8038e-05
2.039, 6.05861e-05
2.04, 1.93909e-05
2.041, -6.1939e-05
2.042, -1.8038e-05
2.043, 6.05861e-05
2.044, 1.93909e-05
2.045, -6.1939e-05
2.046, -1.8038e-05
2.047, 6.05861e-05
2.048, 1.93909e-05
2.049, -6.1939e-05
2.05, -1.8038e-05
2.051, 6.05861e-05
2.052, 1.93909e-05
2.053, -6.1939e-05
2.054, -1.8038e-05
2.055, 6.05861e-05
2.056, 1.93909e-05
2.057, -6.1939e-05
2.058, -1.8038e-05
2.059, 6.05861e-05
2.06, 1.93909e-05
2.061, -6.1939e-05
2.062, -1.8038e-05
2.063, 6.05861e-05
2.064, 1.93909e-05
2.065, -6.1939e-05
2.066, -1.8038e-05
2.067, 6.05861e-05
2.068, 1.93909e-05
2.069, -6.1939e-05
2.07, -1.8038e-05
2.071, 6.05861e-05
2.072, 1.93909e-05
2.073, -6.1939e-05
2.074, -1.8038e-05
2.075, 6.05861e-05
2.076, 1.93909e-05
2.077, -6.1939e-05
2.078, -1.8038e-05
2.079, 6.05861e-05
2.08, 1.93909e-05
2.081, -6.1939e-05
2.082, -1.8038e-05
2.083, 6.05861e-05
2.084, 1.93909e-05
2.085, -6.1939e-05
2.086, -1.8038e-05
2.087, 6.05861e-05
2.088, 1.93909e-05
2.089, -6.1939e-05
2.09, -1.8038e-05
2.091, 6.05861e-05
2.092, 1.93909e-05
2.093, -6.1939e-05
2.094, -1.8038e-05
2.095, 6.05861e-05
2.096, 1.93909e-05
2.097, -6.1939e-05
2.098, -1.8038e-05
2.099, 6.05861e-05
2.1, 1.93909e-05
2.101, -6.1939e-05
2.102, -6.1939e-05
2.103, -6.1939e-05
2.104, -6.1939e-05
2.105, -6.1939e-05
2.106, -6.1939e-05
2.107, -6.1939e-05
2.108, -6.1939e-05
2.109, -6.1939e-05
2.11, -6.1939e-05
2.111, -6.1939e-05
2.112, -6.1939e-05
2.113, -6.1939e-05
2.114, -6.1939e-05
2.115, -6.1939e-05
2.116, -6.1939e-05
2.117, -6.1939e-05
2.118, -6.1939e-05
2.119, -6.1939e-05
2.12, -6.1939e-05
2.121, -6.1939e-05
2.122, -6.1939e-05
2.123, -6.1939e-05
2.124, -6.1939e-05
2.125, -6.1939e-05
2.126, -6.1939e-05
2.127, -6.1939e-05
2.128, -6.1939e-05
2.129, -6.1939e-05
2.13, -6.1939e-05
2.131, -6.1939e-05
2.132, -6.1939e-05
2.133, -6.1939e-05
2.134, -6.1939e-05
2.135, -6.1939e-05
2.136, -6.1939e-05
2.137, -6.1939e-05
2.138, -6.1939e-05
2.139, -6.1939e-05
2.14, -6.1939e-05
2.141, -6.1939e-05
2.142, -6.1939e-05
2.143, -6.1939e-05
2.144, -6.1939e-05
2.145, -6.1939e-05
2.146, -6.1939e-05
2.147, -6.1939e-05
2.148, -6.1939e-05
2.149, -6.1939e-05
2.15, -6.1939e-05
2.151, -6.1939e-05
2.152, -6.1939e-05
2.153, -6.1939e-05
2.154, -6.1939e-05
2.155, -6.1939e-05
2.156, -6.1939e-05
2.157, -6.1939e-05
2.158, -6.1939e-05
2.159, -6.1939e-05
2.16, -6.1939e-05
2.161, -6.1939e-05
2.162, -6.1939e-05
2.163, -6.1939e-05
2.164, -6.1939e-05
2.165, -6.1939e-05
2.166, -6.1939e-05
2.167, -6.1939e-05
2.168, -6.1939e-05
2.169, -6.1939e-05
2.17, -6.1939e-05
2.171, -6.1939e-05
2.172, -6.1939e-05
2.173, -6.1939e-05
2.174, -6.1939e-05
2.175, -6.1939e-05
2.176, -6.1939e-05
2.177, -6.1939e-05
2.178, -6.1939e-05
2.179, -6.1939e-05
2.18, -6.1939e-05
2.181, -6.1939e-05
2.182, -6.1939e-05
2.183, -6.1939e-05
2.184, -6.1939e-05
2.185, -6.1939e-05
2.186, -6.1939e-05
2.187, -6.1939e-05
2.188, -6.1939e-05
2.189, -6.1939e-05
2.19, -6.1939e-05
2.191, -6.1939e-05
2.192, -6.1939e-05
2.193, -6.1939e-05
2.194, -6.1939e-05
2.195, -6.1939e-05
2.196, -6.1939e-05
2.197, -6.1939e-05
2.198, -6.1939e-05
2.199, -6.1939e-05
2.2, -6.1939e-05
2.201, -6.1939e-05
2.202, -6.1939e-05
2.203, -6.1939e-05
2.204, -6.1939e-05
2.205, -6.1939e-05
2.206, -6.1939e-05
2.207, -6.1939e-05
2.208, -6.1939e-05
2.209, -6.1939e-05
2.21, -6.1939e-05
2.211, -6.1939e-05
2.212, -6.1939e-05
2.213, -6.1939e-05
2.214, -6.1939e-05
2.215, -6.1939e-05
2.216, -6.1939e-05
2.217, -6.1939e-05
2.218, -6.1939e-05
2.219, -6.1939e-05
2.22, -6.1939e-05
2.221, -6.1939e-05
2.222, -6.1939e-05
2.223, -6.1939e-05
2.224, -6.1939e-05
2.225, -6.1939e-05
2.226, -6.1939e-05
2.227, -6.1939e-05
2.228, -6.1939e-05
2.229, -6.1939e-05
2.23, -6.1939e-05
2.231, -6.1939e-05
2.232, -6.1939e-05
2.233, -6.1939e-05
2.234, -6.1939e-05
2.235, -6.1939e-05
2.236, -6.1939e-05
2.237, -6.1939e-05
2.238, -6.1939e-05
2.239, -6.1939e-05
2.24, -6.1939e-05
2.241, -6.1939e-05
2.242, -6.1939e-05
2.243, -6.1939e-05
2.244, -6.1939e-05
2.245, -6.1939e-05
2.246, -6.1939e-05
2.247, -6.1939e-05
2.248, -6.1939e-05
2.249, -6.1939e-05
2.25, -6.1939e-05
2.251, -6.1939e-05
2.252, -6.1939e-05
2.253, -6.1939e-05
2.254, -6.1939e-05
2.255, -6.1939e-05
2.256, -6.1939e-05
2.257, -6.1939e-05
2.258, -6.1939e-05
2.259, -6.1939e-05
2.26, -6.1939e-05
2.261, -6.1939e-05
2.262, -6.1939e-05
2.263, -6.1939e-05
2.264, -6.1939e-05
2.265, -6.1939e-05
2.266, -6.1939e-05
2.267, -6.1939e-05
2.268, -6.1939e-05
2.269, -6.1939e-05
2.27, -6.1939e-05
2.271, -6.1939e-05
2.272, -6.1939e-05
2.273, -6.1939e-05
2.274, -6.1939e-05
2.275, -6.1939e-05
2.276, -6.1939e-05
2.277, -6.1939e-05
2.278, -6.1939e-05
2.279, -6.1939e-05
2.28, -6.1939e-05
2.281, -6.1939e-05
2.282, -6.1939e-05
2.283, -6.1939e-05
2.284, -6.1939e-05
2.285, -6.1939e-05
2.286, -6.1939e-05
2.287, -6.1939e-05
2.288, -6.1939e-05
2.289, -6.1939e-05
2.29, -6.1939e-05
2.291, -6.1939e-05
2.292, -6.1939e-05
2.293, -6.1939e-05
2.294, -6.1939e-05
2.295, -6.1939e-05
2.296, -6.1939e-05
2.297, -6.1939e-05
2.298, -6.1939e-05
2.299, -6.1939e-05
2.3, -6.1939e-05
2.301, -6.1939e-05
2.302, -6.1939e-05
2.303, -6.1939e-05
2.304, -6.1939e-05
2.305, -6.1939e-05
2.306, -6.1939e-05
2.307, -6.1939e-05
2.308, -6.1939e-05
2.309, -6.1939e-05
2.31, -6.1939e-05
2.311, -6.1939e-05
2.312, -6.1939e-05
2.313, -6.1939e-05
2.314, -6.1939e-05
2.315, -6.1939e-05
2.316, -6.1939e-05
2.317, -6.1939e-05
2.318, -6.1939e-05
2.319, -6.1939e-05
2.32, -6.1939e-05
2.321, -6.1939e-05
2.322, -6.1939e-05
2.323, -6.1939e-05
2.324, -6.1939e-05
2.325, -6.1939e-05
2.326, -6.1939e-05
2.327, -6.1939e-05
2.328, -6.1939e-05
2.329, -6.1939e-05
2.33, -6.1939e-05
2.331, -6.1939e-05
2.332, -6.1939e-05
2.333, -6.1939e-05
2.334, -6.1939e-05
2.335, -6.1939e-05
2.336, -6.1939e-05
2.337, -6.1939e-05
2.338, -6.1939e-05
2.339, -6.1939e-05
2.34, -6.1939e-05
2.341, -6.1939e-05
2.342, -6.1939e-05
2.343, -6.1939e-05
2.344, -6.1939e-05
2.345, -6.1939e-05
2.346, -6.1939e-05
2.347, -6.1939e-05
2.348, -6.1939e-05
2.349, -6.1939e-05
2.35, -6.1939e-05
2.351, -6.1939e-05
2.352, -6.1939e-05
2.353, -6.1939e-05
2.354, -6.1939e-05
2.355, -6.1939e-05
2.356, -6.1939e-05
2.357, -6.1939e-05
2.358, -6.1939e-05
2.359, -6.1939e-05
2.36, -6.1939e-05
2.361, -6.1939e-05
2.362, -6.1939e-05
2.363, -6.1939e-05
2.364, -6.1939e-05
2.365, -6.1939e-05
2.366, -6.1939e-05
2.367, -6.1939e-05
2.368, -6.1939e-05
2.369, -6.1939e-05
2.37, -6.1939e-05
2.371, -6.1939e-05
2.372, -6.1939e-05
2.373, -6.1939e-05
2.374, -6.1939e-05
2.375, -6.1939e-05
2.376, -6.1939e-05
2.377, -6.1939e-05
2.378, -6.1939e-05
2.379, -6.1939e-05
2.38, -6.1939e-05
2.381, -6.1939e-05
2.382, -6.1939e-05
2.383, -6.1939e-05
2.384, -6.1939e-05
2.385, -6.1939e-05
2.386, -6.1939e-05
2.387, -6.1939e-05
2.388, -6.1939e-05
2.389, -6.1939e-05
2.39, -6.1939e-05
2.391, -6.1939e-05
2.392, -6.1939e-05
2.393, -6.1939e-05
2.394, -6.1939e-05
2.395, -6.1939e-05
2.396, -6.1939e-05
2.397, -6.1939e-05
2.398, -6.1939e-05
2.399, -6.1939e-05
2.4, -6.1939e-05
2.401, -6.1939e-05
2.402, -6.1939e-05
2.403, -6.1939e-05
2.404, -6.1939e-05
2.405, -6.1939e-05
2.406, -6.1939e-05
2.407, -6.1939e-05
2.408, -6.1939e-05
2.409, -6.1939e-05
2.41, -6.1939e-05
2.411, -6.1939e-05
2.412, -6.1939e-05
2.413, -6.1939e-05
2.414, -6.1939e-05
2.415, -6.1939e-05
2.416, -6.1939e-05
2.417, -6.1939e-05
2.418, -6.1939e-05
2.419, -6.1939e-05
2.42, -6.1939e-05
2.421, -6.1939e-05
2.422, -6.1939e-05
2.423, -6.1939e-05
2.424, -6.1939e-05
2.425, -6.1939e-05
2.426, -6.1939e-05
2.427, -6.1939e-05
2.428, -6.1939e-05
2.429, -6.1939e-05
2.43, -6.1939e-05
2.431, -6.1939e-05
2.432, -6.1939e-05
2.433, -6.1939e-05
2.434, -6.1939e-05
2.435, -6.1939e-05
2.436, -6.1939e-05
2.437, -6.1939e-05
2.438, -6.1939e-05
2.439, -6.1939e-05
2.44, -6.1939e-05
2.441, -6.1939e-05
2.442, -6.1939e-05
2.443, -6.1939e-05
2.444, -6.1939e-05
2.445, -6.1939e-05
2.446, -6.1939e-05
2.447, -6.1939e-05
2.448, -6.1939e-05
2.449, -6.1939e-05
2.45, -6.1939e-05
2.451, -6.1939e-05
2.452, -6.1939e-05
2.453, -6.1939e-05
2.454, -6.1939e-05
2.455, -6.1939e-05
2.456, -6.1939e-05
2.457, -6.1939e-05
2.458, -6.1939e-05
2.459, -6.1939e-05
2.46, -6.1939e-05
2.461, -6.1939e-05
2.462, -6.1939e-05
2.463, -6.1939e-05
2.464, -6.1939e-05
2.465, -6.1939e-05
2.466, -6.1939e-05
2.467, -6.1939e-05
2.468, -6.1939e-05
2.469, -6.1939e-05
2.47, -6.1939e-05
2.471, -6.1939e-05
2.472, -6.1939e-05
2.473, -6.1939e-05
2.474, -6.1939e-05
2.475, -6.1939e-05
2.476, -6.1939e-05
2.477, -6.1939e-05
2.478, -6.1939e-05
2.479, -6.1939e-05
2.48, -6.1939e-05
2.481, -6.1939e-05
2.482, -6.1939e-05
2.483, -6.1939e-05
2.484, -6.1939e-05
2.485, -6.1939e-05
2.486, -6.1939e-05
2.487, -6.1939e-05
2.488, -6.1939e-05
2.489, -6.1939e-05
2.49, -6.1939e-05
2.491, -6.1939e-05
2.492, -6.1939e-05
2.493, -6.1939e-05
2.494, -6.1939e-05
2.495, -6.1939e-05
2.496, -6.1939e-05
2.497, -6.1939e-05
2.498, -6.1939e-05
2.499, -6.1939e-05
2.5, -6.1939e-05
2.501, -6.1939e-05
2.502, -6.1939e-05
2.503, -6.1939e-05
2.504, -6.1939e-05
2.505, -6.1939e-05
2.506, -6.1939e-05
2.507, -6.1939e-05
2.508, -6.1939e-05
2.509, -6.1939e-05
2.51, -6.1939e-05
2.511, -6.1939e-05
2.512, -6.1939e-05
2.513, -6.1939e-05
2.514, -6.1939e-05
2.515, -6.1939e-05
2.516, -6.1939e-05
2.517, -6.1939e-05
2.518, -6.1939e-05
2.519, -6.1939e-05
2.52, -6.1939e-05
2.521, -6.1939e-05
2.522, -6.1939e-05
2.523, -6.1939e-05
2.524, -6.1939e-05
2.525, -6.1939e-05
2.526, -6.1939e-05
2.527, -6.1939e-05
2.528, -6.1939e-05
2.529, -6.1939e-05
2.53, -6.1939e-05
2.531, -6.1939e-05
2.532, -6.1939e-05
2.533, -6.1939e-05
2.534, -6.1939e-05
2.535, -6.1939e-05
2.536, -6.1939e-05
2.537, -6.1939e-05
2.538, -6.1939e-05
2.539, -6.1939e-05
2.54, -6.1939e-05
2.541, -6.1939e-05
2.542, -6.1939e-05
2.543, -6.1939e-05
2.544, -6.1939e-05
2.545, -6.1939e-05
2.546, -6.1939e-05
2.547, -6.1939e-05
2.548, -6.1939e-05
2.549, -6.1939e-05
2.55, -6.1939e-05
2.551, -6.1939e-05
2.552, -6.1939e-05
2.553, -6.1939e-05
2.554, -6.1939e-05
2.555, -6.1939e-05
2.556, -6.1939e-05
2.557, -6.1939e-05
2.558, -6.1939e-05
2.559, -6.1939e-05
2.56, -6.1939e-05
2.561, -6.1939e-05
2.562, -6.1939e-05
2.563, -6.1939e-05
2.564, -6.1939e-05
2.565, -6.1939e-05
2.566, -6.1939e-05
2.567, -6.1939e-05
2.568, -6.1939e-05
2.569, -6.1939e-05
2.57, -6.1939e-05
2.571, -6.1939e-05
2.572, -6.1939e-05
2.573, -6.1939e-05
2.574, -6.1939e-05
2.575, -6.1939e-05
2.576, -6.1939e-05
2.577, -6.1939e-05
2.578, -6.1939e-05
2.579, -6.1939e-05
2.58, -6.1939e-05
2.581, -6.1939e-05
2.582, -6.1939e-05
2.583, -6.1939e-05
2.584, -6.1939e-05
2.585, -6.1939e-05
2.586, -6.1939e-05
2.587, -6.1939e-05
2.588, -6.1939e-05
2.589, -6.1939e-05
2.59, -6.1939e-05
2.591, -6.1939e-05
2.592, -6.1939e-05
2.593, -6.1939e-05
2.594, -6.1939e-05
2.595, -6.1939e-05
2.596, -6.1939e-05
2.597, -6.1939e-05
2.598, -6.1939e-05
2.599, -6.1939e-05
2.6, -6.1939e-05
2.601, -6.1939e-05
2.602, -6.1939e-05
2.603, -6.1939e-05
2.604, -6.1939e-05
2.605, -6.1939e-05
2.606, -6.1939e-05
2.607, -6.1939e-05
2.608, -6.1939e-05
2.609, -6.1939e-05
2.61, -6.1939e-05
2.611, -6.1939e-05
2.612, -6.1939e-05
2.613, -6.1939e-05
2.614, -6.1939e-05
2.615, -6.1939e-05
2.616, -6.1939e-05
2.617, -6.1939e-05
2.618, -6.1939e-05
2.619, -6.1939e-05
2.62, -6.1939e-05
2.621, -6.1939e-05
2.622, -6.1939e-05
2.623, -6.1939e-05
2.624, -6.1939e-05
2.625, -6.1939e-05
2.626, -6.1939e-05
2.627, -6.1939e-05
2.628, -6.1939e-05
2.629, -6.1939e-05
2.63, -6.1939e-05
2.631, -6.1939e-05
2.632, -6.1939e-05
2.633, -6.1939e-05
2.634, -6.1939e-05
2.635, -6.1939e-05
2.636, -6.1939e-05
2.637, -6.1939e-05
2.638, -6.1939e-05
2.639, -6.1939e-05
2.64, -6.1939e-05
2.641, -6.1939e-05
2.642, -6.1939e-05
2.643, -6.1939e-05
2.644, -6.1939e-05
2.645, -6.1939e-05
2.646, -6.1939e-05
2.647, -6.1939e-05
2.648, -6.1939e-05
2.649, -6.1939e-05
2.65, -6.1939e-05
2.651, -6.1939e-05
2.652, -6.1939e-05
2.653, -6.1939e-05
2.654, -6.1939e-05
2.655, -6.1939e-05
2.656, -6.1939e-05
2.657, -6.1939e-05
2.658, -6.1939e-05
2.659, -6.1939e-05
2.66, -6.1939e-05
2.661, -6.1939e-05
2.662, -6.1939e-05
2.663, -6.1939e-05
2.664, -6.1939e-05
2.665, -6.1939e-05
2.666, -6.1939e-05
2.667, -6.1939e-05
2.668, -6.1939e-05
2.669, -6.1939e-05
2.67, -6.1939e-05
2.671, -6.1939e-05
2.672, -6.1939e-05
2.673, -6.1939e-05
2.674, -6.1939e-05
2.675, -6.1939e-05
2.676, -6.1939e-05
2.677, -6.1939e-05
2.678, -6.1939e-05
2.679, -6.1939e-05
2.68, -6.1939e-05
2.681, -6.1939e-05
2.682, -6.1939e-05
2.683, -6.1939e-05
2.684, -6.1939e-05
2.685, -6.1939e-05
2.686, -6.1939e-05
2.687, -6.1939e-05
2.688, -6.1939e-05
2.689, -6.1939e-05
2.69, -6.1939e-05
2.691, -6.1939e-05
2.692, -6.1939e-05
2.693, -6.1939e-05
2.694, -6.1939e-05
2.695, -6.1939e-05
2.696, -6.1939e-05
2.697, -6.1939e-05
2.698, -6.1939e-05
2.699, -6.1939e-05
2.7, -6.1939e-05
2.701, -6.1939e-05
2.702, -6.1939e-05
2.703, -6.1939e-05
2.704, -6.1939e-05
2.705, -6.1939e-05
2.706, -6.1939e-05
2.707, -6.1939e-05
2.708, -6.1939e-05
2.709, -6.1939e-05
2.71, -6.1939e-05
2.711, -6.1939e-05
2.712, -6.1939e-05
2.713, -6.1939e-05
2.714, -6.1939e-05
2.715, -6.1939e-05
2.716, -6.1939e-05
2.717, -6.1939e-05
2.718, -6.1939e-05
2.719, -6.1939e-05
2.72, -6.1939e-05
2.721, -6.1939e-05
2.722, -6.1939e-05
2.723, -6.1939e-05
2.724, -6.1939e-05
2.725, -6.1939e-05
2.726, -6.1939e-05
2.727, -6.1939e-05
2.728, -6.1939e-05
2.729, -6.1939e-05
2.73, -6.1939e-05
2.731, -6.1939e-05
2.732, -6.1939e-05
2.733, -6.1939e-05
2.734, -6.1939e-05
2.735, -6.1939e-05
2.736, -6.1939e-05
2.737, -6.1939e-05
2.738, -6.1939e-05
2.739, -6.1939e-05
2.74, -6.1939e-05
2.741, -6.1939e-05
2.742, -6.1939e-05
2.743, -6.1939e-05
2.744, -6.1939e-05
2.745, -6.1939e-05
2.746, -6.1939e-05
2.747, -6.1939e-05
2.748, -6.1939e-05
2.749, -6.1939e-05
2.75, -6.1939e-05
2.751, -6.1939e-05
2.752, -6.1939e-05
2.753, -6.1939e-05
2.754, -6.1939e-05
2.755, -6.1939e-05
2.756, -6.1939e-05
2.757, -6.1939e-05
2.758, -6.1939e-05
2.759, -6.1939e-05
2.76, -6.1939e-05
2.761, -6.1939e-05
2.762, -6.1939e-05
2.763, -6.1939e-05
2.764, -6.1939e-05
2.765, -6.1939e-05
2.766, -6.1939e-05
2.767, -6.1939e-05
2.768, -6.1939e-05
2.769, -6.1939e-05
2.77, -6.1939e-05
2.771, -6.1939e-05
2.772, -6.1939e-05
2.773, -6.1939e-05
2.774, -6.1939e-05
2.775, -6.1939e-05
2.776, -6.1939e-05
2.777, -6.1939e-05
2.778, -6.1939e-05
2.779, -6.1939e-05
2.78, -6.1939e-05
2.781, -6.1939e-05
2.782, -6.1939e-05
2.783, -6.1939e-05
2.784, -6.1939e-05
2.785, -6.1939e-05
2.786, -6.1939e-05
2.787, -6.1939e-05
2.788, -6.1939e-05
2.789, -6.1939e-05
2.79, -6.1939e-05
2.791, -6.1939e-05
2.792, -6.1939e-05
2.793, -6.1939e-05
2.794, -6.1939e-05
2.795, -6.1939e-05
2.796, -6.1939e-05
2.797, -6.1939e-05
2.798, -6.1939e-05
2.799, -6.1939e-05
2.8, -6.1939e-05
2.801, -6.1939e-05
2.802, -6.1939e-05
2.803, -6.1939e-05
2.804, -6.1939e-05
2.805, -6.1939e-05
2.806, -6.1939e-05
2.807, -6.1939e-05
2.808, -6.1939e-05
2.809, -6.1939e-05
2.81, -6.1939e-05
2.811, -6.1939e-05
2.812, -6.1939e-05
2.813, -6.1939e-05
2.814, -6.1939e-05
2.815, -6.1939e-05
2.816, -6.1939e-05
2.817, -6.1939e-05
2.818, -6.1939e-05
2.819, -6.1939e-05
2.82, -6.1939e-05
2.821, -6.1939e-05
2.822, -6.1939e-05
2.823, -6.1939e-05
2.824, -6.1939e-05
2.825, -6.1939e-05
2.826, -6.1939e-05
2.827, -6.1939e-05
2.828, -6.1939e-05
2.829, -6.1939e-05
2.83, -6.1939e-05
2.831, -6.1939e-05
2.832, -6.1939e-05
2.833, -6.1939e-05
2.834, -6.1939e-05
2.835, -6.1939e-05
2.836, -6.1939e-05
2.837, -6.1939e-05
2.838, -6.1939e-05
2.839, -6.1939e-05
2.84, -6.1939e-05
2.841, -6.1939e-05
2.842, -6.1939e-05
2.843, -6.1939e-05
2.844, -6.1939e-05
2.845, -6.1939e-05
2.846, -6.1939e-05
2.847, -6.1939e-05
2.848, -6.1939e-05
2.849, -6.1939e-05
2.85, -6.1939e-05
2.851, -6.1939e-05
2.852, -6.1939e-05
2.853, -6.1939e-05
2.854, -6.1939e-05
2.855, -6.1939e-05
2.856, -6.1939e-05
2.857, -6.1939e-05
2.858, -6.1939e-05
2.859, -6.1939e-05
2.86, -6.1939e-05
2.861, -6.1939e-05
2.862, -6.1939e-05
2.863, -6.1939e-05
2.864, -6.1939e-05
2.865, -6.1939e-05
2.866, -6.1939e-05
2.867, -6.1939e-05
2.868, -6.1939e-05
2.869, -6.1939e-05
2.87, -6.1939e-05
2.871, -6.1939e-05
2.872, -6.1939e-05
2.873, -6.1939e-05
2.874, -6.1939e-05
2.875, -6.1939e-05
2.876, -6.1939e-05
2.877, -6.1939e-05
2.878, -6.1939e-05
2.879, -6.1939e-05
2.88, -6.1939e-05
2.881, -6.1939e-05
2.882, -6.1939e-05
2.883, -6.1939e-05
2.884, -6.1939e-05
2.885, -6.1939e-05
2.886, -6.1939e-05
2.887, -6.1939e-05
2.888, -6.1939e-05
2.889, -6.1939e-05
2.89, -6.1939e-05
2.891, -6.1939e-05
2.892, -6.1939e-05
2.893, -6.1939e-05
2.894, -6.1939e-05
2.895, -6.1939e-05
2.896, -6.1939e-05
2.897, -6.1939e-05
2.898, -6.1939e-05
2.899, -6.1939e-05
2.9, -6.1939e-05
2.901, -6.1939e-05
2.902, -6.1939e-05
2.903, -6.1939e-05
2.904, -6.1939e-05
2.905, -6.1939e-05
2.906, -6.1939e-05
2.907, -6.1939e-05
2.908, -6.1939e-05
2.909, -6.1939e-05
2.91, -6.1939e-05
2.911, -6.1939e-05
2.912, -6.1939e-05
2.913, -6.1939e-05
2.914, -6.1939e-05
2.915, -6.1939e-05
2.916, -6.1939e-05
2.917, -6.1939e-05
2.918, -6.1939e-05
2.919, -6.1939e-05
2.92, -6.1939e-05
2.921, -6.1939e-05
2.922, -6.1939e-05
2.923, -6.1939e-05
2.924, -6.1939e-05
2.925, -6.1939e-05
2.926, -6.1939e-05
2.927, -6.1939e-05
2.928, -6.1939e-05
2.929, -6.1939e-05
2.93, -6.1939e-05
2.931, -6.1939e-05
2.932, -6.1939e-05
2.933, -6.1939e-05
2.934, -6.1939e-05
2.935, -6.1939e-05
2.936, -6.1939e-05
2.937, -6.1939e-05
2.938, -6.1939e-05
2.939, -6.1939e-05
2.94, -6.1939e-05
2.941, -6.1939e-05
2.942, -6.1939e-05
2.943, -6.1939e-05
2.944, -6.1939e-05
2.945, -6.1939e-05
2.946, -6.1939e-05
2.947, -6.1939e-05
2.948, -6.1939e-05
2.949, -6.1939e-05
2.95, -6.1939e-05
2.951, -6.1939e-05
2.952, -6.1939e-05
2.953, -6.1939e-05
2.954, -6.1939e-05
2.955, -6.1939e-05
2.956, -6.1939e-05
2.957, -6.1939e-05
2.958, -6.1939e-05
2.959, -6.1939e-05
2.96, -6.1939e-05
2.961, -6.1939e-05
2.962, -6.1939e-05
2.963, -6.1939e-05
2.964, -6.1939e-05
2.965, -6.1939e-05
2.966, -6.1939e-05
2.967, -6.1939e-05
2.968, -6.1939e-05
2.969, -6.1939e-05
2.97, -6.1939e-05
2.971, -6.1939e-05
2.972, -6.1939e-05
2.973, -6.1939e-05
2.974, -6.1939e-05
2.975, -6.1939e-05
2.976, -6.1939e-05
2.977, -6.1939e-05
2.978, -6.1939e-05
2.979, -6.1939e-05
2.98, -6.1939e-05
2.981, -6.1939e-05
2.982, -6.1939e-05
2.983, -6.1939e-05
2.984, -6.1939e-05
2.985, -6.1939e-05
2.986, -6.1939e-05
2.987, -6.1939e-05
2.988, -6.1939e-05
2.989, -6.1939e-05
2.99, -6.1939e-05
2.991, -6.1939e-05
2.992, -6.1939e-05
2.993, -6.1939e-05
2.994, -6.1939e-05
2.995, -6.1939e-05
2.996, -6.1939e-05
2.997, -6.1939e-05
2.998, -6.1939e-05
2.999, -6.1939e-05
3, -6.1939e-05
3.001, -6.1939e-05
3.002, -6.1939e-05
3.003, -6.1939e-05
3.004, -6.1939e-05
3.005, -6.1939e-05
3.006, -6.1939e-05
3.007, -6.1939e-05
3.008, -6.1939e-05
3.009, -6.1939e-05
3.01, -6.1939e-05
3.011, -6.1939e-05
3.012, -6.1939e-05
3.013, -6.1939e-05
3.014, -6.1939e-05
3.015, -6.1939e-05
3.016, -6.1939e-05
3.017, -6.1939e-05
3.018, -6.1939e-05
3.019, -6.1939e-05
3.02, -6.1939e-05
3.021, -6.1939e-05
3.022, -6.1939e-05
3.023, -6.1939e-05
3.024, -6.1939e-05
3.025, -6.1939e-05
3.026, -6.1939e-05
3.027, -6.1939e-05
3.028, -6.1939e-05
3.029, -6.1939e-05
3.03, -6.1939e-05
3.031, -6.1939e-05
3.032, -6.1939e-05
3.033, -6.1939e-05
3.034, -6.1939e-05
3.035, -6.1939e-05
3.036, -6.1939e-05
3.037, -6.1939e-05
3.038, -6.1939e-05
3.039, -6.1939e-05
3.04, -6.1939e-05
3.041, -6.1939e-05
3.042, -6.1939e-05
3.043, -6.1939e-05
3.044, -6.1939e-05
3.045, -6.1939e-05
3.046, -6.1939e-05
3.047, -6.1939e-05
3.048, -6.1939e-05
3.049, -6.1939e-05
3.05, -6.1939e-05
3.051, -6.1939e-05
3.052, -6.1939e-05
3.053, -6.1939e-05
3.054, -6.1939e-05
3.055, -6.1939e-05
3.056, -6.1939e-05
3.057, -6.1939e-05
3.058, -6.1939e-05
3.059, -6.1939e-05
3.06, -6.1939e-05
3.061, -6.1939e-05
3.062, -6.1939e-05
3.063, -6.1939e-05
3.064, -6.1939e-05
3.065, -6.1939e-05
3.066, -6.1939e-05
3.067, -6.1939e-05
3.068, -6.1939e-05
3.069, -6.1939e-05
3.07, -6.1939e-05
3.071, -6.1939e-05
3.072, -6.1939e-05
3.073, -6.1939e-05
3.074, -6.1939e-05
3.075, -6.1939e-05
3.076, -6.1939e-05
3.077, -6.1939e-05
3.078, -6.1939e-05
3.079, -6.1939e-05
3.08, -6.1939e-05
3.081, -6.1939e-05
3.082, -6.1939e-05
3.083, -6.1939e-05
3.084, -6.1939e-05
3.085, -6.1939e-05
3.086, -6.1939e-05
3.087, -6.1939e-05
3.088, -6.1939e-05
3.089, -6.1939e-05
3.09, -6.1939e-05
3.091, -6.1939e-05
3.092, -6.1939e-05
3.093, -6.1939e-05
3.094, -6.1939e-05
3.095, -6.1939e-05
3.096, -6.1939e-05
3.097, -6.1939e-05
3.098, -6.1939e-05
3.099, -6.1939e-05
3.1, -6.1939e-05
3.101, -6.1939e-05
3.102, -6.1939e-05
3.103, -6.1939e-05
3.104, -6.1939e-05
3.105, -6.1939e-05
3.106, -6.1939e-05
3.107, -6.1939e-05
3.108, -6.1939e-05
3.109, -6.1939e-05
3.11, -6.1939e-05
3.111, -6.1939e-05
3.112, -6.1939e-05
3.113, -6.1939e-05
3.114, -6.1939e-05
3.115, -6.1939e-05
3.116, -6.1939e-05
3.117, -6.1939e-05
3.118, -6.1939e-05
3.119, -6.1939e-05
3.12, -6.1939e-05
3.121, -6.1939e-05
3.122, -6.1939e-05
3.123, -6.1939e-05
3.124, -6.1939e-05
3.125, -6.1939e-05
3.126, -6.1939e-05
3.127, -6.1939e-05
3.128, -6.1939e-05
3.129, -6.1939e-05
3.13, -6.1939e-05
3.131, -6.1939e-05
3.132, -6.1939e-05
3.133, -6.1939e-05
3.134, -6.1939e-05
3.135, -6.1939e-05
3.136, -6.1939e-05
3.137, -6.1939e-05
3.138, -6.1939e-05
3.139, -6.1939e-05
3.14, -6.1939e-05
3.141, -6.1939e-05
3.142, -6.1939e-05
3.143, -6.1939e-05
3.144, -6.1939e-05
3.145, -6.1939e-05
3.146, -6.1939e-05
3.147, -6.1939e-05
3.148, -6.1939e-05
3.149, -6.1939e-05
3.15, -6.1939e-05
3.151, -6.1939e-05
3.152, -6.1939e-05
3.153, -6.1939e-05
3.154, -6.1939e-05
3.155, -6.1939e-05
3.156, -6.1939e-05
3.157, -6.1939e-05
3.158, -6.1939e-05
3.159, -6.1939e-05
3.16, -6.1939e-05
3.161, -6.1939e-05
3.162, -6.1939e-05
3.163, -6.1939e-05
3.164, -6.1939e-05
3.165, -6.1939e-05
3.166, -6.1939e-05
3.167, -6.1939e-05
3.168, -6.1939e-05
3.169, -6.1939e-05
3.17, -6.1939e-05
3.171, -6.1939e-05
3.172, -6.1939e-05
3.173, -6.1939e-05
3.174, -6.1939e-05
3.175, -6.1939e-05
3.176, -6.1939e-05
3.177, -6.1939e-05
3.178, -6.1939e-05
3.179, -6.1939e-05
3.18, -6.1939e-05
3.181, -6.1939e-05
3.182, -6.1939e-05
3.183, -6.1939e-05
3.184, -6.1939e-05
3.185, -6.1939e-05
3.186, -6.1939e-05
3.187, -6.1939e-05
3.188, -6.1939e-05
3.189, -6.1939e-05
3.19, -6.1939e-05
3.191, -6.1939e-05
3.192, -6.1939e-05
3.193, -6.1939e-05
3.194, -6.1939e-05
3.195, -6.1939e-05
3.196, -6.1939e-05
3.197, -6.1939e-05
3.198, -6.1939e-05
3.199, -6.1939e-05
3.2, -6.1939e-05
3.201, -6.1939e-05
3.202, -6.1939e-05
3.203, -6.1939e-05
3.204, -6.1939e-05
3.205, -6.1939e-05
3.206, -6.1939e-05
3.207, -6.1939e-05
3.208, -6.1939e-05
3.209, -6.1939e-05
3.21, -6.1939e-05
3.211, -6.1939e-05
3.212, -6.1939e-05
3.213, -6.1939e-05
3.214, -6.1939e-05
3.215, -6.1939e-05
3.216, -6.1939e-05
3.217, -6.1939e-05
3.218, -6.1939e-05
3.219, -6.1939e-05
3.22, -6.1939e-05
3.221, -6.1939e-05
3.222, -6.1939e-05
3.223, -6.1939e-05
3.224, -6.1939e-05
3.225, -6.1939e-05
3.226, -6.1939e-05
3.227, -6.1939e-05
3.228, -6.1939e-05
3.229, -6.1939e-05
3.23, -6.1939e-05
3.231, -6.1939e-05
3.232, -6.1939e-05
3.233, -6.1939e-05
3.234, -6.1939e-05
3.235, -6.1939e-05
3.236, -6.1939e-05
3.237, -6.1939e-05
3.238, -6.1939e-05
3.239, -6.1939e-05
3.24, -6.1939e-05
3.241, -6.1939e-05
3.242, -6.1939e-05
3.243, -6.1939e-05
3.244, -6.1939e-05
3.245, -6.1939e-05
3.246, -6.1939e-05
3.247, -6.1939e-05
3.248, -6.1939e-05
3.249, -6.1939e-05
3.25, -6.1939e-05
3.251, -6.1939e-05
3.252, -6.1939e-05
3.253, -6.1939e-05
3.254, -6.1939e-05
3.255, -6.1939e-05
3.256, -6.1939e-05
3.257, -6.1939e-05
3.258, -6.1939e-05
3.259, -6.1939e-05
3.26, -6.1939e-05
3.261, -6.1939e-05
3.262, -6.1939e-05
3.263, -6.1939e-05
3.264, -6.1939e-05
3.265, -6.1939e-05
3.266, -6.1939e-05
3.267, -6.1939e-05
3.268, -6.1939e-05
3.269, -6.1939e-05
3.27, -6.1939e-05
3.271, -6.1939e-05
3.272, -6.1939e-05
3.273, -6.1939e-05
3.274, -6.1939e-05
3.275, -6.1939e-05
3.276, -6.1939e-05
3.277, -6.1939e-05
3.278, -6.1939e-05
3.279, -6.1939e-05
3.28, -6.1939e-05
3.281, -6.1939e-05
3.282, -6.1939e-05
3.283, -6.1939e-05
3.284, -6.1939e-05
3.285, -6.1939e-05
3.286, -6.1939e-05
3.287, -6.1939e-05
3.288, -6.1939e-05
3.289, -6.1939e-05
3.29, -6.1939e-05
3.291, -6.1939e-05
3.292, -6.1939e-05
3.293, -6.1939e-05
3.294, -6.1939e-05
3.295, -6.1939e-05
3.296, -6.1939e-05
3.297, -6.1939e-05
3.298, -6.1939e-05
3.299, -6.1939e-05
3.3, -6.1939e-05
3.301, -6.1939e-05
3.302, -6.1939e-05
3.303, -6.1939e-05
3.304, -6.1939e-05
3.305, -6.1939e-05
3.306, -6.1939e-05
3.307, -6.1939e-05
3.308, -6.1939e-05
3.309, -6.1939e-05
3.31, -6.1939e-05
3.311, -6.1939e-05
3.312, -6.1939e-05
3.313, -6.1939e-05
3.314, -6.1939e-05
3.315, -6.1939e-05
3.316, -6.1939e-05
3.317, -6.1939e-05
3.318, -6.1939e-05
3.319, -6.1939e-05
3.32, -6.1939e-05
3.321, -6.1939e-05
3.322, -6.1939e-05
3.323, -6.1939e-05
3.324, -6.1939e-05
3.325, -6.1939e-05
3.326, -6.1939e-05
3.327, -6.1939e-05
3.328, -6.1939e-05
3.329, -6.1939e-05
3.33, -6.1939e-05
3.331, -6.1939e-05
3.332, -6.1939e-05
3.333, -6.1939e-05
3.334, -6.1939e-05
3.335, -6.1939e-05
3.336, -6.1939e-05
3.337, -6.1939e-05
3.338, -6.1939e-05
3.339, -6.1939e-05
3.34, -6.1939e-05
3.341, -6.1939e-05
3.342, -6.1939e-05
3.343, -6.1939e-05
3.344, -6.1939e-05
3.345, -6.1939e-05
3.346, -6.1939e-05
3.347, -6.1939e-05
3.348, -6.1939e-05
3.349, -6.1939e-05
3.35, -6.1939e-05
3.351, -6.1939e-05
3.352, -6.1939e-05
3.353, -6.1939e-05
3.354, -6.1939e-05
3.355, -6.1939e-05
3.356, -6.1939e-05
3.357, -6.1939e-05
3.358, -6.1939e-05
3.359, -6.1939e-05
3.36, -6.1939e-05
3.361, -6.1939e-05
3.362, -6.1939e-05
3.363, -6.1939e-05
3.364, -6.1939e-05
3.365, -6.1939e-05
3.366, -6.1939e-05
3.367, -6.1939e-05
3.368, -6.1939e-05
3.369, -6.1939e-05
3.37, -6.1939e-05
3.371, -6.1939e-05
3.372, -6.1939e-05
3.373, -6.1939e-05
3.374, -6.1939e-05
3.375, -6.1939e-05
3.376, -6.1939e-05
3.377, -6.1939e-05
3.378, -6.1939e-05
3.379, -6.1939e-05
3.38, -6.1939e-05
3.381, -6.1939e-05
3.382, -6.1939e-05
3.383, -6.1939e-05
3.384, -6.1939e-05
3.385, -6.1939e-05
3.386, -6.1939e-05
3.387, -6.1939e-05
3.388, -6.1939e-05
3.389, -6.1939e-05
3.39, -6.1939e-05
3.391, -6.1939e-05
3.392, -6.1939e-05
3.393, -6.1939e-05
3.394, -6.1939e-05
3.395, -6.1939e-05
3.396, -6.1939e-05
3.397, -6.1939e-05
3.398, -6.1939e-05
3.399, -6.1939e-05
3.4, -6.1939e-05
3.401, -6.1939e-05
3.402, -6.1939e-05
3.403, -6.1939e-05
3.404, -6.1939e-05
3.405, -6.1939e-05
3.406, -6.1939e-05
3.407, -6.1939e-05
3.408, -6.1939e-05
3.409, -6.1939e-05
3.41, -6.1939e-05
3.411, -6.1939e-05
3.412, -6.1939e-05
3.413, -6.1939e-05
3.414, -6.1939e-05
3.415, -6.1939e-05
3.416, -6.1939e-05
3.417, -6.1939e-05
3.418, -6.1939e-05
3.419, -6.1939e-05
3.42, -6.1939e-05
3.421, -6.1939e-05
3.422, -6.1939e-05
3.423, -6.1939e-05
3.424, -6.1939e-05
3.425, -6.1939e-05
3.426, -6.1939e-05
3.427, -6.1939e-05
3.428, -6.1939e-05
3.429, -6.1939e-05
3.43, -6.1939e-05
3.431, -6.1939e-05
3.432, -6.1939e-05
3.433, -6.1939e-05
3.434, -6.1939e-05
3.435, -6.1939e-05
3.436, -6.1939e-05
3.437, -6.1939e-05
3.438, -6.1939e-05
3.439, -6.1939e-05
3.44, -6.1939e-05
3.441, -6.1939e-05
3.442, -6.1939e-05
3.443, -6.1939e-05
3.444, -6.1939e-05
3.445, -6.1939e-05
3.446, -6.1939e-05
3.447, -6.1939e-05
3.448, -6.1939e-05
3.449, -6.1939e-05
3.45, -6.1939e-05
3.451, -6.1939e-05
3.452, -6.1939e-05
3.453, -6.1939e-05
3.454, -6.1939e-05
3.455, -6.1939e-05
3.456, -6.1939e-05
3.457, -6.1939e-05
3.458, -6.1939e-05
3.459, -6.1939e-05
3.46, -6.1939e-05
3.461, -6.1939e-05
3.462, -6.1939e-05
3.463, -6.1939e-05
3.464, -6.1939e-05
3.465, -6.1939e-05
3.466, -6.1939e-05
3.467, -6.1939e-05
3.468, -6.1939e-05
3.469, -6.1939e-05
3.47, -6.1939e-05
3.471, -6.1939e-05
3.472, -6.1939e-05
3.473, -6.1939e-05
3.474, -6.1939e-05
3.475, -6.1939e-05
3.476, -6.1939e-05
3.477, -6.1939e-05
3.478, -6.1939e-05
3.479, -6.1939e-05
3.48, -6.1939e-05
3.481, -6.1939e-05
3.482, -6.1939e-05
3.483, -6.1939e-05
3.484, -6.1939e-05
3.485, -6.1939e-05
3.486, -6.1939e-05
3.487, -6.1939e-05
3.488, -6.1939e-05
3.489, -6.1939e-05
3.49, -6.1939e-05
3.491, -6.1939e-05
3.492, -6.1939e-05
3.493, -6.1939e-05
3.494, -6.1939e-05
3.495, -6.1939e-05
3.496, -6.1939e-05
3.497, -6.1939e-05
3.498, -6.1939e-05
3.499, -6.1939e-05
3.5, -6.1939e-05
3.501, -6.1939e-05
3.502, -6.1939e-05
3.503, -6.1939e-05
3.504, -6.1939e-05
3.505, -6.1939e-05
3.506, -6.1939e-05
3.507, -6.1939e-05
3.508, -6.1939e-05
3.509, -6.1939e-05
3.51, -6.1939e-05
3.511, -6.1939e-05
3.512, -6.1939e-05
3.513, -6.1939e-05
3.514, -6.1939e-05
3.515, -6.1939e-05
3.516, -6.1939e-05
3.517, -6.1939e-05
3.518, -6.1939e-05
3.519, -6.1939e-05
3.52, -6.1939e-05
3.521, -6.1939e-05
3.522, -6.1939e-05
3.523, -6.1939e-05
3.524, -6.1939e-05
3.525, -6.1939e-05
3.526, -6.1939e-05
3.527, -6.1939e-05
3.528, -6.1939e-05
3.529, -6.1939e-05
3.53, -6.1939e-05
3.531, -6.1939e-05
3.532, -6.1939e-05
3.533, -6.1939e-05
3.534, -6.1939e-05
3.535, -6.1939e-05
3.536, -6.1939e-05
3.537, -6.1939e-05
3.538, -6.1939e-05
3.539, -6.1939e-05
3.54, -6.1939e-05
3.541, -6.1939e-05
3.542, -6.1939e-05
3.543, -6.1939e-05
3.544, -6.1939e-05
3.545, -6.1939e-05
3.546, -6.1939e-05
3.547, -6.1939e-05
3.548, -6.1939e-05
3.549, -6.1939e-05
3.55, -6.1939e-05
3.551, -6.1939e-05
3.552, -6.1939e-05
3.553, -6.1939e-05
3.554, -6.1939e-05
3.555, -6.1939e-05
3.556, -6.1939e-05
3.557, -6.1939e-05
3.558, -6.1939e-05
3.559, -6.1939e-05
3.56, -6.1939e-05
3.561, -6.1939e-05
3.562, -6.1939e-05
3.563, -6.1939e-05
3.564, -6.1939e-05
3.565, -6.1939e-05
3.566, -6.1939e-05
3.567, -6.1939e-05
3.568, -6.1939e-05
3.569, -6.1939e-05
3.57, -6.1939e-05
3.571, -6.1939e-05
3.572, -6.1939e-05
3.573, -6.1939e-05
3.574, -6.1939e-05
3.575, -6.1939e-05
3.576, -6.1939e-05
3.577, -6.1939e-05
3.578, -6.1939e-05
3.579, -6.1939e-05
3.58, -6.1939e-05
3.581, -6.1939e-05
3.582, -6.1939e-05
3.583, -6.1939e-05
3.584, -6.1939e-05
3.585, -6.1939e-05
3.586, -6.1939e-05
3.587, -6.1939e-05
3.588, -6.1939e-05
3.589, -6.1939e-05
3.59, -6.1939e-05
3.591, -6.1939e-05
3.592, -6.1939e-05
3.593, -6.1939e-05
3.594, -6.1939e-05
3.595, -6.1939e-05
3.596, -6.1939e-05
3.597, -6.1939e-05
3.598, -6.1939e-05
3.599, -6.1939e-05
3.6, -6.1939e-05
3.601, -6.1939e-05
3.602, -6.1939e-05
3.603, -6.1939e-05
3.604, -6.1939e-05
3.605, -6.1939e-05
3.606, -6.1939e-05
3.607, -6.1939e-05
3.608, -6.1939e-05
3.609, -6.1939e-05
3.61, -6.1939e-05
3.611, -6.1939e-05
3.612, -6.1939e-05
3.613, -6.1939e-05
3.614, -6.1939e-05
3.615, -6.1939e-05
3.616, -6.1939e-05
3.617, -6.1939e-05
3.618, -6.1939e-05
3.619, -6.1939e-05
3.62, -6.1939e-05
3.621, -6.1939e-05
3.622, -6.1939e-05
3.623, -6.1939e-05
3.624, -6.1939e-05
3.625, -6.1939e-05
3.626, -6.1939e-05
3.627, -6.1939e-05
3.628, -6.1939e-05
3.629, -6.1939e-05
3.63, -6.1939e-05
3.631, -6.1939e-05
3.632, -6.1939e-05
3.633, -6.1939e-05
3.634, -6.1939e-05
3.635, -6.1939e-05
3.636, -6.1939e-05
3.637, -6.1939e-05
3.638, -6.1939e-05
3.639, -6.1939e-05
3.64, -6.1939e-05
3.641, -6.1939e-05
3.642, -6.1939e-05
3.643, -6.1939e-05
3.644, -6.1939e-05
3.645, -6.1939e-05
3.646, -6.1939e-05
3.647, -6.1939e-05
3.648, -6.1939e-05
3.649, -6.1939e-05
3.65, -6.1939e-05
3.651, -6.1939e-05
3.652, -6.1939e-05
3.653, -6.1939e-05
3.654, -6.1939e-05
3.655, -6.1939e-05
3.656, -6.1939e-05
3.657, -6.1939e-05
3.658, -6.1939e-05
3.659, -6.1939e-05
3.66, -6.1939e-05
3.661, -6.1939e-05
3.662, -6.1939e-05
3.663, -6.1939e-05
3.664, -6.1939e-05
3.665, -6.1939e-05
3.666, -6.1939e-05
3.667, -6.1939e-05
3.668, -6.1939e-05
3.669, -6.1939e-05
3.67, -6.1939e-05
3.671, -6.1939e-05
3.672, -6.1939e-05
3.673, -6.1939e-05
3.674, -6.1939e-05
3.675, -6.1939e-05
3.676, -6.1939e-05
3.677, -6.1939e-05
3.678, -6.1939e-05
3.679, -6.1939e-05
3.68, -6.1939e-05
3.681, -6.1939e-05
3.682, -6.1939e-05
3.683, -6.1939e-05
3.684, -6.1939e-05
3.685, -6.1939e-05
3.686, -6.1939e-05
3.687, -6.1939e-05
3.688, -6.1939e-05
3.689, -6.1939e-05
3.69, -6.1939e-05
3.691, -6.1939e-05
3.692, -6.1939e-05
3.693, -6.1939e-05
3.694, -6.1939e-05
3.695, -6.1939e-05
3.696, -6.1939e-05
3.697, -6.1939e-05
3.698, -6.1939e-05
3.699, -6.1939e-05
3.7, -6.1939e-05
3.701, -6.1939e-05
3.702, -6.1939e-05
3.703, -6.1939e-05
3.704, -6.1939e-05
3.705, -6.1939e-05
3.706, -6.1939e-05
3.707, -6.1939e-05
3.708, -6.1939e-05
3.709, -6.1939e-05
3.71, -6.1939e-05
3.711, -6.1939e-05
3.712, -6.1939e-05
3.713, -6.1939e-05
3.714, -6.1939e-05
3.715, -6.1939e-05
3.716, -6.1939e-05
3.717, -6.1939e-05
3.718, -6.1939e-05
3.719, -6.1939e-05
3.72, -6.1939e-05
3.721, -6.1939e-05
3.722, -6.1939e-05
3.723, -6.1939e-05
3.724, -6.1939e-05
3.725, -6.1939e-05
3.726, -6.1939e-05
3.727, -6.1939e-05
3.728, -6.1939e-05
3.729, -6.1939e-05
3.73, -6.1939e-05
3.731, -6.1939e-05
3.732, -6.1939e-05
3.733, -6.1939e-05
3.734, -6.1939e-05
3.735, -6.1939e-05
3.736, -6.1939e-05
3.737, -6.1939e-05
3.738, -6.1939e-05
3.739, -6.1939e-05
3.74, -6.1939e-05
3.741, -6.1939e-05
3.742, -6.1939e-05
3.743, -6.1939e-05
3.744, -6.1939e-05
3.745, -6.1939e-05
3.746, -6.1939e-05
3.747, -6.1939e-05
3.748, -6.1939e-05
3.749, -6.1939e-05
3.75, -6.1939e-05
3.751, -6.1939e-05
3.752, -6.1939e-05
3.753, -6.1939e-05
3.754, -6.1939e-05
3.755, -6.1939e-05
3.756, -6.1939e-05
3.757, -6.1939e-05
3.758, -6.1939e-05
3.759, -6.1939e-05
3.76, -6.1939e-05
3.761, -6.1939e-05
3.762, -6.1939e-05
3.763, -6.1939e-05
3.764, -6.1939e-05
3.765, -6.1939e-05
3.766, -6.1939e-05
3.767, -6.1939e-05
3.768, -6.1939e-05
3.769, -6.1939e-05
3.77, -6.1939e-05
3.771, -6.1939e-05
3.772, -6.1939e-05
3.773, -6.1939e-05
3.774, -6.1939e-05
3.775, -6.1939e-05
3.776, -6.1939e-05
3.777, -6.1939e-05
3.778, -6.1939e-05
3.779, -6.1939e-05
3.78, -6.1939e-05
3.781, -6.1939e-05
3.782, -6.1939e-05
3.783, -6.1939e-05
3.784, -6.1939e-05
3.785, -6.1939e-05
3.786, -6.1939e-05
3.787, -6.1939e-05
3.788, -6.1939e-05
3.789, -6.1939e-05
3.79, -6.1939e-05
3.791, -6.1939e-05
3.792, -6.1939e-05
3.793, -6.1939e-05
3.794, -6.1939e-05
3.795, -6.1939e-05
3.796, -6.1939e-05
3.797, -6.1939e-05
3.798, -6.1939e-05
3.799, -6.1939e-05
3.8, -6.1939e-05
3.801, -6.1939e-05
3.802, -6.1939e-05
3.803, -6.1939e-05
3.804, -6.1939e-05
3.805, -6.1939e-05
3.806, -6.1939e-05
3.807, -6.1939e-05
3.808, -6.1939e-05
3.809, -6.1939e-05
3.81, -6.1939e-05
3.811, -6.1939e-05
3.812, -6.1939e-05
3.813, -6.1939e-05
3.814, -6.1939e-05
3.815, -6.1939e-05
3.816, -6.1939e-05
3.817, -6.1939e-05
3.818, -6.1939e-05
3.819, -6.1939e-05
3.82, -6.1939e-05
3.821, -6.1939e-05
3.822, -6.1939e-05
3.823, -6.1939e-05
3.824, -6.1939e-05
3.825, -6.1939e-05
3.826, -6.1939e-05
3.827, -6.1939e-05
3.828, -6.1939e-05
3.829, -6.1939e-05
3.83, -6.1939e-05
3.831, -6.1939e-05
3.832, -6.1939e-05
3.833, -6.1939e-05
3.834, -6.1939e-05
3.835, -6.1939e-05
3.836, -6.1939e-05
3.837, -6.1939e-05
3.838, -6.1939e-05
3.839, -6.1939e-05
3.84, -6.1939e-05
3.841, -6.1939e-05
3.842, -6.1939e-05
3.843, -6.1939e-05
3.844, -6.1939e-05
3.845, -6.1939e-05
3.846, -6.1939e-05
3.847, -6.1939e-05
3.848, -6.1939e-05
3.849, -6.1939e-05
3.85, -6.1939e-05
3.851, -6.1939e-05
3.852, -6.1939e-05
3.853, -6.1939e-05
3.854, -6.1939e-05
3.855, -6.1939e-05
3.856, -6.1939e-05
3.857, -6.1939e-05
3.858, -6.1939e-05
3.859, -6.1939e-05
3.86, -6.1939e-05
3.861, -6.1939e-05
3.862, -6.1939e-05
3.863, -6.1939e-05
3.864, -6.1939e-05
3.865, -6.1939e-05
3.866, -6.1939e-05
3.867, -6.1939e-05
3.868, -6.1939e-05
3.869, -6.1939e-05
3.87, -6.1939e-05
3.871, -6.1939e-05
3.872, -6.1939e-05
3.873, -6.1939e-05
3.874, -6.1939e-05
3.875, -6.1939e-05
3.876, -6.1939e-05
3.877, -6.1939e-05
3.878, -6.1939e-05
3.879, -6.1939e-05
3.88, -6.1939e-05
3.881, -6.1939e-05
3.882, -6.1939e-05
3.883, -6.1939e-05
3.884, -6.1939e-05
3.885, -6.1939e-05
3.886, -6.1939e-05
3.887, -6.1939e-05
3.888, -6.1939e-05
3.889, -6.1939e-05
3.89, -6.1939e-05
3.891, -6.1939e-05
3.892, -6.1939e-05
3.893, -6.1939e-05
3.894, -6.1939e-05
3.895, -6.1939e-05
3.896, -6.1939e-05
3.897, -6.1939e-05
3.898, -6.1939e-05
3.899, -6.1939e-05
3.9, -6.1939e-05
3.901, -6.1939e-05
3.902, -6.1939e-05
3.903, -6.1939e-05
3.904, -6.1939e-05
3.905, -6.1939e-05
3.906, -6.1939e-05
3.907, -6.1939e-05
3.908, -6.1939e-05
3.909, -6.1939e-05
3.91, -6.1939e-05
3.911, -6.1939e-05
3.912, -6.1939e-05
3.913, -6.1939e-05
3.914, -6.1939e-05
3.915, -6.1939e-05
3.916, -6.1939e-05
3.917, -6.1939e-05
3.918, -6.1939e-05
3.919, -6.1939e-05
3.92, -6.1939e-05
3.921, -6.1939e-05
3.922, -6.1939e-05
3.923, -6.1939e-05
3.924, -6.1939e-05
3.925, -6.1939e-05
3.926, -6.1939e-05
3.927, -6.1939e-05
3.928, -6.1939e-05
3.929, -6.1939e-05
3.93, -6.1939e-05
3.931, -6.1939e-05
3.932, -6.1939e-05
3.933, -6.1939e-05
3.934, -6.1939e-05
3.935, -6.1939e-05
3.936, -6.1939e-05
3.937, -6.1939e-05
3.938, -6.1939e-05
3.939, -6.1939e-05
3.94, -6.1939e-05
3.941, -6.1939e-05
3.942, -6.1939e-05
3.943, -6.1939e-05
3.944, -6.1939e-05
3.945, -6.1939e-05
3.946, -6.1939e-05
3.947, -6.1939e-05
3.948, -6.1939e-05
3.949, -6.1939e-05
3.95, -6.1939e-05
3.951, -6.1939e-05
3.952, -6.1939e-05
3.953, -6.1939e-05
3.954, -6.1939e-05
3.955, -6.1939e-05
3.956, -6.1939e-05
3.957, -6.1939e-05
3.958, -6.1939e-05
3.959, -6.1939e-05
3.96, -6.1939e-05
3.961, -6.1939e-05
3.962, -6.1939e-05
3.963, -6.1939e-05
3.964, -6.1939e-05
3.965, -6.1939e-05
3.966, -6.1939e-05
3.967, -6.1939e-05
3.968, -6.1939e-05
3.969, -6.1939e-05
3.97, -6.1939e-05
3.971, -6.1939e-05
3.972, -6.1939e-05
3.973, -6.1939e-05
3.974, -6.1939e-05
3.975, -6.1939e-05
3.976, -6.1939e-05
3.977, -6.1939e-05
3.978, -6.1939e-05
3.979, -6.1939e-05
3.98, -6.1939e-05
3.981, -6.1939e-05
3.982, -6.1939e-05
3.983, -6.1939e-05
3.984, -6.1939e-05
3.985, -6.1939e-05
3.986, -6.1939e-05
3.987, -6.1939e-05
3.988, -6.1939e-05
3.989, -6.1939e-05
3.99, -6.1939e-05
3.991, -6.1939e-05
3.992, -6.1939e-05
3.993, -6.1939e-05
3.994, -6.1939e-05
3.995, -6.1939e-05
3.996, -6.1939e-05
3.997, -6.1939e-05
3.998, -6.1939e-05
3.999, -6.1939e-05
4, -6.1939e-05
4.001, -6.1939e-05
4.002, -6.1939e-05
4.003, -6.1939e-05
4.004, -6.1939e-05
4.005, -6.1939e-05
4.006, -6.1939e-05
4.007, -6.1939e-05
4.008, -6.1939e-05
4.009, -6.1939e-05
4.01, -6.1939e-05
4.011, -6.1939e-05
4.012, -6.1939e-05
4.013, -6.1939e-05
4.014, -6.1939e-05
4.015, -6.1939e-05
4.016, -6.1939e-05
4.017, -6.1939e-05
4.018, -6.1939e-05
4.019, -6.1939e-05
4.02, -6.1939e-05
4.021, -6.1939e-05
4.022, -6.1939e-05
4.023, -6.1939e-05
4.024, -6.1939e-05
4.025, -6.1939e-05
4.026, -6.1939e-05
4.027, -6.1939e-05
4.028, -6.1939e-05
4.029, -6.1939e-05
4.03, -6.1939e-05
4.031, -6.1939e-05
4.032, -6.1939e-05
4.033, -6.1939e-05
4.034, -6.1939e-05
4.035, -6.1939e-05
4.036, -6.1939e-05
4.037, -6.1939e-05
4.038, -6.1939e-05
4.039, -6.1939e-05
4.04, -6.1939e-05
4.041, -6.1939e-05
4.042, -6.1939e-05
4.043, -6.1939e-05
4.044, -6.1939e-05
4.045, -6.1939e-05
4.046, -6.1939e-05
4.047, -6.1939e-05
4.048, -6.1939e-05
4.049, -6.1939e-05
4.05, -6.1939e-05
4.051, -6.1939e-05
4.052, -6.1939e-05
4.053, -6.1939e-05
4.054, -6.1939e-05
4.055, -6.1939e-05
4.056, -6.1939e-05
4.057, -6.1939e-05
4.058, -6.1939e-05
4.059, -6.1939e-05
4.06, -6.1939e-05
4.061, -6.1939e-05
4.062, -6.1939e-05
4.063, -6.1939e-05
4.064, -6.1939e-05
4.065, -6.1939e-05
4.066, -6.1939e-05
4.067, -6.1939e-05
4.068, -6.1939e-05
4.069, -6.1939e-05
4.07, -6.1939e-05
4.071, -6.1939e-05
4.072, -6.1939e-05
4.073, -6.1939e-05
4.074, -6.1939e-05
4.075, -6.1939e-05
4.076, -6.1939e-05
4.077, -6.1939e-05
4.078, -6.1939e-05
4.079, -6.1939e-05
4.08, -6.1939e-05
4.081, -6.1939e-05
4.082, -6.1939e-05
4.083, -6.1939e-05
4.084, -6.1939e-05
4.085, -6.1939e-05
4.086, -6.1939e-05
4.087, -6.1939e-05
4.088, -6.1939e-05
4.089, -6.1939e-05
4.09, -6.1939e-05
4.091, -6.1939e-05
4.092, -6.1939e-05
4.093, -6.1939e-05
4.094, -6.1939e-05
4.095, -6.1939e-05
4.096, -6.1939e-05
4.097, -6.1939e-05
4.098, -6.1939e-05
4.099, -6.1939e-05
4.1, -6.1939e-05
4.101, -6.1939e-05
4.102, -6.1939e-05
