sim_time, unit_box_Custom?world_pose/orientation/yaw
0.001, -2.24453e-10
0.002, 5.34497e-06
0.003, 2.53605e-07
0.004, -7.38945e-06
0.005, -1.45829e-06
0.006, 5.73006e-06
0.007, 7.01195e-07
0.008, -6.70707e-06
0.009, -8.76828e-07
0.01, 6.46239e-06
0.011, 1.21526e-06
0.012, -6.11316e-06
0.013, -4.38952e-07
0.014, 6.94802e-06
0.015, 1.57903e-06
0.016, -5.725e-06
0.017, -1.28072e-07
0.018, 7.27232e-06
0.019, 1.85491e-06
0.02, -5.44201e-06
0.021, 1.26339e-07
0.022, 7.53069e-06
0.023, 2.09665e-06
0.024, -5.19806e-06
0.025, 3.60814e-07
0.026, 7.76645e-06
0.027, 2.32709e-06
0.028, -4.96686e-06
0.029, 5.8905e-07
0.03, 7.99519e-06
0.031, 2.55421e-06
0.032, -4.7394e-06
0.033, 8.15685e-07
0.034, 8.22211e-06
0.035, 2.78071e-06
0.036, -4.51269e-06
0.037, 1.04225e-06
0.038, 8.44889e-06
0.039, 3.00747e-06
0.04, -4.28573e-06
0.041, 1.26929e-06
0.042, 8.67615e-06
0.043, 3.23484e-06
0.044, -4.05817e-06
0.045, 1.49704e-06
0.046, 8.90412e-06
0.047, 3.46299e-06
0.048, -3.82981e-06
0.049, 1.72562e-06
0.05, 9.13294e-06
0.051, 3.69202e-06
0.052, -3.60055e-06
0.053, 1.95513e-06
0.054, 9.3627e-06
0.055, 3.92202e-06
0.056, -3.3703e-06
0.057, 2.18565e-06
0.058, 9.59351e-06
0.059, 4.15308e-06
0.06, -3.13897e-06
0.061, 2.41726e-06
0.062, 9.82542e-06
0.063, 4.38527e-06
0.064, -2.90649e-06
0.065, 2.65006e-06
0.066, 1.00585e-05
0.067, 4.61869e-06
0.068, -2.67276e-06
0.069, 2.88412e-06
0.07, 1.02929e-05
0.071, 4.85341e-06
0.072, -2.43771e-06
0.073, 3.11952e-06
0.074, 1.05287e-05
0.075, 5.08951e-06
0.076, -2.20126e-06
0.077, 3.35635e-06
0.078, 1.07659e-05
0.079, 5.32708e-06
0.08, -1.96331e-06
0.081, 3.59469e-06
0.082, 1.10047e-05
0.083, 5.56621e-06
0.084, -1.7238e-06
0.085, 3.83463e-06
0.086, 1.1245e-05
0.087, 5.80697e-06
0.088, -1.48262e-06
0.089, 4.07624e-06
0.09, 1.14871e-05
0.091, 6.04945e-06
0.092, -1.2397e-06
0.093, 4.31962e-06
0.094, 1.17309e-05
0.095, 6.29374e-06
0.096, -9.94954e-07
0.097, 4.56485e-06
0.098, 1.19767e-05
0.099, 6.53993e-06
0.1, -7.48291e-07
0.101, 4.81202e-06
0.102, 1.22243e-05
0.103, 6.78809e-06
0.104, -4.99627e-07
0.105, 5.06121e-06
0.106, 1.24741e-05
0.107, 7.03856e-06
0.108, -2.4888e-07
0.109, 5.31193e-06
0.11, 1.27252e-05
0.111, 7.29082e-06
0.112, 4.10461e-09
0.113, 5.56553e-06
0.114, 1.29795e-05
0.115, 7.54558e-06
0.116, 2.59471e-07
0.117, 5.82141e-06
0.118, 1.3236e-05
0.119, 7.80262e-06
0.12, 5.17102e-07
0.121, 6.07962e-06
0.122, 1.34949e-05
0.123, 8.06204e-06
0.124, 7.77137e-07
0.125, 6.34028e-06
0.126, 1.37562e-05
0.127, 8.32396e-06
0.128, 1.03969e-06
0.129, 6.60349e-06
0.13, 1.402e-05
0.131, 8.58849e-06
0.132, 1.30488e-06
0.133, 6.86935e-06
0.134, 1.42866e-05
0.135, 8.85572e-06
0.136, 1.57279e-06
0.137, 7.13797e-06
0.138, 1.45559e-05
0.139, 9.12575e-06
0.14, 1.84352e-06
0.141, 7.40943e-06
0.142, 1.48281e-05
0.143, 9.39867e-06
0.144, 2.11716e-06
0.145, 7.68382e-06
0.146, 1.51033e-05
0.147, 9.67458e-06
0.148, 2.39382e-06
0.149, 7.96126e-06
0.15, 1.53815e-05
0.151, 9.95357e-06
0.152, 2.67359e-06
0.153, 8.24183e-06
0.154, 1.56629e-05
0.155, 1.02358e-05
0.156, 2.95657e-06
0.157, 8.52564e-06
0.158, 1.59476e-05
0.159, 1.05212e-05
0.16, 3.24286e-06
0.161, 8.81278e-06
0.162, 1.62356e-05
0.163, 1.08101e-05
0.164, 3.53255e-06
0.165, 9.10335e-06
0.166, 1.65271e-05
0.167, 1.11024e-05
0.168, 3.82576e-06
0.169, 9.39747e-06
0.17, 1.68221e-05
0.171, 1.13983e-05
0.172, 4.12259e-06
0.173, 9.69522e-06
0.174, 1.71208e-05
0.175, 1.1698e-05
0.176, 4.42313e-06
0.177, 9.99672e-06
0.178, 1.74233e-05
0.179, 1.20014e-05
0.18, 4.72751e-06
0.181, 1.03021e-05
0.182, 1.77297e-05
0.183, 1.23087e-05
0.184, 5.03581e-06
0.185, 1.06114e-05
0.186, 1.804e-05
0.187, 1.262e-05
0.188, 5.34816e-06
0.189, 1.09248e-05
0.19, 1.83545e-05
0.191, 1.29355e-05
0.192, 5.66466e-06
0.193, 1.12424e-05
0.194, 1.86731e-05
0.195, 1.32552e-05
0.196, 5.98542e-06
0.197, 1.15642e-05
0.198, 1.89961e-05
0.199, 1.35793e-05
0.2, 6.31057e-06
0.201, 1.18905e-05
0.202, 1.93235e-05
0.203, 1.39078e-05
0.204, 6.6402e-06
0.205, 1.22213e-05
0.206, 1.96555e-05
0.207, 1.42409e-05
0.208, 6.97444e-06
0.209, 1.25567e-05
0.21, 1.99921e-05
0.211, 1.45787e-05
0.212, 7.31341e-06
0.213, 1.28969e-05
0.214, 2.03335e-05
0.215, 1.49213e-05
0.216, 7.65723e-06
0.217, 1.32419e-05
0.218, 2.06799e-05
0.219, 1.52689e-05
0.22, 8.00601e-06
0.221, 1.3592e-05
0.222, 2.10312e-05
0.223, 1.56215e-05
0.224, 8.35988e-06
0.225, 1.39472e-05
0.226, 2.13877e-05
0.227, 1.59793e-05
0.228, 8.71897e-06
0.229, 1.43076e-05
0.23, 2.17495e-05
0.231, 1.63424e-05
0.232, 9.0834e-06
0.233, 1.46734e-05
0.234, 2.21167e-05
0.235, 1.67109e-05
0.236, 9.4533e-06
0.237, 1.50447e-05
0.238, 2.24895e-05
0.239, 1.7085e-05
0.24, 9.8288e-06
0.241, 1.54217e-05
0.242, 2.28679e-05
0.243, 1.74649e-05
0.244, 1.021e-05
0.245, 1.58044e-05
0.246, 2.32521e-05
0.247, 1.78505e-05
0.248, 1.05971e-05
0.249, 1.6193e-05
0.25, 2.36422e-05
0.251, 1.82421e-05
0.252, 1.09902e-05
0.253, 1.65876e-05
0.254, 2.40384e-05
0.255, 1.86399e-05
0.256, 1.13895e-05
0.257, 1.69885e-05
0.258, 2.44409e-05
0.259, 1.90438e-05
0.26, 1.1795e-05
0.261, 1.73956e-05
0.262, 2.48497e-05
0.263, 1.94542e-05
0.264, 1.2207e-05
0.265, 1.78092e-05
0.266, 2.5265e-05
0.267, 1.98711e-05
0.268, 1.26255e-05
0.269, 1.82294e-05
0.27, 2.56869e-05
0.271, 2.02947e-05
0.272, 1.30508e-05
0.273, 1.86564e-05
0.274, 2.61156e-05
0.275, 2.07251e-05
0.276, 1.34829e-05
0.277, 1.90903e-05
0.278, 2.65513e-05
0.279, 2.11625e-05
0.28, 1.3922e-05
0.281, 1.95313e-05
0.282, 2.69941e-05
0.283, 2.16071e-05
0.284, 1.43684e-05
0.285, 1.99794e-05
0.286, 2.74442e-05
0.287, 2.20589e-05
0.288, 1.4822e-05
0.289, 2.0435e-05
0.29, 2.79016e-05
0.291, 2.25182e-05
0.292, 1.52832e-05
0.293, 2.08981e-05
0.294, 2.83667e-05
0.295, 2.29852e-05
0.296, 1.5752e-05
0.297, 2.13688e-05
0.298, 2.88395e-05
0.299, 2.34599e-05
0.3, 1.62286e-05
0.301, 2.18475e-05
0.302, 2.93201e-05
0.303, 2.39425e-05
0.304, 1.67132e-05
0.305, 2.23342e-05
0.306, 2.98089e-05
0.307, 2.44333e-05
0.308, 1.7206e-05
0.309, 2.2829e-05
0.31, 3.03059e-05
0.311, 2.49324e-05
0.312, 1.77071e-05
0.313, 2.33323e-05
0.314, 3.08114e-05
0.315, 2.54399e-05
0.316, 1.82168e-05
0.317, 2.38441e-05
0.318, 3.13254e-05
0.319, 2.59561e-05
0.32, 1.87351e-05
0.321, 2.43647e-05
0.322, 3.18483e-05
0.323, 2.64811e-05
0.324, 1.92623e-05
0.325, 2.48942e-05
0.326, 3.23801e-05
0.327, 2.70151e-05
0.328, 1.97986e-05
0.329, 2.54328e-05
0.33, 3.29211e-05
0.331, 2.75584e-05
0.332, 2.03441e-05
0.333, 2.59807e-05
0.334, 3.34714e-05
0.335, 2.8111e-05
0.336, 2.0899e-05
0.337, 2.65381e-05
0.338, 3.40312e-05
0.339, 2.86732e-05
0.34, 2.14636e-05
0.341, 2.71051e-05
0.342, 3.46009e-05
0.343, 2.92452e-05
0.344, 2.20381e-05
0.345, 2.76821e-05
0.346, 3.51804e-05
0.347, 2.98272e-05
0.348, 2.26225e-05
0.349, 2.82692e-05
0.35, 3.57701e-05
0.351, 3.04194e-05
0.352, 2.32173e-05
0.353, 2.88665e-05
0.354, 3.63701e-05
0.355, 3.1022e-05
0.356, 2.38224e-05
0.357, 2.94744e-05
0.358, 3.69808e-05
0.359, 3.16353e-05
0.36, 2.44383e-05
0.361, 3.0093e-05
0.362, 3.76022e-05
0.363, 3.22593e-05
0.364, 2.5065e-05
0.365, 3.07225e-05
0.366, 3.82346e-05
0.367, 3.28945e-05
0.368, 2.57029e-05
0.369, 3.13632e-05
0.37, 3.88782e-05
0.371, 3.35408e-05
0.372, 2.6352e-05
0.373, 3.20153e-05
0.374, 3.95333e-05
0.375, 3.41988e-05
0.376, 2.70128e-05
0.377, 3.26791e-05
0.378, 4.02e-05
0.379, 3.48684e-05
0.38, 2.76853e-05
0.381, 3.33546e-05
0.382, 4.08787e-05
0.383, 3.555e-05
0.384, 2.83699e-05
0.385, 3.40423e-05
0.386, 4.15695e-05
0.387, 3.62438e-05
0.388, 2.90667e-05
0.389, 3.47423e-05
0.39, 4.22728e-05
0.391, 3.69501e-05
0.392, 2.97761e-05
0.393, 3.54549e-05
0.394, 4.29887e-05
0.395, 3.76692e-05
0.396, 3.04982e-05
0.397, 3.61804e-05
0.398, 4.37175e-05
0.399, 3.84011e-05
0.4, 3.12334e-05
0.401, 3.69189e-05
0.402, 4.44594e-05
0.403, 3.91463e-05
0.404, 3.19818e-05
0.405, 3.76708e-05
0.406, 4.52148e-05
0.407, 3.9905e-05
0.408, 3.27438e-05
0.409, 3.84363e-05
0.41, 4.59838e-05
0.411, 4.06774e-05
0.412, 3.35196e-05
0.413, 3.92156e-05
0.414, 4.67669e-05
0.415, 4.14639e-05
0.416, 3.43095e-05
0.417, 4.00092e-05
0.418, 4.75641e-05
0.419, 4.22646e-05
0.42, 3.51138e-05
0.421, 4.08172e-05
0.422, 4.83759e-05
0.423, 4.308e-05
0.424, 3.59327e-05
0.425, 4.16399e-05
0.426, 4.92025e-05
0.427, 4.39102e-05
0.428, 3.67666e-05
0.429, 4.24776e-05
0.43, 5.00442e-05
0.431, 4.47556e-05
0.432, 3.76157e-05
0.433, 4.33307e-05
0.434, 5.09012e-05
0.435, 4.56165e-05
0.436, 3.84803e-05
0.437, 4.41993e-05
0.438, 5.1774e-05
0.439, 4.64931e-05
0.44, 3.93608e-05
0.441, 4.50839e-05
0.442, 5.26628e-05
0.443, 4.73858e-05
0.444, 4.02575e-05
0.445, 4.59847e-05
0.446, 5.35678e-05
0.447, 4.82949e-05
0.448, 4.11706e-05
0.449, 4.69021e-05
0.45, 5.44896e-05
0.451, 4.92207e-05
0.452, 4.21005e-05
0.453, 4.78364e-05
0.454, 5.54283e-05
0.455, 5.01635e-05
0.456, 4.30475e-05
0.457, 4.87878e-05
0.458, 5.63842e-05
0.459, 5.11238e-05
0.46, 4.40119e-05
0.461, 4.97568e-05
0.462, 5.73579e-05
0.463, 5.21017e-05
0.464, 4.49942e-05
0.465, 5.07437e-05
0.466, 5.83494e-05
0.467, 5.30977e-05
0.468, 4.59946e-05
0.469, 5.17488e-05
0.47, 5.93594e-05
0.471, 5.41121e-05
0.472, 4.70135e-05
0.473, 5.27725e-05
0.474, 6.0388e-05
0.475, 5.51453e-05
0.476, 4.80513e-05
0.477, 5.38152e-05
0.478, 6.14356e-05
0.479, 5.61976e-05
0.48, 4.91082e-05
0.481, 5.48771e-05
0.482, 6.25027e-05
0.483, 5.72694e-05
0.484, 5.01848e-05
0.485, 5.59588e-05
0.486, 6.35895e-05
0.487, 5.83611e-05
0.488, 5.12813e-05
0.489, 5.70605e-05
0.49, 6.46965e-05
0.491, 5.9473e-05
0.492, 5.23982e-05
0.493, 5.81827e-05
0.494, 6.58241e-05
0.495, 6.06056e-05
0.496, 5.35359e-05
0.497, 5.93257e-05
0.498, 6.69727e-05
0.499, 6.17593e-05
0.5, 5.46947e-05
0.501, 6.049e-05
0.502, 6.81426e-05
0.503, 6.29345e-05
0.504, 5.5875e-05
0.505, 6.1676e-05
0.506, 6.93343e-05
0.507, 6.41315e-05
0.508, 5.70774e-05
0.509, 6.28841e-05
0.51, 7.05482e-05
0.511, 6.53508e-05
0.512, 5.83021e-05
0.513, 6.41147e-05
0.514, 7.17848e-05
0.515, 6.65929e-05
0.516, 5.95497e-05
0.517, 6.53682e-05
0.518, 7.30444e-05
0.519, 6.78582e-05
0.52, 6.08206e-05
0.521, 6.66452e-05
0.522, 7.43275e-05
0.523, 6.9147e-05
0.524, 6.21152e-05
0.525, 6.79459e-05
0.526, 7.56346e-05
0.527, 7.046e-05
0.528, 6.34339e-05
0.529, 6.9271e-05
0.53, 7.69662e-05
0.531, 7.17974e-05
0.532, 6.47774e-05
0.533, 7.06209e-05
0.534, 7.83226e-05
0.535, 7.31599e-05
0.536, 6.61459e-05
0.537, 7.1996e-05
0.538, 7.97044e-05
0.539, 7.45479e-05
0.54, 6.75401e-05
0.541, 7.33968e-05
0.542, 8.11121e-05
0.543, 7.59619e-05
0.544, 6.89603e-05
0.545, 7.48239e-05
0.546, 8.25461e-05
0.547, 7.74023e-05
0.548, 7.04072e-05
0.549, 7.62777e-05
0.55, 8.4007e-05
0.551, 7.88698e-05
0.552, 7.18811e-05
0.553, 7.77587e-05
0.554, 8.54953e-05
0.555, 8.03647e-05
0.556, 7.33827e-05
0.557, 7.92676e-05
0.558, 8.70115e-05
0.559, 8.18877e-05
0.56, 7.49125e-05
0.561, 8.08047e-05
0.562, 8.85562e-05
0.563, 8.34393e-05
0.564, 7.64709e-05
0.565, 8.23707e-05
0.566, 9.01298e-05
0.567, 8.502e-05
0.568, 7.80586e-05
0.569, 8.3966e-05
0.57, 9.1733e-05
0.571, 8.66304e-05
0.572, 7.96761e-05
0.573, 8.55914e-05
0.574, 9.33664e-05
0.575, 8.8271e-05
0.576, 8.1324e-05
0.577, 8.72472e-05
0.578, 9.50304e-05
0.579, 8.99424e-05
0.58, 8.30029e-05
0.581, 8.89342e-05
0.582, 9.67257e-05
0.583, 9.16453e-05
0.584, 8.47133e-05
0.585, 9.06529e-05
0.586, 9.84529e-05
0.587, 9.33802e-05
0.588, 8.64559e-05
0.589, 9.24039e-05
0.59, 0.000100213
0.591, 9.51477e-05
0.592, 8.82313e-05
0.593, 9.41879e-05
0.594, 0.000102005
0.595, 9.69485e-05
0.596, 9.004e-05
0.597, 9.60055e-05
0.598, 0.000103832
0.599, 9.87832e-05
0.6, 9.18828e-05
0.601, 9.78572e-05
0.602, 0.000105693
0.603, 0.000100652
0.604, 9.37603e-05
0.605, 9.97438e-05
0.606, 0.000107589
0.607, 0.000102557
0.608, 9.56732e-05
0.609, 0.000101666
0.61, 0.00010952
0.611, 0.000104497
0.612, 9.76221e-05
0.613, 0.000103624
0.614, 0.000111489
0.615, 0.000106474
0.616, 9.96077e-05
0.617, 0.00010562
0.618, 0.000113494
0.619, 0.000108488
0.62, 0.000101631
0.621, 0.000107653
0.622, 0.000115537
0.623, 0.00011054
0.624, 0.000103692
0.625, 0.000109724
0.626, 0.000117618
0.627, 0.000112631
0.628, 0.000105792
0.629, 0.000111834
0.63, 0.000119739
0.631, 0.000114761
0.632, 0.000107932
0.633, 0.000113984
0.634, 0.0001219
0.635, 0.000116932
0.636, 0.000110112
0.637, 0.000116175
0.638, 0.000124101
0.639, 0.000119143
0.64, 0.000112333
0.641, 0.000118407
0.642, 0.000126345
0.643, 0.000121396
0.644, 0.000114596
0.645, 0.000120681
0.646, 0.00012863
0.647, 0.000123692
0.648, 0.000116902
0.649, 0.000122998
0.65, 0.000130959
0.651, 0.000126031
0.652, 0.000119251
0.653, 0.000125359
0.654, 0.000133331
0.655, 0.000128414
0.656, 0.000121645
0.657, 0.000127764
0.658, 0.000135749
0.659, 0.000130843
0.66, 0.000124083
0.661, 0.000130215
0.662, 0.000138212
0.663, 0.000133317
0.664, 0.000126568
0.665, 0.000132712
0.666, 0.000140722
0.667, 0.000135837
0.668, 0.0001291
0.669, 0.000135257
0.67, 0.000143279
0.671, 0.000138406
0.672, 0.00013168
0.673, 0.000137849
0.674, 0.000145885
0.675, 0.000141023
0.676, 0.000134309
0.677, 0.000140491
0.678, 0.000148539
0.679, 0.00014369
0.68, 0.000136987
0.681, 0.000143182
0.682, 0.000151244
0.683, 0.000146407
0.684, 0.000139716
0.685, 0.000145924
0.686, 0.000154
0.687, 0.000149175
0.688, 0.000142496
0.689, 0.000148719
0.69, 0.000156809
0.691, 0.000151996
0.692, 0.000145329
0.693, 0.000151566
0.694, 0.00015967
0.695, 0.00015487
0.696, 0.000148216
0.697, 0.000154466
0.698, 0.000162586
0.699, 0.000157798
0.7, 0.000151157
0.701, 0.000157422
0.702, 0.000165556
0.703, 0.000160782
0.704, 0.000154154
0.705, 0.000160434
0.706, 0.000168583
0.707, 0.000163822
0.708, 0.000157207
0.709, 0.000163503
0.71, 0.000171668
0.711, 0.00016692
0.712, 0.000160319
0.713, 0.000166629
0.714, 0.00017481
0.715, 0.000170077
0.716, 0.000163489
0.717, 0.000169815
0.718, 0.000178012
0.719, 0.000173293
0.72, 0.000166719
0.721, 0.000173062
0.722, 0.000181275
0.723, 0.00017657
0.724, 0.000170011
0.725, 0.000176369
0.726, 0.0001846
0.727, 0.000179909
0.728, 0.000173364
0.729, 0.00017974
0.73, 0.000187988
0.731, 0.000183312
0.732, 0.000176782
0.733, 0.000183174
0.734, 0.000191439
0.735, 0.000186779
0.736, 0.000180264
0.737, 0.000186673
0.738, 0.000194957
0.739, 0.000190312
0.74, 0.000183811
0.741, 0.000190239
0.742, 0.00019854
0.743, 0.000193911
0.744, 0.000187427
0.745, 0.000193872
0.746, 0.000202192
0.747, 0.000197579
0.748, 0.00019111
0.749, 0.000197574
0.75, 0.000205913
0.751, 0.000201316
0.752, 0.000194863
0.753, 0.000201346
0.754, 0.000209705
0.755, 0.000205124
0.756, 0.000198688
0.757, 0.00020519
0.758, 0.000213568
0.759, 0.000209005
0.76, 0.000202585
0.761, 0.000209106
0.762, 0.000217505
0.763, 0.000212958
0.764, 0.000206556
0.765, 0.000213097
0.766, 0.000221516
0.767, 0.000216987
0.768, 0.000210602
0.769, 0.000217164
0.77, 0.000225603
0.771, 0.000221092
0.772, 0.000214725
0.773, 0.000221307
0.774, 0.000229768
0.775, 0.000225276
0.776, 0.000218926
0.777, 0.000225529
0.778, 0.000234012
0.779, 0.000229538
0.78, 0.000223206
0.781, 0.000229831
0.782, 0.000238337
0.783, 0.000233881
0.784, 0.000227568
0.785, 0.000234215
0.786, 0.000242743
0.787, 0.000238307
0.788, 0.000232013
0.789, 0.000238682
0.79, 0.000247233
0.791, 0.000242816
0.792, 0.000236541
0.793, 0.000243234
0.794, 0.000251808
0.795, 0.000247412
0.796, 0.000241156
0.797, 0.000247872
0.798, 0.00025647
0.799, 0.000252094
0.8, 0.000245858
0.801, 0.000252598
0.802, 0.000261221
0.803, 0.000256865
0.804, 0.00025065
0.805, 0.000257413
0.806, 0.000266062
0.807, 0.000261727
0.808, 0.000255532
0.809, 0.00026232
0.81, 0.000270995
0.811, 0.000266681
0.812, 0.000260507
0.813, 0.000267321
0.814, 0.000276021
0.815, 0.000271729
0.816, 0.000265577
0.817, 0.000272416
0.818, 0.000281143
0.819, 0.000276873
0.82, 0.000270742
0.821, 0.000277608
0.822, 0.000286362
0.823, 0.000282114
0.824, 0.000276006
0.825, 0.000282898
0.826, 0.00029168
0.827, 0.000287456
0.828, 0.000281369
0.829, 0.000288289
0.83, 0.000297099
0.831, 0.000292898
0.832, 0.000286835
0.833, 0.000293782
0.834, 0.000302621
0.835, 0.000298444
0.836, 0.000292404
0.837, 0.00029938
0.838, 0.000308248
0.839, 0.000304095
0.84, 0.000298079
0.841, 0.000305084
0.842, 0.000313982
0.843, 0.000309854
0.844, 0.000303862
0.845, 0.000310896
0.846, 0.000319825
0.847, 0.000315722
0.848, 0.000309754
0.849, 0.000316819
0.85, 0.000325779
0.851, 0.000321701
0.852, 0.000315759
0.853, 0.000322854
0.854, 0.000331847
0.855, 0.000327795
0.856, 0.000321877
0.857, 0.000329004
0.858, 0.000338029
0.859, 0.000334004
0.86, 0.000328112
0.861, 0.000335271
0.862, 0.000344329
0.863, 0.000340326
0.864, 0.000334465
0.865, 0.000341664
0.866, 0.000350764
0.867, 0.000346783
0.868, 0.000340953
0.869, 0.000348179
0.87, 0.000357316
0.871, 0.000353358
0.872, 0.000347557
0.873, 0.000354819
0.874, 0.000363986
0.875, 0.000360046
0.876, 0.000354264
0.877, 0.000361566
0.878, 0.000370765
0.879, 0.00036686
0.88, 0.000361104
0.881, 0.000368446
0.882, 0.000377681
0.883, 0.000373809
0.884, 0.000368081
0.885, 0.000375461
0.886, 0.000384733
0.887, 0.000380892
0.888, 0.000375193
0.889, 0.00038261
0.89, 0.000391921
0.891, 0.00038811
0.892, 0.000382441
0.893, 0.000389896
0.894, 0.000399246
0.895, 0.000395466
0.896, 0.000389828
0.897, 0.000397321
0.898, 0.000406711
0.899, 0.000402962
0.9, 0.000397354
0.901, 0.000404887
0.902, 0.000414317
0.903, 0.000410601
0.904, 0.000405024
0.905, 0.000412597
0.906, 0.000422069
0.907, 0.000418385
0.908, 0.00041284
0.909, 0.000420453
0.91, 0.000429968
0.911, 0.000426318
0.912, 0.000420805
0.913, 0.00042846
0.914, 0.000438018
0.915, 0.000434401
0.916, 0.000428921
0.917, 0.000436618
0.918, 0.000446221
0.919, 0.000442638
0.92, 0.000437191
0.921, 0.000444932
0.922, 0.00045458
0.923, 0.000451032
0.924, 0.000445619
0.925, 0.000453405
0.926, 0.000463098
0.927, 0.000459586
0.928, 0.000454208
0.929, 0.000462038
0.93, 0.000471779
0.931, 0.000468303
0.932, 0.00046296
0.933, 0.000470836
0.934, 0.000480626
0.935, 0.000477187
0.936, 0.000471879
0.937, 0.000479802
0.938, 0.00048964
0.939, 0.000486239
0.94, 0.000480968
0.941, 0.000488939
0.942, 0.000498827
0.943, 0.000495464
0.944, 0.000490229
0.945, 0.00049825
0.946, 0.000508189
0.947, 0.000504865
0.948, 0.000499668
0.949, 0.000507738
0.95, 0.00051773
0.951, 0.000514445
0.952, 0.000509286
0.953, 0.000517407
0.954, 0.000527453
0.955, 0.000524208
0.956, 0.000519087
0.957, 0.000527261
0.958, 0.000537361
0.959, 0.000534156
0.96, 0.000529076
0.961, 0.000537302
0.962, 0.000547458
0.963, 0.000544295
0.964, 0.000539255
0.965, 0.000547536
0.966, 0.000557748
0.967, 0.000554627
0.968, 0.000549628
0.969, 0.000557964
0.97, 0.000568234
0.971, 0.000565157
0.972, 0.000560198
0.973, 0.000568591
0.974, 0.000578921
0.975, 0.000575887
0.976, 0.000570971
0.977, 0.000579421
0.978, 0.000589812
0.979, 0.000586822
0.98, 0.000581949
0.981, 0.000590458
0.982, 0.00060091
0.983, 0.000597966
0.984, 0.000593137
0.985, 0.000601706
0.986, 0.000612221
0.987, 0.000609323
0.988, 0.000604538
0.989, 0.000613169
0.99, 0.000623748
0.991, 0.000620897
0.992, 0.000616156
0.993, 0.00062485
0.994, 0.000635496
0.995, 0.000632692
0.996, 0.000627997
0.997, 0.000636755
0.998, 0.000647468
0.999, 0.000644713
1, 0.000640064
1.001, 0.000648887
1.002, 0.000659669
1.003, 0.000656963
1.004, 0.000652361
1.005, 0.000661251
1.006, 0.000672103
1.007, 0.000669447
1.008, 0.000664894
1.009, 0.000673852
1.01, 0.000684775
1.011, 0.000682171
1.012, 0.000677666
1.013, 0.000685589
1.014, 0.00069351
1.015, 0.000697112
1.016, 0.000700715
1.017, 0.000702352
1.018, 0.000703989
1.019, 0.000704733
1.02, 0.000705478
1.021, 0.000705816
1.022, 0.000706154
1.023, 0.000706308
1.024, 0.000706462
1.025, 0.000706531
1.026, 0.000706601
1.027, 0.000706633
1.028, 0.000706665
1.029, 0.000706679
1.03, 0.000706693
1.031, 0.0007067
1.032, 0.000706708
1.033, 0.00070671
1.034, 0.000706711
1.035, 0.000706714
1.036, 0.000706718
1.037, 0.000706717
1.038, 0.000706714
1.039, 0.000706716
1.04, 0.000706721
1.041, 0.000706719
1.042, 0.000706713
1.043, 0.000706716
1.044, 0.000706724
1.045, 0.00070672
1.046, 0.000706711
1.047, 0.000706715
1.048, 0.000706726
1.049, 0.000706722
1.05, 0.000706708
1.051, 0.000706713
1.052, 0.000706729
1.053, 0.000706723
1.054, 0.000706705
1.055, 0.000706712
1.056, 0.000706732
1.057, 0.000706725
1.058, 0.000706719
1.059, 0.000706741
1.06, 0.000706778
1.061, 0.000706775
1.062, 0.000706795
1.063, 0.000706815
1.064, 0.000706818
1.065, 0.00070682
1.066, 0.000706818
1.067, 0.000706816
1.068, 0.000706819
1.069, 0.000706822
1.07, 0.00070682
1.071, 0.000706818
1.072, 0.000706821
1.073, 0.000706795
1.074, 0.000706776
1.075, 0.000706756
1.076, 0.000706754
1.077, 0.000706751
1.078, 0.00070675
1.079, 0.000706674
1.08, 0.000706599
1.081, 0.000706565
1.082, 0.000706531
1.083, 0.000706515
1.084, 0.0007065
1.085, 0.000706493
1.086, 0.000706486
1.087, 0.000706482
1.088, 0.000706479
1.089, 0.000706478
1.09, 0.000706477
1.091, 0.000706476
1.092, 0.000706474
1.093, 0.000706475
1.094, 0.000706475
1.095, 0.000706474
1.096, 0.000706473
1.097, 0.000706474
1.098, 0.000706476
1.099, 0.000706475
1.1, 0.000706481
1.101, 0.00070648
1.102, 0.000706479
1.103, 0.00070648
1.104, 0.000706482
1.105, 0.00070648
1.106, 0.000706479
1.107, 0.000706558
1.108, 0.000706563
1.109, 0.000706569
1.11, 0.000706575
1.111, 0.000706575
1.112, 0.000706575
1.113, 0.000706574
1.114, 0.000706574
1.115, 0.000706575
1.116, 0.000706574
1.117, 0.000706591
1.118, 0.000706591
1.119, 0.000706591
1.12, 0.000706593
1.121, 0.000706592
1.122, 0.000706591
1.123, 0.000706591
1.124, 0.000706592
1.125, 0.000706592
1.126, 0.000706592
1.127, 0.000706592
1.128, 0.000706592
1.129, 0.000706592
1.13, 0.000706592
1.131, 0.000706592
1.132, 0.000706592
1.133, 0.000706592
1.134, 0.000706592
1.135, 0.000706592
1.136, 0.000706592
1.137, 0.000706592
1.138, 0.000706592
1.139, 0.000706592
1.14, 0.000706592
1.141, 0.000706592
1.142, 0.000706592
1.143, 0.000706592
1.144, 0.000706592
1.145, 0.000706592
1.146, 0.000706592
1.147, 0.000706592
1.148, 0.000706592
1.149, 0.000706592
1.15, 0.000706592
1.151, 0.000706592
1.152, 0.000706592
1.153, 0.000706592
1.154, 0.000706592
1.155, 0.000706592
1.156, 0.000706592
1.157, 0.000706592
1.158, 0.000706592
1.159, 0.000706592
1.16, 0.000706592
1.161, 0.000706592
1.162, 0.000706592
1.163, 0.000706592
1.164, 0.000706592
1.165, 0.000706592
1.166, 0.000706592
1.167, 0.000706592
1.168, 0.000706592
1.169, 0.000706592
1.17, 0.000706592
1.171, 0.000706592
1.172, 0.000706592
1.173, 0.000706592
1.174, 0.000706592
1.175, 0.000706592
1.176, 0.000706592
1.177, 0.000706592
1.178, 0.000706592
1.179, 0.000706592
1.18, 0.000706592
1.181, 0.000706592
1.182, 0.000706592
1.183, 0.000706592
1.184, 0.000706592
1.185, 0.000706592
1.186, 0.000706592
1.187, 0.000706592
1.188, 0.000706592
1.189, 0.000706592
1.19, 0.000706592
1.191, 0.000706592
1.192, 0.000706592
1.193, 0.000706592
1.194, 0.000706592
1.195, 0.000706592
1.196, 0.000706592
1.197, 0.000706592
1.198, 0.000706592
1.199, 0.000706592
1.2, 0.000706592
1.201, 0.000706592
1.202, 0.000706592
1.203, 0.000706592
1.204, 0.000706592
1.205, 0.000706592
1.206, 0.000706592
1.207, 0.000706592
1.208, 0.000706592
1.209, 0.000706592
1.21, 0.000706592
1.211, 0.000706592
1.212, 0.000706592
1.213, 0.000706592
1.214, 0.000706592
1.215, 0.000706592
1.216, 0.000706592
1.217, 0.000706592
1.218, 0.000706592
1.219, 0.000706592
1.22, 0.000706592
1.221, 0.000706592
1.222, 0.000706592
1.223, 0.000706592
1.224, 0.000706592
1.225, 0.000706592
1.226, 0.000706592
1.227, 0.000706592
1.228, 0.000706592
1.229, 0.000706592
1.23, 0.000706592
1.231, 0.000706592
1.232, 0.000706592
1.233, 0.000706592
1.234, 0.000706592
1.235, 0.000706592
1.236, 0.000706592
1.237, 0.000706592
1.238, 0.000706592
1.239, 0.000706592
1.24, 0.000706592
1.241, 0.000706592
1.242, 0.000706592
1.243, 0.000706592
1.244, 0.000706592
1.245, 0.000706592
1.246, 0.000706592
1.247, 0.000706592
1.248, 0.000706592
1.249, 0.000706592
1.25, 0.000706592
1.251, 0.000706592
1.252, 0.000706592
1.253, 0.000706592
1.254, 0.000706592
1.255, 0.000706592
1.256, 0.000706592
1.257, 0.000706592
1.258, 0.000706592
1.259, 0.000706592
1.26, 0.000706592
1.261, 0.000706592
1.262, 0.000706592
1.263, 0.000706592
1.264, 0.000706592
1.265, 0.000706592
1.266, 0.000706592
1.267, 0.000706592
1.268, 0.000706592
1.269, 0.000706592
1.27, 0.000706592
1.271, 0.000706592
1.272, 0.000706592
1.273, 0.000706592
1.274, 0.000706592
1.275, 0.000706592
1.276, 0.000706592
1.277, 0.000706592
1.278, 0.000706592
1.279, 0.000706592
1.28, 0.000706592
1.281, 0.000706592
1.282, 0.000706592
1.283, 0.000706592
1.284, 0.000706592
1.285, 0.000706592
1.286, 0.000706592
1.287, 0.000706592
1.288, 0.000706592
1.289, 0.000706592
1.29, 0.000706592
1.291, 0.000706592
1.292, 0.000706592
1.293, 0.000706592
1.294, 0.000706592
1.295, 0.000706592
1.296, 0.000706592
1.297, 0.000706592
1.298, 0.000706592
1.299, 0.000706592
1.3, 0.000706592
1.301, 0.000706592
1.302, 0.000706592
1.303, 0.000706592
1.304, 0.000706592
1.305, 0.000706592
1.306, 0.000706592
1.307, 0.000706592
1.308, 0.000706592
1.309, 0.000706592
1.31, 0.000706592
1.311, 0.000706592
1.312, 0.000706592
1.313, 0.000706592
1.314, 0.000706592
1.315, 0.000706592
1.316, 0.000706592
1.317, 0.000706592
1.318, 0.000706592
1.319, 0.000706592
1.32, 0.000706592
1.321, 0.000706592
1.322, 0.000706592
1.323, 0.000706592
1.324, 0.000706592
1.325, 0.000706592
1.326, 0.000706592
1.327, 0.000706592
1.328, 0.000706592
1.329, 0.000706592
1.33, 0.000706592
1.331, 0.000706592
1.332, 0.000706592
1.333, 0.000706592
1.334, 0.000706592
1.335, 0.000706592
1.336, 0.000706592
1.337, 0.000706592
1.338, 0.000706592
1.339, 0.000706592
1.34, 0.000706592
1.341, 0.000706592
1.342, 0.000706592
1.343, 0.000706592
1.344, 0.000706592
1.345, 0.000706592
1.346, 0.000706592
1.347, 0.000706592
1.348, 0.000706592
1.349, 0.000706592
1.35, 0.000706592
1.351, 0.000706592
1.352, 0.000706592
1.353, 0.000706592
1.354, 0.000706592
1.355, 0.000706592
1.356, 0.000706592
1.357, 0.000706592
1.358, 0.000706592
1.359, 0.000706592
1.36, 0.000706592
1.361, 0.000706592
1.362, 0.000706592
1.363, 0.000706592
1.364, 0.000706592
1.365, 0.000706592
1.366, 0.000706592
1.367, 0.000706592
1.368, 0.000706592
1.369, 0.000706592
1.37, 0.000706592
1.371, 0.000706592
1.372, 0.000706592
1.373, 0.000706592
1.374, 0.000706592
1.375, 0.000706592
1.376, 0.000706592
1.377, 0.000706592
1.378, 0.000706592
1.379, 0.000706592
1.38, 0.000706592
1.381, 0.000706592
1.382, 0.000706592
1.383, 0.000706592
1.384, 0.000706592
1.385, 0.000706592
1.386, 0.000706592
1.387, 0.000706592
1.388, 0.000706592
1.389, 0.000706592
1.39, 0.000706592
1.391, 0.000706592
1.392, 0.000706592
1.393, 0.000706592
1.394, 0.000706592
1.395, 0.000706592
1.396, 0.000706592
1.397, 0.000706592
1.398, 0.000706592
1.399, 0.000706592
1.4, 0.000706592
1.401, 0.000706592
1.402, 0.000706592
1.403, 0.000706592
1.404, 0.000706592
1.405, 0.000706592
1.406, 0.000706592
1.407, 0.000706592
1.408, 0.000706592
1.409, 0.000706592
1.41, 0.000706592
1.411, 0.000706592
1.412, 0.000706592
1.413, 0.000706592
1.414, 0.000706592
1.415, 0.000706592
1.416, 0.000706592
1.417, 0.000706592
1.418, 0.000706592
1.419, 0.000706592
1.42, 0.000706592
1.421, 0.000706592
1.422, 0.000706592
1.423, 0.000706592
1.424, 0.000706592
1.425, 0.000706592
1.426, 0.000706592
1.427, 0.000706592
1.428, 0.000706592
1.429, 0.000706592
1.43, 0.000706592
1.431, 0.000706592
1.432, 0.000706592
1.433, 0.000706592
1.434, 0.000706592
1.435, 0.000706592
1.436, 0.000706592
1.437, 0.000706592
1.438, 0.000706592
1.439, 0.000706592
1.44, 0.000706592
1.441, 0.000706592
1.442, 0.000706592
1.443, 0.000706592
1.444, 0.000706592
1.445, 0.000706592
1.446, 0.000706592
1.447, 0.000706592
1.448, 0.000706592
1.449, 0.000706592
1.45, 0.000706592
1.451, 0.000706592
1.452, 0.000706592
1.453, 0.000706592
1.454, 0.000706592
1.455, 0.000706592
1.456, 0.000706592
1.457, 0.000706592
1.458, 0.000706592
1.459, 0.000706592
1.46, 0.000706592
1.461, 0.000706592
1.462, 0.000706592
1.463, 0.000706592
1.464, 0.000706592
1.465, 0.000706592
1.466, 0.000706592
1.467, 0.000706592
1.468, 0.000706592
1.469, 0.000706592
1.47, 0.000706592
1.471, 0.000706592
1.472, 0.000706592
1.473, 0.000706592
1.474, 0.000706592
1.475, 0.000706592
1.476, 0.000706592
1.477, 0.000706592
1.478, 0.000706592
1.479, 0.000706592
1.48, 0.000706592
1.481, 0.000706592
1.482, 0.000706592
1.483, 0.000706592
1.484, 0.000706592
1.485, 0.000706592
1.486, 0.000706592
1.487, 0.000706592
1.488, 0.000706592
1.489, 0.000706592
1.49, 0.000706592
1.491, 0.000706592
1.492, 0.000706592
1.493, 0.000706592
1.494, 0.000706592
1.495, 0.000706592
1.496, 0.000706592
1.497, 0.000706592
1.498, 0.000706592
1.499, 0.000706592
1.5, 0.000706592
1.501, 0.000706592
1.502, 0.000706592
1.503, 0.000706592
1.504, 0.000706592
1.505, 0.000706592
1.506, 0.000706592
1.507, 0.000706592
1.508, 0.000706592
1.509, 0.000706592
1.51, 0.000706592
1.511, 0.000706592
1.512, 0.000706592
1.513, 0.000706592
1.514, 0.000706592
1.515, 0.000706592
1.516, 0.000706592
1.517, 0.000706592
1.518, 0.000706592
1.519, 0.000706592
1.52, 0.000706592
1.521, 0.000706592
1.522, 0.000706592
1.523, 0.000706592
1.524, 0.000706592
1.525, 0.000706592
1.526, 0.000706592
1.527, 0.000706592
1.528, 0.000706592
1.529, 0.000706592
1.53, 0.000706592
1.531, 0.000706592
1.532, 0.000706592
1.533, 0.000706592
1.534, 0.000706592
1.535, 0.000706592
1.536, 0.000706592
1.537, 0.000706592
1.538, 0.000706592
1.539, 0.000706592
1.54, 0.000706592
1.541, 0.000706592
1.542, 0.000706592
1.543, 0.000706592
1.544, 0.000706592
1.545, 0.000706592
1.546, 0.000706592
1.547, 0.000706592
1.548, 0.000706592
1.549, 0.000706592
1.55, 0.000706592
1.551, 0.000706592
1.552, 0.000706592
1.553, 0.000706592
1.554, 0.000706592
1.555, 0.000706592
1.556, 0.000706592
1.557, 0.000706592
1.558, 0.000706592
1.559, 0.000706592
1.56, 0.000706592
1.561, 0.000706592
1.562, 0.000706592
1.563, 0.000706592
1.564, 0.000706592
1.565, 0.000706592
1.566, 0.000706592
1.567, 0.000706592
1.568, 0.000706592
1.569, 0.000706592
1.57, 0.000706592
1.571, 0.000706592
1.572, 0.000706592
1.573, 0.000706592
1.574, 0.000706592
1.575, 0.000706592
1.576, 0.000706592
1.577, 0.000706592
1.578, 0.000706592
1.579, 0.000706592
1.58, 0.000706592
1.581, 0.000706592
1.582, 0.000706592
1.583, 0.000706592
1.584, 0.000706592
1.585, 0.000706592
1.586, 0.000706592
1.587, 0.000706592
1.588, 0.000706592
1.589, 0.000706592
1.59, 0.000706592
1.591, 0.000706592
1.592, 0.000706592
1.593, 0.000706592
1.594, 0.000706592
1.595, 0.000706592
1.596, 0.000706592
1.597, 0.000706592
1.598, 0.000706592
1.599, 0.000706592
1.6, 0.000706592
1.601, 0.000706592
1.602, 0.000706592
1.603, 0.000706592
1.604, 0.000706592
1.605, 0.000706592
1.606, 0.000706592
1.607, 0.000706592
1.608, 0.000706592
1.609, 0.000706592
1.61, 0.000706592
1.611, 0.000706592
1.612, 0.000706592
1.613, 0.000706592
1.614, 0.000706592
1.615, 0.000706592
1.616, 0.000706592
1.617, 0.000706592
1.618, 0.000706592
1.619, 0.000706592
1.62, 0.000706592
1.621, 0.000706592
1.622, 0.000706592
1.623, 0.000706592
1.624, 0.000706592
1.625, 0.000706592
1.626, 0.000706592
1.627, 0.000706592
1.628, 0.000706592
1.629, 0.000706592
1.63, 0.000706592
1.631, 0.000706592
1.632, 0.000706592
1.633, 0.000706592
1.634, 0.000706592
1.635, 0.000706592
1.636, 0.000706592
1.637, 0.000706592
1.638, 0.000706592
1.639, 0.000706592
1.64, 0.000706592
1.641, 0.000706592
1.642, 0.000706592
1.643, 0.000706592
1.644, 0.000706592
1.645, 0.000706592
1.646, 0.000706592
1.647, 0.000706592
1.648, 0.000706592
1.649, 0.000706592
1.65, 0.000706592
1.651, 0.000706592
1.652, 0.000706592
1.653, 0.000706592
1.654, 0.000706592
1.655, 0.000706592
1.656, 0.000706592
1.657, 0.000706592
1.658, 0.000706592
1.659, 0.000706592
1.66, 0.000706592
1.661, 0.000706592
1.662, 0.000706592
1.663, 0.000706592
1.664, 0.000706592
1.665, 0.000706592
1.666, 0.000706592
1.667, 0.000706592
1.668, 0.000706592
1.669, 0.000706592
1.67, 0.000706592
1.671, 0.000706592
1.672, 0.000706592
1.673, 0.000706592
1.674, 0.000706592
1.675, 0.000706592
1.676, 0.000706592
1.677, 0.000706592
1.678, 0.000706592
1.679, 0.000706592
1.68, 0.000706592
1.681, 0.000706592
1.682, 0.000706592
1.683, 0.000706592
1.684, 0.000706592
1.685, 0.000706592
1.686, 0.000706592
1.687, 0.000706592
1.688, 0.000706592
1.689, 0.000706592
1.69, 0.000706592
1.691, 0.000706592
1.692, 0.000706592
1.693, 0.000706592
1.694, 0.000706592
1.695, 0.000706592
1.696, 0.000706592
1.697, 0.000706592
1.698, 0.000706592
1.699, 0.000706592
1.7, 0.000706592
1.701, 0.000706592
1.702, 0.000706592
1.703, 0.000706592
1.704, 0.000706592
1.705, 0.000706592
1.706, 0.000706592
1.707, 0.000706592
1.708, 0.000706592
1.709, 0.000706592
1.71, 0.000706592
1.711, 0.000706592
1.712, 0.000706592
1.713, 0.000706592
1.714, 0.000706592
1.715, 0.000706592
1.716, 0.000706592
1.717, 0.000706592
1.718, 0.000706592
1.719, 0.000706592
1.72, 0.000706592
1.721, 0.000706592
1.722, 0.000706592
1.723, 0.000706592
1.724, 0.000706592
1.725, 0.000706592
1.726, 0.000706592
1.727, 0.000706592
1.728, 0.000706592
1.729, 0.000706592
1.73, 0.000706592
1.731, 0.000706592
1.732, 0.000706592
1.733, 0.000706592
1.734, 0.000706592
1.735, 0.000706592
1.736, 0.000706592
1.737, 0.000706592
1.738, 0.000706592
1.739, 0.000706592
1.74, 0.000706592
1.741, 0.000706592
1.742, 0.000706592
1.743, 0.000706592
1.744, 0.000706592
1.745, 0.000706592
1.746, 0.000706592
1.747, 0.000706592
1.748, 0.000706592
1.749, 0.000706592
1.75, 0.000706592
1.751, 0.000706592
1.752, 0.000706592
1.753, 0.000706592
1.754, 0.000706592
1.755, 0.000706592
1.756, 0.000706593
1.757, 0.000706592
1.758, 0.000706592
1.759, 0.000706592
1.76, 0.000706593
1.761, 0.000706592
1.762, 0.000706592
1.763, 0.000706592
1.764, 0.000706593
1.765, 0.000706592
1.766, 0.000706592
1.767, 0.000706592
1.768, 0.000706593
1.769, 0.000706592
1.77, 0.000706592
1.771, 0.000706592
1.772, 0.000706593
1.773, 0.000706592
1.774, 0.000706592
1.775, 0.000706592
1.776, 0.000706593
1.777, 0.000706592
1.778, 0.000706592
1.779, 0.000706592
1.78, 0.000706593
1.781, 0.000706592
1.782, 0.000706592
1.783, 0.000706592
1.784, 0.000706593
1.785, 0.000706592
1.786, 0.000706592
1.787, 0.000706592
1.788, 0.000706593
1.789, 0.000706592
1.79, 0.000706592
1.791, 0.000706592
1.792, 0.000706593
1.793, 0.000706592
1.794, 0.000706592
1.795, 0.000706592
1.796, 0.000706593
1.797, 0.000706592
1.798, 0.000706592
1.799, 0.000706592
1.8, 0.000706593
1.801, 0.000706592
1.802, 0.000706592
1.803, 0.000706592
1.804, 0.000706593
1.805, 0.000706592
1.806, 0.000706592
1.807, 0.000706592
1.808, 0.000706593
1.809, 0.000706592
1.81, 0.000706592
1.811, 0.000706592
1.812, 0.000706593
1.813, 0.000706592
1.814, 0.000706592
1.815, 0.000706592
1.816, 0.000706593
1.817, 0.000706592
1.818, 0.000706592
1.819, 0.000706592
1.82, 0.000706593
1.821, 0.000706593
1.822, 0.000706592
1.823, 0.000706592
1.824, 0.000706593
1.825, 0.000706593
1.826, 0.000706592
1.827, 0.000706592
1.828, 0.000706593
1.829, 0.000706593
1.83, 0.000706592
1.831, 0.000706592
1.832, 0.000706593
1.833, 0.000706593
1.834, 0.000706592
1.835, 0.000706592
1.836, 0.000706593
1.837, 0.000706593
1.838, 0.000706592
1.839, 0.000706592
1.84, 0.000706593
1.841, 0.000706593
1.842, 0.000706592
1.843, 0.000706592
1.844, 0.000706593
1.845, 0.000706593
1.846, 0.000706592
1.847, 0.000706592
1.848, 0.000706593
1.849, 0.000706593
1.85, 0.000706592
1.851, 0.000706592
1.852, 0.000706593
1.853, 0.000706593
1.854, 0.000706592
1.855, 0.000706592
1.856, 0.000706593
1.857, 0.000706593
1.858, 0.000706592
1.859, 0.000706592
1.86, 0.000706593
1.861, 0.000706593
1.862, 0.000706592
1.863, 0.000706592
1.864, 0.000706593
1.865, 0.000706593
1.866, 0.000706592
1.867, 0.000706592
1.868, 0.000706593
1.869, 0.000706593
1.87, 0.000706592
1.871, 0.000706592
1.872, 0.000706593
1.873, 0.000706593
1.874, 0.000706592
1.875, 0.000706593
1.876, 0.000706593
1.877, 0.000706593
1.878, 0.000706592
1.879, 0.000706593
1.88, 0.000706593
1.881, 0.000706593
1.882, 0.000706592
1.883, 0.000706593
1.884, 0.000706593
1.885, 0.000706593
1.886, 0.000706592
1.887, 0.000706593
1.888, 0.000706593
1.889, 0.000706593
1.89, 0.000706592
1.891, 0.000706593
1.892, 0.000706593
1.893, 0.000706593
1.894, 0.000706592
1.895, 0.000706593
1.896, 0.000706593
1.897, 0.000706593
1.898, 0.000706592
1.899, 0.000706593
1.9, 0.000706593
1.901, 0.000706593
1.902, 0.000706592
1.903, 0.000706593
1.904, 0.000706593
1.905, 0.000706593
1.906, 0.000706592
1.907, 0.000706593
1.908, 0.000706593
1.909, 0.000706593
1.91, 0.000706592
1.911, 0.000706593
1.912, 0.000706593
1.913, 0.000706593
1.914, 0.000706592
1.915, 0.000706593
1.916, 0.000706593
1.917, 0.000706593
1.918, 0.000706592
1.919, 0.000706593
1.92, 0.000706593
1.921, 0.000706593
1.922, 0.000706592
1.923, 0.000706593
1.924, 0.000706593
1.925, 0.000706593
1.926, 0.000706592
1.927, 0.000706593
1.928, 0.000706593
1.929, 0.000706593
1.93, 0.000706592
1.931, 0.000706593
1.932, 0.000706593
1.933, 0.000706593
1.934, 0.000706592
1.935, 0.000706593
1.936, 0.000706593
1.937, 0.000706593
1.938, 0.000706592
1.939, 0.000706593
1.94, 0.000706593
1.941, 0.000706593
1.942, 0.000706593
1.943, 0.000706593
1.944, 0.000706593
1.945, 0.000706593
1.946, 0.000706593
1.947, 0.000706593
1.948, 0.000706593
1.949, 0.000706593
1.95, 0.000706593
1.951, 0.000706593
1.952, 0.000706593
1.953, 0.000706593
1.954, 0.000706593
1.955, 0.000706593
1.956, 0.000706593
1.957, 0.000706593
1.958, 0.000706593
1.959, 0.000706593
1.96, 0.000706593
1.961, 0.000706593
1.962, 0.000706593
1.963, 0.000706593
1.964, 0.000706593
1.965, 0.000706593
1.966, 0.000706593
1.967, 0.000706593
1.968, 0.000706593
1.969, 0.000706593
1.97, 0.000706593
1.971, 0.000706593
1.972, 0.000706593
1.973, 0.000706593
1.974, 0.000706593
1.975, 0.000706593
1.976, 0.000706593
1.977, 0.000706593
1.978, 0.000706593
1.979, 0.000706593
1.98, 0.000706593
1.981, 0.000706593
1.982, 0.000706593
1.983, 0.000706593
1.984, 0.000706593
1.985, 0.000706593
1.986, 0.000706593
1.987, 0.000706593
1.988, 0.000706593
1.989, 0.000706593
1.99, 0.000706593
1.991, 0.000706593
1.992, 0.000706593
1.993, 0.000706593
1.994, 0.000706593
1.995, 0.000706593
1.996, 0.000706593
1.997, 0.000706593
1.998, 0.000706593
1.999, 0.000706593
2, 0.000706593
2.001, 0.000706593
2.002, 0.000706593
2.003, 0.000706593
2.004, 0.000706593
2.005, 0.000706593
2.006, 0.000706593
2.007, 0.000706593
2.008, 0.000706593
2.009, 0.000706593
2.01, 0.000706593
2.011, 0.000706593
2.012, 0.000706593
2.013, 0.000706593
2.014, 0.000706593
2.015, 0.000706593
2.016, 0.000706593
2.017, 0.000706593
2.018, 0.000706593
2.019, 0.000706593
2.02, 0.000706593
2.021, 0.000706593
2.022, 0.000706593
2.023, 0.000706593
2.024, 0.000706593
2.025, 0.000706593
2.026, 0.000706593
2.027, 0.000706593
2.028, 0.000706593
2.029, 0.000706593
2.03, 0.000706593
2.031, 0.000706593
2.032, 0.000706593
2.033, 0.000706593
2.034, 0.000706593
2.035, 0.000706593
2.036, 0.000706593
2.037, 0.000706593
2.038, 0.000706593
2.039, 0.000706593
2.04, 0.000706593
2.041, 0.000706593
2.042, 0.000706593
2.043, 0.000706593
2.044, 0.000706593
2.045, 0.000706593
2.046, 0.000706593
2.047, 0.000706593
2.048, 0.000706593
2.049, 0.000706593
2.05, 0.000706593
2.051, 0.000706593
2.052, 0.000706593
2.053, 0.000706593
2.054, 0.000706593
2.055, 0.000706593
2.056, 0.000706593
2.057, 0.000706593
2.058, 0.000706593
2.059, 0.000706593
2.06, 0.000706593
2.061, 0.000706593
2.062, 0.000706593
2.063, 0.000706593
2.064, 0.000706593
2.065, 0.000706593
2.066, 0.000706593
2.067, 0.000706593
2.068, 0.000706593
2.069, 0.000706593
2.07, 0.000706593
2.071, 0.000706593
2.072, 0.000706593
2.073, 0.000706593
2.074, 0.000706593
2.075, 0.000706593
2.076, 0.000706593
2.077, 0.000706593
2.078, 0.000706593
2.079, 0.000706593
2.08, 0.000706593
2.081, 0.000706593
2.082, 0.000706593
2.083, 0.000706593
2.084, 0.000706593
2.085, 0.000706593
2.086, 0.000706593
2.087, 0.000706593
2.088, 0.000706593
2.089, 0.000706593
2.09, 0.000706593
2.091, 0.000706593
2.092, 0.000706593
2.093, 0.000706593
2.094, 0.000706593
2.095, 0.000706593
2.096, 0.000706593
2.097, 0.000706593
2.098, 0.000706593
2.099, 0.000706593
2.1, 0.000706593
2.101, 0.000706593
2.102, 0.000706593
2.103, 0.000706593
2.104, 0.000706593
2.105, 0.000706593
2.106, 0.000706593
2.107, 0.000706593
2.108, 0.000706593
2.109, 0.000706593
2.11, 0.000706593
2.111, 0.000706593
2.112, 0.000706593
2.113, 0.000706593
2.114, 0.000706593
2.115, 0.000706593
2.116, 0.000706593
2.117, 0.000706593
2.118, 0.000706593
2.119, 0.000706593
2.12, 0.000706593
2.121, 0.000706593
2.122, 0.000706593
2.123, 0.000706593
2.124, 0.000706593
2.125, 0.000706593
2.126, 0.000706593
2.127, 0.000706593
2.128, 0.000706593
2.129, 0.000706593
2.13, 0.000706593
2.131, 0.000706593
2.132, 0.000706593
2.133, 0.000706593
2.134, 0.000706593
2.135, 0.000706593
2.136, 0.000706593
2.137, 0.000706593
2.138, 0.000706593
2.139, 0.000706593
2.14, 0.000706593
2.141, 0.000706593
2.142, 0.000706593
2.143, 0.000706593
2.144, 0.000706593
2.145, 0.000706593
2.146, 0.000706593
2.147, 0.000706593
2.148, 0.000706593
2.149, 0.000706593
2.15, 0.000706593
2.151, 0.000706593
2.152, 0.000706593
2.153, 0.000706593
2.154, 0.000706593
2.155, 0.000706593
2.156, 0.000706593
2.157, 0.000706593
2.158, 0.000706593
2.159, 0.000706593
2.16, 0.000706593
2.161, 0.000706593
2.162, 0.000706593
2.163, 0.000706593
2.164, 0.000706593
2.165, 0.000706593
2.166, 0.000706593
2.167, 0.000706593
2.168, 0.000706593
2.169, 0.000706593
2.17, 0.000706593
2.171, 0.000706593
2.172, 0.000706593
2.173, 0.000706593
2.174, 0.000706593
2.175, 0.000706593
2.176, 0.000706593
2.177, 0.000706593
2.178, 0.000706593
2.179, 0.000706593
2.18, 0.000706593
2.181, 0.000706593
2.182, 0.000706593
2.183, 0.000706593
2.184, 0.000706593
2.185, 0.000706593
2.186, 0.000706593
2.187, 0.000706593
2.188, 0.000706593
2.189, 0.000706593
2.19, 0.000706593
2.191, 0.000706593
2.192, 0.000706593
2.193, 0.000706593
2.194, 0.000706593
2.195, 0.000706593
2.196, 0.000706593
2.197, 0.000706593
2.198, 0.000706593
2.199, 0.000706593
2.2, 0.000706593
2.201, 0.000706593
2.202, 0.000706593
2.203, 0.000706593
2.204, 0.000706593
2.205, 0.000706593
2.206, 0.000706593
2.207, 0.000706593
2.208, 0.000706593
2.209, 0.000706593
2.21, 0.000706593
2.211, 0.000706593
2.212, 0.000706593
2.213, 0.000706593
2.214, 0.000706593
2.215, 0.000706593
2.216, 0.000706593
2.217, 0.000706593
2.218, 0.000706593
2.219, 0.000706593
2.22, 0.000706593
2.221, 0.000706593
2.222, 0.000706593
2.223, 0.000706593
2.224, 0.000706593
2.225, 0.000706593
2.226, 0.000706593
2.227, 0.000706593
2.228, 0.000706593
2.229, 0.000706593
2.23, 0.000706593
2.231, 0.000706593
2.232, 0.000706593
2.233, 0.000706593
2.234, 0.000706593
2.235, 0.000706593
2.236, 0.000706593
2.237, 0.000706593
2.238, 0.000706593
2.239, 0.000706593
2.24, 0.000706593
2.241, 0.000706593
2.242, 0.000706593
2.243, 0.000706593
2.244, 0.000706593
2.245, 0.000706593
2.246, 0.000706593
2.247, 0.000706593
2.248, 0.000706593
2.249, 0.000706593
2.25, 0.000706593
2.251, 0.000706593
2.252, 0.000706593
2.253, 0.000706593
2.254, 0.000706593
2.255, 0.000706593
2.256, 0.000706593
2.257, 0.000706593
2.258, 0.000706593
2.259, 0.000706593
2.26, 0.000706593
2.261, 0.000706593
2.262, 0.000706593
2.263, 0.000706593
2.264, 0.000706593
2.265, 0.000706593
2.266, 0.000706593
2.267, 0.000706593
2.268, 0.000706593
2.269, 0.000706593
2.27, 0.000706593
2.271, 0.000706593
2.272, 0.000706593
2.273, 0.000706593
2.274, 0.000706593
2.275, 0.000706593
2.276, 0.000706593
2.277, 0.000706593
2.278, 0.000706593
2.279, 0.000706593
2.28, 0.000706593
2.281, 0.000706593
2.282, 0.000706593
2.283, 0.000706593
2.284, 0.000706593
2.285, 0.000706593
2.286, 0.000706593
2.287, 0.000706593
2.288, 0.000706593
2.289, 0.000706593
2.29, 0.000706593
2.291, 0.000706593
2.292, 0.000706593
2.293, 0.000706593
2.294, 0.000706593
2.295, 0.000706593
2.296, 0.000706593
2.297, 0.000706593
2.298, 0.000706593
2.299, 0.000706593
2.3, 0.000706593
2.301, 0.000706593
2.302, 0.000706593
2.303, 0.000706593
2.304, 0.000706593
2.305, 0.000706593
2.306, 0.000706593
2.307, 0.000706593
2.308, 0.000706593
2.309, 0.000706593
2.31, 0.000706593
2.311, 0.000706593
2.312, 0.000706593
2.313, 0.000706593
2.314, 0.000706593
2.315, 0.000706593
2.316, 0.000706593
2.317, 0.000706593
2.318, 0.000706593
2.319, 0.000706593
2.32, 0.000706593
2.321, 0.000706593
2.322, 0.000706593
2.323, 0.000706593
2.324, 0.000706593
2.325, 0.000706593
2.326, 0.000706593
2.327, 0.000706593
2.328, 0.000706593
2.329, 0.000706593
2.33, 0.000706593
2.331, 0.000706593
2.332, 0.000706593
2.333, 0.000706593
2.334, 0.000706593
2.335, 0.000706593
2.336, 0.000706593
2.337, 0.000706593
2.338, 0.000706593
2.339, 0.000706593
2.34, 0.000706593
2.341, 0.000706593
2.342, 0.000706593
2.343, 0.000706593
2.344, 0.000706593
2.345, 0.000706593
2.346, 0.000706593
2.347, 0.000706593
2.348, 0.000706593
2.349, 0.000706593
2.35, 0.000706593
2.351, 0.000706593
2.352, 0.000706593
2.353, 0.000706593
2.354, 0.000706593
2.355, 0.000706593
2.356, 0.000706593
2.357, 0.000706593
2.358, 0.000706593
2.359, 0.000706593
2.36, 0.000706593
2.361, 0.000706593
2.362, 0.000706593
2.363, 0.000706593
2.364, 0.000706593
2.365, 0.000706593
2.366, 0.000706593
2.367, 0.000706593
2.368, 0.000706593
2.369, 0.000706593
2.37, 0.000706593
2.371, 0.000706593
2.372, 0.000706593
2.373, 0.000706593
2.374, 0.000706593
2.375, 0.000706593
2.376, 0.000706593
2.377, 0.000706593
2.378, 0.000706593
2.379, 0.000706593
2.38, 0.000706593
2.381, 0.000706593
2.382, 0.000706593
2.383, 0.000706593
2.384, 0.000706593
2.385, 0.000706593
2.386, 0.000706593
2.387, 0.000706593
2.388, 0.000706593
2.389, 0.000706593
2.39, 0.000706593
2.391, 0.000706593
2.392, 0.000706593
2.393, 0.000706593
2.394, 0.000706593
2.395, 0.000706593
2.396, 0.000706593
2.397, 0.000706593
2.398, 0.000706593
2.399, 0.000706593
2.4, 0.000706593
2.401, 0.000706593
2.402, 0.000706593
2.403, 0.000706593
2.404, 0.000706593
2.405, 0.000706593
2.406, 0.000706593
2.407, 0.000706593
2.408, 0.000706593
2.409, 0.000706593
2.41, 0.000706593
2.411, 0.000706593
2.412, 0.000706593
2.413, 0.000706593
2.414, 0.000706593
2.415, 0.000706593
2.416, 0.000706593
2.417, 0.000706593
2.418, 0.000706593
2.419, 0.000706593
2.42, 0.000706593
2.421, 0.000706593
2.422, 0.000706593
2.423, 0.000706593
2.424, 0.000706593
2.425, 0.000706593
2.426, 0.000706593
2.427, 0.000706593
2.428, 0.000706593
2.429, 0.000706593
2.43, 0.000706593
2.431, 0.000706593
2.432, 0.000706593
2.433, 0.000706593
2.434, 0.000706593
2.435, 0.000706593
2.436, 0.000706593
2.437, 0.000706593
2.438, 0.000706593
2.439, 0.000706593
2.44, 0.000706593
2.441, 0.000706593
2.442, 0.000706593
2.443, 0.000706593
2.444, 0.000706593
2.445, 0.000706593
2.446, 0.000706593
2.447, 0.000706593
2.448, 0.000706593
2.449, 0.000706593
2.45, 0.000706593
2.451, 0.000706593
2.452, 0.000706593
2.453, 0.000706593
2.454, 0.000706593
2.455, 0.000706593
2.456, 0.000706593
2.457, 0.000706593
2.458, 0.000706593
2.459, 0.000706593
2.46, 0.000706593
2.461, 0.000706593
2.462, 0.000706593
2.463, 0.000706593
2.464, 0.000706593
2.465, 0.000706593
2.466, 0.000706593
2.467, 0.000706593
2.468, 0.000706593
2.469, 0.000706593
2.47, 0.000706593
2.471, 0.000706593
2.472, 0.000706593
2.473, 0.000706593
2.474, 0.000706593
2.475, 0.000706593
2.476, 0.000706593
2.477, 0.000706593
2.478, 0.000706593
2.479, 0.000706593
2.48, 0.000706593
2.481, 0.000706593
2.482, 0.000706593
2.483, 0.000706593
2.484, 0.000706593
2.485, 0.000706593
2.486, 0.000706593
2.487, 0.000706593
2.488, 0.000706593
2.489, 0.000706593
2.49, 0.000706593
2.491, 0.000706593
2.492, 0.000706593
2.493, 0.000706593
2.494, 0.000706593
2.495, 0.000706593
2.496, 0.000706593
2.497, 0.000706593
2.498, 0.000706593
2.499, 0.000706593
2.5, 0.000706593
2.501, 0.000706593
2.502, 0.000706593
2.503, 0.000706593
2.504, 0.000706593
2.505, 0.000706593
2.506, 0.000706593
2.507, 0.000706593
2.508, 0.000706593
2.509, 0.000706593
2.51, 0.000706593
2.511, 0.000706593
2.512, 0.000706593
2.513, 0.000706593
2.514, 0.000706593
2.515, 0.000706593
2.516, 0.000706593
2.517, 0.000706593
2.518, 0.000706593
2.519, 0.000706593
2.52, 0.000706593
2.521, 0.000706593
2.522, 0.000706593
2.523, 0.000706593
2.524, 0.000706593
2.525, 0.000706593
2.526, 0.000706593
2.527, 0.000706593
2.528, 0.000706593
2.529, 0.000706593
2.53, 0.000706593
2.531, 0.000706593
2.532, 0.000706593
2.533, 0.000706593
2.534, 0.000706593
2.535, 0.000706593
2.536, 0.000706593
2.537, 0.000706593
2.538, 0.000706593
2.539, 0.000706593
2.54, 0.000706593
2.541, 0.000706593
2.542, 0.000706593
2.543, 0.000706593
2.544, 0.000706593
2.545, 0.000706593
2.546, 0.000706593
2.547, 0.000706593
2.548, 0.000706593
2.549, 0.000706593
2.55, 0.000706593
2.551, 0.000706593
2.552, 0.000706593
2.553, 0.000706593
2.554, 0.000706593
2.555, 0.000706593
2.556, 0.000706593
2.557, 0.000706593
2.558, 0.000706593
2.559, 0.000706593
2.56, 0.000706593
2.561, 0.000706593
2.562, 0.000706593
2.563, 0.000706593
2.564, 0.000706593
2.565, 0.000706593
2.566, 0.000706593
2.567, 0.000706593
2.568, 0.000706593
2.569, 0.000706593
2.57, 0.000706593
2.571, 0.000706593
2.572, 0.000706593
2.573, 0.000706593
2.574, 0.000706593
2.575, 0.000706593
2.576, 0.000706593
2.577, 0.000706593
2.578, 0.000706593
2.579, 0.000706593
2.58, 0.000706593
2.581, 0.000706593
2.582, 0.000706593
2.583, 0.000706593
2.584, 0.000706593
2.585, 0.000706593
2.586, 0.000706593
2.587, 0.000706593
2.588, 0.000706593
2.589, 0.000706593
2.59, 0.000706593
2.591, 0.000706593
2.592, 0.000706593
2.593, 0.000706593
2.594, 0.000706593
2.595, 0.000706593
2.596, 0.000706593
2.597, 0.000706593
2.598, 0.000706593
2.599, 0.000706593
2.6, 0.000706593
2.601, 0.000706593
2.602, 0.000706593
2.603, 0.000706593
2.604, 0.000706593
2.605, 0.000706593
2.606, 0.000706593
2.607, 0.000706593
2.608, 0.000706593
2.609, 0.000706593
2.61, 0.000706593
2.611, 0.000706593
2.612, 0.000706593
2.613, 0.000706593
2.614, 0.000706593
2.615, 0.000706593
2.616, 0.000706593
2.617, 0.000706593
2.618, 0.000706593
2.619, 0.000706593
2.62, 0.000706593
2.621, 0.000706593
2.622, 0.000706593
2.623, 0.000706593
2.624, 0.000706593
2.625, 0.000706593
2.626, 0.000706593
2.627, 0.000706593
2.628, 0.000706593
2.629, 0.000706593
2.63, 0.000706593
2.631, 0.000706593
2.632, 0.000706593
2.633, 0.000706593
2.634, 0.000706593
2.635, 0.000706593
2.636, 0.000706593
2.637, 0.000706593
2.638, 0.000706593
2.639, 0.000706593
2.64, 0.000706593
2.641, 0.000706593
2.642, 0.000706593
2.643, 0.000706593
2.644, 0.000706593
2.645, 0.000706593
2.646, 0.000706593
2.647, 0.000706593
2.648, 0.000706593
2.649, 0.000706593
2.65, 0.000706593
2.651, 0.000706593
2.652, 0.000706593
2.653, 0.000706593
2.654, 0.000706593
2.655, 0.000706593
2.656, 0.000706593
2.657, 0.000706593
2.658, 0.000706593
2.659, 0.000706593
2.66, 0.000706593
2.661, 0.000706593
2.662, 0.000706593
2.663, 0.000706593
2.664, 0.000706593
2.665, 0.000706593
2.666, 0.000706593
2.667, 0.000706593
2.668, 0.000706593
2.669, 0.000706593
2.67, 0.000706593
2.671, 0.000706593
2.672, 0.000706593
2.673, 0.000706593
2.674, 0.000706593
2.675, 0.000706593
2.676, 0.000706593
2.677, 0.000706593
2.678, 0.000706593
2.679, 0.000706593
2.68, 0.000706593
2.681, 0.000706593
2.682, 0.000706593
2.683, 0.000706593
2.684, 0.000706593
2.685, 0.000706593
2.686, 0.000706593
2.687, 0.000706593
2.688, 0.000706593
2.689, 0.000706593
2.69, 0.000706593
2.691, 0.000706593
2.692, 0.000706593
2.693, 0.000706593
2.694, 0.000706593
2.695, 0.000706593
2.696, 0.000706593
2.697, 0.000706593
2.698, 0.000706593
2.699, 0.000706593
2.7, 0.000706593
2.701, 0.000706593
2.702, 0.000706593
2.703, 0.000706593
2.704, 0.000706593
2.705, 0.000706593
2.706, 0.000706593
2.707, 0.000706593
2.708, 0.000706593
2.709, 0.000706593
2.71, 0.000706593
2.711, 0.000706593
2.712, 0.000706593
2.713, 0.000706593
2.714, 0.000706593
2.715, 0.000706593
2.716, 0.000706593
2.717, 0.000706593
2.718, 0.000706593
2.719, 0.000706593
2.72, 0.000706593
2.721, 0.000706593
2.722, 0.000706593
2.723, 0.000706593
2.724, 0.000706593
2.725, 0.000706593
2.726, 0.000706593
2.727, 0.000706593
2.728, 0.000706593
2.729, 0.000706593
2.73, 0.000706593
2.731, 0.000706593
2.732, 0.000706593
2.733, 0.000706593
2.734, 0.000706593
2.735, 0.000706593
2.736, 0.000706593
2.737, 0.000706593
2.738, 0.000706593
2.739, 0.000706593
2.74, 0.000706593
2.741, 0.000706593
2.742, 0.000706593
2.743, 0.000706593
2.744, 0.000706593
2.745, 0.000706593
2.746, 0.000706593
2.747, 0.000706593
2.748, 0.000706593
2.749, 0.000706593
2.75, 0.000706593
2.751, 0.000706593
2.752, 0.000706593
2.753, 0.000706593
2.754, 0.000706593
2.755, 0.000706593
2.756, 0.000706593
2.757, 0.000706593
2.758, 0.000706593
2.759, 0.000706593
2.76, 0.000706593
2.761, 0.000706593
2.762, 0.000706593
2.763, 0.000706593
2.764, 0.000706593
2.765, 0.000706593
2.766, 0.000706593
2.767, 0.000706593
2.768, 0.000706593
2.769, 0.000706593
2.77, 0.000706593
2.771, 0.000706593
2.772, 0.000706593
2.773, 0.000706593
2.774, 0.000706593
2.775, 0.000706593
2.776, 0.000706593
2.777, 0.000706593
2.778, 0.000706593
2.779, 0.000706593
2.78, 0.000706593
2.781, 0.000706593
2.782, 0.000706593
2.783, 0.000706593
2.784, 0.000706593
2.785, 0.000706593
2.786, 0.000706593
2.787, 0.000706593
2.788, 0.000706593
2.789, 0.000706593
2.79, 0.000706593
2.791, 0.000706593
2.792, 0.000706593
2.793, 0.000706593
2.794, 0.000706593
2.795, 0.000706593
2.796, 0.000706593
2.797, 0.000706593
2.798, 0.000706593
2.799, 0.000706593
2.8, 0.000706593
2.801, 0.000706593
2.802, 0.000706593
2.803, 0.000706593
2.804, 0.000706593
2.805, 0.000706593
2.806, 0.000706593
2.807, 0.000706593
2.808, 0.000706593
2.809, 0.000706593
2.81, 0.000706593
2.811, 0.000706593
2.812, 0.000706593
2.813, 0.000706593
2.814, 0.000706593
2.815, 0.000706593
2.816, 0.000706593
2.817, 0.000706593
2.818, 0.000706593
2.819, 0.000706593
2.82, 0.000706593
2.821, 0.000706593
2.822, 0.000706593
2.823, 0.000706593
2.824, 0.000706593
2.825, 0.000706593
2.826, 0.000706593
2.827, 0.000706593
2.828, 0.000706593
2.829, 0.000706593
2.83, 0.000706593
2.831, 0.000706593
2.832, 0.000706593
2.833, 0.000706593
2.834, 0.000706593
2.835, 0.000706593
2.836, 0.000706593
2.837, 0.000706593
2.838, 0.000706593
2.839, 0.000706593
2.84, 0.000706593
2.841, 0.000706593
2.842, 0.000706593
2.843, 0.000706593
2.844, 0.000706593
2.845, 0.000706593
2.846, 0.000706593
2.847, 0.000706593
2.848, 0.000706593
2.849, 0.000706593
2.85, 0.000706593
2.851, 0.000706593
2.852, 0.000706593
2.853, 0.000706593
2.854, 0.000706593
2.855, 0.000706593
2.856, 0.000706593
2.857, 0.000706593
2.858, 0.000706593
2.859, 0.000706593
2.86, 0.000706593
2.861, 0.000706593
2.862, 0.000706593
2.863, 0.000706593
2.864, 0.000706593
2.865, 0.000706593
2.866, 0.000706593
2.867, 0.000706593
2.868, 0.000706593
2.869, 0.000706593
2.87, 0.000706593
2.871, 0.000706593
2.872, 0.000706593
2.873, 0.000706593
2.874, 0.000706593
2.875, 0.000706593
2.876, 0.000706593
2.877, 0.000706593
2.878, 0.000706593
2.879, 0.000706593
2.88, 0.000706593
2.881, 0.000706593
2.882, 0.000706593
2.883, 0.000706593
2.884, 0.000706593
2.885, 0.000706593
2.886, 0.000706593
2.887, 0.000706593
2.888, 0.000706593
2.889, 0.000706593
2.89, 0.000706593
2.891, 0.000706593
2.892, 0.000706593
2.893, 0.000706593
2.894, 0.000706593
2.895, 0.000706593
2.896, 0.000706593
2.897, 0.000706593
2.898, 0.000706593
2.899, 0.000706593
2.9, 0.000706593
2.901, 0.000706593
2.902, 0.000706593
2.903, 0.000706593
2.904, 0.000706593
2.905, 0.000706593
2.906, 0.000706593
2.907, 0.000706593
2.908, 0.000706593
2.909, 0.000706593
2.91, 0.000706593
2.911, 0.000706593
2.912, 0.000706593
2.913, 0.000706593
2.914, 0.000706593
2.915, 0.000706593
2.916, 0.000706593
2.917, 0.000706593
2.918, 0.000706593
2.919, 0.000706593
2.92, 0.000706593
2.921, 0.000706593
2.922, 0.000706593
2.923, 0.000706593
2.924, 0.000706593
2.925, 0.000706593
2.926, 0.000706593
2.927, 0.000706593
2.928, 0.000706593
2.929, 0.000706593
2.93, 0.000706593
2.931, 0.000706593
2.932, 0.000706593
2.933, 0.000706593
2.934, 0.000706593
2.935, 0.000706593
2.936, 0.000706593
2.937, 0.000706593
2.938, 0.000706593
2.939, 0.000706593
2.94, 0.000706593
2.941, 0.000706593
2.942, 0.000706593
2.943, 0.000706593
2.944, 0.000706593
2.945, 0.000706593
2.946, 0.000706593
2.947, 0.000706593
2.948, 0.000706593
2.949, 0.000706593
2.95, 0.000706593
2.951, 0.000706593
2.952, 0.000706593
2.953, 0.000706593
2.954, 0.000706593
2.955, 0.000706593
2.956, 0.000706593
2.957, 0.000706593
2.958, 0.000706593
2.959, 0.000706593
2.96, 0.000706593
2.961, 0.000706593
2.962, 0.000706593
2.963, 0.000706593
2.964, 0.000706593
2.965, 0.000706593
2.966, 0.000706593
2.967, 0.000706593
2.968, 0.000706593
2.969, 0.000706593
2.97, 0.000706593
2.971, 0.000706593
2.972, 0.000706593
2.973, 0.000706593
2.974, 0.000706593
2.975, 0.000706593
2.976, 0.000706593
2.977, 0.000706593
2.978, 0.000706593
2.979, 0.000706593
2.98, 0.000706593
2.981, 0.000706593
2.982, 0.000706593
2.983, 0.000706593
2.984, 0.000706593
2.985, 0.000706593
2.986, 0.000706593
2.987, 0.000706593
2.988, 0.000706593
2.989, 0.000706593
2.99, 0.000706593
2.991, 0.000706593
2.992, 0.000706593
2.993, 0.000706593
2.994, 0.000706593
2.995, 0.000706593
2.996, 0.000706593
2.997, 0.000706593
2.998, 0.000706593
2.999, 0.000706593
3, 0.000706593
3.001, 0.000706593
3.002, 0.000706593
3.003, 0.000706593
3.004, 0.000706593
3.005, 0.000706593
3.006, 0.000706593
3.007, 0.000706593
3.008, 0.000706593
3.009, 0.000706593
3.01, 0.000706593
3.011, 0.000706593
3.012, 0.000706593
3.013, 0.000706593
3.014, 0.000706593
3.015, 0.000706593
3.016, 0.000706593
3.017, 0.000706593
3.018, 0.000706593
3.019, 0.000706593
3.02, 0.000706593
3.021, 0.000706593
3.022, 0.000706593
3.023, 0.000706593
3.024, 0.000706593
3.025, 0.000706593
3.026, 0.000706593
3.027, 0.000706593
3.028, 0.000706593
3.029, 0.000706593
3.03, 0.000706593
3.031, 0.000706593
3.032, 0.000706593
3.033, 0.000706593
3.034, 0.000706593
3.035, 0.000706593
3.036, 0.000706593
3.037, 0.000706593
3.038, 0.000706593
3.039, 0.000706593
3.04, 0.000706593
3.041, 0.000706593
3.042, 0.000706593
3.043, 0.000706593
3.044, 0.000706593
3.045, 0.000706593
3.046, 0.000706593
3.047, 0.000706593
3.048, 0.000706593
3.049, 0.000706593
3.05, 0.000706593
3.051, 0.000706593
3.052, 0.000706593
3.053, 0.000706593
3.054, 0.000706593
3.055, 0.000706593
3.056, 0.000706593
3.057, 0.000706593
3.058, 0.000706593
3.059, 0.000706593
3.06, 0.000706593
3.061, 0.000706593
3.062, 0.000706593
3.063, 0.000706593
3.064, 0.000706593
3.065, 0.000706593
3.066, 0.000706593
3.067, 0.000706593
3.068, 0.000706593
3.069, 0.000706593
3.07, 0.000706593
3.071, 0.000706593
3.072, 0.000706593
3.073, 0.000706593
3.074, 0.000706593
3.075, 0.000706593
3.076, 0.000706593
3.077, 0.000706593
3.078, 0.000706593
3.079, 0.000706593
3.08, 0.000706593
3.081, 0.000706593
3.082, 0.000706593
3.083, 0.000706593
3.084, 0.000706593
3.085, 0.000706593
3.086, 0.000706593
3.087, 0.000706593
3.088, 0.000706593
3.089, 0.000706593
3.09, 0.000706593
3.091, 0.000706593
3.092, 0.000706593
3.093, 0.000706593
3.094, 0.000706593
3.095, 0.000706593
3.096, 0.000706593
3.097, 0.000706593
3.098, 0.000706593
3.099, 0.000706593
3.1, 0.000706593
3.101, 0.000706593
3.102, 0.000706593
3.103, 0.000706593
3.104, 0.000706593
3.105, 0.000706593
3.106, 0.000706593
3.107, 0.000706593
3.108, 0.000706593
3.109, 0.000706593
3.11, 0.000706593
3.111, 0.000706593
3.112, 0.000706593
3.113, 0.000706593
3.114, 0.000706593
3.115, 0.000706593
3.116, 0.000706593
3.117, 0.000706593
3.118, 0.000706593
3.119, 0.000706593
3.12, 0.000706593
3.121, 0.000706593
3.122, 0.000706593
3.123, 0.000706593
3.124, 0.000706593
3.125, 0.000706593
3.126, 0.000706593
3.127, 0.000706593
3.128, 0.000706593
3.129, 0.000706593
3.13, 0.000706593
3.131, 0.000706593
3.132, 0.000706593
3.133, 0.000706593
3.134, 0.000706593
3.135, 0.000706593
3.136, 0.000706593
3.137, 0.000706593
3.138, 0.000706593
3.139, 0.000706593
3.14, 0.000706593
3.141, 0.000706593
3.142, 0.000706593
3.143, 0.000706593
3.144, 0.000706593
3.145, 0.000706593
3.146, 0.000706593
3.147, 0.000706593
3.148, 0.000706593
3.149, 0.000706593
3.15, 0.000706593
3.151, 0.000706593
3.152, 0.000706593
3.153, 0.000706593
3.154, 0.000706593
3.155, 0.000706593
3.156, 0.000706593
3.157, 0.000706593
3.158, 0.000706593
3.159, 0.000706593
3.16, 0.000706593
3.161, 0.000706593
3.162, 0.000706593
3.163, 0.000706593
3.164, 0.000706593
3.165, 0.000706593
3.166, 0.000706593
3.167, 0.000706593
3.168, 0.000706593
3.169, 0.000706593
3.17, 0.000706593
3.171, 0.000706593
3.172, 0.000706593
3.173, 0.000706593
3.174, 0.000706593
3.175, 0.000706593
3.176, 0.000706593
3.177, 0.000706593
3.178, 0.000706593
3.179, 0.000706593
3.18, 0.000706593
3.181, 0.000706593
3.182, 0.000706593
3.183, 0.000706593
3.184, 0.000706593
3.185, 0.000706593
3.186, 0.000706593
3.187, 0.000706593
3.188, 0.000706593
3.189, 0.000706593
3.19, 0.000706593
3.191, 0.000706593
3.192, 0.000706593
3.193, 0.000706593
3.194, 0.000706593
3.195, 0.000706593
3.196, 0.000706593
3.197, 0.000706593
3.198, 0.000706593
3.199, 0.000706593
3.2, 0.000706593
3.201, 0.000706593
3.202, 0.000706593
3.203, 0.000706593
3.204, 0.000706593
3.205, 0.000706593
3.206, 0.000706593
3.207, 0.000706593
3.208, 0.000706593
3.209, 0.000706593
3.21, 0.000706593
3.211, 0.000706593
3.212, 0.000706593
3.213, 0.000706593
3.214, 0.000706593
3.215, 0.000706593
3.216, 0.000706593
3.217, 0.000706593
3.218, 0.000706593
3.219, 0.000706593
3.22, 0.000706593
3.221, 0.000706593
3.222, 0.000706593
3.223, 0.000706593
3.224, 0.000706593
3.225, 0.000706593
3.226, 0.000706593
3.227, 0.000706593
3.228, 0.000706593
3.229, 0.000706593
3.23, 0.000706593
3.231, 0.000706593
3.232, 0.000706593
3.233, 0.000706593
3.234, 0.000706593
3.235, 0.000706593
3.236, 0.000706593
3.237, 0.000706593
3.238, 0.000706593
3.239, 0.000706593
3.24, 0.000706593
3.241, 0.000706593
3.242, 0.000706593
3.243, 0.000706593
3.244, 0.000706593
3.245, 0.000706593
3.246, 0.000706593
3.247, 0.000706593
3.248, 0.000706593
3.249, 0.000706593
3.25, 0.000706593
3.251, 0.000706593
3.252, 0.000706593
3.253, 0.000706593
3.254, 0.000706593
3.255, 0.000706593
3.256, 0.000706593
3.257, 0.000706593
3.258, 0.000706593
3.259, 0.000706593
3.26, 0.000706593
3.261, 0.000706593
3.262, 0.000706593
3.263, 0.000706593
3.264, 0.000706593
3.265, 0.000706593
3.266, 0.000706593
3.267, 0.000706593
3.268, 0.000706593
3.269, 0.000706593
3.27, 0.000706593
3.271, 0.000706593
3.272, 0.000706593
3.273, 0.000706593
3.274, 0.000706593
3.275, 0.000706593
3.276, 0.000706593
3.277, 0.000706593
3.278, 0.000706593
3.279, 0.000706593
3.28, 0.000706593
3.281, 0.000706593
3.282, 0.000706593
3.283, 0.000706593
3.284, 0.000706593
3.285, 0.000706593
3.286, 0.000706593
3.287, 0.000706593
3.288, 0.000706593
3.289, 0.000706593
3.29, 0.000706593
3.291, 0.000706593
3.292, 0.000706593
3.293, 0.000706593
3.294, 0.000706593
3.295, 0.000706593
3.296, 0.000706593
3.297, 0.000706593
3.298, 0.000706593
3.299, 0.000706593
3.3, 0.000706593
3.301, 0.000706593
3.302, 0.000706593
3.303, 0.000706593
3.304, 0.000706593
3.305, 0.000706593
3.306, 0.000706593
3.307, 0.000706593
3.308, 0.000706593
3.309, 0.000706593
3.31, 0.000706593
3.311, 0.000706593
3.312, 0.000706593
3.313, 0.000706593
3.314, 0.000706593
3.315, 0.000706593
3.316, 0.000706593
3.317, 0.000706593
3.318, 0.000706593
3.319, 0.000706593
3.32, 0.000706593
3.321, 0.000706593
3.322, 0.000706593
3.323, 0.000706593
3.324, 0.000706593
3.325, 0.000706593
3.326, 0.000706593
3.327, 0.000706593
3.328, 0.000706593
3.329, 0.000706593
3.33, 0.000706593
3.331, 0.000706593
3.332, 0.000706593
3.333, 0.000706593
3.334, 0.000706593
3.335, 0.000706593
3.336, 0.000706593
3.337, 0.000706593
3.338, 0.000706593
3.339, 0.000706593
3.34, 0.000706593
3.341, 0.000706593
3.342, 0.000706593
3.343, 0.000706593
3.344, 0.000706593
3.345, 0.000706593
3.346, 0.000706593
3.347, 0.000706593
3.348, 0.000706593
3.349, 0.000706593
3.35, 0.000706593
3.351, 0.000706593
3.352, 0.000706593
3.353, 0.000706593
3.354, 0.000706593
3.355, 0.000706593
3.356, 0.000706593
3.357, 0.000706593
3.358, 0.000706593
3.359, 0.000706593
3.36, 0.000706593
3.361, 0.000706593
3.362, 0.000706593
3.363, 0.000706593
3.364, 0.000706593
3.365, 0.000706593
3.366, 0.000706593
3.367, 0.000706593
3.368, 0.000706593
3.369, 0.000706593
3.37, 0.000706593
3.371, 0.000706593
3.372, 0.000706593
3.373, 0.000706593
3.374, 0.000706593
3.375, 0.000706593
3.376, 0.000706593
3.377, 0.000706593
3.378, 0.000706593
3.379, 0.000706593
3.38, 0.000706593
3.381, 0.000706593
3.382, 0.000706593
3.383, 0.000706593
3.384, 0.000706593
3.385, 0.000706593
3.386, 0.000706593
3.387, 0.000706593
3.388, 0.000706593
3.389, 0.000706593
3.39, 0.000706593
3.391, 0.000706593
3.392, 0.000706593
3.393, 0.000706593
3.394, 0.000706593
3.395, 0.000706593
3.396, 0.000706593
3.397, 0.000706593
3.398, 0.000706593
3.399, 0.000706593
3.4, 0.000706593
3.401, 0.000706593
3.402, 0.000706593
3.403, 0.000706593
3.404, 0.000706593
3.405, 0.000706593
3.406, 0.000706593
3.407, 0.000706593
3.408, 0.000706593
3.409, 0.000706593
3.41, 0.000706593
3.411, 0.000706593
3.412, 0.000706593
3.413, 0.000706593
3.414, 0.000706593
3.415, 0.000706593
3.416, 0.000706593
3.417, 0.000706593
3.418, 0.000706593
3.419, 0.000706593
3.42, 0.000706593
3.421, 0.000706593
3.422, 0.000706593
3.423, 0.000706593
3.424, 0.000706593
3.425, 0.000706593
3.426, 0.000706593
3.427, 0.000706593
3.428, 0.000706593
3.429, 0.000706593
3.43, 0.000706593
3.431, 0.000706593
3.432, 0.000706593
3.433, 0.000706593
3.434, 0.000706593
3.435, 0.000706593
3.436, 0.000706593
3.437, 0.000706593
3.438, 0.000706593
3.439, 0.000706593
3.44, 0.000706593
3.441, 0.000706593
3.442, 0.000706593
3.443, 0.000706593
3.444, 0.000706593
3.445, 0.000706593
3.446, 0.000706593
3.447, 0.000706593
3.448, 0.000706593
3.449, 0.000706593
3.45, 0.000706593
3.451, 0.000706593
3.452, 0.000706593
3.453, 0.000706593
3.454, 0.000706593
3.455, 0.000706593
3.456, 0.000706593
3.457, 0.000706593
3.458, 0.000706593
3.459, 0.000706593
3.46, 0.000706593
3.461, 0.000706593
3.462, 0.000706593
3.463, 0.000706593
3.464, 0.000706593
3.465, 0.000706593
3.466, 0.000706593
3.467, 0.000706593
3.468, 0.000706593
3.469, 0.000706593
3.47, 0.000706593
3.471, 0.000706593
3.472, 0.000706593
3.473, 0.000706593
3.474, 0.000706593
3.475, 0.000706593
3.476, 0.000706593
3.477, 0.000706593
3.478, 0.000706593
3.479, 0.000706593
3.48, 0.000706593
3.481, 0.000706593
3.482, 0.000706593
3.483, 0.000706593
3.484, 0.000706593
3.485, 0.000706593
3.486, 0.000706593
3.487, 0.000706593
3.488, 0.000706593
3.489, 0.000706593
3.49, 0.000706593
3.491, 0.000706593
3.492, 0.000706593
3.493, 0.000706593
3.494, 0.000706593
3.495, 0.000706593
3.496, 0.000706593
3.497, 0.000706593
3.498, 0.000706593
3.499, 0.000706593
3.5, 0.000706593
3.501, 0.000706593
3.502, 0.000706593
3.503, 0.000706593
3.504, 0.000706593
3.505, 0.000706593
3.506, 0.000706593
3.507, 0.000706593
3.508, 0.000706593
3.509, 0.000706593
3.51, 0.000706593
3.511, 0.000706593
3.512, 0.000706593
3.513, 0.000706593
3.514, 0.000706593
3.515, 0.000706593
3.516, 0.000706593
3.517, 0.000706593
3.518, 0.000706593
3.519, 0.000706593
3.52, 0.000706593
3.521, 0.000706593
3.522, 0.000706593
3.523, 0.000706593
3.524, 0.000706593
3.525, 0.000706593
3.526, 0.000706593
3.527, 0.000706593
3.528, 0.000706593
3.529, 0.000706593
3.53, 0.000706593
3.531, 0.000706593
3.532, 0.000706593
3.533, 0.000706593
3.534, 0.000706593
3.535, 0.000706593
3.536, 0.000706593
3.537, 0.000706593
3.538, 0.000706593
3.539, 0.000706593
3.54, 0.000706593
3.541, 0.000706593
3.542, 0.000706593
3.543, 0.000706593
3.544, 0.000706593
3.545, 0.000706593
3.546, 0.000706593
3.547, 0.000706593
3.548, 0.000706593
3.549, 0.000706593
3.55, 0.000706593
3.551, 0.000706593
3.552, 0.000706593
3.553, 0.000706593
3.554, 0.000706593
3.555, 0.000706593
3.556, 0.000706593
3.557, 0.000706593
3.558, 0.000706593
3.559, 0.000706593
3.56, 0.000706593
3.561, 0.000706593
3.562, 0.000706593
3.563, 0.000706593
3.564, 0.000706593
3.565, 0.000706593
3.566, 0.000706593
3.567, 0.000706593
3.568, 0.000706593
3.569, 0.000706593
3.57, 0.000706593
3.571, 0.000706593
3.572, 0.000706593
3.573, 0.000706593
3.574, 0.000706593
3.575, 0.000706593
3.576, 0.000706593
3.577, 0.000706593
3.578, 0.000706593
3.579, 0.000706593
3.58, 0.000706593
3.581, 0.000706593
3.582, 0.000706593
3.583, 0.000706593
3.584, 0.000706593
3.585, 0.000706593
3.586, 0.000706593
3.587, 0.000706593
3.588, 0.000706593
3.589, 0.000706593
3.59, 0.000706593
3.591, 0.000706593
3.592, 0.000706593
3.593, 0.000706593
3.594, 0.000706593
3.595, 0.000706593
3.596, 0.000706593
3.597, 0.000706593
3.598, 0.000706593
3.599, 0.000706593
3.6, 0.000706593
3.601, 0.000706593
3.602, 0.000706593
3.603, 0.000706593
3.604, 0.000706593
3.605, 0.000706593
3.606, 0.000706593
3.607, 0.000706593
3.608, 0.000706593
3.609, 0.000706593
3.61, 0.000706593
3.611, 0.000706593
3.612, 0.000706593
3.613, 0.000706593
3.614, 0.000706593
3.615, 0.000706593
3.616, 0.000706593
3.617, 0.000706593
3.618, 0.000706593
3.619, 0.000706593
3.62, 0.000706593
3.621, 0.000706593
3.622, 0.000706593
3.623, 0.000706593
3.624, 0.000706593
3.625, 0.000706593
3.626, 0.000706593
3.627, 0.000706593
3.628, 0.000706593
3.629, 0.000706593
3.63, 0.000706593
3.631, 0.000706593
3.632, 0.000706593
3.633, 0.000706593
3.634, 0.000706593
3.635, 0.000706593
3.636, 0.000706593
3.637, 0.000706593
3.638, 0.000706593
3.639, 0.000706593
3.64, 0.000706593
3.641, 0.000706593
3.642, 0.000706593
3.643, 0.000706593
3.644, 0.000706593
3.645, 0.000706593
3.646, 0.000706593
3.647, 0.000706593
3.648, 0.000706593
3.649, 0.000706593
3.65, 0.000706593
3.651, 0.000706593
3.652, 0.000706593
3.653, 0.000706593
3.654, 0.000706593
3.655, 0.000706593
3.656, 0.000706593
3.657, 0.000706593
3.658, 0.000706593
3.659, 0.000706593
3.66, 0.000706593
3.661, 0.000706593
3.662, 0.000706593
3.663, 0.000706593
3.664, 0.000706593
3.665, 0.000706593
3.666, 0.000706593
3.667, 0.000706593
3.668, 0.000706593
3.669, 0.000706593
3.67, 0.000706593
3.671, 0.000706593
3.672, 0.000706593
3.673, 0.000706593
3.674, 0.000706593
3.675, 0.000706593
3.676, 0.000706593
3.677, 0.000706593
3.678, 0.000706593
3.679, 0.000706593
3.68, 0.000706593
3.681, 0.000706593
3.682, 0.000706593
3.683, 0.000706593
3.684, 0.000706593
3.685, 0.000706593
3.686, 0.000706593
3.687, 0.000706593
3.688, 0.000706593
3.689, 0.000706593
3.69, 0.000706593
3.691, 0.000706593
3.692, 0.000706593
3.693, 0.000706593
3.694, 0.000706593
3.695, 0.000706593
3.696, 0.000706593
3.697, 0.000706593
3.698, 0.000706593
3.699, 0.000706593
3.7, 0.000706593
3.701, 0.000706593
3.702, 0.000706593
3.703, 0.000706593
3.704, 0.000706593
3.705, 0.000706593
3.706, 0.000706593
3.707, 0.000706593
3.708, 0.000706593
3.709, 0.000706593
3.71, 0.000706593
3.711, 0.000706593
3.712, 0.000706593
3.713, 0.000706593
3.714, 0.000706593
3.715, 0.000706593
3.716, 0.000706593
3.717, 0.000706593
3.718, 0.000706593
3.719, 0.000706593
3.72, 0.000706593
3.721, 0.000706593
3.722, 0.000706593
3.723, 0.000706593
3.724, 0.000706593
3.725, 0.000706593
3.726, 0.000706593
3.727, 0.000706593
3.728, 0.000706593
3.729, 0.000706593
3.73, 0.000706593
3.731, 0.000706593
3.732, 0.000706593
3.733, 0.000706593
3.734, 0.000706593
3.735, 0.000706593
3.736, 0.000706593
3.737, 0.000706593
3.738, 0.000706593
3.739, 0.000706593
3.74, 0.000706593
3.741, 0.000706593
3.742, 0.000706593
3.743, 0.000706593
3.744, 0.000706593
3.745, 0.000706593
3.746, 0.000706593
3.747, 0.000706593
3.748, 0.000706593
3.749, 0.000706593
3.75, 0.000706593
3.751, 0.000706593
3.752, 0.000706593
3.753, 0.000706593
3.754, 0.000706593
3.755, 0.000706593
3.756, 0.000706593
3.757, 0.000706593
3.758, 0.000706593
3.759, 0.000706593
3.76, 0.000706593
3.761, 0.000706593
3.762, 0.000706593
3.763, 0.000706593
3.764, 0.000706593
3.765, 0.000706593
3.766, 0.000706593
3.767, 0.000706593
3.768, 0.000706593
3.769, 0.000706593
3.77, 0.000706593
3.771, 0.000706593
3.772, 0.000706593
3.773, 0.000706593
3.774, 0.000706593
3.775, 0.000706593
3.776, 0.000706593
3.777, 0.000706593
3.778, 0.000706593
3.779, 0.000706593
3.78, 0.000706593
3.781, 0.000706593
3.782, 0.000706593
3.783, 0.000706593
3.784, 0.000706593
3.785, 0.000706593
3.786, 0.000706593
3.787, 0.000706593
3.788, 0.000706593
3.789, 0.000706593
3.79, 0.000706593
3.791, 0.000706593
3.792, 0.000706593
3.793, 0.000706593
3.794, 0.000706593
3.795, 0.000706593
3.796, 0.000706593
3.797, 0.000706593
3.798, 0.000706593
3.799, 0.000706593
3.8, 0.000706593
3.801, 0.000706593
3.802, 0.000706593
3.803, 0.000706593
3.804, 0.000706593
3.805, 0.000706593
3.806, 0.000706593
3.807, 0.000706593
3.808, 0.000706593
3.809, 0.000706593
3.81, 0.000706593
3.811, 0.000706593
3.812, 0.000706593
3.813, 0.000706593
3.814, 0.000706593
3.815, 0.000706593
3.816, 0.000706593
3.817, 0.000706593
3.818, 0.000706593
3.819, 0.000706593
3.82, 0.000706593
3.821, 0.000706593
3.822, 0.000706593
3.823, 0.000706593
3.824, 0.000706593
3.825, 0.000706593
3.826, 0.000706593
3.827, 0.000706593
3.828, 0.000706593
3.829, 0.000706593
3.83, 0.000706593
3.831, 0.000706593
3.832, 0.000706593
3.833, 0.000706593
3.834, 0.000706593
3.835, 0.000706593
3.836, 0.000706593
3.837, 0.000706593
3.838, 0.000706593
3.839, 0.000706593
3.84, 0.000706593
3.841, 0.000706593
3.842, 0.000706593
3.843, 0.000706593
3.844, 0.000706593
3.845, 0.000706593
3.846, 0.000706593
3.847, 0.000706593
3.848, 0.000706593
3.849, 0.000706593
3.85, 0.000706593
3.851, 0.000706593
3.852, 0.000706593
3.853, 0.000706593
3.854, 0.000706593
3.855, 0.000706593
3.856, 0.000706593
3.857, 0.000706593
3.858, 0.000706593
3.859, 0.000706593
3.86, 0.000706593
3.861, 0.000706593
3.862, 0.000706593
3.863, 0.000706593
3.864, 0.000706593
3.865, 0.000706593
3.866, 0.000706593
3.867, 0.000706593
3.868, 0.000706593
3.869, 0.000706593
3.87, 0.000706593
3.871, 0.000706593
3.872, 0.000706593
3.873, 0.000706593
3.874, 0.000706593
3.875, 0.000706593
3.876, 0.000706593
3.877, 0.000706593
3.878, 0.000706593
3.879, 0.000706593
3.88, 0.000706593
3.881, 0.000706593
3.882, 0.000706593
3.883, 0.000706593
3.884, 0.000706593
3.885, 0.000706593
3.886, 0.000706593
3.887, 0.000706593
3.888, 0.000706593
3.889, 0.000706593
3.89, 0.000706593
3.891, 0.000706593
3.892, 0.000706593
3.893, 0.000706593
3.894, 0.000706593
3.895, 0.000706593
3.896, 0.000706593
3.897, 0.000706593
3.898, 0.000706593
3.899, 0.000706593
3.9, 0.000706593
3.901, 0.000706593
3.902, 0.000706593
3.903, 0.000706593
3.904, 0.000706593
3.905, 0.000706593
3.906, 0.000706593
3.907, 0.000706593
3.908, 0.000706593
3.909, 0.000706593
3.91, 0.000706593
3.911, 0.000706593
3.912, 0.000706593
3.913, 0.000706593
3.914, 0.000706593
3.915, 0.000706593
3.916, 0.000706593
3.917, 0.000706593
3.918, 0.000706593
3.919, 0.000706593
3.92, 0.000706593
3.921, 0.000706593
3.922, 0.000706593
3.923, 0.000706593
3.924, 0.000706593
3.925, 0.000706593
3.926, 0.000706593
3.927, 0.000706593
3.928, 0.000706593
3.929, 0.000706593
3.93, 0.000706593
3.931, 0.000706593
3.932, 0.000706593
3.933, 0.000706593
3.934, 0.000706593
3.935, 0.000706593
3.936, 0.000706593
3.937, 0.000706593
3.938, 0.000706593
3.939, 0.000706593
3.94, 0.000706593
3.941, 0.000706593
3.942, 0.000706593
3.943, 0.000706593
3.944, 0.000706593
3.945, 0.000706593
3.946, 0.000706593
3.947, 0.000706593
3.948, 0.000706593
3.949, 0.000706593
3.95, 0.000706593
3.951, 0.000706593
3.952, 0.000706593
3.953, 0.000706593
3.954, 0.000706593
3.955, 0.000706593
3.956, 0.000706593
3.957, 0.000706593
3.958, 0.000706593
3.959, 0.000706593
3.96, 0.000706593
3.961, 0.000706593
3.962, 0.000706593
3.963, 0.000706593
3.964, 0.000706593
3.965, 0.000706593
3.966, 0.000706593
3.967, 0.000706593
3.968, 0.000706593
3.969, 0.000706593
3.97, 0.000706593
3.971, 0.000706593
3.972, 0.000706593
3.973, 0.000706593
3.974, 0.000706593
3.975, 0.000706593
3.976, 0.000706593
3.977, 0.000706593
3.978, 0.000706593
3.979, 0.000706593
3.98, 0.000706593
3.981, 0.000706593
3.982, 0.000706593
3.983, 0.000706593
3.984, 0.000706593
3.985, 0.000706593
3.986, 0.000706593
3.987, 0.000706593
3.988, 0.000706593
3.989, 0.000706593
3.99, 0.000706593
3.991, 0.000706593
3.992, 0.000706593
3.993, 0.000706593
3.994, 0.000706593
3.995, 0.000706593
3.996, 0.000706593
3.997, 0.000706593
3.998, 0.000706593
3.999, 0.000706593
4, 0.000706593
4.001, 0.000706593
4.002, 0.000706593
4.003, 0.000706593
4.004, 0.000706593
4.005, 0.000706593
4.006, 0.000706593
4.007, 0.000706593
4.008, 0.000706593
4.009, 0.000706593
4.01, 0.000706593
4.011, 0.000706593
4.012, 0.000706593
4.013, 0.000706593
4.014, 0.000706593
4.015, 0.000706593
4.016, 0.000706593
4.017, 0.000706593
4.018, 0.000706593
4.019, 0.000706593
4.02, 0.000706593
4.021, 0.000706593
4.022, 0.000706593
4.023, 0.000706593
4.024, 0.000706593
4.025, 0.000706593
4.026, 0.000706593
4.027, 0.000706593
4.028, 0.000706593
4.029, 0.000706593
4.03, 0.000706593
4.031, 0.000706593
4.032, 0.000706593
4.033, 0.000706593
4.034, 0.000706593
4.035, 0.000706593
4.036, 0.000706593
4.037, 0.000706593
4.038, 0.000706593
4.039, 0.000706593
4.04, 0.000706593
4.041, 0.000706593
4.042, 0.000706593
4.043, 0.000706593
4.044, 0.000706593
4.045, 0.000706593
4.046, 0.000706593
4.047, 0.000706593
4.048, 0.000706593
4.049, 0.000706593
4.05, 0.000706593
4.051, 0.000706593
4.052, 0.000706593
4.053, 0.000706593
4.054, 0.000706593
4.055, 0.000706593
4.056, 0.000706593
4.057, 0.000706593
4.058, 0.000706593
4.059, 0.000706593
4.06, 0.000706593
4.061, 0.000706593
4.062, 0.000706593
4.063, 0.000706593
4.064, 0.000706593
4.065, 0.000706593
4.066, 0.000706593
4.067, 0.000706593
4.068, 0.000706593
4.069, 0.000706593
4.07, 0.000706593
4.071, 0.000706593
4.072, 0.000706593
4.073, 0.000706593
4.074, 0.000706593
4.075, 0.000706593
4.076, 0.000706593
4.077, 0.000706593
4.078, 0.000706593
4.079, 0.000706593
4.08, 0.000706593
4.081, 0.000706593
4.082, 0.000706593
4.083, 0.000706593
4.084, 0.000706593
4.085, 0.000706593
4.086, 0.000706593
4.087, 0.000706593
4.088, 0.000706593
4.089, 0.000706593
4.09, 0.000706593
4.091, 0.000706593
4.092, 0.000706593
4.093, 0.000706593
4.094, 0.000706593
4.095, 0.000706593
4.096, 0.000706593
4.097, 0.000706593
4.098, 0.000706593
4.099, 0.000706593
4.1, 0.000706593
4.101, 0.000706593
4.102, 0.000706593
