sim_time, unit_box_Custom?world_pose/orientation/roll
0.001, 2.80768e-19
0.002, 7.46851e-19
0.003, 7.45834e-19
0.004, 7.45305e-19
0.005, 7.43488e-19
0.006, 7.44199e-19
0.007, 7.44103e-19
0.008, 7.44939e-19
0.009, 7.45819e-19
0.01, 7.43635e-19
0.011, 7.47711e-19
0.012, 7.46947e-19
0.013, 7.43929e-19
0.014, 7.43622e-19
0.015, 7.49576e-19
0.016, 7.4536e-19
0.017, 7.46961e-19
0.018, 7.42833e-19
0.019, 7.45854e-19
0.02, 7.4359e-19
0.021, 7.44923e-19
0.022, 7.44524e-19
0.023, 7.45945e-19
0.024, 7.4519e-19
0.025, 7.45367e-19
0.026, 7.44075e-19
0.027, 7.43308e-19
0.028, 7.44363e-19
0.029, 7.46349e-19
0.03, 7.45978e-19
0.031, 7.44356e-19
0.032, 7.46776e-19
0.033, 7.47019e-19
0.034, 7.45973e-19
0.035, 7.44972e-19
0.036, 7.489e-19
0.037, 7.49763e-19
0.038, 7.44009e-19
0.039, 7.45223e-19
0.04, 7.43411e-19
0.041, 7.46972e-19
0.042, 7.48356e-19
0.043, 7.46051e-19
0.044, 7.42939e-19
0.045, 7.44312e-19
0.046, 7.47061e-19
0.047, 7.44345e-19
0.048, 7.4704e-19
0.049, 7.49778e-19
0.05, 7.46343e-19
0.051, 7.46949e-19
0.052, 7.48487e-19
0.053, 7.4511e-19
0.054, 7.43108e-19
0.055, 7.46035e-19
0.056, 7.4582e-19
0.057, 7.46983e-19
0.058, 7.48191e-19
0.059, 7.45371e-19
0.06, 7.4197e-19
0.061, 7.46463e-19
0.062, 7.44819e-19
0.063, 7.44108e-19
0.064, 7.43886e-19
0.065, 7.44859e-19
0.066, 7.43619e-19
0.067, 7.42421e-19
0.068, 7.43858e-19
0.069, 7.47822e-19
0.07, 7.46982e-19
0.071, 7.46005e-19
0.072, 7.46812e-19
0.073, 7.44998e-19
0.074, 7.48038e-19
0.075, 7.44278e-19
0.076, 7.42377e-19
0.077, 7.45404e-19
0.078, 7.45811e-19
0.079, 7.44305e-19
0.08, 7.45365e-19
0.081, 7.43767e-19
0.082, 7.48429e-19
0.083, 7.4292e-19
0.084, 7.47596e-19
0.085, 7.44321e-19
0.086, 7.44199e-19
0.087, 7.43602e-19
0.088, 7.45713e-19
0.089, 7.43871e-19
0.09, 7.49992e-19
0.091, 7.43721e-19
0.092, 7.446e-19
0.093, 7.43225e-19
0.094, 7.46157e-19
0.095, 7.44104e-19
0.096, 7.47905e-19
0.097, 7.45089e-19
0.098, 7.44982e-19
0.099, 7.43406e-19
0.1, 7.49831e-19
0.101, 7.47343e-19
0.102, 7.45786e-19
0.103, 7.50489e-19
0.104, 7.44135e-19
0.105, 7.44042e-19
0.106, 7.43548e-19
0.107, 7.44875e-19
0.108, 7.47135e-19
0.109, 7.41889e-19
0.11, 7.43348e-19
0.111, 7.46628e-19
0.112, 7.49507e-19
0.113, 7.43993e-19
0.114, 7.46961e-19
0.115, 7.43311e-19
0.116, 7.48143e-19
0.117, 7.42805e-19
0.118, 7.43285e-19
0.119, 7.46472e-19
0.12, 7.47928e-19
0.121, 7.44099e-19
0.122, 7.45198e-19
0.123, 7.45009e-19
0.124, 7.46641e-19
0.125, 7.46096e-19
0.126, 7.47816e-19
0.127, 7.4736e-19
0.128, 7.43394e-19
0.129, 7.42138e-19
0.13, 7.42257e-19
0.131, 7.45529e-19
0.132, 7.42628e-19
0.133, 7.43324e-19
0.134, 7.44952e-19
0.135, 7.43959e-19
0.136, 7.42123e-19
0.137, 7.45659e-19
0.138, 7.48351e-19
0.139, 7.45315e-19
0.14, 7.48539e-19
0.141, 7.46478e-19
0.142, 7.44018e-19
0.143, 7.42489e-19
0.144, 7.45002e-19
0.145, 7.45782e-19
0.146, 7.43941e-19
0.147, 7.43477e-19
0.148, 7.47054e-19
0.149, 7.42237e-19
0.15, 7.43682e-19
0.151, 7.50055e-19
0.152, 7.44898e-19
0.153, 7.47335e-19
0.154, 7.47596e-19
0.155, 7.42702e-19
0.156, 7.46348e-19
0.157, 7.45598e-19
0.158, 7.4442e-19
0.159, 7.45951e-19
0.16, 7.44417e-19
0.161, 7.47054e-19
0.162, 7.4713e-19
0.163, 7.48138e-19
0.164, 7.48719e-19
0.165, 7.4357e-19
0.166, 7.44683e-19
0.167, 7.42861e-19
0.168, 7.43363e-19
0.169, 7.46573e-19
0.17, 7.47163e-19
0.171, 7.46595e-19
0.172, 7.45658e-19
0.173, 7.45182e-19
0.174, 7.45194e-19
0.175, 7.47914e-19
0.176, 7.48014e-19
0.177, 7.45466e-19
0.178, 7.44424e-19
0.179, 7.43616e-19
0.18, 7.46908e-19
0.181, 7.44027e-19
0.182, 7.44742e-19
0.183, 7.50073e-19
0.184, 7.44376e-19
0.185, 7.45358e-19
0.186, 7.44163e-19
0.187, 7.44761e-19
0.188, 7.48039e-19
0.189, 7.46921e-19
0.19, 7.47151e-19
0.191, 7.43845e-19
0.192, 7.46801e-19
0.193, 7.47109e-19
0.194, 7.45212e-19
0.195, 7.46024e-19
0.196, 7.45519e-19
0.197, 7.44143e-19
0.198, 7.4592e-19
0.199, 7.43716e-19
0.2, 7.46414e-19
0.201, 7.51376e-19
0.202, 7.48833e-19
0.203, 7.46334e-19
0.204, 7.45655e-19
0.205, 7.4502e-19
0.206, 7.47982e-19
0.207, 7.45215e-19
0.208, 7.43825e-19
0.209, 7.46919e-19
0.21, 7.45616e-19
0.211, 7.4791e-19
0.212, 7.44919e-19
0.213, 7.43304e-19
0.214, 7.4573e-19
0.215, 7.4598e-19
0.216, 7.45385e-19
0.217, 7.47055e-19
0.218, 7.44328e-19
0.219, 7.46531e-19
0.22, 7.49665e-19
0.221, 7.46626e-19
0.222, 7.44519e-19
0.223, 7.43789e-19
0.224, 7.45323e-19
0.225, 7.45569e-19
0.226, 7.43638e-19
0.227, 7.46637e-19
0.228, 7.46571e-19
0.229, 7.46993e-19
0.23, 7.46126e-19
0.231, 7.43084e-19
0.232, 7.43194e-19
0.233, 7.45124e-19
0.234, 7.49319e-19
0.235, 7.49117e-19
0.236, 7.46739e-19
0.237, 7.46181e-19
0.238, 7.46999e-19
0.239, 7.42532e-19
0.24, 7.42107e-19
0.241, 7.47942e-19
0.242, 7.4716e-19
0.243, 7.46866e-19
0.244, 7.4484e-19
0.245, 7.45967e-19
0.246, 7.46249e-19
0.247, 7.46576e-19
0.248, 7.46502e-19
0.249, 7.43364e-19
0.25, 7.43379e-19
0.251, 7.45214e-19
0.252, 7.4354e-19
0.253, 7.45463e-19
0.254, 7.46986e-19
0.255, 7.45001e-19
0.256, 7.47056e-19
0.257, 7.45602e-19
0.258, 7.41528e-19
0.259, 7.48156e-19
0.26, 7.46835e-19
0.261, 7.46001e-19
0.262, 7.43436e-19
0.263, 7.44911e-19
0.264, 7.48207e-19
0.265, 7.46661e-19
0.266, 7.47824e-19
0.267, 7.45923e-19
0.268, 7.44954e-19
0.269, 7.42697e-19
0.27, 7.46256e-19
0.271, 7.46752e-19
0.272, 7.48623e-19
0.273, 7.51871e-19
0.274, 7.48057e-19
0.275, 7.42956e-19
0.276, 7.4678e-19
0.277, 7.45319e-19
0.278, 7.45678e-19
0.279, 7.45193e-19
0.28, 7.49193e-19
0.281, 7.43468e-19
0.282, 7.43115e-19
0.283, 7.44138e-19
0.284, 7.4343e-19
0.285, 7.42765e-19
0.286, 7.43033e-19
0.287, 7.46453e-19
0.288, 7.48585e-19
0.289, 7.44988e-19
0.29, 7.42767e-19
0.291, 7.45031e-19
0.292, 7.45563e-19
0.293, 7.46582e-19
0.294, 7.46314e-19
0.295, 7.45202e-19
0.296, 7.45021e-19
0.297, 7.44885e-19
0.298, 7.50122e-19
0.299, 7.45633e-19
0.3, 7.46517e-19
0.301, 7.49221e-19
0.302, 7.43532e-19
0.303, 7.481e-19
0.304, 7.46052e-19
0.305, 7.476e-19
0.306, 7.46528e-19
0.307, 7.47276e-19
0.308, 7.42739e-19
0.309, 7.4402e-19
0.31, 7.45788e-19
0.311, 7.49821e-19
0.312, 7.48569e-19
0.313, 7.44696e-19
0.314, 7.43976e-19
0.315, 7.45077e-19
0.316, 7.48442e-19
0.317, 7.4741e-19
0.318, 7.45533e-19
0.319, 7.4681e-19
0.32, 7.4591e-19
0.321, 7.44166e-19
0.322, 7.44242e-19
0.323, 7.44807e-19
0.324, 7.45416e-19
0.325, 7.47845e-19
0.326, 7.46765e-19
0.327, 7.46618e-19
0.328, 7.47846e-19
0.329, 7.46011e-19
0.33, 7.46439e-19
0.331, 7.50909e-19
0.332, 7.47873e-19
0.333, 7.45769e-19
0.334, 7.46374e-19
0.335, 7.46135e-19
0.336, 7.48604e-19
0.337, 7.47565e-19
0.338, 7.4124e-19
0.339, 7.44286e-19
0.34, 7.46487e-19
0.341, 7.43403e-19
0.342, 7.47913e-19
0.343, 7.46694e-19
0.344, 7.45075e-19
0.345, 7.48828e-19
0.346, 7.44188e-19
0.347, 7.47586e-19
0.348, 7.45699e-19
0.349, 7.44744e-19
0.35, 7.43833e-19
0.351, 7.42522e-19
0.352, 7.46584e-19
0.353, 7.45207e-19
0.354, 7.4561e-19
0.355, 7.44933e-19
0.356, 7.443e-19
0.357, 7.43711e-19
0.358, 7.45873e-19
0.359, 7.46802e-19
0.36, 7.48623e-19
0.361, 7.42702e-19
0.362, 7.44375e-19
0.363, 7.42983e-19
0.364, 7.45231e-19
0.365, 7.44024e-19
0.366, 7.45042e-19
0.367, 7.46756e-19
0.368, 7.5029e-19
0.369, 7.41878e-19
0.37, 7.44211e-19
0.371, 7.44866e-19
0.372, 7.4508e-19
0.373, 7.41994e-19
0.374, 7.43837e-19
0.375, 7.47057e-19
0.376, 7.41926e-19
0.377, 7.44887e-19
0.378, 7.43855e-19
0.379, 7.45739e-19
0.38, 7.44115e-19
0.381, 7.45644e-19
0.382, 7.4726e-19
0.383, 7.44533e-19
0.384, 7.45807e-19
0.385, 7.45113e-19
0.386, 7.48015e-19
0.387, 7.45632e-19
0.388, 7.46001e-19
0.389, 7.47801e-19
0.39, 7.44719e-19
0.391, 7.47662e-19
0.392, 7.46208e-19
0.393, 7.44398e-19
0.394, 7.44172e-19
0.395, 7.45766e-19
0.396, 7.45919e-19
0.397, 7.4914e-19
0.398, 7.46188e-19
0.399, 7.45792e-19
0.4, 7.43134e-19
0.401, 7.44518e-19
0.402, 7.41949e-19
0.403, 7.44753e-19
0.404, 7.44492e-19
0.405, 7.46052e-19
0.406, 7.42327e-19
0.407, 7.46639e-19
0.408, 7.42114e-19
0.409, 7.4385e-19
0.41, 7.44297e-19
0.411, 7.49674e-19
0.412, 7.46213e-19
0.413, 7.44572e-19
0.414, 7.4342e-19
0.415, 7.4542e-19
0.416, 7.46131e-19
0.417, 7.46443e-19
0.418, 7.49464e-19
0.419, 7.46755e-19
0.42, 7.42758e-19
0.421, 7.45466e-19
0.422, 7.46886e-19
0.423, 7.49683e-19
0.424, 7.41421e-19
0.425, 7.45194e-19
0.426, 7.45014e-19
0.427, 7.43989e-19
0.428, 7.43898e-19
0.429, 7.43405e-19
0.43, 7.42513e-19
0.431, 7.45662e-19
0.432, 7.46635e-19
0.433, 7.50315e-19
0.434, 7.47379e-19
0.435, 7.45819e-19
0.436, 7.43859e-19
0.437, 7.44607e-19
0.438, 7.43179e-19
0.439, 7.43572e-19
0.44, 7.46673e-19
0.441, 7.49374e-19
0.442, 7.43681e-19
0.443, 7.42917e-19
0.444, 7.46195e-19
0.445, 7.46851e-19
0.446, 7.42223e-19
0.447, 7.46964e-19
0.448, 7.46421e-19
0.449, 7.45477e-19
0.45, 7.45466e-19
0.451, 7.46387e-19
0.452, 7.45575e-19
0.453, 7.49693e-19
0.454, 7.44084e-19
0.455, 7.46069e-19
0.456, 7.4499e-19
0.457, 7.46619e-19
0.458, 7.47404e-19
0.459, 7.51341e-19
0.46, 7.49994e-19
0.461, 7.50467e-19
0.462, 7.46098e-19
0.463, 7.43551e-19
0.464, 7.47708e-19
0.465, 7.45249e-19
0.466, 7.45497e-19
0.467, 7.44902e-19
0.468, 7.44795e-19
0.469, 7.47397e-19
0.47, 7.51374e-19
0.471, 7.43406e-19
0.472, 7.44363e-19
0.473, 7.46252e-19
0.474, 7.43301e-19
0.475, 7.44834e-19
0.476, 7.48188e-19
0.477, 7.44036e-19
0.478, 7.44814e-19
0.479, 7.47855e-19
0.48, 7.43836e-19
0.481, 7.41636e-19
0.482, 7.46587e-19
0.483, 7.44031e-19
0.484, 7.45961e-19
0.485, 7.43938e-19
0.486, 7.46844e-19
0.487, 7.45797e-19
0.488, 7.46571e-19
0.489, 7.47832e-19
0.49, 7.47805e-19
0.491, 7.43826e-19
0.492, 7.4522e-19
0.493, 7.45325e-19
0.494, 7.45031e-19
0.495, 7.47445e-19
0.496, 7.43686e-19
0.497, 7.47076e-19
0.498, 7.49178e-19
0.499, 7.45995e-19
0.5, 7.45965e-19
0.501, 7.43314e-19
0.502, 7.44704e-19
0.503, 7.4525e-19
0.504, 7.4362e-19
0.505, 7.43809e-19
0.506, 7.46708e-19
0.507, 7.49206e-19
0.508, 7.4642e-19
0.509, 7.44565e-19
0.51, 7.43643e-19
0.511, 7.44541e-19
0.512, 7.48148e-19
0.513, 7.48246e-19
0.514, 7.4528e-19
0.515, 7.45022e-19
0.516, 7.44808e-19
0.517, 7.46858e-19
0.518, 7.44068e-19
0.519, 7.43098e-19
0.52, 7.44837e-19
0.521, 7.51504e-19
0.522, 7.42229e-19
0.523, 7.45432e-19
0.524, 7.46902e-19
0.525, 7.4664e-19
0.526, 7.47311e-19
0.527, 7.47137e-19
0.528, 7.42123e-19
0.529, 7.46922e-19
0.53, 7.45548e-19
0.531, 7.46883e-19
0.532, 7.43377e-19
0.533, 7.43468e-19
0.534, 7.49376e-19
0.535, 7.46446e-19
0.536, 7.45336e-19
0.537, 7.44271e-19
0.538, 7.46358e-19
0.539, 7.44048e-19
0.54, 7.44891e-19
0.541, 7.46667e-19
0.542, 7.43157e-19
0.543, 7.46797e-19
0.544, 7.42487e-19
0.545, 7.44882e-19
0.546, 7.43769e-19
0.547, 7.47141e-19
0.548, 7.47448e-19
0.549, 7.42026e-19
0.55, 7.45974e-19
0.551, 7.46413e-19
0.552, 7.45564e-19
0.553, 7.46536e-19
0.554, 7.45331e-19
0.555, 7.4639e-19
0.556, 7.46605e-19
0.557, 7.46865e-19
0.558, 7.45392e-19
0.559, 7.44851e-19
0.56, 7.43466e-19
0.561, 7.46122e-19
0.562, 7.45713e-19
0.563, 7.47569e-19
0.564, 7.47249e-19
0.565, 7.42975e-19
0.566, 7.45408e-19
0.567, 7.45219e-19
0.568, 7.47295e-19
0.569, 7.4453e-19
0.57, 7.45362e-19
0.571, 7.51567e-19
0.572, 7.43162e-19
0.573, 7.41461e-19
0.574, 7.42913e-19
0.575, 7.48851e-19
0.576, 7.4595e-19
0.577, 7.46202e-19
0.578, 7.48274e-19
0.579, 7.46838e-19
0.58, 7.44558e-19
0.581, 7.46762e-19
0.582, 7.49011e-19
0.583, 7.47307e-19
0.584, 7.47423e-19
0.585, 7.47139e-19
0.586, 7.4379e-19
0.587, 7.46703e-19
0.588, 7.46996e-19
0.589, 7.46888e-19
0.59, 7.45936e-19
0.591, 7.45916e-19
0.592, 7.45053e-19
0.593, 7.42901e-19
0.594, 7.46122e-19
0.595, 7.42726e-19
0.596, 7.46035e-19
0.597, 7.43171e-19
0.598, 7.41683e-19
0.599, 7.47789e-19
0.6, 7.45057e-19
0.601, 7.44146e-19
0.602, 7.44167e-19
0.603, 7.44676e-19
0.604, 7.45229e-19
0.605, 7.45382e-19
0.606, 7.47355e-19
0.607, 7.46708e-19
0.608, 7.49213e-19
0.609, 7.41549e-19
0.61, 7.45474e-19
0.611, 7.43227e-19
0.612, 7.46352e-19
0.613, 7.45525e-19
0.614, 7.44742e-19
0.615, 7.43559e-19
0.616, 7.41532e-19
0.617, 7.44878e-19
0.618, 7.45159e-19
0.619, 7.45928e-19
0.62, 7.44077e-19
0.621, 7.45379e-19
0.622, 7.42283e-19
0.623, 7.4989e-19
0.624, 7.46439e-19
0.625, 7.45252e-19
0.626, 7.45886e-19
0.627, 7.47451e-19
0.628, 7.424e-19
0.629, 7.44054e-19
0.63, 7.46196e-19
0.631, 7.44385e-19
0.632, 7.47947e-19
0.633, 7.46669e-19
0.634, 7.48987e-19
0.635, 7.42467e-19
0.636, 7.43985e-19
0.637, 7.47323e-19
0.638, 7.44045e-19
0.639, 7.43918e-19
0.64, 7.46501e-19
0.641, 7.43798e-19
0.642, 7.48689e-19
0.643, 7.47407e-19
0.644, 7.44392e-19
0.645, 7.44086e-19
0.646, 7.43824e-19
0.647, 7.4405e-19
0.648, 7.45208e-19
0.649, 7.41081e-19
0.65, 7.42772e-19
0.651, 7.46283e-19
0.652, 7.45397e-19
0.653, 7.44999e-19
0.654, 7.45089e-19
0.655, 7.46555e-19
0.656, 7.47178e-19
0.657, 7.44736e-19
0.658, 7.4367e-19
0.659, 7.4398e-19
0.66, 7.43002e-19
0.661, 7.42957e-19
0.662, 7.4784e-19
0.663, 7.46106e-19
0.664, 7.4264e-19
0.665, 7.43215e-19
0.666, 7.48274e-19
0.667, 7.45384e-19
0.668, 7.45203e-19
0.669, 7.47286e-19
0.67, 7.45416e-19
0.671, 7.48475e-19
0.672, 7.47138e-19
0.673, 7.45844e-19
0.674, 7.49035e-19
0.675, 7.46942e-19
0.676, 7.46224e-19
0.677, 7.44663e-19
0.678, 7.45809e-19
0.679, 7.44336e-19
0.68, 7.45127e-19
0.681, 7.45074e-19
0.682, 7.48173e-19
0.683, 7.47764e-19
0.684, 7.46067e-19
0.685, 7.43969e-19
0.686, 7.45025e-19
0.687, 7.50565e-19
0.688, 7.46379e-19
0.689, 7.45346e-19
0.69, 7.45689e-19
0.691, 7.48297e-19
0.692, 7.47396e-19
0.693, 7.43874e-19
0.694, 7.41285e-19
0.695, 7.44068e-19
0.696, 7.46452e-19
0.697, 7.4888e-19
0.698, 7.41582e-19
0.699, 7.44542e-19
0.7, 7.47102e-19
0.701, 7.45709e-19
0.702, 7.4658e-19
0.703, 7.46164e-19
0.704, 7.44903e-19
0.705, 7.47683e-19
0.706, 7.46954e-19
0.707, 7.48934e-19
0.708, 7.44741e-19
0.709, 7.43701e-19
0.71, 7.43592e-19
0.711, 7.45749e-19
0.712, 7.46616e-19
0.713, 7.43088e-19
0.714, 7.44043e-19
0.715, 7.45043e-19
0.716, 7.48308e-19
0.717, 7.50284e-19
0.718, 7.48752e-19
0.719, 7.48596e-19
0.72, 7.48483e-19
0.721, 7.41754e-19
0.722, 7.43062e-19
0.723, 7.47079e-19
0.724, 7.48475e-19
0.725, 7.46807e-19
0.726, 7.42074e-19
0.727, 7.41826e-19
0.728, 7.43843e-19
0.729, 7.4546e-19
0.73, 7.43567e-19
0.731, 7.45716e-19
0.732, 7.47465e-19
0.733, 7.49258e-19
0.734, 7.48874e-19
0.735, 7.48534e-19
0.736, 7.45574e-19
0.737, 7.47099e-19
0.738, 7.45115e-19
0.739, 7.47172e-19
0.74, 7.47497e-19
0.741, 7.43869e-19
0.742, 7.43393e-19
0.743, 7.47847e-19
0.744, 7.42574e-19
0.745, 7.43119e-19
0.746, 7.44596e-19
0.747, 7.46117e-19
0.748, 7.45018e-19
0.749, 7.50624e-19
0.75, 7.46504e-19
0.751, 7.47313e-19
0.752, 7.42019e-19
0.753, 7.44838e-19
0.754, 7.4609e-19
0.755, 7.48496e-19
0.756, 7.44892e-19
0.757, 7.45994e-19
0.758, 7.48917e-19
0.759, 7.46111e-19
0.76, 7.44237e-19
0.761, 7.4603e-19
0.762, 7.47871e-19
0.763, 7.44054e-19
0.764, 7.45331e-19
0.765, 7.44817e-19
0.766, 7.46859e-19
0.767, 7.44953e-19
0.768, 7.44938e-19
0.769, 7.46302e-19
0.77, 7.47711e-19
0.771, 7.43391e-19
0.772, 7.46664e-19
0.773, 7.4659e-19
0.774, 7.45895e-19
0.775, 7.41409e-19
0.776, 7.45254e-19
0.777, 7.50105e-19
0.778, 7.45396e-19
0.779, 7.48503e-19
0.78, 7.47819e-19
0.781, 7.41629e-19
0.782, 7.48805e-19
0.783, 7.4137e-19
0.784, 7.43749e-19
0.785, 7.46243e-19
0.786, 7.49229e-19
0.787, 7.4478e-19
0.788, 7.43649e-19
0.789, 7.42503e-19
0.79, 7.48799e-19
0.791, 7.45817e-19
0.792, 7.46503e-19
0.793, 7.45903e-19
0.794, 7.4446e-19
0.795, 7.43505e-19
0.796, 7.45702e-19
0.797, 7.44553e-19
0.798, 7.44559e-19
0.799, 7.43882e-19
0.8, 7.50204e-19
0.801, 7.48206e-19
0.802, 7.46257e-19
0.803, 7.41687e-19
0.804, 7.46486e-19
0.805, 7.44225e-19
0.806, 7.47336e-19
0.807, 7.42942e-19
0.808, 7.43033e-19
0.809, 7.45388e-19
0.81, 7.46455e-19
0.811, 7.45346e-19
0.812, 7.44281e-19
0.813, 7.44592e-19
0.814, 7.48944e-19
0.815, 7.47566e-19
0.816, 7.45789e-19
0.817, 7.46276e-19
0.818, 7.47252e-19
0.819, 7.4605e-19
0.82, 7.45337e-19
0.821, 7.43336e-19
0.822, 7.46264e-19
0.823, 7.42575e-19
0.824, 7.45591e-19
0.825, 7.41989e-19
0.826, 7.45537e-19
0.827, 7.46021e-19
0.828, 7.48769e-19
0.829, 7.48008e-19
0.83, 7.43295e-19
0.831, 7.42178e-19
0.832, 7.43326e-19
0.833, 7.43185e-19
0.834, 7.45753e-19
0.835, 7.44369e-19
0.836, 7.42584e-19
0.837, 7.45728e-19
0.838, 7.41811e-19
0.839, 7.41934e-19
0.84, 7.45211e-19
0.841, 7.47199e-19
0.842, 7.43458e-19
0.843, 7.46867e-19
0.844, 7.48543e-19
0.845, 7.4671e-19
0.846, 7.41813e-19
0.847, 7.43621e-19
0.848, 7.44141e-19
0.849, 7.46038e-19
0.85, 7.45313e-19
0.851, 7.44189e-19
0.852, 7.43997e-19
0.853, 7.46958e-19
0.854, 7.45078e-19
0.855, 7.41465e-19
0.856, 7.44114e-19
0.857, 7.45918e-19
0.858, 7.44214e-19
0.859, 7.46551e-19
0.86, 7.44934e-19
0.861, 7.47803e-19
0.862, 7.4894e-19
0.863, 7.46567e-19
0.864, 7.43351e-19
0.865, 7.43731e-19
0.866, 7.45488e-19
0.867, 7.43292e-19
0.868, 7.44693e-19
0.869, 7.47914e-19
0.87, 7.44517e-19
0.871, 7.42942e-19
0.872, 7.45851e-19
0.873, 7.46583e-19
0.874, 7.48248e-19
0.875, 7.49957e-19
0.876, 7.45493e-19
0.877, 7.46401e-19
0.878, 7.45133e-19
0.879, 7.45686e-19
0.88, 7.44507e-19
0.881, 7.42483e-19
0.882, 7.43168e-19
0.883, 7.43897e-19
0.884, 7.45113e-19
0.885, 7.44598e-19
0.886, 7.43239e-19
0.887, 7.41479e-19
0.888, 7.43761e-19
0.889, 7.43865e-19
0.89, 7.43126e-19
0.891, 7.45984e-19
0.892, 7.46221e-19
0.893, 7.42505e-19
0.894, 7.41942e-19
0.895, 7.44975e-19
0.896, 7.45832e-19
0.897, 7.4629e-19
0.898, 7.42794e-19
0.899, 7.44227e-19
0.9, 7.47925e-19
0.901, 7.45006e-19
0.902, 7.3991e-19
0.903, 7.47293e-19
0.904, 7.44505e-19
0.905, 7.45759e-19
0.906, 7.44392e-19
0.907, 7.45733e-19
0.908, 7.42678e-19
0.909, 7.46329e-19
0.91, 7.45138e-19
0.911, 7.48876e-19
0.912, 7.48218e-19
0.913, 7.44939e-19
0.914, 7.44368e-19
0.915, 7.47838e-19
0.916, 7.46912e-19
0.917, 7.46917e-19
0.918, 7.44303e-19
0.919, 7.4484e-19
0.92, 7.47643e-19
0.921, 7.4738e-19
0.922, 7.4583e-19
0.923, 7.47432e-19
0.924, 7.45969e-19
0.925, 7.47659e-19
0.926, 7.47173e-19
0.927, 7.42734e-19
0.928, 7.42779e-19
0.929, 7.45534e-19
0.93, 7.43891e-19
0.931, 7.45402e-19
0.932, 7.42515e-19
0.933, 7.46334e-19
0.934, 7.45312e-19
0.935, 7.49219e-19
0.936, 7.49173e-19
0.937, 7.45174e-19
0.938, 7.43884e-19
0.939, 7.43526e-19
0.94, 7.45433e-19
0.941, 7.43386e-19
0.942, 7.44937e-19
0.943, 7.46532e-19
0.944, 7.4595e-19
0.945, 7.463e-19
0.946, 7.4403e-19
0.947, 7.45801e-19
0.948, 7.44507e-19
0.949, 7.47698e-19
0.95, 7.4516e-19
0.951, 7.43555e-19
0.952, 7.43769e-19
0.953, 7.44472e-19
0.954, 7.44775e-19
0.955, 7.45122e-19
0.956, 7.47733e-19
0.957, 7.45947e-19
0.958, 7.4687e-19
0.959, 7.43841e-19
0.96, 7.47072e-19
0.961, 7.45463e-19
0.962, 7.44785e-19
0.963, 7.43708e-19
0.964, 7.44451e-19
0.965, 7.46127e-19
0.966, 7.42517e-19
0.967, 7.45613e-19
0.968, 7.4742e-19
0.969, 7.43055e-19
0.97, 7.47171e-19
0.971, 7.48222e-19
0.972, 7.43544e-19
0.973, 7.46904e-19
0.974, 7.44535e-19
0.975, 7.47983e-19
0.976, 7.44814e-19
0.977, 7.49682e-19
0.978, 7.42604e-19
0.979, 7.45784e-19
0.98, 7.45456e-19
0.981, 7.45171e-19
0.982, 7.46263e-19
0.983, 7.49175e-19
0.984, 7.4769e-19
0.985, 7.45362e-19
0.986, 7.44853e-19
0.987, 7.47497e-19
0.988, 7.47965e-19
0.989, 7.44924e-19
0.99, 7.44592e-19
0.991, 7.44303e-19
0.992, 7.42283e-19
0.993, 7.44303e-19
0.994, 7.46367e-19
0.995, 7.40926e-19
0.996, 7.43078e-19
0.997, 7.45719e-19
0.998, 7.46183e-19
0.999, 7.43582e-19
1, 7.45022e-19
1.001, 7.46063e-19
1.002, 7.47591e-19
1.003, 7.42502e-19
1.004, 7.44118e-19
1.005, 7.47555e-19
1.006, 7.44818e-19
1.007, 7.47011e-19
1.008, 7.43474e-19
1.009, 7.47975e-19
1.01, 7.45859e-19
1.011, 7.44675e-19
1.012, 7.462e-19
1.013, 7.4466e-19
1.014, 7.46716e-19
1.015, 7.47485e-19
1.016, 7.45633e-19
1.017, 7.44269e-19
1.018, 7.45169e-19
1.019, 7.47002e-19
1.02, 7.50655e-19
1.021, 7.42362e-19
1.022, 7.43883e-19
1.023, 7.47224e-19
1.024, 7.45724e-19
1.025, 7.44712e-19
1.026, 7.46854e-19
1.027, 7.46818e-19
1.028, 7.46827e-19
1.029, 7.45103e-19
1.03, 7.44312e-19
1.031, 7.46229e-19
1.032, 7.45525e-19
1.033, 7.46642e-19
1.034, 7.50468e-19
1.035, 7.43679e-19
1.036, 7.44929e-19
1.037, 7.44001e-19
1.038, 7.45339e-19
1.039, 7.44943e-19
1.04, 7.46369e-19
1.041, 7.46506e-19
1.042, 7.46687e-19
1.043, 7.45136e-19
1.044, 7.46737e-19
1.045, 7.43053e-19
1.046, 7.45187e-19
1.047, 7.42036e-19
1.048, 7.4559e-19
1.049, 7.46523e-19
1.05, 7.43948e-19
1.051, 7.4497e-19
1.052, 7.43815e-19
1.053, 7.44925e-19
1.054, 7.50075e-19
1.055, 7.46388e-19
1.056, 7.43189e-19
1.057, 7.44031e-19
1.058, 7.44028e-19
1.059, 7.4407e-19
1.06, 7.47708e-19
1.061, 7.46506e-19
1.062, 7.47567e-19
1.063, 7.43344e-19
1.064, 7.47603e-19
1.065, 7.50129e-19
1.066, 7.41153e-19
1.067, 7.451e-19
1.068, 7.45982e-19
1.069, 7.45131e-19
1.07, 7.47878e-19
1.071, 7.45783e-19
1.072, 7.44621e-19
1.073, 7.49276e-19
1.074, 7.43761e-19
1.075, 7.44507e-19
1.076, 7.44853e-19
1.077, 7.43911e-19
1.078, 7.45233e-19
1.079, 7.47932e-19
1.08, 7.45346e-19
1.081, 7.4458e-19
1.082, 7.44746e-19
1.083, 7.47176e-19
1.084, 7.49651e-19
1.085, 7.43732e-19
1.086, 7.4363e-19
1.087, 7.50234e-19
1.088, 7.44891e-19
1.089, 7.46254e-19
1.09, 7.43664e-19
1.091, 7.42894e-19
1.092, 7.46165e-19
1.093, 7.46815e-19
1.094, 7.46178e-19
1.095, 7.46472e-19
1.096, 7.49475e-19
1.097, 7.44529e-19
1.098, 7.44511e-19
1.099, 7.4365e-19
1.1, 7.45497e-19
1.101, 7.45167e-19
1.102, 7.44438e-19
1.103, 7.46417e-19
1.104, 7.48884e-19
1.105, 7.50063e-19
1.106, 7.46401e-19
1.107, 7.4678e-19
1.108, 7.43207e-19
1.109, 7.46782e-19
1.11, 7.47737e-19
1.111, 7.42519e-19
1.112, 7.44451e-19
1.113, 7.46426e-19
1.114, 7.44005e-19
1.115, 7.47401e-19
1.116, 7.50396e-19
1.117, 7.45443e-19
1.118, 7.43641e-19
1.119, 7.45881e-19
1.12, 7.46833e-19
1.121, 7.48716e-19
1.122, 7.44871e-19
1.123, 7.46842e-19
1.124, 7.45306e-19
1.125, 7.43813e-19
1.126, 7.41032e-19
1.127, 7.47621e-19
1.128, 7.46704e-19
1.129, 7.45831e-19
1.13, 7.45003e-19
1.131, 7.43774e-19
1.132, 7.42145e-19
1.133, 7.42781e-19
1.134, 7.4657e-19
1.135, 7.42409e-19
1.136, 7.42732e-19
1.137, 7.43988e-19
1.138, 7.44845e-19
1.139, 7.4308e-19
1.14, 7.47133e-19
1.141, 7.47677e-19
1.142, 7.50041e-19
1.143, 7.45788e-19
1.144, 7.46464e-19
1.145, 7.48517e-19
1.146, 7.43952e-19
1.147, 7.4254e-19
1.148, 7.4428e-19
1.149, 7.44288e-19
1.15, 7.46117e-19
1.151, 7.45325e-19
1.152, 7.46797e-19
1.153, 7.48758e-19
1.154, 7.45878e-19
1.155, 7.45262e-19
1.156, 7.46467e-19
1.157, 7.47715e-19
1.158, 7.4812e-19
1.159, 7.45904e-19
1.16, 7.45508e-19
1.161, 7.42936e-19
1.162, 7.45293e-19
1.163, 7.4725e-19
1.164, 7.47918e-19
1.165, 7.46855e-19
1.166, 7.46279e-19
1.167, 7.45304e-19
1.168, 7.47037e-19
1.169, 7.44373e-19
1.17, 7.47082e-19
1.171, 7.48059e-19
1.172, 7.46416e-19
1.173, 7.47481e-19
1.174, 7.47702e-19
1.175, 7.44415e-19
1.176, 7.43391e-19
1.177, 7.47297e-19
1.178, 7.48583e-19
1.179, 7.44583e-19
1.18, 7.45956e-19
1.181, 7.43821e-19
1.182, 7.44395e-19
1.183, 7.48565e-19
1.184, 7.42565e-19
1.185, 7.44158e-19
1.186, 7.4402e-19
1.187, 7.45701e-19
1.188, 7.43874e-19
1.189, 7.50085e-19
1.19, 7.45682e-19
1.191, 7.48428e-19
1.192, 7.45e-19
1.193, 7.42505e-19
1.194, 7.46715e-19
1.195, 7.48305e-19
1.196, 7.47275e-19
1.197, 7.45844e-19
1.198, 7.43569e-19
1.199, 7.44003e-19
1.2, 7.45369e-19
1.201, 7.48111e-19
1.202, 7.43792e-19
1.203, 7.44846e-19
1.204, 7.44167e-19
1.205, 7.44865e-19
1.206, 7.48272e-19
1.207, 7.46837e-19
1.208, 7.47223e-19
1.209, 7.44989e-19
1.21, 7.46351e-19
1.211, 7.45093e-19
1.212, 7.45655e-19
1.213, 7.47149e-19
1.214, 7.45135e-19
1.215, 7.42276e-19
1.216, 7.46123e-19
1.217, 7.46461e-19
1.218, 7.43291e-19
1.219, 7.49046e-19
1.22, 7.44631e-19
1.221, 7.47366e-19
1.222, 7.44816e-19
1.223, 7.44086e-19
1.224, 7.43844e-19
1.225, 7.45423e-19
1.226, 7.46601e-19
1.227, 7.45603e-19
1.228, 7.43761e-19
1.229, 7.4374e-19
1.23, 7.45983e-19
1.231, 7.46049e-19
1.232, 7.45716e-19
1.233, 7.45871e-19
1.234, 7.43849e-19
1.235, 7.45424e-19
1.236, 7.51484e-19
1.237, 7.46041e-19
1.238, 7.4464e-19
1.239, 7.42838e-19
1.24, 7.47298e-19
1.241, 7.46028e-19
1.242, 7.43915e-19
1.243, 7.42733e-19
1.244, 7.43372e-19
1.245, 7.48052e-19
1.246, 7.46559e-19
1.247, 7.46886e-19
1.248, 7.47257e-19
1.249, 7.52113e-19
1.25, 7.4369e-19
1.251, 7.46858e-19
1.252, 7.49181e-19
1.253, 7.46664e-19
1.254, 7.44634e-19
1.255, 7.43093e-19
1.256, 7.43816e-19
1.257, 7.44584e-19
1.258, 7.47171e-19
1.259, 7.44918e-19
1.26, 7.42709e-19
1.261, 7.46761e-19
1.262, 7.45084e-19
1.263, 7.50113e-19
1.264, 7.47191e-19
1.265, 7.48311e-19
1.266, 7.41481e-19
1.267, 7.45797e-19
1.268, 7.47937e-19
1.269, 7.44348e-19
1.27, 7.47908e-19
1.271, 7.46628e-19
1.272, 7.44947e-19
1.273, 7.46419e-19
1.274, 7.46602e-19
1.275, 7.47718e-19
1.276, 7.4799e-19
1.277, 7.45198e-19
1.278, 7.42449e-19
1.279, 7.45961e-19
1.28, 7.46409e-19
1.281, 7.44237e-19
1.282, 7.44773e-19
1.283, 7.4935e-19
1.284, 7.42425e-19
1.285, 7.45758e-19
1.286, 7.45138e-19
1.287, 7.43673e-19
1.288, 7.46694e-19
1.289, 7.44874e-19
1.29, 7.45762e-19
1.291, 7.46695e-19
1.292, 7.46339e-19
1.293, 7.42475e-19
1.294, 7.45316e-19
1.295, 7.45092e-19
1.296, 7.44468e-19
1.297, 7.43e-19
1.298, 7.44685e-19
1.299, 7.47746e-19
1.3, 7.48187e-19
1.301, 7.46007e-19
1.302, 7.44759e-19
1.303, 7.45332e-19
1.304, 7.44616e-19
1.305, 7.44832e-19
1.306, 7.45537e-19
1.307, 7.45842e-19
1.308, 7.48411e-19
1.309, 7.45695e-19
1.31, 7.43911e-19
1.311, 7.45724e-19
1.312, 7.48914e-19
1.313, 7.47706e-19
1.314, 7.46542e-19
1.315, 7.44979e-19
1.316, 7.44348e-19
1.317, 7.44204e-19
1.318, 7.42329e-19
1.319, 7.43162e-19
1.32, 7.46703e-19
1.321, 7.44072e-19
1.322, 7.45037e-19
1.323, 7.43826e-19
1.324, 7.471e-19
1.325, 7.45532e-19
1.326, 7.42233e-19
1.327, 7.4475e-19
1.328, 7.46868e-19
1.329, 7.49474e-19
1.33, 7.4635e-19
1.331, 7.41494e-19
1.332, 7.429e-19
1.333, 7.47014e-19
1.334, 7.4451e-19
1.335, 7.4516e-19
1.336, 7.45409e-19
1.337, 7.47479e-19
1.338, 7.45152e-19
1.339, 7.46422e-19
1.34, 7.44183e-19
1.341, 7.44652e-19
1.342, 7.4561e-19
1.343, 7.46612e-19
1.344, 7.42328e-19
1.345, 7.45638e-19
1.346, 7.44108e-19
1.347, 7.4573e-19
1.348, 7.46508e-19
1.349, 7.47774e-19
1.35, 7.46419e-19
1.351, 7.44664e-19
1.352, 7.45618e-19
1.353, 7.45728e-19
1.354, 7.42329e-19
1.355, 7.45636e-19
1.356, 7.44989e-19
1.357, 7.43499e-19
1.358, 7.41609e-19
1.359, 7.43759e-19
1.36, 7.43733e-19
1.361, 7.42863e-19
1.362, 7.43813e-19
1.363, 7.47028e-19
1.364, 7.47623e-19
1.365, 7.44708e-19
1.366, 7.44946e-19
1.367, 7.46117e-19
1.368, 7.45111e-19
1.369, 7.45037e-19
1.37, 7.45007e-19
1.371, 7.49018e-19
1.372, 7.44192e-19
1.373, 7.44738e-19
1.374, 7.46217e-19
1.375, 7.46851e-19
1.376, 7.44865e-19
1.377, 7.48252e-19
1.378, 7.45022e-19
1.379, 7.46277e-19
1.38, 7.42246e-19
1.381, 7.49806e-19
1.382, 7.46752e-19
1.383, 7.45519e-19
1.384, 7.47437e-19
1.385, 7.48068e-19
1.386, 7.43858e-19
1.387, 7.44133e-19
1.388, 7.45784e-19
1.389, 7.49699e-19
1.39, 7.45221e-19
1.391, 7.47005e-19
1.392, 7.42615e-19
1.393, 7.45818e-19
1.394, 7.44181e-19
1.395, 7.45696e-19
1.396, 7.46367e-19
1.397, 7.45306e-19
1.398, 7.46509e-19
1.399, 7.45092e-19
1.4, 7.45495e-19
1.401, 7.44166e-19
1.402, 7.46878e-19
1.403, 7.44305e-19
1.404, 7.43108e-19
1.405, 7.46396e-19
1.406, 7.46175e-19
1.407, 7.42001e-19
1.408, 7.43201e-19
1.409, 7.46221e-19
1.41, 7.47064e-19
1.411, 7.47952e-19
1.412, 7.43554e-19
1.413, 7.45862e-19
1.414, 7.50435e-19
1.415, 7.46169e-19
1.416, 7.44613e-19
1.417, 7.47985e-19
1.418, 7.45628e-19
1.419, 7.45091e-19
1.42, 7.49928e-19
1.421, 7.4415e-19
1.422, 7.45966e-19
1.423, 7.44274e-19
1.424, 7.44846e-19
1.425, 7.45461e-19
1.426, 7.45677e-19
1.427, 7.46825e-19
1.428, 7.46241e-19
1.429, 7.45256e-19
1.43, 7.4476e-19
1.431, 7.44752e-19
1.432, 7.47452e-19
1.433, 7.43091e-19
1.434, 7.43659e-19
1.435, 7.45604e-19
1.436, 7.50257e-19
1.437, 7.43851e-19
1.438, 7.44595e-19
1.439, 7.44495e-19
1.44, 7.44883e-19
1.441, 7.44428e-19
1.442, 7.46236e-19
1.443, 7.472e-19
1.444, 7.451e-19
1.445, 7.43932e-19
1.446, 7.42364e-19
1.447, 7.45281e-19
1.448, 7.46021e-19
1.449, 7.45474e-19
1.45, 7.4719e-19
1.451, 7.44066e-19
1.452, 7.44539e-19
1.453, 7.50384e-19
1.454, 7.45172e-19
1.455, 7.4178e-19
1.456, 7.43761e-19
1.457, 7.46674e-19
1.458, 7.43414e-19
1.459, 7.45971e-19
1.46, 7.46352e-19
1.461, 7.49441e-19
1.462, 7.47245e-19
1.463, 7.44649e-19
1.464, 7.47427e-19
1.465, 7.50248e-19
1.466, 7.46452e-19
1.467, 7.46253e-19
1.468, 7.43433e-19
1.469, 7.44654e-19
1.47, 7.42367e-19
1.471, 7.4412e-19
1.472, 7.46361e-19
1.473, 7.46871e-19
1.474, 7.47424e-19
1.475, 7.46244e-19
1.476, 7.45998e-19
1.477, 7.44906e-19
1.478, 7.44748e-19
1.479, 7.42856e-19
1.48, 7.4545e-19
1.481, 7.46312e-19
1.482, 7.44552e-19
1.483, 7.44614e-19
1.484, 7.45607e-19
1.485, 7.43981e-19
1.486, 7.45062e-19
1.487, 7.45744e-19
1.488, 7.44249e-19
1.489, 7.4191e-19
1.49, 7.41392e-19
1.491, 7.45802e-19
1.492, 7.46704e-19
1.493, 7.48982e-19
1.494, 7.47751e-19
1.495, 7.44344e-19
1.496, 7.44534e-19
1.497, 7.45212e-19
1.498, 7.49043e-19
1.499, 7.45368e-19
1.5, 7.43958e-19
1.501, 7.46588e-19
1.502, 7.43489e-19
1.503, 7.46208e-19
1.504, 7.42753e-19
1.505, 7.46004e-19
1.506, 7.43081e-19
1.507, 7.44644e-19
1.508, 7.45806e-19
1.509, 7.4568e-19
1.51, 7.46931e-19
1.511, 7.44228e-19
1.512, 7.45567e-19
1.513, 7.44729e-19
1.514, 7.42603e-19
1.515, 7.47626e-19
1.516, 7.447e-19
1.517, 7.43594e-19
1.518, 7.45197e-19
1.519, 7.42847e-19
1.52, 7.45426e-19
1.521, 7.46272e-19
1.522, 7.47163e-19
1.523, 7.4943e-19
1.524, 7.45968e-19
1.525, 7.46546e-19
1.526, 7.48057e-19
1.527, 7.4606e-19
1.528, 7.46326e-19
1.529, 7.45305e-19
1.53, 7.47436e-19
1.531, 7.47835e-19
1.532, 7.47389e-19
1.533, 7.42547e-19
1.534, 7.43522e-19
1.535, 7.48538e-19
1.536, 7.4516e-19
1.537, 7.4982e-19
1.538, 7.45198e-19
1.539, 7.43284e-19
1.54, 7.49409e-19
1.541, 7.44475e-19
1.542, 7.43582e-19
1.543, 7.41844e-19
1.544, 7.44592e-19
1.545, 7.45163e-19
1.546, 7.46667e-19
1.547, 7.50435e-19
1.548, 7.44921e-19
1.549, 7.46112e-19
1.55, 7.45571e-19
1.551, 7.47295e-19
1.552, 7.43892e-19
1.553, 7.44651e-19
1.554, 7.46342e-19
1.555, 7.46744e-19
1.556, 7.43797e-19
1.557, 7.41625e-19
1.558, 7.47499e-19
1.559, 7.44535e-19
1.56, 7.4711e-19
1.561, 7.43078e-19
1.562, 7.44862e-19
1.563, 7.49514e-19
1.564, 7.43387e-19
1.565, 7.4675e-19
1.566, 7.45716e-19
1.567, 7.44727e-19
1.568, 7.47049e-19
1.569, 7.47474e-19
1.57, 7.45399e-19
1.571, 7.447e-19
1.572, 7.45987e-19
1.573, 7.45551e-19
1.574, 7.45604e-19
1.575, 7.43201e-19
1.576, 7.47672e-19
1.577, 7.42982e-19
1.578, 7.45885e-19
1.579, 7.47944e-19
1.58, 7.47986e-19
1.581, 7.46581e-19
1.582, 7.45674e-19
1.583, 7.50584e-19
1.584, 7.45046e-19
1.585, 7.4711e-19
1.586, 7.46554e-19
1.587, 7.46201e-19
1.588, 7.4395e-19
1.589, 7.46749e-19
1.59, 7.44264e-19
1.591, 7.42266e-19
1.592, 7.48021e-19
1.593, 7.48326e-19
1.594, 7.47907e-19
1.595, 7.45756e-19
1.596, 7.43815e-19
1.597, 7.43703e-19
1.598, 7.44524e-19
1.599, 7.42446e-19
1.6, 7.44133e-19
1.601, 7.43319e-19
1.602, 7.44326e-19
1.603, 7.44489e-19
1.604, 7.45584e-19
1.605, 7.48055e-19
1.606, 7.43465e-19
1.607, 7.46025e-19
1.608, 7.42855e-19
1.609, 7.48167e-19
1.61, 7.44197e-19
1.611, 7.43824e-19
1.612, 7.44383e-19
1.613, 7.42322e-19
1.614, 7.46522e-19
1.615, 7.48546e-19
1.616, 7.48393e-19
1.617, 7.43399e-19
1.618, 7.45111e-19
1.619, 7.4509e-19
1.62, 7.45557e-19
1.621, 7.45625e-19
1.622, 7.44848e-19
1.623, 7.48112e-19
1.624, 7.44315e-19
1.625, 7.47223e-19
1.626, 7.49287e-19
1.627, 7.47842e-19
1.628, 7.43333e-19
1.629, 7.46417e-19
1.63, 7.48213e-19
1.631, 7.465e-19
1.632, 7.47496e-19
1.633, 7.42762e-19
1.634, 7.44734e-19
1.635, 7.45862e-19
1.636, 7.47034e-19
1.637, 7.46918e-19
1.638, 7.47734e-19
1.639, 7.43709e-19
1.64, 7.47278e-19
1.641, 7.45561e-19
1.642, 7.4833e-19
1.643, 7.44481e-19
1.644, 7.45561e-19
1.645, 7.45353e-19
1.646, 7.47853e-19
1.647, 7.45069e-19
1.648, 7.44104e-19
1.649, 7.43629e-19
1.65, 7.44973e-19
1.651, 7.45917e-19
1.652, 7.45129e-19
1.653, 7.46606e-19
1.654, 7.45462e-19
1.655, 7.49247e-19
1.656, 7.47302e-19
1.657, 7.42294e-19
1.658, 7.43991e-19
1.659, 7.50172e-19
1.66, 7.4574e-19
1.661, 7.48456e-19
1.662, 7.45e-19
1.663, 7.42476e-19
1.664, 7.46657e-19
1.665, 7.48218e-19
1.666, 7.46714e-19
1.667, 7.43478e-19
1.668, 7.46503e-19
1.669, 7.46019e-19
1.67, 7.45136e-19
1.671, 7.42076e-19
1.672, 7.45721e-19
1.673, 7.48078e-19
1.674, 7.43374e-19
1.675, 7.42711e-19
1.676, 7.44756e-19
1.677, 7.46845e-19
1.678, 7.45869e-19
1.679, 7.48047e-19
1.68, 7.44495e-19
1.681, 7.4454e-19
1.682, 7.46405e-19
1.683, 7.42985e-19
1.684, 7.42274e-19
1.685, 7.45604e-19
1.686, 7.45425e-19
1.687, 7.4751e-19
1.688, 7.44311e-19
1.689, 7.44708e-19
1.69, 7.48258e-19
1.691, 7.44302e-19
1.692, 7.44387e-19
1.693, 7.45405e-19
1.694, 7.45134e-19
1.695, 7.46683e-19
1.696, 7.43392e-19
1.697, 7.41921e-19
1.698, 7.45823e-19
1.699, 7.45773e-19
1.7, 7.44878e-19
1.701, 7.48912e-19
1.702, 7.49882e-19
1.703, 7.43346e-19
1.704, 7.47512e-19
1.705, 7.5039e-19
1.706, 7.43543e-19
1.707, 7.41624e-19
1.708, 7.42414e-19
1.709, 7.41027e-19
1.71, 7.43237e-19
1.711, 7.46823e-19
1.712, 7.46457e-19
1.713, 7.4569e-19
1.714, 7.46744e-19
1.715, 7.44734e-19
1.716, 7.50316e-19
1.717, 7.45729e-19
1.718, 7.42518e-19
1.719, 7.43348e-19
1.72, 7.47775e-19
1.721, 7.43808e-19
1.722, 7.44326e-19
1.723, 7.44e-19
1.724, 7.44606e-19
1.725, 7.45257e-19
1.726, 7.46395e-19
1.727, 7.50242e-19
1.728, 7.46139e-19
1.729, 7.44301e-19
1.73, 7.45615e-19
1.731, 7.49194e-19
1.732, 7.48376e-19
1.733, 7.46714e-19
1.734, 7.47317e-19
1.735, 7.43966e-19
1.736, 7.43324e-19
1.737, 7.47168e-19
1.738, 7.42617e-19
1.739, 7.44772e-19
1.74, 7.42086e-19
1.741, 7.46105e-19
1.742, 7.45284e-19
1.743, 7.44506e-19
1.744, 7.43772e-19
1.745, 7.44859e-19
1.746, 7.45546e-19
1.747, 7.46277e-19
1.748, 7.4794e-19
1.749, 7.45651e-19
1.75, 7.43405e-19
1.751, 7.45644e-19
1.752, 7.43487e-19
1.753, 7.46702e-19
1.754, 7.49518e-19
1.755, 7.47936e-19
1.756, 7.45067e-19
1.757, 7.44462e-19
1.758, 7.43901e-19
1.759, 7.42052e-19
1.76, 7.45131e-19
1.761, 7.45591e-19
1.762, 7.42985e-19
1.763, 7.44421e-19
1.764, 7.45012e-19
1.765, 7.45648e-19
1.766, 7.46771e-19
1.767, 7.47939e-19
1.768, 7.46042e-19
1.769, 7.4641e-19
1.77, 7.45045e-19
1.771, 7.4328e-19
1.772, 7.46e-19
1.773, 7.42103e-19
1.774, 7.48464e-19
1.775, 7.45543e-19
1.776, 7.44887e-19
1.777, 7.46495e-19
1.778, 7.46371e-19
1.779, 7.47178e-19
1.78, 7.43146e-19
1.781, 7.45818e-19
1.782, 7.46314e-19
1.783, 7.4419e-19
1.784, 7.46106e-19
1.785, 7.43626e-19
1.786, 7.46518e-19
1.787, 7.4457e-19
1.788, 7.45774e-19
1.789, 7.45691e-19
1.79, 7.46539e-19
1.791, 7.51428e-19
1.792, 7.43039e-19
1.793, 7.44019e-19
1.794, 7.44599e-19
1.795, 7.48332e-19
1.796, 7.43672e-19
1.797, 7.46161e-19
1.798, 7.44697e-19
1.799, 7.44609e-19
1.8, 7.43233e-19
1.801, 7.46342e-19
1.802, 7.49051e-19
1.803, 7.46475e-19
1.804, 7.41279e-19
1.805, 7.42788e-19
1.806, 7.45673e-19
1.807, 7.45049e-19
1.808, 7.45802e-19
1.809, 7.47931e-19
1.81, 7.45663e-19
1.811, 7.44328e-19
1.812, 7.45701e-19
1.813, 7.46674e-19
1.814, 7.43694e-19
1.815, 7.46088e-19
1.816, 7.45417e-19
1.817, 7.4701e-19
1.818, 7.45983e-19
1.819, 7.44999e-19
1.82, 7.46725e-19
1.821, 7.45386e-19
1.822, 7.46311e-19
1.823, 7.44171e-19
1.824, 7.46073e-19
1.825, 7.45354e-19
1.826, 7.45123e-19
1.827, 7.45824e-19
1.828, 7.47458e-19
1.829, 7.46027e-19
1.83, 7.43308e-19
1.831, 7.43741e-19
1.832, 7.46439e-19
1.833, 7.46072e-19
1.834, 7.45305e-19
1.835, 7.45471e-19
1.836, 7.47901e-19
1.837, 7.47266e-19
1.838, 7.43123e-19
1.839, 7.43464e-19
1.84, 7.45182e-19
1.841, 7.46944e-19
1.842, 7.4342e-19
1.843, 7.47047e-19
1.844, 7.42723e-19
1.845, 7.45106e-19
1.846, 7.47088e-19
1.847, 7.49558e-19
1.848, 7.46299e-19
1.849, 7.43084e-19
1.85, 7.45242e-19
1.851, 7.44335e-19
1.852, 7.43473e-19
1.853, 7.46208e-19
1.854, 7.4721e-19
1.855, 7.43815e-19
1.856, 7.47126e-19
1.857, 7.46039e-19
1.858, 7.48106e-19
1.859, 7.42667e-19
1.86, 7.43933e-19
1.861, 7.43023e-19
1.862, 7.43489e-19
1.863, 7.41779e-19
1.864, 7.42778e-19
1.865, 7.46929e-19
1.866, 7.47127e-19
1.867, 7.50478e-19
1.868, 7.47656e-19
1.869, 7.41769e-19
1.87, 7.48805e-19
1.871, 7.4123e-19
1.872, 7.43468e-19
1.873, 7.45307e-19
1.874, 7.4497e-19
1.875, 7.44676e-19
1.876, 7.43983e-19
1.877, 7.43333e-19
1.878, 7.41839e-19
1.879, 7.44387e-19
1.88, 7.45201e-19
1.881, 7.43396e-19
1.882, 7.43855e-19
1.883, 7.4569e-19
1.884, 7.43573e-19
1.885, 7.45052e-19
1.886, 7.45687e-19
1.887, 7.45034e-19
1.888, 7.44869e-19
1.889, 7.45636e-19
1.89, 7.47335e-19
1.891, 7.44194e-19
1.892, 7.4687e-19
1.893, 7.49589e-19
1.894, 7.43027e-19
1.895, 7.42726e-19
1.896, 7.46022e-19
1.897, 7.43589e-19
1.898, 7.46529e-19
1.899, 7.49069e-19
1.9, 7.47212e-19
1.901, 7.44067e-19
1.902, 7.4585e-19
1.903, 7.4457e-19
1.904, 7.47774e-19
1.905, 7.49246e-19
1.906, 7.45877e-19
1.907, 7.4566e-19
1.908, 7.45932e-19
1.909, 7.50245e-19
1.91, 7.42167e-19
1.911, 7.43903e-19
1.912, 7.45683e-19
1.913, 7.43955e-19
1.914, 7.44047e-19
1.915, 7.45959e-19
1.916, 7.44807e-19
1.917, 7.49916e-19
1.918, 7.45299e-19
1.919, 7.47387e-19
1.92, 7.46855e-19
1.921, 7.47255e-19
1.922, 7.44591e-19
1.923, 7.43302e-19
1.924, 7.44279e-19
1.925, 7.44411e-19
1.926, 7.48584e-19
1.927, 7.49692e-19
1.928, 7.44183e-19
1.929, 7.45824e-19
1.93, 7.43511e-19
1.931, 7.46572e-19
1.932, 7.47457e-19
1.933, 7.42168e-19
1.934, 7.43584e-19
1.935, 7.48598e-19
1.936, 7.46106e-19
1.937, 7.43214e-19
1.938, 7.42586e-19
1.939, 7.43779e-19
1.94, 7.46348e-19
1.941, 7.45852e-19
1.942, 7.46289e-19
1.943, 7.42329e-19
1.944, 7.45074e-19
1.945, 7.47419e-19
1.946, 7.46699e-19
1.947, 7.48244e-19
1.948, 7.43616e-19
1.949, 7.43473e-19
1.95, 7.43818e-19
1.951, 7.45983e-19
1.952, 7.47748e-19
1.953, 7.45561e-19
1.954, 7.44306e-19
1.955, 7.43983e-19
1.956, 7.4548e-19
1.957, 7.46133e-19
1.958, 7.45498e-19
1.959, 7.43575e-19
1.96, 7.45248e-19
1.961, 7.44746e-19
1.962, 7.42954e-19
1.963, 7.40319e-19
1.964, 7.42613e-19
1.965, 7.43175e-19
1.966, 7.4156e-19
1.967, 7.42653e-19
1.968, 7.46011e-19
1.969, 7.44529e-19
1.97, 7.42646e-19
1.971, 7.45692e-19
1.972, 7.45673e-19
1.973, 7.44367e-19
1.974, 7.46657e-19
1.975, 7.4455e-19
1.976, 7.44708e-19
1.977, 7.43133e-19
1.978, 7.44711e-19
1.979, 7.44557e-19
1.98, 7.44891e-19
1.981, 7.46157e-19
1.982, 7.48355e-19
1.983, 7.43936e-19
1.984, 7.45779e-19
1.985, 7.47221e-19
1.986, 7.44266e-19
1.987, 7.46685e-19
1.988, 7.46038e-19
1.989, 7.4588e-19
1.99, 7.44878e-19
1.991, 7.45253e-19
1.992, 7.44783e-19
1.993, 7.44801e-19
1.994, 7.44863e-19
1.995, 7.46301e-19
1.996, 7.48228e-19
1.997, 7.47978e-19
1.998, 7.45996e-19
1.999, 7.47611e-19
2, 7.46605e-19
2.001, 7.4742e-19
2.002, 7.42949e-19
2.003, 7.46961e-19
2.004, 7.48351e-19
2.005, 7.47121e-19
2.006, 7.41939e-19
2.007, 7.43462e-19
2.008, 7.43697e-19
2.009, 7.45307e-19
2.01, 7.44298e-19
2.011, 7.42888e-19
2.012, 7.43299e-19
2.013, 7.44198e-19
2.014, 7.45585e-19
2.015, 7.50125e-19
2.016, 7.44494e-19
2.017, 7.4779e-19
2.018, 7.47132e-19
2.019, 7.49184e-19
2.02, 7.46394e-19
2.021, 7.47645e-19
2.022, 7.43167e-19
2.023, 7.44951e-19
2.024, 7.49887e-19
2.025, 7.45985e-19
2.026, 7.45236e-19
2.027, 7.46307e-19
2.028, 7.46534e-19
2.029, 7.44141e-19
2.03, 7.449e-19
2.031, 7.44371e-19
2.032, 7.4211e-19
2.033, 7.47442e-19
2.034, 7.43936e-19
2.035, 7.46248e-19
2.036, 7.43275e-19
2.037, 7.4301e-19
2.038, 7.4723e-19
2.039, 7.44389e-19
2.04, 7.47365e-19
2.041, 7.47721e-19
2.042, 7.459e-19
2.043, 7.43679e-19
2.044, 7.46387e-19
2.045, 7.45142e-19
2.046, 7.42609e-19
2.047, 7.48114e-19
2.048, 7.46113e-19
2.049, 7.47265e-19
2.05, 7.46241e-19
2.051, 7.45704e-19
2.052, 7.45212e-19
2.053, 7.49648e-19
2.054, 7.43471e-19
2.055, 7.43999e-19
2.056, 7.44571e-19
2.057, 7.46963e-19
2.058, 7.48067e-19
2.059, 7.43442e-19
2.06, 7.43302e-19
2.061, 7.46315e-19
2.062, 7.4271e-19
2.063, 7.44034e-19
2.064, 7.44959e-19
2.065, 7.49924e-19
2.066, 7.48271e-19
2.067, 7.47107e-19
2.068, 7.46431e-19
2.069, 7.48464e-19
2.07, 7.4832e-19
2.071, 7.4822e-19
2.072, 7.455e-19
2.073, 7.44156e-19
2.074, 7.44632e-19
2.075, 7.42932e-19
2.076, 7.44829e-19
2.077, 7.44106e-19
2.078, 7.45202e-19
2.079, 7.43678e-19
2.08, 7.43975e-19
2.081, 7.46536e-19
2.082, 7.43812e-19
2.083, 7.43797e-19
2.084, 7.43381e-19
2.085, 7.43898e-19
2.086, 7.46235e-19
2.087, 7.47284e-19
2.088, 7.48377e-19
2.089, 7.47294e-19
2.09, 7.46698e-19
2.091, 7.47035e-19
2.092, 7.46084e-19
2.093, 7.43844e-19
2.094, 7.45201e-19
2.095, 7.50155e-19
2.096, 7.43162e-19
2.097, 7.47316e-19
2.098, 7.43076e-19
2.099, 7.42877e-19
2.1, 7.45387e-19
2.101, 7.43499e-19
2.102, 7.43877e-19
2.103, 7.45186e-19
2.104, 7.45651e-19
2.105, 7.45717e-19
2.106, 7.44938e-19
2.107, 7.482e-19
2.108, 7.47065e-19
2.109, 7.43753e-19
2.11, 7.44927e-19
2.111, 7.48809e-19
2.112, 7.46962e-19
2.113, 7.43383e-19
2.114, 7.43844e-19
2.115, 7.43906e-19
2.116, 7.44456e-19
2.117, 7.44605e-19
2.118, 7.48351e-19
2.119, 7.46369e-19
2.12, 7.42654e-19
2.121, 7.44312e-19
2.122, 7.46902e-19
2.123, 7.4776e-19
2.124, 7.43777e-19
2.125, 7.45611e-19
2.126, 7.50598e-19
2.127, 7.44527e-19
2.128, 7.46049e-19
2.129, 7.47615e-19
2.13, 7.43452e-19
2.131, 7.43774e-19
2.132, 7.45029e-19
2.133, 7.45439e-19
2.134, 7.46337e-19
2.135, 7.49944e-19
2.136, 7.43825e-19
2.137, 7.4752e-19
2.138, 7.50371e-19
2.139, 7.4172e-19
2.14, 7.47323e-19
2.141, 7.43644e-19
2.142, 7.47115e-19
2.143, 7.48854e-19
2.144, 7.44864e-19
2.145, 7.45358e-19
2.146, 7.44564e-19
2.147, 7.45147e-19
2.148, 7.45773e-19
2.149, 7.50441e-19
2.15, 7.42718e-19
2.151, 7.44365e-19
2.152, 7.47832e-19
2.153, 7.44238e-19
2.154, 7.46905e-19
2.155, 7.46064e-19
2.156, 7.44822e-19
2.157, 7.47177e-19
2.158, 7.44247e-19
2.159, 7.46691e-19
2.16, 7.46957e-19
2.161, 7.45936e-19
2.162, 7.44959e-19
2.163, 7.44026e-19
2.164, 7.44469e-19
2.165, 7.47177e-19
2.166, 7.45043e-19
2.167, 7.43842e-19
2.168, 7.42685e-19
2.169, 7.42904e-19
2.17, 7.44056e-19
2.171, 7.42587e-19
2.172, 7.45159e-19
2.173, 7.45998e-19
2.174, 7.44217e-19
2.175, 7.46921e-19
2.176, 7.49225e-19
2.177, 7.44911e-19
2.178, 7.45971e-19
2.179, 7.4219e-19
2.18, 7.49999e-19
2.181, 7.44085e-19
2.182, 7.44877e-19
2.183, 7.44825e-19
2.184, 7.44816e-19
2.185, 7.49737e-19
2.186, 7.45376e-19
2.187, 7.45944e-19
2.188, 7.48776e-19
2.189, 7.45879e-19
2.19, 7.45691e-19
2.191, 7.45103e-19
2.192, 7.43227e-19
2.193, 7.485e-19
2.194, 7.48488e-19
2.195, 7.43635e-19
2.196, 7.42823e-19
2.197, 7.44275e-19
2.198, 7.45771e-19
2.199, 7.44647e-19
2.2, 7.449e-19
2.201, 7.43864e-19
2.202, 7.4376e-19
2.203, 7.45477e-19
2.204, 7.47237e-19
2.205, 7.43713e-19
2.206, 7.48226e-19
2.207, 7.44346e-19
2.208, 7.43174e-19
2.209, 7.45155e-19
2.21, 7.46292e-19
2.211, 7.4614e-19
2.212, 7.46477e-19
2.213, 7.44193e-19
2.214, 7.44618e-19
2.215, 7.46419e-19
2.216, 7.45599e-19
2.217, 7.45268e-19
2.218, 7.45425e-19
2.219, 7.44738e-19
2.22, 7.44538e-19
2.221, 7.4616e-19
2.222, 7.45605e-19
2.223, 7.47314e-19
2.224, 7.46403e-19
2.225, 7.482e-19
2.226, 7.46933e-19
2.227, 7.45709e-19
2.228, 7.44086e-19
2.229, 7.44283e-19
2.23, 7.45413e-19
2.231, 7.46142e-19
2.232, 7.47803e-19
2.233, 7.464e-19
2.234, 7.47706e-19
2.235, 7.43726e-19
2.236, 7.47784e-19
2.237, 7.45669e-19
2.238, 7.44486e-19
2.239, 7.469e-19
2.24, 7.43585e-19
2.241, 7.4209e-19
2.242, 7.45524e-19
2.243, 7.44117e-19
2.244, 7.44086e-19
2.245, 7.42768e-19
2.246, 7.4771e-19
2.247, 7.46035e-19
2.248, 7.4396e-19
2.249, 7.45927e-19
2.25, 7.4394e-19
2.251, 7.4555e-19
2.252, 7.46316e-19
2.253, 7.46682e-19
2.254, 7.49756e-19
2.255, 7.44881e-19
2.256, 7.43158e-19
2.257, 7.437e-19
2.258, 7.43398e-19
2.259, 7.42696e-19
2.26, 7.4115e-19
2.261, 7.45865e-19
2.262, 7.4485e-19
2.263, 7.44768e-19
2.264, 7.46063e-19
2.265, 7.47845e-19
2.266, 7.44786e-19
2.267, 7.4266e-19
2.268, 7.47683e-19
2.269, 7.45645e-19
2.27, 7.44539e-19
2.271, 7.46142e-19
2.272, 7.469e-19
2.273, 7.45038e-19
2.274, 7.42776e-19
2.275, 7.45887e-19
2.276, 7.45045e-19
2.277, 7.48244e-19
2.278, 7.47935e-19
2.279, 7.46337e-19
2.28, 7.45227e-19
2.281, 7.4727e-19
2.282, 7.47137e-19
2.283, 7.47047e-19
2.284, 7.51443e-19
2.285, 7.48333e-19
2.286, 7.45711e-19
2.287, 7.45353e-19
2.288, 7.44152e-19
2.289, 7.44326e-19
2.29, 7.43213e-19
2.291, 7.46584e-19
2.292, 7.46003e-19
2.293, 7.44578e-19
2.294, 7.43196e-19
2.295, 7.44523e-19
2.296, 7.45895e-19
2.297, 7.4731e-19
2.298, 7.4344e-19
2.299, 7.46276e-19
2.3, 7.47823e-19
2.301, 7.45417e-19
2.302, 7.43944e-19
2.303, 7.42515e-19
2.304, 7.42906e-19
2.305, 7.47338e-19
2.306, 7.45597e-19
2.307, 7.44788e-19
2.308, 7.44024e-19
2.309, 7.42415e-19
2.31, 7.43958e-19
2.311, 7.49987e-19
2.312, 7.45401e-19
2.313, 7.43081e-19
2.314, 7.4258e-19
2.315, 7.45232e-19
2.316, 7.45708e-19
2.317, 7.4756e-19
2.318, 7.48567e-19
2.319, 7.46067e-19
2.32, 7.4583e-19
2.321, 7.45638e-19
2.322, 7.50819e-19
2.323, 7.45385e-19
2.324, 7.41772e-19
2.325, 7.43533e-19
2.326, 7.49334e-19
2.327, 7.46297e-19
2.328, 7.4286e-19
2.329, 7.44352e-19
2.33, 7.46332e-19
2.331, 7.44804e-19
2.332, 7.45096e-19
2.333, 7.47209e-19
2.334, 7.48477e-19
2.335, 7.46236e-19
2.336, 7.44928e-19
2.337, 7.46773e-19
2.338, 7.46441e-19
2.339, 7.46153e-19
2.34, 7.48129e-19
2.341, 7.45265e-19
2.342, 7.48218e-19
2.343, 7.46774e-19
2.344, 7.46706e-19
2.345, 7.4757e-19
2.346, 7.4537e-19
2.347, 7.46767e-19
2.348, 7.46875e-19
2.349, 7.47915e-19
2.35, 7.44115e-19
2.351, 7.46576e-19
2.352, 7.46416e-19
2.353, 7.4408e-19
2.354, 7.44453e-19
2.355, 7.45758e-19
2.356, 7.49771e-19
2.357, 7.48943e-19
2.358, 7.46383e-19
2.359, 7.42091e-19
2.36, 7.43172e-19
2.361, 7.44741e-19
2.362, 7.47242e-19
2.363, 7.46234e-19
2.364, 7.45271e-19
2.365, 7.46572e-19
2.366, 7.4392e-19
2.367, 7.46642e-19
2.368, 7.4541e-19
2.369, 7.44667e-19
2.37, 7.453e-19
2.371, 7.44201e-19
2.372, 7.42258e-19
2.373, 7.43467e-19
2.374, 7.45608e-19
2.375, 7.46906e-19
2.376, 7.43362e-19
2.377, 7.45192e-19
2.378, 7.46177e-19
2.379, 7.45874e-19
2.38, 7.46059e-19
2.381, 7.454e-19
2.382, 7.44785e-19
2.383, 7.45991e-19
2.384, 7.46352e-19
2.385, 7.46758e-19
2.386, 7.49872e-19
2.387, 7.42816e-19
2.388, 7.44242e-19
2.389, 7.46155e-19
2.39, 7.44561e-19
2.391, 7.44342e-19
2.392, 7.49053e-19
2.393, 7.46258e-19
2.394, 7.46171e-19
2.395, 7.44796e-19
2.396, 7.43466e-19
2.397, 7.444e-19
2.398, 7.45822e-19
2.399, 7.47288e-19
2.4, 7.44357e-19
2.401, 7.44578e-19
2.402, 7.43068e-19
2.403, 7.4693e-19
2.404, 7.48172e-19
2.405, 7.45018e-19
2.406, 7.45016e-19
2.407, 7.49054e-19
2.408, 7.47364e-19
2.409, 7.52379e-19
2.41, 7.41006e-19
2.411, 7.47886e-19
2.412, 7.45039e-19
2.413, 7.43125e-19
2.414, 7.47472e-19
2.415, 7.45645e-19
2.416, 7.42975e-19
2.417, 7.47454e-19
2.418, 7.42207e-19
2.419, 7.42777e-19
2.42, 7.46944e-19
2.421, 7.45826e-19
2.422, 7.42532e-19
2.423, 7.43722e-19
2.424, 7.50286e-19
2.425, 7.43571e-19
2.426, 7.44893e-19
2.427, 7.50257e-19
2.428, 7.47226e-19
2.429, 7.46905e-19
2.43, 7.47959e-19
2.431, 7.47282e-19
2.432, 7.48868e-19
2.433, 7.46058e-19
2.434, 7.4418e-19
2.435, 7.45899e-19
2.436, 7.51215e-19
2.437, 7.44584e-19
2.438, 7.44214e-19
2.439, 7.43889e-19
2.44, 7.48493e-19
2.441, 7.45591e-19
2.442, 7.44953e-19
2.443, 7.48357e-19
2.444, 7.46031e-19
2.445, 7.4819e-19
2.446, 7.49061e-19
2.447, 7.46423e-19
2.448, 7.46938e-19
2.449, 7.47497e-19
2.45, 7.44991e-19
2.451, 7.4475e-19
2.452, 7.45441e-19
2.453, 7.47509e-19
2.454, 7.46511e-19
2.455, 7.48223e-19
2.456, 7.46425e-19
2.457, 7.4556e-19
2.458, 7.46072e-19
2.459, 7.45294e-19
2.46, 7.44117e-19
2.461, 7.47869e-19
2.462, 7.45004e-19
2.463, 7.47068e-19
2.464, 7.43846e-19
2.465, 7.48662e-19
2.466, 7.4997e-19
2.467, 7.45104e-19
2.468, 7.46056e-19
2.469, 7.50604e-19
2.47, 7.48091e-19
2.471, 7.4651e-19
2.472, 7.46305e-19
2.473, 7.4348e-19
2.474, 7.43363e-19
2.475, 7.44179e-19
2.476, 7.47259e-19
2.477, 7.4461e-19
2.478, 7.44669e-19
2.479, 7.45661e-19
2.48, 7.46253e-19
2.481, 7.50441e-19
2.482, 7.45348e-19
2.483, 7.44295e-19
2.484, 7.44175e-19
2.485, 7.46319e-19
2.486, 7.4451e-19
2.487, 7.44966e-19
2.488, 7.45466e-19
2.489, 7.46899e-19
2.49, 7.46598e-19
2.491, 7.43234e-19
2.492, 7.4613e-19
2.493, 7.4463e-19
2.494, 7.42285e-19
2.495, 7.4709e-19
2.496, 7.45278e-19
2.497, 7.46174e-19
2.498, 7.45782e-19
2.499, 7.45879e-19
2.5, 7.46463e-19
2.501, 7.46647e-19
2.502, 7.45987e-19
2.503, 7.42707e-19
2.504, 7.43911e-19
2.505, 7.45604e-19
2.506, 7.4512e-19
2.507, 7.46901e-19
2.508, 7.46949e-19
2.509, 7.43933e-19
2.51, 7.44957e-19
2.511, 7.49135e-19
2.512, 7.44474e-19
2.513, 7.46963e-19
2.514, 7.49496e-19
2.515, 7.45856e-19
2.516, 7.48477e-19
2.517, 7.4759e-19
2.518, 7.4497e-19
2.519, 7.45947e-19
2.52, 7.48744e-19
2.521, 7.44924e-19
2.522, 7.42924e-19
2.523, 7.46297e-19
2.524, 7.44386e-19
2.525, 7.46959e-19
2.526, 7.44691e-19
2.527, 7.42912e-19
2.528, 7.46061e-19
2.529, 7.43926e-19
2.53, 7.46275e-19
2.531, 7.4556e-19
2.532, 7.45333e-19
2.533, 7.44262e-19
2.534, 7.43679e-19
2.535, 7.4314e-19
2.536, 7.47086e-19
2.537, 7.48411e-19
2.538, 7.4756e-19
2.539, 7.42312e-19
2.54, 7.4377e-19
2.541, 7.43939e-19
2.542, 7.45041e-19
2.543, 7.45298e-19
2.544, 7.46043e-19
2.545, 7.49498e-19
2.546, 7.47222e-19
2.547, 7.44991e-19
2.548, 7.43693e-19
2.549, 7.44658e-19
2.55, 7.44336e-19
2.551, 7.45389e-19
2.552, 7.46487e-19
2.553, 7.46297e-19
2.554, 7.47038e-19
2.555, 7.4738e-19
2.556, 7.44657e-19
2.557, 7.46864e-19
2.558, 7.42897e-19
2.559, 7.46079e-19
2.56, 7.43976e-19
2.561, 7.45471e-19
2.562, 7.44344e-19
2.563, 7.45927e-19
2.564, 7.46221e-19
2.565, 7.45671e-19
2.566, 7.41168e-19
2.567, 7.46035e-19
2.568, 7.47393e-19
2.569, 7.44355e-19
2.57, 7.4669e-19
2.571, 7.4596e-19
2.572, 7.45718e-19
2.573, 7.44632e-19
2.574, 7.44923e-19
2.575, 7.44369e-19
2.576, 7.43859e-19
2.577, 7.46502e-19
2.578, 7.48745e-19
2.579, 7.46147e-19
2.58, 7.46702e-19
2.581, 7.45524e-19
2.582, 7.44834e-19
2.583, 7.43745e-19
2.584, 7.46252e-19
2.585, 7.44806e-19
2.586, 7.42516e-19
2.587, 7.45155e-19
2.588, 7.47394e-19
2.589, 7.47901e-19
2.59, 7.45788e-19
2.591, 7.44606e-19
2.592, 7.46133e-19
2.593, 7.43708e-19
2.594, 7.43546e-19
2.595, 7.42541e-19
2.596, 7.45577e-19
2.597, 7.41107e-19
2.598, 7.47339e-19
2.599, 7.42513e-19
2.6, 7.43948e-19
2.601, 7.45872e-19
2.602, 7.50059e-19
2.603, 7.4541e-19
2.604, 7.46133e-19
2.605, 7.43792e-19
2.606, 7.44159e-19
2.607, 7.47679e-19
2.608, 7.50354e-19
2.609, 7.43304e-19
2.61, 7.46068e-19
2.611, 7.44879e-19
2.612, 7.4551e-19
2.613, 7.45742e-19
2.614, 7.50902e-19
2.615, 7.42784e-19
2.616, 7.4448e-19
2.617, 7.43999e-19
2.618, 7.46671e-19
2.619, 7.46723e-19
2.62, 7.49038e-19
2.621, 7.42961e-19
2.622, 7.41812e-19
2.623, 7.47813e-19
2.624, 7.47196e-19
2.625, 7.43515e-19
2.626, 7.46096e-19
2.627, 7.46055e-19
2.628, 7.42062e-19
2.629, 7.44774e-19
2.63, 7.46198e-19
2.631, 7.48999e-19
2.632, 7.42961e-19
2.633, 7.47626e-19
2.634, 7.43009e-19
2.635, 7.45541e-19
2.636, 7.44565e-19
2.637, 7.43189e-19
2.638, 7.47185e-19
2.639, 7.48562e-19
2.64, 7.47317e-19
2.641, 7.44341e-19
2.642, 7.47626e-19
2.643, 7.46069e-19
2.644, 7.47222e-19
2.645, 7.43533e-19
2.646, 7.43441e-19
2.647, 7.4517e-19
2.648, 7.46054e-19
2.649, 7.43874e-19
2.65, 7.45291e-19
2.651, 7.44531e-19
2.652, 7.4648e-19
2.653, 7.48917e-19
2.654, 7.4296e-19
2.655, 7.43264e-19
2.656, 7.46277e-19
2.657, 7.4667e-19
2.658, 7.48883e-19
2.659, 7.44034e-19
2.66, 7.44559e-19
2.661, 7.48236e-19
2.662, 7.48405e-19
2.663, 7.46841e-19
2.664, 7.44877e-19
2.665, 7.42958e-19
2.666, 7.44191e-19
2.667, 7.47244e-19
2.668, 7.45012e-19
2.669, 7.44157e-19
2.67, 7.4601e-19
2.671, 7.47019e-19
2.672, 7.46296e-19
2.673, 7.47837e-19
2.674, 7.44537e-19
2.675, 7.4217e-19
2.676, 7.49172e-19
2.677, 7.42452e-19
2.678, 7.41993e-19
2.679, 7.43798e-19
2.68, 7.48756e-19
2.681, 7.46209e-19
2.682, 7.45038e-19
2.683, 7.47019e-19
2.684, 7.4416e-19
2.685, 7.4623e-19
2.686, 7.49676e-19
2.687, 7.46504e-19
2.688, 7.46042e-19
2.689, 7.48731e-19
2.69, 7.4436e-19
2.691, 7.44917e-19
2.692, 7.45963e-19
2.693, 7.4572e-19
2.694, 7.46854e-19
2.695, 7.49808e-19
2.696, 7.4348e-19
2.697, 7.4297e-19
2.698, 7.42059e-19
2.699, 7.43413e-19
2.7, 7.43034e-19
2.701, 7.41368e-19
2.702, 7.47294e-19
2.703, 7.46604e-19
2.704, 7.42849e-19
2.705, 7.46687e-19
2.706, 7.44797e-19
2.707, 7.41618e-19
2.708, 7.44256e-19
2.709, 7.50491e-19
2.71, 7.46112e-19
2.711, 7.46218e-19
2.712, 7.49476e-19
2.713, 7.4745e-19
2.714, 7.468e-19
2.715, 7.44417e-19
2.716, 7.47408e-19
2.717, 7.47778e-19
2.718, 7.45971e-19
2.719, 7.46873e-19
2.72, 7.51816e-19
2.721, 7.44369e-19
2.722, 7.46735e-19
2.723, 7.44705e-19
2.724, 7.44495e-19
2.725, 7.45217e-19
2.726, 7.43763e-19
2.727, 7.45906e-19
2.728, 7.45872e-19
2.729, 7.4455e-19
2.73, 7.47269e-19
2.731, 7.44258e-19
2.732, 7.45733e-19
2.733, 7.43255e-19
2.734, 7.45706e-19
2.735, 7.46425e-19
2.736, 7.48075e-19
2.737, 7.43553e-19
2.738, 7.46624e-19
2.739, 7.47075e-19
2.74, 7.44905e-19
2.741, 7.43667e-19
2.742, 7.44694e-19
2.743, 7.4843e-19
2.744, 7.44215e-19
2.745, 7.47151e-19
2.746, 7.44801e-19
2.747, 7.45604e-19
2.748, 7.46451e-19
2.749, 7.46454e-19
2.75, 7.45169e-19
2.751, 7.47036e-19
2.752, 7.48503e-19
2.753, 7.48238e-19
2.754, 7.44464e-19
2.755, 7.42067e-19
2.756, 7.41934e-19
2.757, 7.46286e-19
2.758, 7.45797e-19
2.759, 7.47572e-19
2.76, 7.45395e-19
2.761, 7.45927e-19
2.762, 7.50055e-19
2.763, 7.44901e-19
2.764, 7.43788e-19
2.765, 7.43607e-19
2.766, 7.45247e-19
2.767, 7.48707e-19
2.768, 7.45106e-19
2.769, 7.44657e-19
2.77, 7.44253e-19
2.771, 7.44336e-19
2.772, 7.43576e-19
2.773, 7.45524e-19
2.774, 7.44407e-19
2.775, 7.49996e-19
2.776, 7.44082e-19
2.777, 7.4443e-19
2.778, 7.43934e-19
2.779, 7.43481e-19
2.78, 7.46626e-19
2.781, 7.46261e-19
2.782, 7.48606e-19
2.783, 7.45665e-19
2.784, 7.43212e-19
2.785, 7.48353e-19
2.786, 7.48209e-19
2.787, 7.50329e-19
2.788, 7.48053e-19
2.789, 7.44044e-19
2.79, 7.44076e-19
2.791, 7.46373e-19
2.792, 7.45161e-19
2.793, 7.45325e-19
2.794, 7.42424e-19
2.795, 7.44453e-19
2.796, 7.45193e-19
2.797, 7.43757e-19
2.798, 7.4725e-19
2.799, 7.4679e-19
2.8, 7.47262e-19
2.801, 7.45558e-19
2.802, 7.45231e-19
2.803, 7.46279e-19
2.804, 7.43375e-19
2.805, 7.43623e-19
2.806, 7.47913e-19
2.807, 7.48693e-19
2.808, 7.49074e-19
2.809, 7.49942e-19
2.81, 7.47302e-19
2.811, 7.4293e-19
2.812, 7.4704e-19
2.813, 7.4542e-19
2.814, 7.44732e-19
2.815, 7.49862e-19
2.816, 7.46154e-19
2.817, 7.42934e-19
2.818, 7.44199e-19
2.819, 7.44176e-19
2.82, 7.41976e-19
2.821, 7.49146e-19
2.822, 7.45702e-19
2.823, 7.45855e-19
2.824, 7.43388e-19
2.825, 7.44517e-19
2.826, 7.44358e-19
2.827, 7.46019e-19
2.828, 7.44616e-19
2.829, 7.44145e-19
2.83, 7.45494e-19
2.831, 7.44667e-19
2.832, 7.44772e-19
2.833, 7.46253e-19
2.834, 7.47779e-19
2.835, 7.50236e-19
2.836, 7.48297e-19
2.837, 7.44182e-19
2.838, 7.43219e-19
2.839, 7.44964e-19
2.84, 7.4631e-19
2.841, 7.44147e-19
2.842, 7.46468e-19
2.843, 7.49722e-19
2.844, 7.43694e-19
2.845, 7.42596e-19
2.846, 7.45982e-19
2.847, 7.44527e-19
2.848, 7.41784e-19
2.849, 7.42194e-19
2.85, 7.46644e-19
2.851, 7.46698e-19
2.852, 7.46351e-19
2.853, 7.49157e-19
2.854, 7.42237e-19
2.855, 7.44687e-19
2.856, 7.44517e-19
2.857, 7.43947e-19
2.858, 7.46085e-19
2.859, 7.46935e-19
2.86, 7.43832e-19
2.861, 7.42994e-19
2.862, 7.47084e-19
2.863, 7.44558e-19
2.864, 7.4696e-19
2.865, 7.46742e-19
2.866, 7.44347e-19
2.867, 7.44662e-19
2.868, 7.45908e-19
2.869, 7.43201e-19
2.87, 7.472e-19
2.871, 7.49023e-19
2.872, 7.47336e-19
2.873, 7.48803e-19
2.874, 7.4454e-19
2.875, 7.4343e-19
2.876, 7.47249e-19
2.877, 7.48003e-19
2.878, 7.48358e-19
2.879, 7.46535e-19
2.88, 7.46978e-19
2.881, 7.43912e-19
2.882, 7.46218e-19
2.883, 7.47681e-19
2.884, 7.44747e-19
2.885, 7.44521e-19
2.886, 7.43007e-19
2.887, 7.44202e-19
2.888, 7.45441e-19
2.889, 7.485e-19
2.89, 7.4361e-19
2.891, 7.43648e-19
2.892, 7.44175e-19
2.893, 7.4519e-19
2.894, 7.48913e-19
2.895, 7.49572e-19
2.896, 7.4539e-19
2.897, 7.45693e-19
2.898, 7.45595e-19
2.899, 7.45986e-19
2.9, 7.45089e-19
2.901, 7.42903e-19
2.902, 7.45646e-19
2.903, 7.43549e-19
2.904, 7.45048e-19
2.905, 7.45703e-19
2.906, 7.4507e-19
2.907, 7.43149e-19
2.908, 7.45712e-19
2.909, 7.46543e-19
2.91, 7.47419e-19
2.911, 7.49226e-19
2.912, 7.47969e-19
2.913, 7.44536e-19
2.914, 7.44255e-19
2.915, 7.44906e-19
2.916, 7.45158e-19
2.917, 7.48562e-19
2.918, 7.48457e-19
2.919, 7.45288e-19
2.92, 7.46159e-19
2.921, 7.46631e-19
2.922, 7.48923e-19
2.923, 7.46373e-19
2.924, 7.44757e-19
2.925, 7.4496e-19
2.926, 7.49204e-19
2.927, 7.44611e-19
2.928, 7.46723e-19
2.929, 7.46214e-19
2.93, 7.44417e-19
2.931, 7.46661e-19
2.932, 7.46729e-19
2.933, 7.45509e-19
2.934, 7.45664e-19
2.935, 7.4542e-19
2.936, 7.43887e-19
2.937, 7.45952e-19
2.938, 7.44951e-19
2.939, 7.45327e-19
2.94, 7.43971e-19
2.941, 7.44879e-19
2.942, 7.44943e-19
2.943, 7.47716e-19
2.944, 7.47424e-19
2.945, 7.42735e-19
2.946, 7.42531e-19
2.947, 7.46812e-19
2.948, 7.44031e-19
2.949, 7.43515e-19
2.95, 7.43932e-19
2.951, 7.48389e-19
2.952, 7.46673e-19
2.953, 7.45889e-19
2.954, 7.44705e-19
2.955, 7.43121e-19
2.956, 7.46466e-19
2.957, 7.46302e-19
2.958, 7.45294e-19
2.959, 7.44774e-19
2.96, 7.45187e-19
2.961, 7.46975e-19
2.962, 7.4792e-19
2.963, 7.458e-19
2.964, 7.44168e-19
2.965, 7.46133e-19
2.966, 7.46366e-19
2.967, 7.44422e-19
2.968, 7.44299e-19
2.969, 7.44663e-19
2.97, 7.45516e-19
2.971, 7.41972e-19
2.972, 7.42469e-19
2.973, 7.44342e-19
2.974, 7.45815e-19
2.975, 7.44223e-19
2.976, 7.44896e-19
2.977, 7.4961e-19
2.978, 7.49483e-19
2.979, 7.50288e-19
2.98, 7.47584e-19
2.981, 7.48921e-19
2.982, 7.45861e-19
2.983, 7.44178e-19
2.984, 7.46092e-19
2.985, 7.45829e-19
2.986, 7.4783e-19
2.987, 7.48543e-19
2.988, 7.4708e-19
2.989, 7.48325e-19
2.99, 7.45618e-19
2.991, 7.46063e-19
2.992, 7.4522e-19
2.993, 7.47529e-19
2.994, 7.4411e-19
2.995, 7.46063e-19
2.996, 7.44953e-19
2.997, 7.44774e-19
2.998, 7.43751e-19
2.999, 7.43216e-19
3, 7.44502e-19
3.001, 7.44056e-19
3.002, 7.44541e-19
3.003, 7.43739e-19
3.004, 7.48309e-19
3.005, 7.48039e-19
3.006, 7.4426e-19
3.007, 7.46742e-19
3.008, 7.43051e-19
3.009, 7.46954e-19
3.01, 7.50012e-19
3.011, 7.43344e-19
3.012, 7.45158e-19
3.013, 7.44796e-19
3.014, 7.45366e-19
3.015, 7.43759e-19
3.016, 7.46194e-19
3.017, 7.46452e-19
3.018, 7.44089e-19
3.019, 7.45324e-19
3.02, 7.45269e-19
3.021, 7.43927e-19
3.022, 7.43073e-19
3.023, 7.44039e-19
3.024, 7.4505e-19
3.025, 7.4788e-19
3.026, 7.4587e-19
3.027, 7.43904e-19
3.028, 7.43759e-19
3.029, 7.47209e-19
3.03, 7.44043e-19
3.031, 7.43586e-19
3.032, 7.45836e-19
3.033, 7.47687e-19
3.034, 7.44253e-19
3.035, 7.46636e-19
3.036, 7.48175e-19
3.037, 7.46205e-19
3.038, 7.44723e-19
3.039, 7.42397e-19
3.04, 7.44112e-19
3.041, 7.43651e-19
3.042, 7.45898e-19
3.043, 7.4508e-19
3.044, 7.44307e-19
3.045, 7.42245e-19
3.046, 7.42892e-19
3.047, 7.46248e-19
3.048, 7.44318e-19
3.049, 7.46874e-19
3.05, 7.437e-19
3.051, 7.45455e-19
3.052, 7.49031e-19
3.053, 7.42881e-19
3.054, 7.44324e-19
3.055, 7.43591e-19
3.056, 7.46011e-19
3.057, 7.46254e-19
3.058, 7.46985e-19
3.059, 7.44652e-19
3.06, 7.49912e-19
3.061, 7.4367e-19
3.062, 7.45022e-19
3.063, 7.45529e-19
3.064, 7.47857e-19
3.065, 7.47564e-19
3.066, 7.44207e-19
3.067, 7.47555e-19
3.068, 7.47838e-19
3.069, 7.44613e-19
3.07, 7.43208e-19
3.071, 7.46732e-19
3.072, 7.46304e-19
3.073, 7.45919e-19
3.074, 7.43802e-19
3.075, 7.4395e-19
3.076, 7.4503e-19
3.077, 7.49262e-19
3.078, 7.44213e-19
3.079, 7.45425e-19
3.08, 7.46237e-19
3.081, 7.44872e-19
3.082, 7.47992e-19
3.083, 7.42719e-19
3.084, 7.42819e-19
3.085, 7.46515e-19
3.086, 7.4093e-19
3.087, 7.44715e-19
3.088, 7.44991e-19
3.089, 7.46199e-19
3.09, 7.46119e-19
3.091, 7.44751e-19
3.092, 7.46536e-19
3.093, 7.44811e-19
3.094, 7.48904e-19
3.095, 7.44159e-19
3.096, 7.46564e-19
3.097, 7.49013e-19
3.098, 7.48841e-19
3.099, 7.48713e-19
3.1, 7.48629e-19
3.101, 7.4859e-19
3.102, 7.46373e-19
3.103, 7.44645e-19
3.104, 7.45626e-19
3.105, 7.48427e-19
3.106, 7.46831e-19
3.107, 7.4972e-19
3.108, 7.44659e-19
3.109, 7.43195e-19
3.11, 7.49325e-19
3.111, 7.41288e-19
3.112, 7.46174e-19
3.113, 7.46662e-19
3.114, 7.45419e-19
3.115, 7.44663e-19
3.116, 7.42176e-19
3.117, 7.45505e-19
3.118, 7.4577e-19
3.119, 7.47411e-19
3.12, 7.43323e-19
3.121, 7.4594e-19
3.122, 7.50822e-19
3.123, 7.45978e-19
3.124, 7.46063e-19
3.125, 7.43528e-19
3.126, 7.45477e-19
3.127, 7.4747e-19
3.128, 7.48176e-19
3.129, 7.46704e-19
3.13, 7.46165e-19
3.131, 7.4567e-19
3.132, 7.4744e-19
3.133, 7.43924e-19
3.134, 7.45782e-19
3.135, 7.44131e-19
3.136, 7.41636e-19
3.137, 7.48954e-19
3.138, 7.46991e-19
3.139, 7.42408e-19
3.14, 7.44529e-19
3.141, 7.44475e-19
3.142, 7.44909e-19
3.143, 7.46274e-19
3.144, 7.41023e-19
3.145, 7.45585e-19
3.146, 7.48415e-19
3.147, 7.45072e-19
3.148, 7.40885e-19
3.149, 7.44735e-19
3.15, 7.45077e-19
3.151, 7.45018e-19
3.152, 7.43672e-19
3.153, 7.42814e-19
3.154, 7.47756e-19
3.155, 7.44783e-19
3.156, 7.4092e-19
3.157, 7.47805e-19
3.158, 7.46728e-19
3.159, 7.43093e-19
3.16, 7.45703e-19
3.161, 7.43045e-19
3.162, 7.47555e-19
3.163, 7.42799e-19
3.164, 7.46559e-19
3.165, 7.45432e-19
3.166, 7.4484e-19
3.167, 7.465e-19
3.168, 7.47361e-19
3.169, 7.45191e-19
3.17, 7.4524e-19
3.171, 7.47126e-19
3.172, 7.41079e-19
3.173, 7.43576e-19
3.174, 7.461e-19
3.175, 7.46038e-19
3.176, 7.47795e-19
3.177, 7.42936e-19
3.178, 7.43877e-19
3.179, 7.46673e-19
3.18, 7.44137e-19
3.181, 7.43883e-19
3.182, 7.46798e-19
3.183, 7.44933e-19
3.184, 7.42653e-19
3.185, 7.4529e-19
3.186, 7.48016e-19
3.187, 7.41893e-19
3.188, 7.47422e-19
3.189, 7.47205e-19
3.19, 7.44386e-19
3.191, 7.46513e-19
3.192, 7.47369e-19
3.193, 7.43418e-19
3.194, 7.43906e-19
3.195, 7.43595e-19
3.196, 7.45537e-19
3.197, 7.46237e-19
3.198, 7.47014e-19
3.199, 7.47789e-19
3.2, 7.44629e-19
3.201, 7.48189e-19
3.202, 7.45195e-19
3.203, 7.44465e-19
3.204, 7.45111e-19
3.205, 7.50686e-19
3.206, 7.46092e-19
3.207, 7.44205e-19
3.208, 7.42363e-19
3.209, 7.45894e-19
3.21, 7.46361e-19
3.211, 7.48203e-19
3.212, 7.51422e-19
3.213, 7.45803e-19
3.214, 7.44225e-19
3.215, 7.44912e-19
3.216, 7.42978e-19
3.217, 7.45085e-19
3.218, 7.46347e-19
3.219, 7.46766e-19
3.22, 7.46784e-19
3.221, 7.4507e-19
3.222, 7.48285e-19
3.223, 7.4666e-19
3.224, 7.4419e-19
3.225, 7.4576e-19
3.226, 7.44711e-19
3.227, 7.47702e-19
3.228, 7.45852e-19
3.229, 7.44046e-19
3.23, 7.45837e-19
3.231, 7.4634e-19
3.232, 7.48663e-19
3.233, 7.46146e-19
3.234, 7.4678e-19
3.235, 7.48348e-19
3.236, 7.47738e-19
3.237, 7.45397e-19
3.238, 7.46652e-19
3.239, 7.47063e-19
3.24, 7.49294e-19
3.241, 7.43132e-19
3.242, 7.45896e-19
3.243, 7.47815e-19
3.244, 7.48002e-19
3.245, 7.43793e-19
3.246, 7.44068e-19
3.247, 7.45719e-19
3.248, 7.46971e-19
3.249, 7.42493e-19
3.25, 7.46053e-19
3.251, 7.44772e-19
3.252, 7.47087e-19
3.253, 7.46783e-19
3.254, 7.46522e-19
3.255, 7.50746e-19
3.256, 7.47909e-19
3.257, 7.43339e-19
3.258, 7.42367e-19
3.259, 7.47655e-19
3.26, 7.45882e-19
3.261, 7.43709e-19
3.262, 7.41136e-19
3.263, 7.47933e-19
3.264, 7.46336e-19
3.265, 7.45227e-19
3.266, 7.45051e-19
3.267, 7.45362e-19
3.268, 7.46162e-19
3.269, 7.46118e-19
3.27, 7.44341e-19
3.271, 7.46162e-19
3.272, 7.4847e-19
3.273, 7.44605e-19
3.274, 7.43448e-19
3.275, 7.49885e-19
3.276, 7.45708e-19
3.277, 7.45128e-19
3.278, 7.4548e-19
3.279, 7.44988e-19
3.28, 7.42319e-19
3.281, 7.45024e-19
3.282, 7.43332e-19
3.283, 7.44348e-19
3.284, 7.45408e-19
3.285, 7.44292e-19
3.286, 7.4544e-19
3.287, 7.453e-19
3.288, 7.47425e-19
3.289, 7.44264e-19
3.29, 7.43813e-19
3.291, 7.45181e-19
3.292, 7.49702e-19
3.293, 7.46718e-19
3.294, 7.4511e-19
3.295, 7.45766e-19
3.296, 7.44691e-19
3.297, 7.44991e-19
3.298, 7.46668e-19
3.299, 7.46168e-19
3.3, 7.4438e-19
3.301, 7.45301e-19
3.302, 7.49374e-19
3.303, 7.4461e-19
3.304, 7.44774e-19
3.305, 7.43651e-19
3.306, 7.44348e-19
3.307, 7.45088e-19
3.308, 7.48094e-19
3.309, 7.50699e-19
3.31, 7.46687e-19
3.311, 7.44495e-19
3.312, 7.42792e-19
3.313, 7.44241e-19
3.314, 7.45734e-19
3.315, 7.43719e-19
3.316, 7.4752e-19
3.317, 7.46481e-19
3.318, 7.45042e-19
3.319, 7.44979e-19
3.32, 7.44071e-19
3.321, 7.46761e-19
3.322, 7.44165e-19
3.323, 7.45611e-19
3.324, 7.471e-19
3.325, 7.43749e-19
3.326, 7.47103e-19
3.327, 7.46948e-19
3.328, 7.47725e-19
3.329, 7.47659e-19
3.33, 7.44528e-19
3.331, 7.44105e-19
3.332, 7.46391e-19
3.333, 7.465e-19
3.334, 7.48874e-19
3.335, 7.45519e-19
3.336, 7.45761e-19
3.337, 7.46047e-19
3.338, 7.46821e-19
3.339, 7.48527e-19
3.34, 7.46725e-19
3.341, 7.44522e-19
3.342, 7.47693e-19
3.343, 7.45578e-19
3.344, 7.46617e-19
3.345, 7.45034e-19
3.346, 7.4394e-19
3.347, 7.43778e-19
3.348, 7.4366e-19
3.349, 7.42254e-19
3.35, 7.43557e-19
3.351, 7.44903e-19
3.352, 7.43185e-19
3.353, 7.47728e-19
3.354, 7.45654e-19
3.355, 7.44956e-19
3.356, 7.44747e-19
3.357, 7.44581e-19
3.358, 7.44015e-19
3.359, 7.46158e-19
3.36, 7.44348e-19
3.361, 7.44803e-19
3.362, 7.45302e-19
3.363, 7.454e-19
3.364, 7.46431e-19
3.365, 7.43953e-19
3.366, 7.41964e-19
3.367, 7.44459e-19
3.368, 7.44778e-19
3.369, 7.44697e-19
3.37, 7.44215e-19
3.371, 7.4289e-19
3.372, 7.44717e-19
3.373, 7.45701e-19
3.374, 7.48948e-19
3.375, 7.46911e-19
3.376, 7.4625e-19
3.377, 7.46521e-19
3.378, 7.50832e-19
3.379, 7.47639e-19
3.38, 7.45377e-19
3.381, 7.45825e-19
3.382, 7.44539e-19
3.383, 7.4241e-19
3.384, 7.42989e-19
3.385, 7.46277e-19
3.386, 7.4428e-19
3.387, 7.46768e-19
3.388, 7.43527e-19
3.389, 7.45658e-19
3.39, 7.43393e-19
3.391, 7.42504e-19
3.392, 7.47877e-19
3.393, 7.46188e-19
3.394, 7.44099e-19
3.395, 7.41609e-19
3.396, 7.4849e-19
3.397, 7.46977e-19
3.398, 7.45952e-19
3.399, 7.47636e-19
3.4, 7.42703e-19
3.401, 7.44031e-19
3.402, 7.44514e-19
3.403, 7.4371e-19
3.404, 7.43838e-19
3.405, 7.48894e-19
3.406, 7.45557e-19
3.407, 7.44929e-19
3.408, 7.44345e-19
3.409, 7.42916e-19
3.41, 7.46417e-19
3.411, 7.4552e-19
3.412, 7.44224e-19
3.413, 7.42528e-19
3.414, 7.4354e-19
3.415, 7.47261e-19
3.416, 7.44808e-19
3.417, 7.42844e-19
3.418, 7.46252e-19
3.419, 7.44376e-19
3.42, 7.46097e-19
3.421, 7.45641e-19
3.422, 7.45229e-19
3.423, 7.45305e-19
3.424, 7.44093e-19
3.425, 7.43813e-19
3.426, 7.4713e-19
3.427, 7.46938e-19
3.428, 7.43238e-19
3.429, 7.47131e-19
3.43, 7.49736e-19
3.431, 7.43503e-19
3.432, 7.43088e-19
3.433, 7.42272e-19
3.434, 7.4905e-19
3.435, 7.48322e-19
3.436, 7.44974e-19
3.437, 7.46111e-19
3.438, 7.45071e-19
3.439, 7.42744e-19
3.44, 7.47565e-19
3.441, 7.44437e-19
3.442, 7.44906e-19
3.443, 7.44531e-19
3.444, 7.47309e-19
3.445, 7.47466e-19
3.446, 7.50775e-19
3.447, 7.46579e-19
3.448, 7.43315e-19
3.449, 7.46313e-19
3.45, 7.45802e-19
3.451, 7.4267e-19
3.452, 7.44023e-19
3.453, 7.45421e-19
3.454, 7.49527e-19
3.455, 7.48791e-19
3.456, 7.46324e-19
3.457, 7.43013e-19
3.458, 7.45074e-19
3.459, 7.4718e-19
3.46, 7.44444e-19
3.461, 7.44417e-19
3.462, 7.42214e-19
3.463, 7.44052e-19
3.464, 7.44601e-19
3.465, 7.45195e-19
3.466, 7.48053e-19
3.467, 7.46514e-19
3.468, 7.49904e-19
3.469, 7.449e-19
3.47, 7.43049e-19
3.471, 7.45239e-19
3.472, 7.4392e-19
3.473, 7.45754e-19
3.474, 7.47632e-19
3.475, 7.49998e-19
3.476, 7.44859e-19
3.477, 7.47313e-19
3.478, 7.43594e-19
3.479, 7.45247e-19
3.48, 7.40284e-19
3.481, 7.46911e-19
3.482, 7.45145e-19
3.483, 7.42978e-19
3.484, 7.43964e-19
3.485, 7.42773e-19
3.486, 7.43848e-19
3.487, 7.42745e-19
3.488, 7.45684e-19
3.489, 7.45114e-19
3.49, 7.49473e-19
3.491, 7.49879e-19
3.492, 7.46332e-19
3.493, 7.4283e-19
3.494, 7.46033e-19
3.495, 7.44395e-19
3.496, 7.43689e-19
3.497, 7.42139e-19
3.498, 7.43297e-19
3.499, 7.47164e-19
3.5, 7.46634e-19
3.501, 7.47481e-19
3.502, 7.43042e-19
3.503, 7.47085e-19
3.504, 7.44511e-19
3.505, 7.44646e-19
3.506, 7.49265e-19
3.507, 7.45047e-19
3.508, 7.45313e-19
3.509, 7.47844e-19
3.51, 7.43758e-19
3.511, 7.44157e-19
3.512, 7.45932e-19
3.513, 7.45086e-19
3.514, 7.42952e-19
3.515, 7.45747e-19
3.516, 7.43702e-19
3.517, 7.45697e-19
3.518, 7.46848e-19
3.519, 7.45379e-19
3.52, 7.43509e-19
3.521, 7.46125e-19
3.522, 7.42123e-19
3.523, 7.44826e-19
3.524, 7.43133e-19
3.525, 7.45036e-19
3.526, 7.4876e-19
3.527, 7.4187e-19
3.528, 7.46126e-19
3.529, 7.44209e-19
3.53, 7.45e-19
3.531, 7.43171e-19
3.532, 7.48935e-19
3.533, 7.48526e-19
3.534, 7.43276e-19
3.535, 7.46064e-19
3.536, 7.44899e-19
3.537, 7.44222e-19
3.538, 7.44922e-19
3.539, 7.46554e-19
3.54, 7.47785e-19
3.541, 7.46396e-19
3.542, 7.50825e-19
3.543, 7.45971e-19
3.544, 7.46935e-19
3.545, 7.43058e-19
3.546, 7.42333e-19
3.547, 7.43429e-19
3.548, 7.45901e-19
3.549, 7.45309e-19
3.55, 7.47869e-19
3.551, 7.43812e-19
3.552, 7.43351e-19
3.553, 7.44267e-19
3.554, 7.44339e-19
3.555, 7.46231e-19
3.556, 7.44615e-19
3.557, 7.51036e-19
3.558, 7.44179e-19
3.559, 7.43583e-19
3.56, 7.42586e-19
3.561, 7.43411e-19
3.562, 7.45611e-19
3.563, 7.44303e-19
3.564, 7.46148e-19
3.565, 7.4626e-19
3.566, 7.45972e-19
3.567, 7.4484e-19
3.568, 7.45973e-19
3.569, 7.45373e-19
3.57, 7.43485e-19
3.571, 7.48746e-19
3.572, 7.46502e-19
3.573, 7.45634e-19
3.574, 7.45255e-19
3.575, 7.45363e-19
3.576, 7.49513e-19
3.577, 7.4438e-19
3.578, 7.43288e-19
3.579, 7.44905e-19
3.58, 7.46122e-19
3.581, 7.48271e-19
3.582, 7.45135e-19
3.583, 7.44264e-19
3.584, 7.4388e-19
3.585, 7.45317e-19
3.586, 7.46354e-19
3.587, 7.44771e-19
3.588, 7.44563e-19
3.589, 7.43068e-19
3.59, 7.45169e-19
3.591, 7.42429e-19
3.592, 7.43286e-19
3.593, 7.46408e-19
3.594, 7.44689e-19
3.595, 7.44789e-19
3.596, 7.44934e-19
3.597, 7.44679e-19
3.598, 7.44024e-19
3.599, 7.44302e-19
3.6, 7.44623e-19
3.601, 7.44544e-19
3.602, 7.44509e-19
3.603, 7.46739e-19
3.604, 7.44572e-19
3.605, 7.47334e-19
3.606, 7.47475e-19
3.607, 7.44552e-19
3.608, 7.43893e-19
3.609, 7.45943e-19
3.61, 7.47593e-19
3.611, 7.46622e-19
3.612, 7.45252e-19
3.613, 7.43925e-19
3.614, 7.44863e-19
3.615, 7.51174e-19
3.616, 7.44206e-19
3.617, 7.46608e-19
3.618, 7.45501e-19
3.619, 7.45771e-19
3.62, 7.42532e-19
3.621, 7.49995e-19
3.622, 7.43736e-19
3.623, 7.44182e-19
3.624, 7.44228e-19
3.625, 7.4565e-19
3.626, 7.44451e-19
3.627, 7.4685e-19
3.628, 7.4796e-19
3.629, 7.44673e-19
3.63, 7.43651e-19
3.631, 7.44893e-19
3.632, 7.46179e-19
3.633, 7.44401e-19
3.634, 7.45775e-19
3.635, 7.43641e-19
3.636, 7.47768e-19
3.637, 7.43945e-19
3.638, 7.43719e-19
3.639, 7.45758e-19
3.64, 7.43844e-19
3.641, 7.4375e-19
3.642, 7.46365e-19
3.643, 7.4858e-19
3.644, 7.46398e-19
3.645, 7.44704e-19
3.646, 7.43498e-19
3.647, 7.43224e-19
3.648, 7.44771e-19
3.649, 7.45029e-19
3.65, 7.43555e-19
3.651, 7.43014e-19
3.652, 7.45625e-19
3.653, 7.43839e-19
3.654, 7.42985e-19
3.655, 7.46173e-19
3.656, 7.44963e-19
3.657, 7.42909e-19
3.658, 7.44008e-19
3.659, 7.43375e-19
3.66, 7.4545e-19
3.661, 7.43572e-19
3.662, 7.41739e-19
3.663, 7.43946e-19
3.664, 7.43977e-19
3.665, 7.43608e-19
3.666, 7.45059e-19
3.667, 7.45666e-19
3.668, 7.45873e-19
3.669, 7.49677e-19
3.67, 7.44643e-19
3.671, 7.46314e-19
3.672, 7.46253e-19
3.673, 7.4446e-19
3.674, 7.44487e-19
3.675, 7.45002e-19
3.676, 7.4645e-19
3.677, 7.46165e-19
3.678, 7.477e-19
3.679, 7.47059e-19
3.68, 7.4513e-19
3.681, 7.47242e-19
3.682, 7.47177e-19
3.683, 7.48044e-19
3.684, 7.44071e-19
3.685, 7.46359e-19
3.686, 7.47803e-19
3.687, 7.43073e-19
3.688, 7.41941e-19
3.689, 7.43072e-19
3.69, 7.46025e-19
3.691, 7.47689e-19
3.692, 7.46732e-19
3.693, 7.45376e-19
3.694, 7.44063e-19
3.695, 7.45459e-19
3.696, 7.4912e-19
3.697, 7.4261e-19
3.698, 7.42362e-19
3.699, 7.43934e-19
3.7, 7.47327e-19
3.701, 7.41882e-19
3.702, 7.43142e-19
3.703, 7.4489e-19
3.704, 7.48459e-19
3.705, 7.48075e-19
3.706, 7.4507e-19
3.707, 7.46107e-19
3.708, 7.44523e-19
3.709, 7.46535e-19
3.71, 7.4948e-19
3.711, 7.46251e-19
3.712, 7.42179e-19
3.713, 7.45256e-19
3.714, 7.43492e-19
3.715, 7.4488e-19
3.716, 7.43204e-19
3.717, 7.44237e-19
3.718, 7.44425e-19
3.719, 7.44214e-19
3.72, 7.45823e-19
3.721, 7.46587e-19
3.722, 7.49172e-19
3.723, 7.46916e-19
3.724, 7.42484e-19
3.725, 7.43425e-19
3.726, 7.46186e-19
3.727, 7.45882e-19
3.728, 7.44735e-19
3.729, 7.45408e-19
3.73, 7.45681e-19
3.731, 7.46886e-19
3.732, 7.42361e-19
3.733, 7.45875e-19
3.734, 7.44548e-19
3.735, 7.46373e-19
3.736, 7.41581e-19
3.737, 7.43938e-19
3.738, 7.4856e-19
3.739, 7.47897e-19
3.74, 7.4417e-19
3.741, 7.46703e-19
3.742, 7.48393e-19
3.743, 7.46573e-19
3.744, 7.42577e-19
3.745, 7.44399e-19
3.746, 7.47153e-19
3.747, 7.4551e-19
3.748, 7.47463e-19
3.749, 7.42799e-19
3.75, 7.44841e-19
3.751, 7.43374e-19
3.752, 7.45504e-19
3.753, 7.40572e-19
3.754, 7.48119e-19
3.755, 7.45496e-19
3.756, 7.45137e-19
3.757, 7.43935e-19
3.758, 7.46773e-19
3.759, 7.47435e-19
3.76, 7.44144e-19
3.761, 7.43117e-19
3.762, 7.44799e-19
3.763, 7.46081e-19
3.764, 7.44743e-19
3.765, 7.43004e-19
3.766, 7.47527e-19
3.767, 7.41879e-19
3.768, 7.45602e-19
3.769, 7.45816e-19
3.77, 7.46074e-19
3.771, 7.44599e-19
3.772, 7.4761e-19
3.773, 7.44003e-19
3.774, 7.45769e-19
3.775, 7.44471e-19
3.776, 7.44549e-19
3.777, 7.43783e-19
3.778, 7.47502e-19
3.779, 7.46824e-19
3.78, 7.43525e-19
3.781, 7.4782e-19
3.782, 7.46386e-19
3.783, 7.4544e-19
3.784, 7.4365e-19
3.785, 7.45456e-19
3.786, 7.45975e-19
3.787, 7.45649e-19
3.788, 7.45367e-19
3.789, 7.4735e-19
3.79, 7.44047e-19
3.791, 7.46118e-19
3.792, 7.41572e-19
3.793, 7.4373e-19
3.794, 7.49486e-19
3.795, 7.45072e-19
3.796, 7.47807e-19
3.797, 7.50142e-19
3.798, 7.48968e-19
3.799, 7.46506e-19
3.8, 7.48529e-19
3.801, 7.47043e-19
3.802, 7.43826e-19
3.803, 7.46425e-19
3.804, 7.4818e-19
3.805, 7.47759e-19
3.806, 7.46938e-19
3.807, 7.44384e-19
3.808, 7.44539e-19
3.809, 7.4163e-19
3.81, 7.44537e-19
3.811, 7.45269e-19
3.812, 7.43379e-19
3.813, 7.43755e-19
3.814, 7.44618e-19
3.815, 7.47746e-19
3.816, 7.46033e-19
3.817, 7.44808e-19
3.818, 7.44515e-19
3.819, 7.45155e-19
3.82, 7.48503e-19
3.821, 7.4701e-19
3.822, 7.43341e-19
3.823, 7.46377e-19
3.824, 7.48569e-19
3.825, 7.4814e-19
3.826, 7.43315e-19
3.827, 7.43863e-19
3.828, 7.47563e-19
3.829, 7.43758e-19
3.83, 7.43994e-19
3.831, 7.4605e-19
3.832, 7.46374e-19
3.833, 7.48518e-19
3.834, 7.45822e-19
3.835, 7.47166e-19
3.836, 7.45889e-19
3.837, 7.47322e-19
3.838, 7.46134e-19
3.839, 7.45878e-19
3.84, 7.4611e-19
3.841, 7.4683e-19
3.842, 7.48926e-19
3.843, 7.45738e-19
3.844, 7.43482e-19
3.845, 7.43934e-19
3.846, 7.46206e-19
3.847, 7.4497e-19
3.848, 7.48219e-19
3.849, 7.47071e-19
3.85, 7.45967e-19
3.851, 7.49348e-19
3.852, 7.42115e-19
3.853, 7.42919e-19
3.854, 7.44212e-19
3.855, 7.46437e-19
3.856, 7.42488e-19
3.857, 7.45245e-19
3.858, 7.45826e-19
3.859, 7.47782e-19
3.86, 7.46675e-19
3.861, 7.42058e-19
3.862, 7.43703e-19
3.863, 7.48944e-19
3.864, 7.44016e-19
3.865, 7.46237e-19
3.866, 7.46281e-19
3.867, 7.4859e-19
3.868, 7.4739e-19
3.869, 7.47567e-19
3.87, 7.46011e-19
3.871, 7.44056e-19
3.872, 7.44365e-19
3.873, 7.44273e-19
3.874, 7.46003e-19
3.875, 7.46888e-19
3.876, 7.49593e-19
3.877, 7.46125e-19
3.878, 7.45366e-19
3.879, 7.46427e-19
3.88, 7.4398e-19
3.881, 7.48682e-19
3.882, 7.43214e-19
3.883, 7.42231e-19
3.884, 7.4218e-19
3.885, 7.43061e-19
3.886, 7.45319e-19
3.887, 7.48509e-19
3.888, 7.42861e-19
3.889, 7.43474e-19
3.89, 7.45019e-19
3.891, 7.44833e-19
3.892, 7.43802e-19
3.893, 7.42815e-19
3.894, 7.44537e-19
3.895, 7.44526e-19
3.896, 7.45448e-19
3.897, 7.45525e-19
3.898, 7.44314e-19
3.899, 7.44036e-19
3.9, 7.4469e-19
3.901, 7.48052e-19
3.902, 7.45241e-19
3.903, 7.41586e-19
3.904, 7.43748e-19
3.905, 7.46842e-19
3.906, 7.44651e-19
3.907, 7.46057e-19
3.908, 7.47063e-19
3.909, 7.49445e-19
3.91, 7.48318e-19
3.911, 7.39686e-19
3.912, 7.44421e-19
3.913, 7.43427e-19
3.914, 7.45585e-19
3.915, 7.49564e-19
3.916, 7.43817e-19
3.917, 7.44331e-19
3.918, 7.4178e-19
3.919, 7.46379e-19
3.92, 7.45249e-19
3.921, 7.45495e-19
3.922, 7.44897e-19
3.923, 7.45675e-19
3.924, 7.46942e-19
3.925, 7.43367e-19
3.926, 7.43833e-19
3.927, 7.44788e-19
3.928, 7.44898e-19
3.929, 7.44608e-19
3.93, 7.45251e-19
3.931, 7.45049e-19
3.932, 7.42671e-19
3.933, 7.45665e-19
3.934, 7.44264e-19
3.935, 7.44682e-19
3.936, 7.48697e-19
3.937, 7.45207e-19
3.938, 7.43981e-19
3.939, 7.45464e-19
3.94, 7.47879e-19
3.941, 7.46786e-19
3.942, 7.47068e-19
3.943, 7.46951e-19
3.944, 7.45545e-19
3.945, 7.44628e-19
3.946, 7.42422e-19
3.947, 7.46033e-19
3.948, 7.43471e-19
3.949, 7.43618e-19
3.95, 7.42477e-19
3.951, 7.44044e-19
3.952, 7.45655e-19
3.953, 7.44202e-19
3.954, 7.45457e-19
3.955, 7.4498e-19
3.956, 7.43658e-19
3.957, 7.42381e-19
3.958, 7.45145e-19
3.959, 7.43512e-19
3.96, 7.41922e-19
3.961, 7.44374e-19
3.962, 7.42873e-19
3.963, 7.4408e-19
3.964, 7.45332e-19
3.965, 7.46183e-19
3.966, 7.47967e-19
3.967, 7.44465e-19
3.968, 7.43672e-19
3.969, 7.46032e-19
3.97, 7.50656e-19
3.971, 7.44667e-19
3.972, 7.45826e-19
3.973, 7.4703e-19
3.974, 7.49165e-19
3.975, 7.4646e-19
3.976, 7.45131e-19
3.977, 7.45623e-19
3.978, 7.44826e-19
3.979, 7.43629e-19
3.98, 7.43809e-19
3.981, 7.4492e-19
3.982, 7.40747e-19
3.983, 7.42835e-19
3.984, 7.45411e-19
3.985, 7.42258e-19
3.986, 7.4359e-19
3.987, 7.43634e-19
3.988, 7.4683e-19
3.989, 7.42077e-19
3.99, 7.45806e-19
3.991, 7.45581e-19
3.992, 7.45401e-19
3.993, 7.47485e-19
3.994, 7.44285e-19
3.995, 7.44681e-19
3.996, 7.43788e-19
3.997, 7.4294e-19
3.998, 7.47465e-19
3.999, 7.44041e-19
4, 7.46433e-19
4.001, 7.49314e-19
4.002, 7.47354e-19
4.003, 7.44993e-19
4.004, 7.43565e-19
4.005, 7.46622e-19
4.006, 7.49723e-19
4.007, 7.41765e-19
4.008, 7.4451e-19
4.009, 7.47743e-19
4.01, 7.42582e-19
4.011, 7.45015e-19
4.012, 7.47048e-19
4.013, 7.46904e-19
4.014, 7.45472e-19
4.015, 7.44528e-19
4.016, 7.4274e-19
4.017, 7.44993e-19
4.018, 7.42849e-19
4.019, 7.44746e-19
4.02, 7.46687e-19
4.021, 7.43343e-19
4.022, 7.47148e-19
4.023, 7.43004e-19
4.024, 7.46009e-19
4.025, 7.44618e-19
4.026, 7.42382e-19
4.027, 7.45519e-19
4.028, 7.49145e-19
4.029, 7.426e-19
4.03, 7.46314e-19
4.031, 7.44298e-19
4.032, 7.45435e-19
4.033, 7.47505e-19
4.034, 7.44289e-19
4.035, 7.46002e-19
4.036, 7.46427e-19
4.037, 7.46452e-19
4.038, 7.48298e-19
4.039, 7.51519e-19
4.04, 7.45903e-19
4.041, 7.44328e-19
4.042, 7.45017e-19
4.043, 7.44418e-19
4.044, 7.43863e-19
4.045, 7.45573e-19
4.046, 7.4333e-19
4.047, 7.46016e-19
4.048, 7.45193e-19
4.049, 7.44858e-19
4.05, 7.45456e-19
4.051, 7.46985e-19
4.052, 7.4545e-19
4.053, 7.42627e-19
4.054, 7.44733e-19
4.055, 7.41998e-19
4.056, 7.47301e-19
4.057, 7.43766e-19
4.058, 7.44272e-19
4.059, 7.47042e-19
4.06, 7.44527e-19
4.061, 7.45165e-19
4.062, 7.46291e-19
4.063, 7.46572e-19
4.064, 7.50895e-19
4.065, 7.47712e-19
4.066, 7.45461e-19
4.067, 7.45919e-19
4.068, 7.43757e-19
4.069, 7.45635e-19
4.07, 7.46669e-19
4.071, 7.47303e-19
4.072, 7.47092e-19
4.073, 7.46926e-19
4.074, 7.43251e-19
4.075, 7.4717e-19
4.076, 7.44471e-19
4.077, 7.39152e-19
4.078, 7.43648e-19
4.079, 7.45078e-19
4.08, 7.50105e-19
4.081, 7.44962e-19
4.082, 7.46968e-19
4.083, 7.42802e-19
4.084, 7.4534e-19
4.085, 7.49255e-19
4.086, 7.42556e-19
4.087, 7.42118e-19
4.088, 7.43501e-19
4.089, 7.46704e-19
4.09, 7.46398e-19
4.091, 7.45693e-19
4.092, 7.44143e-19
4.093, 7.44413e-19
4.094, 7.45172e-19
4.095, 7.45531e-19
4.096, 7.44157e-19
4.097, 7.45048e-19
4.098, 7.48203e-19
4.099, 7.45629e-19
4.1, 7.46208e-19
4.101, 7.43278e-19
4.102, 7.43501e-19
4.103, 7.4288e-19
4.104, 7.44967e-19
4.105, 7.4621e-19
4.106, 7.45277e-19
4.107, 7.48384e-19
4.108, 7.46651e-19
4.109, 7.44961e-19
4.11, 7.47312e-19
4.111, 7.4882e-19
4.112, 7.46374e-19
4.113, 7.45305e-19
4.114, 7.43392e-19
4.115, 7.43743e-19
4.116, 7.46803e-19
4.117, 7.46798e-19
4.118, 7.48613e-19
4.119, 7.48252e-19
4.12, 7.4305e-19
4.121, 7.44998e-19
4.122, 7.4921e-19
4.123, 7.44584e-19
4.124, 7.46664e-19
4.125, 7.51008e-19
4.126, 7.47403e-19
4.127, 7.42509e-19
4.128, 7.43433e-19
4.129, 7.444e-19
4.13, 7.43191e-19
4.131, 7.49132e-19
4.132, 7.44459e-19
4.133, 7.44714e-19
4.134, 7.46346e-19
4.135, 7.48022e-19
4.136, 7.43969e-19
4.137, 7.43512e-19
4.138, 7.47541e-19
4.139, 7.45396e-19
4.14, 7.4596e-19
4.141, 7.48344e-19
4.142, 7.4722e-19
4.143, 7.47472e-19
4.144, 7.45991e-19
4.145, 7.45443e-19
4.146, 7.47159e-19
4.147, 7.45811e-19
4.148, 7.47615e-19
4.149, 7.46355e-19
4.15, 7.48247e-19
4.151, 7.45743e-19
4.152, 7.4417e-19
4.153, 7.44419e-19
4.154, 7.45155e-19
4.155, 7.45935e-19
4.156, 7.44539e-19
4.157, 7.45407e-19
4.158, 7.48984e-19
4.159, 7.4772e-19
4.16, 7.44724e-19
4.161, 7.45768e-19
4.162, 7.5041e-19
4.163, 7.45769e-19
4.164, 7.45169e-19
4.165, 7.43281e-19
4.166, 7.46322e-19
4.167, 7.44522e-19
4.168, 7.48095e-19
4.169, 7.46828e-19
4.17, 7.46492e-19
4.171, 7.43536e-19
4.172, 7.43733e-19
4.173, 7.43529e-19
4.174, 7.46478e-19
4.175, 7.43254e-19
4.176, 7.46736e-19
4.177, 7.47596e-19
4.178, 7.45837e-19
4.179, 7.44565e-19
4.18, 7.46446e-19
4.181, 7.43487e-19
4.182, 7.47232e-19
4.183, 7.44361e-19
4.184, 7.47306e-19
4.185, 7.49408e-19
4.186, 7.48e-19
4.187, 7.45305e-19
4.188, 7.47538e-19
4.189, 7.45375e-19
4.19, 7.45032e-19
4.191, 7.42956e-19
4.192, 7.4803e-19
4.193, 7.50928e-19
4.194, 7.42324e-19
4.195, 7.4753e-19
4.196, 7.42566e-19
4.197, 7.43864e-19
4.198, 7.46982e-19
4.199, 7.42594e-19
4.2, 7.44468e-19
4.201, 7.45053e-19
4.202, 7.45239e-19
4.203, 7.45468e-19
4.204, 7.48406e-19
4.205, 7.43839e-19
4.206, 7.42868e-19
4.207, 7.44606e-19
4.208, 7.46832e-19
4.209, 7.42884e-19
4.21, 7.46086e-19
4.211, 7.44892e-19
4.212, 7.47738e-19
4.213, 7.45743e-19
