sim_time, unit_box_Custom?world_linear_velocity/z
0.001, 2.69577e-11
0.002, 2.69598e-11
0.003, 2.696e-11
0.004, 2.696e-11
0.005, 2.696e-11
0.006, 2.696e-11
0.007, 2.696e-11
0.008, 2.696e-11
0.009, 2.696e-11
0.01, 2.696e-11
0.011, 2.696e-11
0.012, 2.696e-11
0.013, 2.696e-11
0.014, 2.696e-11
0.015, 2.696e-11
0.016, 2.696e-11
0.017, 2.696e-11
0.018, 2.696e-11
0.019, 2.696e-11
0.02, 2.696e-11
0.021, 2.696e-11
0.022, 2.696e-11
0.023, 2.696e-11
0.024, 2.696e-11
0.025, 2.696e-11
0.026, 2.696e-11
0.027, 2.696e-11
0.028, 2.696e-11
0.029, 2.696e-11
0.03, 2.696e-11
0.031, 2.696e-11
0.032, 2.696e-11
0.033, 2.696e-11
0.034, 2.696e-11
0.035, 2.696e-11
0.036, 2.696e-11
0.037, 2.696e-11
0.038, 2.696e-11
0.039, 2.696e-11
0.04, 2.696e-11
0.041, 2.696e-11
0.042, 2.696e-11
0.043, 2.696e-11
0.044, 2.696e-11
0.045, 2.696e-11
0.046, 2.696e-11
0.047, 2.696e-11
0.048, 2.696e-11
0.049, 2.696e-11
0.05, 2.696e-11
0.051, 2.696e-11
0.052, 2.696e-11
0.053, 2.696e-11
0.054, 2.696e-11
0.055, 2.696e-11
0.056, 2.696e-11
0.057, 2.696e-11
0.058, 2.696e-11
0.059, 2.696e-11
0.06, 2.696e-11
0.061, 2.696e-11
0.062, 2.696e-11
0.063, 2.696e-11
0.064, 2.696e-11
0.065, 2.696e-11
0.066, 2.696e-11
0.067, 2.696e-11
0.068, 2.696e-11
0.069, 2.696e-11
0.07, 2.696e-11
0.071, 2.696e-11
0.072, 2.696e-11
0.073, 2.696e-11
0.074, 2.696e-11
0.075, 2.696e-11
0.076, 2.696e-11
0.077, 2.696e-11
0.078, 2.696e-11
0.079, 2.696e-11
0.08, 2.696e-11
0.081, 2.696e-11
0.082, 2.696e-11
0.083, 2.696e-11
0.084, 2.696e-11
0.085, 2.696e-11
0.086, 2.696e-11
0.087, 2.696e-11
0.088, 2.696e-11
0.089, 2.696e-11
0.09, 2.696e-11
0.091, 2.696e-11
0.092, 2.696e-11
0.093, 2.696e-11
0.094, 2.696e-11
0.095, 2.696e-11
0.096, 2.696e-11
0.097, 2.696e-11
0.098, 2.696e-11
0.099, 2.696e-11
0.1, 2.696e-11
0.101, 2.696e-11
0.102, 2.696e-11
0.103, 2.696e-11
0.104, 2.696e-11
0.105, 2.696e-11
0.106, 2.696e-11
0.107, 2.696e-11
0.108, 2.696e-11
0.109, 2.696e-11
0.11, 2.696e-11
0.111, 2.696e-11
0.112, 2.696e-11
0.113, 2.696e-11
0.114, 2.696e-11
0.115, 2.696e-11
0.116, 2.696e-11
0.117, 2.696e-11
0.118, 2.696e-11
0.119, 2.696e-11
0.12, 2.696e-11
0.121, 2.696e-11
0.122, 2.696e-11
0.123, 2.696e-11
0.124, 2.696e-11
0.125, 2.696e-11
0.126, 2.696e-11
0.127, 2.696e-11
0.128, 2.696e-11
0.129, 2.696e-11
0.13, 2.696e-11
0.131, 2.696e-11
0.132, 2.696e-11
0.133, 2.696e-11
0.134, 2.696e-11
0.135, 2.696e-11
0.136, 2.696e-11
0.137, 2.696e-11
0.138, 2.696e-11
0.139, 2.696e-11
0.14, 2.696e-11
0.141, 2.696e-11
0.142, 2.696e-11
0.143, 2.696e-11
0.144, 2.696e-11
0.145, 2.696e-11
0.146, 2.696e-11
0.147, 2.696e-11
0.148, 2.696e-11
0.149, 2.696e-11
0.15, 2.696e-11
0.151, 2.696e-11
0.152, 2.696e-11
0.153, 2.696e-11
0.154, 2.696e-11
0.155, 2.696e-11
0.156, 2.696e-11
0.157, 2.696e-11
0.158, 2.696e-11
0.159, 2.696e-11
0.16, 2.696e-11
0.161, 2.696e-11
0.162, 2.696e-11
0.163, 2.696e-11
0.164, 2.696e-11
0.165, 2.696e-11
0.166, 2.696e-11
0.167, 2.696e-11
0.168, 2.696e-11
0.169, 2.696e-11
0.17, 2.696e-11
0.171, 2.696e-11
0.172, 2.696e-11
0.173, 2.696e-11
0.174, 2.696e-11
0.175, 2.696e-11
0.176, 2.696e-11
0.177, 2.696e-11
0.178, 2.696e-11
0.179, 2.696e-11
0.18, 2.696e-11
0.181, 2.696e-11
0.182, 2.696e-11
0.183, 2.696e-11
0.184, 2.696e-11
0.185, 2.696e-11
0.186, 2.696e-11
0.187, 2.696e-11
0.188, 2.696e-11
0.189, 2.696e-11
0.19, 2.696e-11
0.191, 2.696e-11
0.192, 2.696e-11
0.193, 2.696e-11
0.194, 2.696e-11
0.195, 2.696e-11
0.196, 2.696e-11
0.197, 2.696e-11
0.198, 2.696e-11
0.199, 2.696e-11
0.2, 2.696e-11
0.201, 2.696e-11
0.202, 2.696e-11
0.203, 2.696e-11
0.204, 2.696e-11
0.205, 2.696e-11
0.206, 2.696e-11
0.207, 2.696e-11
0.208, 2.696e-11
0.209, 2.696e-11
0.21, 2.696e-11
0.211, 2.696e-11
0.212, 2.696e-11
0.213, 2.696e-11
0.214, 2.696e-11
0.215, 2.696e-11
0.216, 2.696e-11
0.217, 2.696e-11
0.218, 2.696e-11
0.219, 2.696e-11
0.22, 2.696e-11
0.221, 2.696e-11
0.222, 2.696e-11
0.223, 2.696e-11
0.224, 2.696e-11
0.225, 2.696e-11
0.226, 2.696e-11
0.227, 2.696e-11
0.228, 2.696e-11
0.229, 2.696e-11
0.23, 2.696e-11
0.231, 2.696e-11
0.232, 2.696e-11
0.233, 2.696e-11
0.234, 2.696e-11
0.235, 2.696e-11
0.236, 2.696e-11
0.237, 2.696e-11
0.238, 2.696e-11
0.239, 2.696e-11
0.24, 2.696e-11
0.241, 2.696e-11
0.242, 2.696e-11
0.243, 2.696e-11
0.244, 2.696e-11
0.245, 2.696e-11
0.246, 2.696e-11
0.247, 2.696e-11
0.248, 2.696e-11
0.249, 2.696e-11
0.25, 2.696e-11
0.251, 2.696e-11
0.252, 2.696e-11
0.253, 2.696e-11
0.254, 2.696e-11
0.255, 2.696e-11
0.256, 2.696e-11
0.257, 2.696e-11
0.258, 2.696e-11
0.259, 2.696e-11
0.26, 2.696e-11
0.261, 2.696e-11
0.262, 2.696e-11
0.263, 2.696e-11
0.264, 2.696e-11
0.265, 2.696e-11
0.266, 2.696e-11
0.267, 2.696e-11
0.268, 2.696e-11
0.269, 2.696e-11
0.27, 2.696e-11
0.271, 2.696e-11
0.272, 2.696e-11
0.273, 2.696e-11
0.274, 2.696e-11
0.275, 2.696e-11
0.276, 2.696e-11
0.277, 2.696e-11
0.278, 2.696e-11
0.279, 2.696e-11
0.28, 2.696e-11
0.281, 2.696e-11
0.282, 2.696e-11
0.283, 2.696e-11
0.284, 2.696e-11
0.285, 2.696e-11
0.286, 2.696e-11
0.287, 2.696e-11
0.288, 2.696e-11
0.289, 2.696e-11
0.29, 2.696e-11
0.291, 2.696e-11
0.292, 2.696e-11
0.293, 2.696e-11
0.294, 2.696e-11
0.295, 2.696e-11
0.296, 2.696e-11
0.297, 2.696e-11
0.298, 2.696e-11
0.299, 2.696e-11
0.3, 2.696e-11
0.301, 2.696e-11
0.302, 2.696e-11
0.303, 2.696e-11
0.304, 2.696e-11
0.305, 2.696e-11
0.306, 2.696e-11
0.307, 2.696e-11
0.308, 2.696e-11
0.309, 2.696e-11
0.31, 2.696e-11
0.311, 2.696e-11
0.312, 2.696e-11
0.313, 2.696e-11
0.314, 2.696e-11
0.315, 2.696e-11
0.316, 2.696e-11
0.317, 2.696e-11
0.318, 2.696e-11
0.319, 2.696e-11
0.32, 2.696e-11
0.321, 2.696e-11
0.322, 2.696e-11
0.323, 2.696e-11
0.324, 2.696e-11
0.325, 2.696e-11
0.326, 2.696e-11
0.327, 2.696e-11
0.328, 2.696e-11
0.329, 2.696e-11
0.33, 2.696e-11
0.331, 2.696e-11
0.332, 2.696e-11
0.333, 2.696e-11
0.334, 2.696e-11
0.335, 2.696e-11
0.336, 2.696e-11
0.337, 2.696e-11
0.338, 2.696e-11
0.339, 2.696e-11
0.34, 2.696e-11
0.341, 2.696e-11
0.342, 2.696e-11
0.343, 2.696e-11
0.344, 2.696e-11
0.345, 2.696e-11
0.346, 2.696e-11
0.347, 2.696e-11
0.348, 2.696e-11
0.349, 2.696e-11
0.35, 2.696e-11
0.351, 2.696e-11
0.352, 2.696e-11
0.353, 2.696e-11
0.354, 2.696e-11
0.355, 2.696e-11
0.356, 2.696e-11
0.357, 2.696e-11
0.358, 2.696e-11
0.359, 2.696e-11
0.36, 2.696e-11
0.361, 2.696e-11
0.362, 2.696e-11
0.363, 2.696e-11
0.364, 2.696e-11
0.365, 2.696e-11
0.366, 2.696e-11
0.367, 2.696e-11
0.368, 2.696e-11
0.369, 2.696e-11
0.37, 2.696e-11
0.371, 2.696e-11
0.372, 2.696e-11
0.373, 2.696e-11
0.374, 2.696e-11
0.375, 2.696e-11
0.376, 2.696e-11
0.377, 2.696e-11
0.378, 2.696e-11
0.379, 2.696e-11
0.38, 2.696e-11
0.381, 2.696e-11
0.382, 2.696e-11
0.383, 2.696e-11
0.384, 2.696e-11
0.385, 2.696e-11
0.386, 2.696e-11
0.387, 2.696e-11
0.388, 2.696e-11
0.389, 2.696e-11
0.39, 2.696e-11
0.391, 2.696e-11
0.392, 2.696e-11
0.393, 2.696e-11
0.394, 2.696e-11
0.395, 2.696e-11
0.396, 2.696e-11
0.397, 2.696e-11
0.398, 2.696e-11
0.399, 2.696e-11
0.4, 2.696e-11
0.401, 2.696e-11
0.402, 2.696e-11
0.403, 2.696e-11
0.404, 2.696e-11
0.405, 2.696e-11
0.406, 2.696e-11
0.407, 2.696e-11
0.408, 2.696e-11
0.409, 2.696e-11
0.41, 2.696e-11
0.411, 2.696e-11
0.412, 2.696e-11
0.413, 2.696e-11
0.414, 2.696e-11
0.415, 2.696e-11
0.416, 2.696e-11
0.417, 2.696e-11
0.418, 2.696e-11
0.419, 2.696e-11
0.42, 2.696e-11
0.421, 2.696e-11
0.422, 2.696e-11
0.423, 2.696e-11
0.424, 2.696e-11
0.425, 2.696e-11
0.426, 2.696e-11
0.427, 2.696e-11
0.428, 2.696e-11
0.429, 2.696e-11
0.43, 2.696e-11
0.431, 2.696e-11
0.432, 2.696e-11
0.433, 2.696e-11
0.434, 2.696e-11
0.435, 2.696e-11
0.436, 2.696e-11
0.437, 2.696e-11
0.438, 2.696e-11
0.439, 2.696e-11
0.44, 2.696e-11
0.441, 2.696e-11
0.442, 2.696e-11
0.443, 2.696e-11
0.444, 2.696e-11
0.445, 2.696e-11
0.446, 2.696e-11
0.447, 2.696e-11
0.448, 2.696e-11
0.449, 2.696e-11
0.45, 2.696e-11
0.451, 2.696e-11
0.452, 2.696e-11
0.453, 2.696e-11
0.454, 2.696e-11
0.455, 2.696e-11
0.456, 2.696e-11
0.457, 2.696e-11
0.458, 2.696e-11
0.459, 2.696e-11
0.46, 2.696e-11
0.461, 2.696e-11
0.462, 2.696e-11
0.463, 2.696e-11
0.464, 2.696e-11
0.465, 2.696e-11
0.466, 2.696e-11
0.467, 2.696e-11
0.468, 2.696e-11
0.469, 2.696e-11
0.47, 2.696e-11
0.471, 2.696e-11
0.472, 2.696e-11
0.473, 2.696e-11
0.474, 2.696e-11
0.475, 2.696e-11
0.476, 2.696e-11
0.477, 2.696e-11
0.478, 2.696e-11
0.479, 2.696e-11
0.48, 2.696e-11
0.481, 2.696e-11
0.482, 2.696e-11
0.483, 2.696e-11
0.484, 2.696e-11
0.485, 2.696e-11
0.486, 2.696e-11
0.487, 2.696e-11
0.488, 2.696e-11
0.489, 2.696e-11
0.49, 2.696e-11
0.491, 2.696e-11
0.492, 2.696e-11
0.493, 2.696e-11
0.494, 2.696e-11
0.495, 2.696e-11
0.496, 2.696e-11
0.497, 2.696e-11
0.498, 2.696e-11
0.499, 2.696e-11
0.5, 2.696e-11
0.501, 2.696e-11
0.502, 2.696e-11
0.503, 2.696e-11
0.504, 2.696e-11
0.505, 2.696e-11
0.506, 2.696e-11
0.507, 2.696e-11
0.508, 2.696e-11
0.509, 2.696e-11
0.51, 2.696e-11
0.511, 2.696e-11
0.512, 2.696e-11
0.513, 2.696e-11
0.514, 2.696e-11
0.515, 2.696e-11
0.516, 2.696e-11
0.517, 2.696e-11
0.518, 2.696e-11
0.519, 2.696e-11
0.52, 2.696e-11
0.521, 2.696e-11
0.522, 2.696e-11
0.523, 2.696e-11
0.524, 2.696e-11
0.525, 2.696e-11
0.526, 2.696e-11
0.527, 2.696e-11
0.528, 2.696e-11
0.529, 2.696e-11
0.53, 2.696e-11
0.531, 2.696e-11
0.532, 2.696e-11
0.533, 2.696e-11
0.534, 2.696e-11
0.535, 2.696e-11
0.536, 2.696e-11
0.537, 2.696e-11
0.538, 2.696e-11
0.539, 2.696e-11
0.54, 2.696e-11
0.541, 2.696e-11
0.542, 2.696e-11
0.543, 2.696e-11
0.544, 2.696e-11
0.545, 2.696e-11
0.546, 2.696e-11
0.547, 2.696e-11
0.548, 2.696e-11
0.549, 2.696e-11
0.55, 2.696e-11
0.551, 2.696e-11
0.552, 2.696e-11
0.553, 2.696e-11
0.554, 2.696e-11
0.555, 2.696e-11
0.556, 2.696e-11
0.557, 2.696e-11
0.558, 2.696e-11
0.559, 2.696e-11
0.56, 2.696e-11
0.561, 2.696e-11
0.562, 2.696e-11
0.563, 2.696e-11
0.564, 2.696e-11
0.565, 2.696e-11
0.566, 2.696e-11
0.567, 2.696e-11
0.568, 2.696e-11
0.569, 2.696e-11
0.57, 2.696e-11
0.571, 2.696e-11
0.572, 2.696e-11
0.573, 2.696e-11
0.574, 2.696e-11
0.575, 2.696e-11
0.576, 2.696e-11
0.577, 2.696e-11
0.578, 2.696e-11
0.579, 2.696e-11
0.58, 2.696e-11
0.581, 2.696e-11
0.582, 2.696e-11
0.583, 2.696e-11
0.584, 2.696e-11
0.585, 2.696e-11
0.586, 2.696e-11
0.587, 2.696e-11
0.588, 2.696e-11
0.589, 2.696e-11
0.59, 2.696e-11
0.591, 2.696e-11
0.592, 2.696e-11
0.593, 2.696e-11
0.594, 2.696e-11
0.595, 2.696e-11
0.596, 2.696e-11
0.597, 2.696e-11
0.598, 2.696e-11
0.599, 2.696e-11
0.6, 2.696e-11
0.601, 2.696e-11
0.602, 2.696e-11
0.603, 2.696e-11
0.604, 2.696e-11
0.605, 2.696e-11
0.606, 2.696e-11
0.607, 2.696e-11
0.608, 2.696e-11
0.609, 2.696e-11
0.61, 2.696e-11
0.611, 2.696e-11
0.612, 2.696e-11
0.613, 2.696e-11
0.614, 2.696e-11
0.615, 2.696e-11
0.616, 2.696e-11
0.617, 2.696e-11
0.618, 2.696e-11
0.619, 2.696e-11
0.62, 2.696e-11
0.621, 2.696e-11
0.622, 2.696e-11
0.623, 2.696e-11
0.624, 2.696e-11
0.625, 2.696e-11
0.626, 2.696e-11
0.627, 2.696e-11
0.628, 2.696e-11
0.629, 2.696e-11
0.63, 2.696e-11
0.631, 2.696e-11
0.632, 2.696e-11
0.633, 2.696e-11
0.634, 2.696e-11
0.635, 2.696e-11
0.636, 2.696e-11
0.637, 2.696e-11
0.638, 2.696e-11
0.639, 2.696e-11
0.64, 2.696e-11
0.641, 2.696e-11
0.642, 2.696e-11
0.643, 2.696e-11
0.644, 2.696e-11
0.645, 2.696e-11
0.646, 2.696e-11
0.647, 2.696e-11
0.648, 2.696e-11
0.649, 2.696e-11
0.65, 2.696e-11
0.651, 2.696e-11
0.652, 2.696e-11
0.653, 2.696e-11
0.654, 2.696e-11
0.655, 2.696e-11
0.656, 2.696e-11
0.657, 2.696e-11
0.658, 2.696e-11
0.659, 2.696e-11
0.66, 2.696e-11
0.661, 2.696e-11
0.662, 2.696e-11
0.663, 2.696e-11
0.664, 2.696e-11
0.665, 2.696e-11
0.666, 2.696e-11
0.667, 2.696e-11
0.668, 2.696e-11
0.669, 2.696e-11
0.67, 2.696e-11
0.671, 2.696e-11
0.672, 2.696e-11
0.673, 2.696e-11
0.674, 2.696e-11
0.675, 2.696e-11
0.676, 2.696e-11
0.677, 2.696e-11
0.678, 2.696e-11
0.679, 2.696e-11
0.68, 2.696e-11
0.681, 2.696e-11
0.682, 2.696e-11
0.683, 2.696e-11
0.684, 2.696e-11
0.685, 2.696e-11
0.686, 2.696e-11
0.687, 2.696e-11
0.688, 2.696e-11
0.689, 2.696e-11
0.69, 2.696e-11
0.691, 2.696e-11
0.692, 2.696e-11
0.693, 2.696e-11
0.694, 2.696e-11
0.695, 2.696e-11
0.696, 2.696e-11
0.697, 2.696e-11
0.698, 2.696e-11
0.699, 2.696e-11
0.7, 2.696e-11
0.701, 2.696e-11
0.702, 2.696e-11
0.703, 2.696e-11
0.704, 2.696e-11
0.705, 2.696e-11
0.706, 2.696e-11
0.707, 2.696e-11
0.708, 2.696e-11
0.709, 2.696e-11
0.71, 2.696e-11
0.711, 2.696e-11
0.712, 2.696e-11
0.713, 2.696e-11
0.714, 2.696e-11
0.715, 2.696e-11
0.716, 2.696e-11
0.717, 2.696e-11
0.718, 2.696e-11
0.719, 2.696e-11
0.72, 2.696e-11
0.721, 2.696e-11
0.722, 2.696e-11
0.723, 2.696e-11
0.724, 2.696e-11
0.725, 2.696e-11
0.726, 2.696e-11
0.727, 2.696e-11
0.728, 2.696e-11
0.729, 2.696e-11
0.73, 2.696e-11
0.731, 2.696e-11
0.732, 2.696e-11
0.733, 2.696e-11
0.734, 2.696e-11
0.735, 2.696e-11
0.736, 2.696e-11
0.737, 2.696e-11
0.738, 2.696e-11
0.739, 2.696e-11
0.74, 2.696e-11
0.741, 2.696e-11
0.742, 2.696e-11
0.743, 2.696e-11
0.744, 2.696e-11
0.745, 2.696e-11
0.746, 2.696e-11
0.747, 2.696e-11
0.748, 2.696e-11
0.749, 2.696e-11
0.75, 2.696e-11
0.751, 2.696e-11
0.752, 2.696e-11
0.753, 2.696e-11
0.754, 2.696e-11
0.755, 2.696e-11
0.756, 2.696e-11
0.757, 2.696e-11
0.758, 2.696e-11
0.759, 2.696e-11
0.76, 2.696e-11
0.761, 2.696e-11
0.762, 2.696e-11
0.763, 2.696e-11
0.764, 2.696e-11
0.765, 2.696e-11
0.766, 2.696e-11
0.767, 2.696e-11
0.768, 2.696e-11
0.769, 2.696e-11
0.77, 2.696e-11
0.771, 2.696e-11
0.772, 2.696e-11
0.773, 2.696e-11
0.774, 2.696e-11
0.775, 2.696e-11
0.776, 2.696e-11
0.777, 2.696e-11
0.778, 2.696e-11
0.779, 2.696e-11
0.78, 2.696e-11
0.781, 2.696e-11
0.782, 2.696e-11
0.783, 2.696e-11
0.784, 2.696e-11
0.785, 2.696e-11
0.786, 2.696e-11
0.787, 2.696e-11
0.788, 2.696e-11
0.789, 2.696e-11
0.79, 2.696e-11
0.791, 2.696e-11
0.792, 2.696e-11
0.793, 2.696e-11
0.794, 2.696e-11
0.795, 2.696e-11
0.796, 2.696e-11
0.797, 2.696e-11
0.798, 2.696e-11
0.799, 2.696e-11
0.8, 2.696e-11
0.801, 2.696e-11
0.802, 2.696e-11
0.803, 2.696e-11
0.804, 2.696e-11
0.805, 2.696e-11
0.806, 2.696e-11
0.807, 2.696e-11
0.808, 2.696e-11
0.809, 2.696e-11
0.81, 2.696e-11
0.811, 2.696e-11
0.812, 2.696e-11
0.813, 2.696e-11
0.814, 2.696e-11
0.815, 2.696e-11
0.816, 2.696e-11
0.817, 2.696e-11
0.818, 2.696e-11
0.819, 2.696e-11
0.82, 2.696e-11
0.821, 2.696e-11
0.822, 2.696e-11
0.823, 2.696e-11
0.824, 2.696e-11
0.825, 2.696e-11
0.826, 2.696e-11
0.827, 2.696e-11
0.828, 2.696e-11
0.829, 2.696e-11
0.83, 2.696e-11
0.831, 2.696e-11
0.832, 2.696e-11
0.833, 2.696e-11
0.834, 2.696e-11
0.835, 2.696e-11
0.836, 2.696e-11
0.837, 2.696e-11
0.838, 2.696e-11
0.839, 2.696e-11
0.84, 2.696e-11
0.841, 2.696e-11
0.842, 2.696e-11
0.843, 2.696e-11
0.844, 2.696e-11
0.845, 2.696e-11
0.846, 2.696e-11
0.847, 2.696e-11
0.848, 2.696e-11
0.849, 2.696e-11
0.85, 2.696e-11
0.851, 2.696e-11
0.852, 2.696e-11
0.853, 2.696e-11
0.854, 2.696e-11
0.855, 2.696e-11
0.856, 2.696e-11
0.857, 2.696e-11
0.858, 2.696e-11
0.859, 2.696e-11
0.86, 2.696e-11
0.861, 2.696e-11
0.862, 2.696e-11
0.863, 2.696e-11
0.864, 2.696e-11
0.865, 2.696e-11
0.866, 2.696e-11
0.867, 2.696e-11
0.868, 2.696e-11
0.869, 2.696e-11
0.87, 2.696e-11
0.871, 2.696e-11
0.872, 2.696e-11
0.873, 2.696e-11
0.874, 2.696e-11
0.875, 2.696e-11
0.876, 2.696e-11
0.877, 2.696e-11
0.878, 2.696e-11
0.879, 2.696e-11
0.88, 2.696e-11
0.881, 2.696e-11
0.882, 2.696e-11
0.883, 2.696e-11
0.884, 2.696e-11
0.885, 2.696e-11
0.886, 2.696e-11
0.887, 2.696e-11
0.888, 2.696e-11
0.889, 2.696e-11
0.89, 2.696e-11
0.891, 2.696e-11
0.892, 2.696e-11
0.893, 2.696e-11
0.894, 2.696e-11
0.895, 2.696e-11
0.896, 2.696e-11
0.897, 2.696e-11
0.898, 2.696e-11
0.899, 2.696e-11
0.9, 2.696e-11
0.901, 2.696e-11
0.902, 2.696e-11
0.903, 2.696e-11
0.904, 2.696e-11
0.905, 2.696e-11
0.906, 2.696e-11
0.907, 2.696e-11
0.908, 2.696e-11
0.909, 2.696e-11
0.91, 2.696e-11
0.911, 2.696e-11
0.912, 2.696e-11
0.913, 2.696e-11
0.914, 2.696e-11
0.915, 2.696e-11
0.916, 2.696e-11
0.917, 2.696e-11
0.918, 2.696e-11
0.919, 2.696e-11
0.92, 2.696e-11
0.921, 2.696e-11
0.922, 2.696e-11
0.923, 2.696e-11
0.924, 2.696e-11
0.925, 2.696e-11
0.926, 2.696e-11
0.927, 2.696e-11
0.928, 2.696e-11
0.929, 2.696e-11
0.93, 2.696e-11
0.931, 2.696e-11
0.932, 2.696e-11
0.933, 2.696e-11
0.934, 2.696e-11
0.935, 2.696e-11
0.936, 2.696e-11
0.937, 2.696e-11
0.938, 2.696e-11
0.939, 2.696e-11
0.94, 2.696e-11
0.941, 2.696e-11
0.942, 2.696e-11
0.943, 2.696e-11
0.944, 2.696e-11
0.945, 2.696e-11
0.946, 2.696e-11
0.947, 2.696e-11
0.948, 2.696e-11
0.949, 2.696e-11
0.95, 2.696e-11
0.951, 2.696e-11
0.952, 2.696e-11
0.953, 2.696e-11
0.954, 2.696e-11
0.955, 2.696e-11
0.956, 2.696e-11
0.957, 2.696e-11
0.958, 2.696e-11
0.959, 2.696e-11
0.96, 2.696e-11
0.961, 2.696e-11
0.962, 2.696e-11
0.963, 2.696e-11
0.964, 2.696e-11
0.965, 2.696e-11
0.966, 2.696e-11
0.967, 2.696e-11
0.968, 2.696e-11
0.969, 2.696e-11
0.97, 2.696e-11
0.971, 2.696e-11
0.972, 2.696e-11
0.973, 2.696e-11
0.974, 2.696e-11
0.975, 2.696e-11
0.976, 2.696e-11
0.977, 2.696e-11
0.978, 2.696e-11
0.979, 2.696e-11
0.98, 2.696e-11
0.981, 2.696e-11
0.982, 2.696e-11
0.983, 2.696e-11
0.984, 2.696e-11
0.985, 2.696e-11
0.986, 2.696e-11
0.987, 2.696e-11
0.988, 2.696e-11
0.989, 2.696e-11
0.99, 2.696e-11
0.991, 2.696e-11
0.992, 2.696e-11
0.993, 2.696e-11
0.994, 2.696e-11
0.995, 2.696e-11
0.996, 2.696e-11
0.997, 2.696e-11
0.998, 2.696e-11
0.999, 2.696e-11
1, 2.696e-11
1.001, 2.696e-11
1.002, 2.696e-11
1.003, 2.696e-11
1.004, 2.696e-11
1.005, 2.696e-11
1.006, 2.696e-11
1.007, 2.696e-11
1.008, 2.696e-11
1.009, 2.696e-11
1.01, 2.696e-11
1.011, 2.696e-11
1.012, 2.696e-11
1.013, 2.696e-11
1.014, 2.696e-11
1.015, 2.696e-11
1.016, 2.696e-11
1.017, 2.696e-11
1.018, 2.696e-11
1.019, 2.696e-11
1.02, 2.696e-11
1.021, 2.696e-11
1.022, 2.696e-11
1.023, 2.696e-11
1.024, 2.696e-11
1.025, 2.696e-11
1.026, 2.696e-11
1.027, 2.696e-11
1.028, 2.696e-11
1.029, 2.696e-11
1.03, 2.696e-11
1.031, 2.696e-11
1.032, 2.696e-11
1.033, 2.696e-11
1.034, 2.696e-11
1.035, 2.696e-11
1.036, 2.696e-11
1.037, 2.696e-11
1.038, 2.696e-11
1.039, 2.696e-11
1.04, 2.696e-11
1.041, 2.696e-11
1.042, 2.696e-11
1.043, 2.696e-11
1.044, 2.696e-11
1.045, 2.696e-11
1.046, 2.696e-11
1.047, 2.696e-11
1.048, 2.696e-11
1.049, 2.696e-11
1.05, 2.696e-11
1.051, 2.696e-11
1.052, 2.696e-11
1.053, 2.696e-11
1.054, 2.696e-11
1.055, 2.696e-11
1.056, 2.696e-11
1.057, 2.696e-11
1.058, 2.696e-11
1.059, 2.696e-11
1.06, 2.696e-11
1.061, 2.696e-11
1.062, 2.696e-11
1.063, 2.696e-11
1.064, 2.696e-11
1.065, 2.696e-11
1.066, 2.696e-11
1.067, 2.696e-11
1.068, 2.696e-11
1.069, 2.696e-11
1.07, 2.696e-11
1.071, 2.696e-11
1.072, 2.696e-11
1.073, 2.696e-11
1.074, 2.696e-11
1.075, 2.696e-11
1.076, 2.696e-11
1.077, 2.696e-11
1.078, 2.696e-11
1.079, 2.696e-11
1.08, 2.696e-11
1.081, 2.696e-11
1.082, 2.696e-11
1.083, 2.696e-11
1.084, 2.696e-11
1.085, 2.696e-11
1.086, 2.696e-11
1.087, 2.696e-11
1.088, 2.696e-11
1.089, 2.696e-11
1.09, 2.696e-11
1.091, 2.696e-11
1.092, 2.696e-11
1.093, 2.696e-11
1.094, 2.696e-11
1.095, 2.696e-11
1.096, 2.696e-11
1.097, 2.696e-11
1.098, 2.696e-11
1.099, 2.696e-11
1.1, 2.696e-11
1.101, 2.696e-11
1.102, 2.696e-11
1.103, 2.696e-11
1.104, 2.696e-11
1.105, 2.696e-11
1.106, 2.696e-11
1.107, 2.696e-11
1.108, 2.696e-11
1.109, 2.696e-11
1.11, 2.696e-11
1.111, 2.696e-11
1.112, 2.696e-11
1.113, 2.696e-11
1.114, 2.696e-11
1.115, 2.696e-11
1.116, 2.696e-11
1.117, 2.696e-11
1.118, 2.696e-11
1.119, 2.696e-11
1.12, 2.696e-11
1.121, 2.696e-11
1.122, 2.696e-11
1.123, 2.696e-11
1.124, 2.696e-11
1.125, 2.696e-11
1.126, 2.696e-11
1.127, 2.696e-11
1.128, 2.696e-11
1.129, 2.696e-11
1.13, 2.696e-11
1.131, 2.696e-11
1.132, 2.696e-11
1.133, 2.696e-11
1.134, 2.696e-11
1.135, 2.696e-11
1.136, 2.696e-11
1.137, 2.696e-11
1.138, 2.696e-11
1.139, 2.696e-11
1.14, 2.696e-11
1.141, 2.696e-11
1.142, 2.696e-11
1.143, 2.696e-11
1.144, 2.696e-11
1.145, 2.696e-11
1.146, 2.696e-11
1.147, 2.696e-11
1.148, 2.696e-11
1.149, 2.696e-11
1.15, 2.696e-11
1.151, 2.696e-11
1.152, 2.696e-11
1.153, 2.696e-11
1.154, 2.696e-11
1.155, 2.696e-11
1.156, 2.696e-11
1.157, 2.696e-11
1.158, 2.696e-11
1.159, 2.696e-11
1.16, 2.696e-11
1.161, 2.696e-11
1.162, 2.696e-11
1.163, 2.696e-11
1.164, 2.696e-11
1.165, 2.696e-11
1.166, 2.696e-11
1.167, 2.696e-11
1.168, 2.696e-11
1.169, 2.696e-11
1.17, 2.696e-11
1.171, 2.696e-11
1.172, 2.696e-11
1.173, 2.696e-11
1.174, 2.696e-11
1.175, 2.696e-11
1.176, 2.696e-11
1.177, 2.696e-11
1.178, 2.696e-11
1.179, 2.696e-11
1.18, 2.696e-11
1.181, 2.696e-11
1.182, 2.696e-11
1.183, 2.696e-11
1.184, 2.696e-11
1.185, 2.696e-11
1.186, 2.696e-11
1.187, 2.696e-11
1.188, 2.696e-11
1.189, 2.696e-11
1.19, 2.696e-11
1.191, 2.696e-11
1.192, 2.696e-11
1.193, 2.696e-11
1.194, 2.696e-11
1.195, 2.696e-11
1.196, 2.696e-11
1.197, 2.696e-11
1.198, 2.696e-11
1.199, 2.696e-11
1.2, 2.696e-11
1.201, 2.696e-11
1.202, 2.696e-11
1.203, 2.696e-11
1.204, 2.696e-11
1.205, 2.696e-11
1.206, 2.696e-11
1.207, 2.696e-11
1.208, 2.696e-11
1.209, 2.696e-11
1.21, 2.696e-11
1.211, 2.696e-11
1.212, 2.696e-11
1.213, 2.696e-11
1.214, 2.696e-11
1.215, 2.696e-11
1.216, 2.696e-11
1.217, 2.696e-11
1.218, 2.696e-11
1.219, 2.696e-11
1.22, 2.696e-11
1.221, 2.696e-11
1.222, 2.696e-11
1.223, 2.696e-11
1.224, 2.696e-11
1.225, 2.696e-11
1.226, 2.696e-11
1.227, 2.696e-11
1.228, 2.696e-11
1.229, 2.696e-11
1.23, 2.696e-11
1.231, 2.696e-11
1.232, 2.696e-11
1.233, 2.696e-11
1.234, 2.696e-11
1.235, 2.696e-11
1.236, 2.696e-11
1.237, 2.696e-11
1.238, 2.696e-11
1.239, 2.696e-11
1.24, 2.696e-11
1.241, 2.696e-11
1.242, 2.696e-11
1.243, 2.696e-11
1.244, 2.696e-11
1.245, 2.696e-11
1.246, 2.696e-11
1.247, 2.696e-11
1.248, 2.696e-11
1.249, 2.696e-11
1.25, 2.696e-11
1.251, 2.696e-11
1.252, 2.696e-11
1.253, 2.696e-11
1.254, 2.696e-11
1.255, 2.696e-11
1.256, 2.696e-11
1.257, 2.696e-11
1.258, 2.696e-11
1.259, 2.696e-11
1.26, 2.696e-11
1.261, 2.696e-11
1.262, 2.696e-11
1.263, 2.696e-11
1.264, 2.696e-11
1.265, 2.696e-11
1.266, 2.696e-11
1.267, 2.696e-11
1.268, 2.696e-11
1.269, 2.696e-11
1.27, 2.696e-11
1.271, 2.696e-11
1.272, 2.696e-11
1.273, 2.696e-11
1.274, 2.696e-11
1.275, 2.696e-11
1.276, 2.696e-11
1.277, 2.696e-11
1.278, 2.696e-11
1.279, 2.696e-11
1.28, 2.696e-11
1.281, 2.696e-11
1.282, 2.696e-11
1.283, 2.696e-11
1.284, 2.696e-11
1.285, 2.696e-11
1.286, 2.696e-11
1.287, 2.696e-11
1.288, 2.696e-11
1.289, 2.696e-11
1.29, 2.696e-11
1.291, 2.696e-11
1.292, 2.696e-11
1.293, 2.696e-11
1.294, 2.696e-11
1.295, 2.696e-11
1.296, 2.696e-11
1.297, 2.696e-11
1.298, 2.696e-11
1.299, 2.696e-11
1.3, 2.696e-11
1.301, 2.696e-11
1.302, 2.696e-11
1.303, 2.696e-11
1.304, 2.696e-11
1.305, 2.696e-11
1.306, 2.696e-11
1.307, 2.696e-11
1.308, 2.696e-11
1.309, 2.696e-11
1.31, 2.696e-11
1.311, 2.696e-11
1.312, 2.696e-11
1.313, 2.696e-11
1.314, 2.696e-11
1.315, 2.696e-11
1.316, 2.696e-11
1.317, 2.696e-11
1.318, 2.696e-11
1.319, 2.696e-11
1.32, 2.696e-11
1.321, 2.696e-11
1.322, 2.696e-11
1.323, 2.696e-11
1.324, 2.696e-11
1.325, 2.696e-11
1.326, 2.696e-11
1.327, 2.696e-11
1.328, 2.696e-11
1.329, 2.696e-11
1.33, 2.696e-11
1.331, 2.696e-11
1.332, 2.696e-11
1.333, 2.696e-11
1.334, 2.696e-11
1.335, 2.696e-11
1.336, 2.696e-11
1.337, 2.696e-11
1.338, 2.696e-11
1.339, 2.696e-11
1.34, 2.696e-11
1.341, 2.696e-11
1.342, 2.696e-11
1.343, 2.696e-11
1.344, 2.696e-11
1.345, 2.696e-11
1.346, 2.696e-11
1.347, 2.696e-11
1.348, 2.696e-11
1.349, 2.696e-11
1.35, 2.696e-11
1.351, 2.696e-11
1.352, 2.696e-11
1.353, 2.696e-11
1.354, 2.696e-11
1.355, 2.696e-11
1.356, 2.696e-11
1.357, 2.696e-11
1.358, 2.696e-11
1.359, 2.696e-11
1.36, 2.696e-11
1.361, 2.696e-11
1.362, 2.696e-11
1.363, 2.696e-11
1.364, 2.696e-11
1.365, 2.696e-11
1.366, 2.696e-11
1.367, 2.696e-11
1.368, 2.696e-11
1.369, 2.696e-11
1.37, 2.696e-11
1.371, 2.696e-11
1.372, 2.696e-11
1.373, 2.696e-11
1.374, 2.696e-11
1.375, 2.696e-11
1.376, 2.696e-11
1.377, 2.696e-11
1.378, 2.696e-11
1.379, 2.696e-11
1.38, 2.696e-11
1.381, 2.696e-11
1.382, 2.696e-11
1.383, 2.696e-11
1.384, 2.696e-11
1.385, 2.696e-11
1.386, 2.696e-11
1.387, 2.696e-11
1.388, 2.696e-11
1.389, 2.696e-11
1.39, 2.696e-11
1.391, 2.696e-11
1.392, 2.696e-11
1.393, 2.696e-11
1.394, 2.696e-11
1.395, 2.696e-11
1.396, 2.696e-11
1.397, 2.696e-11
1.398, 2.696e-11
1.399, 2.696e-11
1.4, 2.696e-11
1.401, 2.696e-11
1.402, 2.696e-11
1.403, 2.696e-11
1.404, 2.696e-11
1.405, 2.696e-11
1.406, 2.696e-11
1.407, 2.696e-11
1.408, 2.696e-11
1.409, 2.696e-11
1.41, 2.696e-11
1.411, 2.696e-11
1.412, 2.696e-11
1.413, 2.696e-11
1.414, 2.696e-11
1.415, 2.696e-11
1.416, 2.696e-11
1.417, 2.696e-11
1.418, 2.696e-11
1.419, 2.696e-11
1.42, 2.696e-11
1.421, 2.696e-11
1.422, 2.696e-11
1.423, 2.696e-11
1.424, 2.696e-11
1.425, 2.696e-11
1.426, 2.696e-11
1.427, 2.696e-11
1.428, 2.696e-11
1.429, 2.696e-11
1.43, 2.696e-11
1.431, 2.696e-11
1.432, 2.696e-11
1.433, 2.696e-11
1.434, 2.696e-11
1.435, 2.696e-11
1.436, 2.696e-11
1.437, 2.696e-11
1.438, 2.696e-11
1.439, 2.696e-11
1.44, 2.696e-11
1.441, 2.696e-11
1.442, 2.696e-11
1.443, 2.696e-11
1.444, 2.696e-11
1.445, 2.696e-11
1.446, 2.696e-11
1.447, 2.696e-11
1.448, 2.696e-11
1.449, 2.696e-11
1.45, 2.696e-11
1.451, 2.696e-11
1.452, 2.696e-11
1.453, 2.696e-11
1.454, 2.696e-11
1.455, 2.696e-11
1.456, 2.696e-11
1.457, 2.696e-11
1.458, 2.696e-11
1.459, 2.696e-11
1.46, 2.696e-11
1.461, 2.696e-11
1.462, 2.696e-11
1.463, 2.696e-11
1.464, 2.696e-11
1.465, 2.696e-11
1.466, 2.696e-11
1.467, 2.696e-11
1.468, 2.696e-11
1.469, 2.696e-11
1.47, 2.696e-11
1.471, 2.696e-11
1.472, 2.696e-11
1.473, 2.696e-11
1.474, 2.696e-11
1.475, 2.696e-11
1.476, 2.696e-11
1.477, 2.696e-11
1.478, 2.696e-11
1.479, 2.696e-11
1.48, 2.696e-11
1.481, 2.696e-11
1.482, 2.696e-11
1.483, 2.696e-11
1.484, 2.696e-11
1.485, 2.696e-11
1.486, 2.696e-11
1.487, 2.696e-11
1.488, 2.696e-11
1.489, 2.696e-11
1.49, 2.696e-11
1.491, 2.696e-11
1.492, 2.696e-11
1.493, 2.696e-11
1.494, 2.696e-11
1.495, 2.696e-11
1.496, 2.696e-11
1.497, 2.696e-11
1.498, 2.696e-11
1.499, 2.696e-11
1.5, 2.696e-11
1.501, 2.696e-11
1.502, 2.696e-11
1.503, 2.696e-11
1.504, 2.696e-11
1.505, 2.696e-11
1.506, 2.696e-11
1.507, 2.696e-11
1.508, 2.696e-11
1.509, 2.696e-11
1.51, 2.696e-11
1.511, 2.696e-11
1.512, 2.696e-11
1.513, 2.696e-11
1.514, 2.696e-11
1.515, 2.696e-11
1.516, 2.696e-11
1.517, 2.696e-11
1.518, 2.696e-11
1.519, 2.696e-11
1.52, 2.696e-11
1.521, 2.696e-11
1.522, 2.696e-11
1.523, 2.696e-11
1.524, 2.696e-11
1.525, 2.696e-11
1.526, 2.696e-11
1.527, 2.696e-11
1.528, 2.696e-11
1.529, 2.696e-11
1.53, 2.696e-11
1.531, 2.696e-11
1.532, 2.696e-11
1.533, 2.696e-11
1.534, 2.696e-11
1.535, 2.696e-11
1.536, 2.696e-11
1.537, 2.696e-11
1.538, 2.696e-11
1.539, 2.696e-11
1.54, 2.696e-11
1.541, 2.696e-11
1.542, 2.696e-11
1.543, 2.696e-11
1.544, 2.696e-11
1.545, 2.696e-11
1.546, 2.696e-11
1.547, 2.696e-11
1.548, 2.696e-11
1.549, 2.696e-11
1.55, 2.696e-11
1.551, 2.696e-11
1.552, 2.696e-11
1.553, 2.696e-11
1.554, 2.696e-11
1.555, 2.696e-11
1.556, 2.696e-11
1.557, 2.696e-11
1.558, 2.696e-11
1.559, 2.696e-11
1.56, 2.696e-11
1.561, 2.696e-11
1.562, 2.696e-11
1.563, 2.696e-11
1.564, 2.696e-11
1.565, 2.696e-11
1.566, 2.696e-11
1.567, 2.696e-11
1.568, 2.696e-11
1.569, 2.696e-11
1.57, 2.696e-11
1.571, 2.696e-11
1.572, 2.696e-11
1.573, 2.696e-11
1.574, 2.696e-11
1.575, 2.696e-11
1.576, 2.696e-11
1.577, 2.696e-11
1.578, 2.696e-11
1.579, 2.696e-11
1.58, 2.696e-11
1.581, 2.696e-11
1.582, 2.696e-11
1.583, 2.696e-11
1.584, 2.696e-11
1.585, 2.696e-11
1.586, 2.696e-11
1.587, 2.696e-11
1.588, 2.696e-11
1.589, 2.696e-11
1.59, 2.696e-11
1.591, 2.696e-11
1.592, 2.696e-11
1.593, 2.696e-11
1.594, 2.696e-11
1.595, 2.696e-11
1.596, 2.696e-11
1.597, 2.696e-11
1.598, 2.696e-11
1.599, 2.696e-11
1.6, 2.696e-11
1.601, 2.696e-11
1.602, 2.696e-11
1.603, 2.696e-11
1.604, 2.696e-11
1.605, 2.696e-11
1.606, 2.696e-11
1.607, 2.696e-11
1.608, 2.696e-11
1.609, 2.696e-11
1.61, 2.696e-11
1.611, 2.696e-11
1.612, 2.696e-11
1.613, 2.696e-11
1.614, 2.696e-11
1.615, 2.696e-11
1.616, 2.696e-11
1.617, 2.696e-11
1.618, 2.696e-11
1.619, 2.696e-11
1.62, 2.696e-11
1.621, 2.696e-11
1.622, 2.696e-11
1.623, 2.696e-11
1.624, 2.696e-11
1.625, 2.696e-11
1.626, 2.696e-11
1.627, 2.696e-11
1.628, 2.696e-11
1.629, 2.696e-11
1.63, 2.696e-11
1.631, 2.696e-11
1.632, 2.696e-11
1.633, 2.696e-11
1.634, 2.696e-11
1.635, 2.696e-11
1.636, 2.696e-11
1.637, 2.696e-11
1.638, 2.696e-11
1.639, 2.696e-11
1.64, 2.696e-11
1.641, 2.696e-11
1.642, 2.696e-11
1.643, 2.696e-11
1.644, 2.696e-11
1.645, 2.696e-11
1.646, 2.696e-11
1.647, 2.696e-11
1.648, 2.696e-11
1.649, 2.696e-11
1.65, 2.696e-11
1.651, 2.696e-11
1.652, 2.696e-11
1.653, 2.696e-11
1.654, 2.696e-11
1.655, 2.696e-11
1.656, 2.696e-11
1.657, 2.696e-11
1.658, 2.696e-11
1.659, 2.696e-11
1.66, 2.696e-11
1.661, 2.696e-11
1.662, 2.696e-11
1.663, 2.696e-11
1.664, 2.696e-11
1.665, 2.696e-11
1.666, 2.696e-11
1.667, 2.696e-11
1.668, 2.696e-11
1.669, 2.696e-11
1.67, 2.696e-11
1.671, 2.696e-11
1.672, 2.696e-11
1.673, 2.696e-11
1.674, 2.696e-11
1.675, 2.696e-11
1.676, 2.696e-11
1.677, 2.696e-11
1.678, 2.696e-11
1.679, 2.696e-11
1.68, 2.696e-11
1.681, 2.696e-11
1.682, 2.696e-11
1.683, 2.696e-11
1.684, 2.696e-11
1.685, 2.696e-11
1.686, 2.696e-11
1.687, 2.696e-11
1.688, 2.696e-11
1.689, 2.696e-11
1.69, 2.696e-11
1.691, 2.696e-11
1.692, 2.696e-11
1.693, 2.696e-11
1.694, 2.696e-11
1.695, 2.696e-11
1.696, 2.696e-11
1.697, 2.696e-11
1.698, 2.696e-11
1.699, 2.696e-11
1.7, 2.696e-11
1.701, 2.696e-11
1.702, 2.696e-11
1.703, 2.696e-11
1.704, 2.696e-11
1.705, 2.696e-11
1.706, 2.696e-11
1.707, 2.696e-11
1.708, 2.696e-11
1.709, 2.696e-11
1.71, 2.696e-11
1.711, 2.696e-11
1.712, 2.696e-11
1.713, 2.696e-11
1.714, 2.696e-11
1.715, 2.696e-11
1.716, 2.696e-11
1.717, 2.696e-11
1.718, 2.696e-11
1.719, 2.696e-11
1.72, 2.696e-11
1.721, 2.696e-11
1.722, 2.696e-11
1.723, 2.696e-11
1.724, 2.696e-11
1.725, 2.696e-11
1.726, 2.696e-11
1.727, 2.696e-11
1.728, 2.696e-11
1.729, 2.696e-11
1.73, 2.696e-11
1.731, 2.696e-11
1.732, 2.696e-11
1.733, 2.696e-11
1.734, 2.696e-11
1.735, 2.696e-11
1.736, 2.696e-11
1.737, 2.696e-11
1.738, 2.696e-11
1.739, 2.696e-11
1.74, 2.696e-11
1.741, 2.696e-11
1.742, 2.696e-11
1.743, 2.696e-11
1.744, 2.696e-11
1.745, 2.696e-11
1.746, 2.696e-11
1.747, 2.696e-11
1.748, 2.696e-11
1.749, 2.696e-11
1.75, 2.696e-11
1.751, 2.696e-11
1.752, 2.696e-11
1.753, 2.696e-11
1.754, 2.696e-11
1.755, 2.696e-11
1.756, 2.696e-11
1.757, 2.696e-11
1.758, 2.696e-11
1.759, 2.696e-11
1.76, 2.696e-11
1.761, 2.696e-11
1.762, 2.696e-11
1.763, 2.696e-11
1.764, 2.696e-11
1.765, 2.696e-11
1.766, 2.696e-11
1.767, 2.696e-11
1.768, 2.696e-11
1.769, 2.696e-11
1.77, 2.696e-11
1.771, 2.696e-11
1.772, 2.696e-11
1.773, 2.696e-11
1.774, 2.696e-11
1.775, 2.696e-11
1.776, 2.696e-11
1.777, 2.696e-11
1.778, 2.696e-11
1.779, 2.696e-11
1.78, 2.696e-11
1.781, 2.696e-11
1.782, 2.696e-11
1.783, 2.696e-11
1.784, 2.696e-11
1.785, 2.696e-11
1.786, 2.696e-11
1.787, 2.696e-11
1.788, 2.696e-11
1.789, 2.696e-11
1.79, 2.696e-11
1.791, 2.696e-11
1.792, 2.696e-11
1.793, 2.696e-11
1.794, 2.696e-11
1.795, 2.696e-11
1.796, 2.696e-11
1.797, 2.696e-11
1.798, 2.696e-11
1.799, 2.696e-11
1.8, 2.696e-11
1.801, 2.696e-11
1.802, 2.696e-11
1.803, 2.696e-11
1.804, 2.696e-11
1.805, 2.696e-11
1.806, 2.696e-11
1.807, 2.696e-11
1.808, 2.696e-11
1.809, 2.696e-11
1.81, 2.696e-11
1.811, 2.696e-11
1.812, 2.696e-11
1.813, 2.696e-11
1.814, 2.696e-11
1.815, 2.696e-11
1.816, 2.696e-11
1.817, 2.696e-11
1.818, 2.696e-11
1.819, 2.696e-11
1.82, 2.696e-11
1.821, 2.696e-11
1.822, 2.696e-11
1.823, 2.696e-11
1.824, 2.696e-11
1.825, 2.696e-11
1.826, 2.696e-11
1.827, 2.696e-11
1.828, 2.696e-11
1.829, 2.696e-11
1.83, 2.696e-11
1.831, 2.696e-11
1.832, 2.696e-11
1.833, 2.696e-11
1.834, 2.696e-11
1.835, 2.696e-11
1.836, 2.696e-11
1.837, 2.696e-11
1.838, 2.696e-11
1.839, 2.696e-11
1.84, 2.696e-11
1.841, 2.696e-11
1.842, 2.696e-11
1.843, 2.696e-11
1.844, 2.696e-11
1.845, 2.696e-11
1.846, 2.696e-11
1.847, 2.696e-11
1.848, 2.696e-11
1.849, 2.696e-11
1.85, 2.696e-11
1.851, 2.696e-11
1.852, 2.696e-11
1.853, 2.696e-11
1.854, 2.696e-11
1.855, 2.696e-11
1.856, 2.696e-11
1.857, 2.696e-11
1.858, 2.696e-11
1.859, 2.696e-11
1.86, 2.696e-11
1.861, 2.696e-11
1.862, 2.696e-11
1.863, 2.696e-11
1.864, 2.696e-11
1.865, 2.696e-11
1.866, 2.696e-11
1.867, 2.696e-11
1.868, 2.696e-11
1.869, 2.696e-11
1.87, 2.696e-11
1.871, 2.696e-11
1.872, 2.696e-11
1.873, 2.696e-11
1.874, 2.696e-11
1.875, 2.696e-11
1.876, 2.696e-11
1.877, 2.696e-11
1.878, 2.696e-11
1.879, 2.696e-11
1.88, 2.696e-11
1.881, 2.696e-11
1.882, 2.696e-11
1.883, 2.696e-11
1.884, 2.696e-11
1.885, 2.696e-11
1.886, 2.696e-11
1.887, 2.696e-11
1.888, 2.696e-11
1.889, 2.696e-11
1.89, 2.696e-11
1.891, 2.696e-11
1.892, 2.696e-11
1.893, 2.696e-11
1.894, 2.696e-11
1.895, 2.696e-11
1.896, 2.696e-11
1.897, 2.696e-11
1.898, 2.696e-11
1.899, 2.696e-11
1.9, 2.696e-11
1.901, 2.696e-11
1.902, 2.696e-11
1.903, 2.696e-11
1.904, 2.696e-11
1.905, 2.696e-11
1.906, 2.696e-11
1.907, 2.696e-11
1.908, 2.696e-11
1.909, 2.696e-11
1.91, 2.696e-11
1.911, 2.696e-11
1.912, 2.696e-11
1.913, 2.696e-11
1.914, 2.696e-11
1.915, 2.696e-11
1.916, 2.696e-11
1.917, 2.696e-11
1.918, 2.696e-11
1.919, 2.696e-11
1.92, 2.696e-11
1.921, 2.696e-11
1.922, 2.696e-11
1.923, 2.696e-11
1.924, 2.696e-11
1.925, 2.696e-11
1.926, 2.696e-11
1.927, 2.696e-11
1.928, 2.696e-11
1.929, 2.696e-11
1.93, 2.696e-11
1.931, 2.696e-11
1.932, 2.696e-11
1.933, 2.696e-11
1.934, 2.696e-11
1.935, 2.696e-11
1.936, 2.696e-11
1.937, 2.696e-11
1.938, 2.696e-11
1.939, 2.696e-11
1.94, 2.696e-11
1.941, 2.696e-11
1.942, 2.696e-11
1.943, 2.696e-11
1.944, 2.696e-11
1.945, 2.696e-11
1.946, 2.696e-11
1.947, 2.696e-11
1.948, 2.696e-11
1.949, 2.696e-11
1.95, 2.696e-11
1.951, 2.696e-11
1.952, 2.696e-11
1.953, 2.696e-11
1.954, 2.696e-11
1.955, 2.696e-11
1.956, 2.696e-11
1.957, 2.696e-11
1.958, 2.696e-11
1.959, 2.696e-11
1.96, 2.696e-11
1.961, 2.696e-11
1.962, 2.696e-11
1.963, 2.696e-11
1.964, 2.696e-11
1.965, 2.696e-11
1.966, 2.696e-11
1.967, 2.696e-11
1.968, 2.696e-11
1.969, 2.696e-11
1.97, 2.696e-11
1.971, 2.696e-11
1.972, 2.696e-11
1.973, 2.696e-11
1.974, 2.696e-11
1.975, 2.696e-11
1.976, 2.696e-11
1.977, 2.696e-11
1.978, 2.696e-11
1.979, 2.696e-11
1.98, 2.696e-11
1.981, 2.696e-11
1.982, 2.696e-11
1.983, 2.696e-11
1.984, 2.696e-11
1.985, 2.696e-11
1.986, 2.696e-11
1.987, 2.696e-11
1.988, 2.696e-11
1.989, 2.696e-11
1.99, 2.696e-11
1.991, 2.696e-11
1.992, 2.696e-11
1.993, 2.696e-11
1.994, 2.696e-11
1.995, 2.696e-11
1.996, 2.696e-11
1.997, 2.696e-11
1.998, 2.696e-11
1.999, 2.696e-11
2, 2.696e-11
2.001, 2.696e-11
2.002, 2.696e-11
2.003, 2.696e-11
2.004, 2.696e-11
2.005, 2.696e-11
2.006, 2.696e-11
2.007, 2.696e-11
2.008, 2.696e-11
2.009, 2.696e-11
2.01, 2.696e-11
2.011, 2.696e-11
2.012, 2.696e-11
2.013, 2.696e-11
2.014, 2.696e-11
2.015, 2.696e-11
2.016, 2.696e-11
2.017, 2.696e-11
2.018, 2.696e-11
2.019, 2.696e-11
2.02, 2.696e-11
2.021, 2.696e-11
2.022, 2.696e-11
2.023, 2.696e-11
2.024, 2.696e-11
2.025, 2.696e-11
2.026, 2.696e-11
2.027, 2.696e-11
2.028, 2.696e-11
2.029, 2.696e-11
2.03, 2.696e-11
2.031, 2.696e-11
2.032, 2.696e-11
2.033, 2.696e-11
2.034, 2.696e-11
2.035, 2.696e-11
2.036, 2.696e-11
2.037, 2.696e-11
2.038, 2.696e-11
2.039, 2.696e-11
2.04, 2.696e-11
2.041, 2.696e-11
2.042, 2.696e-11
2.043, 2.696e-11
2.044, 2.696e-11
2.045, 2.696e-11
2.046, 2.696e-11
2.047, 2.696e-11
2.048, 2.696e-11
2.049, 2.696e-11
2.05, 2.696e-11
2.051, 2.696e-11
2.052, 2.696e-11
2.053, 2.696e-11
2.054, 2.696e-11
2.055, 2.696e-11
2.056, 2.696e-11
2.057, 2.696e-11
2.058, 2.696e-11
2.059, 2.696e-11
2.06, 2.696e-11
2.061, 2.696e-11
2.062, 2.696e-11
2.063, 2.696e-11
2.064, 2.696e-11
2.065, 2.696e-11
2.066, 2.696e-11
2.067, 2.696e-11
2.068, 2.696e-11
2.069, 2.696e-11
2.07, 2.696e-11
2.071, 2.696e-11
2.072, 2.696e-11
2.073, 2.696e-11
2.074, 2.696e-11
2.075, 2.696e-11
2.076, 2.696e-11
2.077, 2.696e-11
2.078, 2.696e-11
2.079, 2.696e-11
2.08, 2.696e-11
2.081, 2.696e-11
2.082, 2.696e-11
2.083, 2.696e-11
2.084, 2.696e-11
2.085, 2.696e-11
2.086, 2.696e-11
2.087, 2.696e-11
2.088, 2.696e-11
2.089, 2.696e-11
2.09, 2.696e-11
2.091, 2.696e-11
2.092, 2.696e-11
2.093, 2.696e-11
2.094, 2.696e-11
2.095, 2.696e-11
2.096, 2.696e-11
2.097, 2.696e-11
2.098, 2.696e-11
2.099, 2.696e-11
2.1, 2.696e-11
2.101, 2.696e-11
2.102, 2.696e-11
2.103, 2.696e-11
2.104, 2.696e-11
2.105, 2.696e-11
2.106, 2.696e-11
2.107, 2.696e-11
2.108, 2.696e-11
2.109, 2.696e-11
2.11, 2.696e-11
2.111, 2.696e-11
2.112, 2.696e-11
2.113, 2.696e-11
2.114, 2.696e-11
2.115, 2.696e-11
2.116, 2.696e-11
2.117, 2.696e-11
2.118, 2.696e-11
2.119, 2.696e-11
2.12, 2.696e-11
2.121, 2.696e-11
2.122, 2.696e-11
2.123, 2.696e-11
2.124, 2.696e-11
2.125, 2.696e-11
2.126, 2.696e-11
2.127, 2.696e-11
2.128, 2.696e-11
2.129, 2.696e-11
2.13, 2.696e-11
2.131, 2.696e-11
2.132, 2.696e-11
2.133, 2.696e-11
2.134, 2.696e-11
2.135, 2.696e-11
2.136, 2.696e-11
2.137, 2.696e-11
2.138, 2.696e-11
2.139, 2.696e-11
2.14, 2.696e-11
2.141, 2.696e-11
2.142, 2.696e-11
2.143, 2.696e-11
2.144, 2.696e-11
2.145, 2.696e-11
2.146, 2.696e-11
2.147, 2.696e-11
2.148, 2.696e-11
2.149, 2.696e-11
2.15, 2.696e-11
2.151, 2.696e-11
2.152, 2.696e-11
2.153, 2.696e-11
2.154, 2.696e-11
2.155, 2.696e-11
2.156, 2.696e-11
2.157, 2.696e-11
2.158, 2.696e-11
2.159, 2.696e-11
2.16, 2.696e-11
2.161, 2.696e-11
2.162, 2.696e-11
2.163, 2.696e-11
2.164, 2.696e-11
2.165, 2.696e-11
2.166, 2.696e-11
2.167, 2.696e-11
2.168, 2.696e-11
2.169, 2.696e-11
2.17, 2.696e-11
2.171, 2.696e-11
2.172, 2.696e-11
2.173, 2.696e-11
2.174, 2.696e-11
2.175, 2.696e-11
2.176, 2.696e-11
2.177, 2.696e-11
2.178, 2.696e-11
2.179, 2.696e-11
2.18, 2.696e-11
2.181, 2.696e-11
2.182, 2.696e-11
2.183, 2.696e-11
2.184, 2.696e-11
2.185, 2.696e-11
2.186, 2.696e-11
2.187, 2.696e-11
2.188, 2.696e-11
2.189, 2.696e-11
2.19, 2.696e-11
2.191, 2.696e-11
2.192, 2.696e-11
2.193, 2.696e-11
2.194, 2.696e-11
2.195, 2.696e-11
2.196, 2.696e-11
2.197, 2.696e-11
2.198, 2.696e-11
2.199, 2.696e-11
2.2, 2.696e-11
2.201, 2.696e-11
2.202, 2.696e-11
2.203, 2.696e-11
2.204, 2.696e-11
2.205, 2.696e-11
2.206, 2.696e-11
2.207, 2.696e-11
2.208, 2.696e-11
2.209, 2.696e-11
2.21, 2.696e-11
2.211, 2.696e-11
2.212, 2.696e-11
2.213, 2.696e-11
2.214, 2.696e-11
2.215, 2.696e-11
2.216, 2.696e-11
2.217, 2.696e-11
2.218, 2.696e-11
2.219, 2.696e-11
2.22, 2.696e-11
2.221, 2.696e-11
2.222, 2.696e-11
2.223, 2.696e-11
2.224, 2.696e-11
2.225, 2.696e-11
2.226, 2.696e-11
2.227, 2.696e-11
2.228, 2.696e-11
2.229, 2.696e-11
2.23, 2.696e-11
2.231, 2.696e-11
2.232, 2.696e-11
2.233, 2.696e-11
2.234, 2.696e-11
2.235, 2.696e-11
2.236, 2.696e-11
2.237, 2.696e-11
2.238, 2.696e-11
2.239, 2.696e-11
2.24, 2.696e-11
2.241, 2.696e-11
2.242, 2.696e-11
2.243, 2.696e-11
2.244, 2.696e-11
2.245, 2.696e-11
2.246, 2.696e-11
2.247, 2.696e-11
2.248, 2.696e-11
2.249, 2.696e-11
2.25, 2.696e-11
2.251, 2.696e-11
2.252, 2.696e-11
2.253, 2.696e-11
2.254, 2.696e-11
2.255, 2.696e-11
2.256, 2.696e-11
2.257, 2.696e-11
2.258, 2.696e-11
2.259, 2.696e-11
2.26, 2.696e-11
2.261, 2.696e-11
2.262, 2.696e-11
2.263, 2.696e-11
2.264, 2.696e-11
2.265, 2.696e-11
2.266, 2.696e-11
2.267, 2.696e-11
2.268, 2.696e-11
2.269, 2.696e-11
2.27, 2.696e-11
2.271, 2.696e-11
2.272, 2.696e-11
2.273, 2.696e-11
2.274, 2.696e-11
2.275, 2.696e-11
2.276, 2.696e-11
2.277, 2.696e-11
2.278, 2.696e-11
2.279, 2.696e-11
2.28, 2.696e-11
2.281, 2.696e-11
2.282, 2.696e-11
2.283, 2.696e-11
2.284, 2.696e-11
2.285, 2.696e-11
2.286, 2.696e-11
2.287, 2.696e-11
2.288, 2.696e-11
2.289, 2.696e-11
2.29, 2.696e-11
2.291, 2.696e-11
2.292, 2.696e-11
2.293, 2.696e-11
2.294, 2.696e-11
2.295, 2.696e-11
2.296, 2.696e-11
2.297, 2.696e-11
2.298, 2.696e-11
2.299, 2.696e-11
2.3, 2.696e-11
2.301, 2.696e-11
2.302, 2.696e-11
2.303, 2.696e-11
2.304, 2.696e-11
2.305, 2.696e-11
2.306, 2.696e-11
2.307, 2.696e-11
2.308, 2.696e-11
2.309, 2.696e-11
2.31, 2.696e-11
2.311, 2.696e-11
2.312, 2.696e-11
2.313, 2.696e-11
2.314, 2.696e-11
2.315, 2.696e-11
2.316, 2.696e-11
2.317, 2.696e-11
2.318, 2.696e-11
2.319, 2.696e-11
2.32, 2.696e-11
2.321, 2.696e-11
2.322, 2.696e-11
2.323, 2.696e-11
2.324, 2.696e-11
2.325, 2.696e-11
2.326, 2.696e-11
2.327, 2.696e-11
2.328, 2.696e-11
2.329, 2.696e-11
2.33, 2.696e-11
2.331, 2.696e-11
2.332, 2.696e-11
2.333, 2.696e-11
2.334, 2.696e-11
2.335, 2.696e-11
2.336, 2.696e-11
2.337, 2.696e-11
2.338, 2.696e-11
2.339, 2.696e-11
2.34, 2.696e-11
2.341, 2.696e-11
2.342, 2.696e-11
2.343, 2.696e-11
2.344, 2.696e-11
2.345, 2.696e-11
2.346, 2.696e-11
2.347, 2.696e-11
2.348, 2.696e-11
2.349, 2.696e-11
2.35, 2.696e-11
2.351, 2.696e-11
2.352, 2.696e-11
2.353, 2.696e-11
2.354, 2.696e-11
2.355, 2.696e-11
2.356, 2.696e-11
2.357, 2.696e-11
2.358, 2.696e-11
2.359, 2.696e-11
2.36, 2.696e-11
2.361, 2.696e-11
2.362, 2.696e-11
2.363, 2.696e-11
2.364, 2.696e-11
2.365, 2.696e-11
2.366, 2.696e-11
2.367, 2.696e-11
2.368, 2.696e-11
2.369, 2.696e-11
2.37, 2.696e-11
2.371, 2.696e-11
2.372, 2.696e-11
2.373, 2.696e-11
2.374, 2.696e-11
2.375, 2.696e-11
2.376, 2.696e-11
2.377, 2.696e-11
2.378, 2.696e-11
2.379, 2.696e-11
2.38, 2.696e-11
2.381, 2.696e-11
2.382, 2.696e-11
2.383, 2.696e-11
2.384, 2.696e-11
2.385, 2.696e-11
2.386, 2.696e-11
2.387, 2.696e-11
2.388, 2.696e-11
2.389, 2.696e-11
2.39, 2.696e-11
2.391, 2.696e-11
2.392, 2.696e-11
2.393, 2.696e-11
2.394, 2.696e-11
2.395, 2.696e-11
2.396, 2.696e-11
2.397, 2.696e-11
2.398, 2.696e-11
2.399, 2.696e-11
2.4, 2.696e-11
2.401, 2.696e-11
2.402, 2.696e-11
2.403, 2.696e-11
2.404, 2.696e-11
2.405, 2.696e-11
2.406, 2.696e-11
2.407, 2.696e-11
2.408, 2.696e-11
2.409, 2.696e-11
2.41, 2.696e-11
2.411, 2.696e-11
2.412, 2.696e-11
2.413, 2.696e-11
2.414, 2.696e-11
2.415, 2.696e-11
2.416, 2.696e-11
2.417, 2.696e-11
2.418, 2.696e-11
2.419, 2.696e-11
2.42, 2.696e-11
2.421, 2.696e-11
2.422, 2.696e-11
2.423, 2.696e-11
2.424, 2.696e-11
2.425, 2.696e-11
2.426, 2.696e-11
2.427, 2.696e-11
2.428, 2.696e-11
2.429, 2.696e-11
2.43, 2.696e-11
2.431, 2.696e-11
2.432, 2.696e-11
2.433, 2.696e-11
2.434, 2.696e-11
2.435, 2.696e-11
2.436, 2.696e-11
2.437, 2.696e-11
2.438, 2.696e-11
2.439, 2.696e-11
2.44, 2.696e-11
2.441, 2.696e-11
2.442, 2.696e-11
2.443, 2.696e-11
2.444, 2.696e-11
2.445, 2.696e-11
2.446, 2.696e-11
2.447, 2.696e-11
2.448, 2.696e-11
2.449, 2.696e-11
2.45, 2.696e-11
2.451, 2.696e-11
2.452, 2.696e-11
2.453, 2.696e-11
2.454, 2.696e-11
2.455, 2.696e-11
2.456, 2.696e-11
2.457, 2.696e-11
2.458, 2.696e-11
2.459, 2.696e-11
2.46, 2.696e-11
2.461, 2.696e-11
2.462, 2.696e-11
2.463, 2.696e-11
2.464, 2.696e-11
2.465, 2.696e-11
2.466, 2.696e-11
2.467, 2.696e-11
2.468, 2.696e-11
2.469, 2.696e-11
2.47, 2.696e-11
2.471, 2.696e-11
2.472, 2.696e-11
2.473, 2.696e-11
2.474, 2.696e-11
2.475, 2.696e-11
2.476, 2.696e-11
2.477, 2.696e-11
2.478, 2.696e-11
2.479, 2.696e-11
2.48, 2.696e-11
2.481, 2.696e-11
2.482, 2.696e-11
2.483, 2.696e-11
2.484, 2.696e-11
2.485, 2.696e-11
2.486, 2.696e-11
2.487, 2.696e-11
2.488, 2.696e-11
2.489, 2.696e-11
2.49, 2.696e-11
2.491, 2.696e-11
2.492, 2.696e-11
2.493, 2.696e-11
2.494, 2.696e-11
2.495, 2.696e-11
2.496, 2.696e-11
2.497, 2.696e-11
2.498, 2.696e-11
2.499, 2.696e-11
2.5, 2.696e-11
2.501, 2.696e-11
2.502, 2.696e-11
2.503, 2.696e-11
2.504, 2.696e-11
2.505, 2.696e-11
2.506, 2.696e-11
2.507, 2.696e-11
2.508, 2.696e-11
2.509, 2.696e-11
2.51, 2.696e-11
2.511, 2.696e-11
2.512, 2.696e-11
2.513, 2.696e-11
2.514, 2.696e-11
2.515, 2.696e-11
2.516, 2.696e-11
2.517, 2.696e-11
2.518, 2.696e-11
2.519, 2.696e-11
2.52, 2.696e-11
2.521, 2.696e-11
2.522, 2.696e-11
2.523, 2.696e-11
2.524, 2.696e-11
2.525, 2.696e-11
2.526, 2.696e-11
2.527, 2.696e-11
2.528, 2.696e-11
2.529, 2.696e-11
2.53, 2.696e-11
2.531, 2.696e-11
2.532, 2.696e-11
2.533, 2.696e-11
2.534, 2.696e-11
2.535, 2.696e-11
2.536, 2.696e-11
2.537, 2.696e-11
2.538, 2.696e-11
2.539, 2.696e-11
2.54, 2.696e-11
2.541, 2.696e-11
2.542, 2.696e-11
2.543, 2.696e-11
2.544, 2.696e-11
2.545, 2.696e-11
2.546, 2.696e-11
2.547, 2.696e-11
2.548, 2.696e-11
2.549, 2.696e-11
2.55, 2.696e-11
2.551, 2.696e-11
2.552, 2.696e-11
2.553, 2.696e-11
2.554, 2.696e-11
2.555, 2.696e-11
2.556, 2.696e-11
2.557, 2.696e-11
2.558, 2.696e-11
2.559, 2.696e-11
2.56, 2.696e-11
2.561, 2.696e-11
2.562, 2.696e-11
2.563, 2.696e-11
2.564, 2.696e-11
2.565, 2.696e-11
2.566, 2.696e-11
2.567, 2.696e-11
2.568, 2.696e-11
2.569, 2.696e-11
2.57, 2.696e-11
2.571, 2.696e-11
2.572, 2.696e-11
2.573, 2.696e-11
2.574, 2.696e-11
2.575, 2.696e-11
2.576, 2.696e-11
2.577, 2.696e-11
2.578, 2.696e-11
2.579, 2.696e-11
2.58, 2.696e-11
2.581, 2.696e-11
2.582, 2.696e-11
2.583, 2.696e-11
2.584, 2.696e-11
2.585, 2.696e-11
2.586, 2.696e-11
2.587, 2.696e-11
2.588, 2.696e-11
2.589, 2.696e-11
2.59, 2.696e-11
2.591, 2.696e-11
2.592, 2.696e-11
2.593, 2.696e-11
2.594, 2.696e-11
2.595, 2.696e-11
2.596, 2.696e-11
2.597, 2.696e-11
2.598, 2.696e-11
2.599, 2.696e-11
2.6, 2.696e-11
2.601, 2.696e-11
2.602, 2.696e-11
2.603, 2.696e-11
2.604, 2.696e-11
2.605, 2.696e-11
2.606, 2.696e-11
2.607, 2.696e-11
2.608, 2.696e-11
2.609, 2.696e-11
2.61, 2.696e-11
2.611, 2.696e-11
2.612, 2.696e-11
2.613, 2.696e-11
2.614, 2.696e-11
2.615, 2.696e-11
2.616, 2.696e-11
2.617, 2.696e-11
2.618, 2.696e-11
2.619, 2.696e-11
2.62, 2.696e-11
2.621, 2.696e-11
2.622, 2.696e-11
2.623, 2.696e-11
2.624, 2.696e-11
2.625, 2.696e-11
2.626, 2.696e-11
2.627, 2.696e-11
2.628, 2.696e-11
2.629, 2.696e-11
2.63, 2.696e-11
2.631, 2.696e-11
2.632, 2.696e-11
2.633, 2.696e-11
2.634, 2.696e-11
2.635, 2.696e-11
2.636, 2.696e-11
2.637, 2.696e-11
2.638, 2.696e-11
2.639, 2.696e-11
2.64, 2.696e-11
2.641, 2.696e-11
2.642, 2.696e-11
2.643, 2.696e-11
2.644, 2.696e-11
2.645, 2.696e-11
2.646, 2.696e-11
2.647, 2.696e-11
2.648, 2.696e-11
2.649, 2.696e-11
2.65, 2.696e-11
2.651, 2.696e-11
2.652, 2.696e-11
2.653, 2.696e-11
2.654, 2.696e-11
2.655, 2.696e-11
2.656, 2.696e-11
2.657, 2.696e-11
2.658, 2.696e-11
2.659, 2.696e-11
2.66, 2.696e-11
2.661, 2.696e-11
2.662, 2.696e-11
2.663, 2.696e-11
2.664, 2.696e-11
2.665, 2.696e-11
2.666, 2.696e-11
2.667, 2.696e-11
2.668, 2.696e-11
2.669, 2.696e-11
2.67, 2.696e-11
2.671, 2.696e-11
2.672, 2.696e-11
2.673, 2.696e-11
2.674, 2.696e-11
2.675, 2.696e-11
2.676, 2.696e-11
2.677, 2.696e-11
2.678, 2.696e-11
2.679, 2.696e-11
2.68, 2.696e-11
2.681, 2.696e-11
2.682, 2.696e-11
2.683, 2.696e-11
2.684, 2.696e-11
2.685, 2.696e-11
2.686, 2.696e-11
2.687, 2.696e-11
2.688, 2.696e-11
2.689, 2.696e-11
2.69, 2.696e-11
2.691, 2.696e-11
2.692, 2.696e-11
2.693, 2.696e-11
2.694, 2.696e-11
2.695, 2.696e-11
2.696, 2.696e-11
2.697, 2.696e-11
2.698, 2.696e-11
2.699, 2.696e-11
2.7, 2.696e-11
2.701, 2.696e-11
2.702, 2.696e-11
2.703, 2.696e-11
2.704, 2.696e-11
2.705, 2.696e-11
2.706, 2.696e-11
2.707, 2.696e-11
2.708, 2.696e-11
2.709, 2.696e-11
2.71, 2.696e-11
2.711, 2.696e-11
2.712, 2.696e-11
2.713, 2.696e-11
2.714, 2.696e-11
2.715, 2.696e-11
2.716, 2.696e-11
2.717, 2.696e-11
2.718, 2.696e-11
2.719, 2.696e-11
2.72, 2.696e-11
2.721, 2.696e-11
2.722, 2.696e-11
2.723, 2.696e-11
2.724, 2.696e-11
2.725, 2.696e-11
2.726, 2.696e-11
2.727, 2.696e-11
2.728, 2.696e-11
2.729, 2.696e-11
2.73, 2.696e-11
2.731, 2.696e-11
2.732, 2.696e-11
2.733, 2.696e-11
2.734, 2.696e-11
2.735, 2.696e-11
2.736, 2.696e-11
2.737, 2.696e-11
2.738, 2.696e-11
2.739, 2.696e-11
2.74, 2.696e-11
2.741, 2.696e-11
2.742, 2.696e-11
2.743, 2.696e-11
2.744, 2.696e-11
2.745, 2.696e-11
2.746, 2.696e-11
2.747, 2.696e-11
2.748, 2.696e-11
2.749, 2.696e-11
2.75, 2.696e-11
2.751, 2.696e-11
2.752, 2.696e-11
2.753, 2.696e-11
2.754, 2.696e-11
2.755, 2.696e-11
2.756, 2.696e-11
2.757, 2.696e-11
2.758, 2.696e-11
2.759, 2.696e-11
2.76, 2.696e-11
2.761, 2.696e-11
2.762, 2.696e-11
2.763, 2.696e-11
2.764, 2.696e-11
2.765, 2.696e-11
2.766, 2.696e-11
2.767, 2.696e-11
2.768, 2.696e-11
2.769, 2.696e-11
2.77, 2.696e-11
2.771, 2.696e-11
2.772, 2.696e-11
2.773, 2.696e-11
2.774, 2.696e-11
2.775, 2.696e-11
2.776, 2.696e-11
2.777, 2.696e-11
2.778, 2.696e-11
2.779, 2.696e-11
2.78, 2.696e-11
2.781, 2.696e-11
2.782, 2.696e-11
2.783, 2.696e-11
2.784, 2.696e-11
2.785, 2.696e-11
2.786, 2.696e-11
2.787, 2.696e-11
2.788, 2.696e-11
2.789, 2.696e-11
2.79, 2.696e-11
2.791, 2.696e-11
2.792, 2.696e-11
2.793, 2.696e-11
2.794, 2.696e-11
2.795, 2.696e-11
2.796, 2.696e-11
2.797, 2.696e-11
2.798, 2.696e-11
2.799, 2.696e-11
2.8, 2.696e-11
2.801, 2.696e-11
2.802, 2.696e-11
2.803, 2.696e-11
2.804, 2.696e-11
2.805, 2.696e-11
2.806, 2.696e-11
2.807, 2.696e-11
2.808, 2.696e-11
2.809, 2.696e-11
2.81, 2.696e-11
2.811, 2.696e-11
2.812, 2.696e-11
2.813, 2.696e-11
2.814, 2.696e-11
2.815, 2.696e-11
2.816, 2.696e-11
2.817, 2.696e-11
2.818, 2.696e-11
2.819, 2.696e-11
2.82, 2.696e-11
2.821, 2.696e-11
2.822, 2.696e-11
2.823, 2.696e-11
2.824, 2.696e-11
2.825, 2.696e-11
2.826, 2.696e-11
2.827, 2.696e-11
2.828, 2.696e-11
2.829, 2.696e-11
2.83, 2.696e-11
2.831, 2.696e-11
2.832, 2.696e-11
2.833, 2.696e-11
2.834, 2.696e-11
2.835, 2.696e-11
2.836, 2.696e-11
2.837, 2.696e-11
2.838, 2.696e-11
2.839, 2.696e-11
2.84, 2.696e-11
2.841, 2.696e-11
2.842, 2.696e-11
2.843, 2.696e-11
2.844, 2.696e-11
2.845, 2.696e-11
2.846, 2.696e-11
2.847, 2.696e-11
2.848, 2.696e-11
2.849, 2.696e-11
2.85, 2.696e-11
2.851, 2.696e-11
2.852, 2.696e-11
2.853, 2.696e-11
2.854, 2.696e-11
2.855, 2.696e-11
2.856, 2.696e-11
2.857, 2.696e-11
2.858, 2.696e-11
2.859, 2.696e-11
2.86, 2.696e-11
2.861, 2.696e-11
2.862, 2.696e-11
2.863, 2.696e-11
2.864, 2.696e-11
2.865, 2.696e-11
2.866, 2.696e-11
2.867, 2.696e-11
2.868, 2.696e-11
2.869, 2.696e-11
2.87, 2.696e-11
2.871, 2.696e-11
2.872, 2.696e-11
2.873, 2.696e-11
2.874, 2.696e-11
2.875, 2.696e-11
2.876, 2.696e-11
2.877, 2.696e-11
2.878, 2.696e-11
2.879, 2.696e-11
2.88, 2.696e-11
2.881, 2.696e-11
2.882, 2.696e-11
2.883, 2.696e-11
2.884, 2.696e-11
2.885, 2.696e-11
2.886, 2.696e-11
2.887, 2.696e-11
2.888, 2.696e-11
2.889, 2.696e-11
2.89, 2.696e-11
2.891, 2.696e-11
2.892, 2.696e-11
2.893, 2.696e-11
2.894, 2.696e-11
2.895, 2.696e-11
2.896, 2.696e-11
2.897, 2.696e-11
2.898, 2.696e-11
2.899, 2.696e-11
2.9, 2.696e-11
2.901, 2.696e-11
2.902, 2.696e-11
2.903, 2.696e-11
2.904, 2.696e-11
2.905, 2.696e-11
2.906, 2.696e-11
2.907, 2.696e-11
2.908, 2.696e-11
2.909, 2.696e-11
2.91, 2.696e-11
2.911, 2.696e-11
2.912, 2.696e-11
2.913, 2.696e-11
2.914, 2.696e-11
2.915, 2.696e-11
2.916, 2.696e-11
2.917, 2.696e-11
2.918, 2.696e-11
2.919, 2.696e-11
2.92, 2.696e-11
2.921, 2.696e-11
2.922, 2.696e-11
2.923, 2.696e-11
2.924, 2.696e-11
2.925, 2.696e-11
2.926, 2.696e-11
2.927, 2.696e-11
2.928, 2.696e-11
2.929, 2.696e-11
2.93, 2.696e-11
2.931, 2.696e-11
2.932, 2.696e-11
2.933, 2.696e-11
2.934, 2.696e-11
2.935, 2.696e-11
2.936, 2.696e-11
2.937, 2.696e-11
2.938, 2.696e-11
2.939, 2.696e-11
2.94, 2.696e-11
2.941, 2.696e-11
2.942, 2.696e-11
2.943, 2.696e-11
2.944, 2.696e-11
2.945, 2.696e-11
2.946, 2.696e-11
2.947, 2.696e-11
2.948, 2.696e-11
2.949, 2.696e-11
2.95, 2.696e-11
2.951, 2.696e-11
2.952, 2.696e-11
2.953, 2.696e-11
2.954, 2.696e-11
2.955, 2.696e-11
2.956, 2.696e-11
2.957, 2.696e-11
2.958, 2.696e-11
2.959, 2.696e-11
2.96, 2.696e-11
2.961, 2.696e-11
2.962, 2.696e-11
2.963, 2.696e-11
2.964, 2.696e-11
2.965, 2.696e-11
2.966, 2.696e-11
2.967, 2.696e-11
2.968, 2.696e-11
2.969, 2.696e-11
2.97, 2.696e-11
2.971, 2.696e-11
2.972, 2.696e-11
2.973, 2.696e-11
2.974, 2.696e-11
2.975, 2.696e-11
2.976, 2.696e-11
2.977, 2.696e-11
2.978, 2.696e-11
2.979, 2.696e-11
2.98, 2.696e-11
2.981, 2.696e-11
2.982, 2.696e-11
2.983, 2.696e-11
2.984, 2.696e-11
2.985, 2.696e-11
2.986, 2.696e-11
2.987, 2.696e-11
2.988, 2.696e-11
2.989, 2.696e-11
2.99, 2.696e-11
2.991, 2.696e-11
2.992, 2.696e-11
2.993, 2.696e-11
2.994, 2.696e-11
2.995, 2.696e-11
2.996, 2.696e-11
2.997, 2.696e-11
2.998, 2.696e-11
2.999, 2.696e-11
3, 2.696e-11
3.001, 2.696e-11
3.002, 2.696e-11
3.003, 2.696e-11
3.004, 2.696e-11
3.005, 2.696e-11
3.006, 2.696e-11
3.007, 2.696e-11
3.008, 2.696e-11
3.009, 2.696e-11
3.01, 2.696e-11
3.011, 2.696e-11
3.012, 2.696e-11
3.013, 2.696e-11
3.014, 2.696e-11
3.015, 2.696e-11
3.016, 2.696e-11
3.017, 2.696e-11
3.018, 2.696e-11
3.019, 2.696e-11
3.02, 2.696e-11
3.021, 2.696e-11
3.022, 2.696e-11
3.023, 2.696e-11
3.024, 2.696e-11
3.025, 2.696e-11
3.026, 2.696e-11
3.027, 2.696e-11
3.028, 2.696e-11
3.029, 2.696e-11
3.03, 2.696e-11
3.031, 2.696e-11
3.032, 2.696e-11
3.033, 2.696e-11
3.034, 2.696e-11
3.035, 2.696e-11
3.036, 2.696e-11
3.037, 2.696e-11
3.038, 2.696e-11
3.039, 2.696e-11
3.04, 2.696e-11
3.041, 2.696e-11
3.042, 2.696e-11
3.043, 2.696e-11
3.044, 2.696e-11
3.045, 2.696e-11
3.046, 2.696e-11
3.047, 2.696e-11
3.048, 2.696e-11
3.049, 2.696e-11
3.05, 2.696e-11
3.051, 2.696e-11
3.052, 2.696e-11
3.053, 2.696e-11
3.054, 2.696e-11
3.055, 2.696e-11
3.056, 2.696e-11
3.057, 2.696e-11
3.058, 2.696e-11
3.059, 2.696e-11
3.06, 2.696e-11
3.061, 2.696e-11
3.062, 2.696e-11
3.063, 2.696e-11
3.064, 2.696e-11
3.065, 2.696e-11
3.066, 2.696e-11
3.067, 2.696e-11
3.068, 2.696e-11
3.069, 2.696e-11
3.07, 2.696e-11
3.071, 2.696e-11
3.072, 2.696e-11
3.073, 2.696e-11
3.074, 2.696e-11
3.075, 2.696e-11
3.076, 2.696e-11
3.077, 2.696e-11
3.078, 2.696e-11
3.079, 2.696e-11
3.08, 2.696e-11
3.081, 2.696e-11
3.082, 2.696e-11
3.083, 2.696e-11
3.084, 2.696e-11
3.085, 2.696e-11
3.086, 2.696e-11
3.087, 2.696e-11
3.088, 2.696e-11
3.089, 2.696e-11
3.09, 2.696e-11
3.091, 2.696e-11
3.092, 2.696e-11
3.093, 2.696e-11
3.094, 2.696e-11
3.095, 2.696e-11
3.096, 2.696e-11
3.097, 2.696e-11
3.098, 2.696e-11
3.099, 2.696e-11
3.1, 2.696e-11
3.101, 2.696e-11
3.102, 2.696e-11
3.103, 2.696e-11
3.104, 2.696e-11
3.105, 2.696e-11
3.106, 2.696e-11
3.107, 2.696e-11
3.108, 2.696e-11
3.109, 2.696e-11
3.11, 2.696e-11
3.111, 2.696e-11
3.112, 2.696e-11
3.113, 2.696e-11
3.114, 2.696e-11
3.115, 2.696e-11
3.116, 2.696e-11
3.117, 2.696e-11
3.118, 2.696e-11
3.119, 2.696e-11
3.12, 2.696e-11
3.121, 2.696e-11
3.122, 2.696e-11
3.123, 2.696e-11
3.124, 2.696e-11
3.125, 2.696e-11
3.126, 2.696e-11
3.127, 2.696e-11
3.128, 2.696e-11
3.129, 2.696e-11
3.13, 2.696e-11
3.131, 2.696e-11
3.132, 2.696e-11
3.133, 2.696e-11
3.134, 2.696e-11
3.135, 2.696e-11
3.136, 2.696e-11
3.137, 2.696e-11
3.138, 2.696e-11
3.139, 2.696e-11
3.14, 2.696e-11
3.141, 2.696e-11
3.142, 2.696e-11
3.143, 2.696e-11
3.144, 2.696e-11
3.145, 2.696e-11
3.146, 2.696e-11
3.147, 2.696e-11
3.148, 2.696e-11
3.149, 2.696e-11
3.15, 2.696e-11
3.151, 2.696e-11
3.152, 2.696e-11
3.153, 2.696e-11
3.154, 2.696e-11
3.155, 2.696e-11
3.156, 2.696e-11
3.157, 2.696e-11
3.158, 2.696e-11
3.159, 2.696e-11
3.16, 2.696e-11
3.161, 2.696e-11
3.162, 2.696e-11
3.163, 2.696e-11
3.164, 2.696e-11
3.165, 2.696e-11
3.166, 2.696e-11
3.167, 2.696e-11
3.168, 2.696e-11
3.169, 2.696e-11
3.17, 2.696e-11
3.171, 2.696e-11
3.172, 2.696e-11
3.173, 2.696e-11
3.174, 2.696e-11
3.175, 2.696e-11
3.176, 2.696e-11
3.177, 2.696e-11
3.178, 2.696e-11
3.179, 2.696e-11
3.18, 2.696e-11
3.181, 2.696e-11
3.182, 2.696e-11
3.183, 2.696e-11
3.184, 2.696e-11
3.185, 2.696e-11
3.186, 2.696e-11
3.187, 2.696e-11
3.188, 2.696e-11
3.189, 2.696e-11
3.19, 2.696e-11
3.191, 2.696e-11
3.192, 2.696e-11
3.193, 2.696e-11
3.194, 2.696e-11
3.195, 2.696e-11
3.196, 2.696e-11
3.197, 2.696e-11
3.198, 2.696e-11
3.199, 2.696e-11
3.2, 2.696e-11
3.201, 2.696e-11
3.202, 2.696e-11
3.203, 2.696e-11
3.204, 2.696e-11
3.205, 2.696e-11
3.206, 2.696e-11
3.207, 2.696e-11
3.208, 2.696e-11
3.209, 2.696e-11
3.21, 2.696e-11
3.211, 2.696e-11
3.212, 2.696e-11
3.213, 2.696e-11
3.214, 2.696e-11
3.215, 2.696e-11
3.216, 2.696e-11
3.217, 2.696e-11
3.218, 2.696e-11
3.219, 2.696e-11
3.22, 2.696e-11
3.221, 2.696e-11
3.222, 2.696e-11
3.223, 2.696e-11
3.224, 2.696e-11
3.225, 2.696e-11
3.226, 2.696e-11
3.227, 2.696e-11
3.228, 2.696e-11
3.229, 2.696e-11
3.23, 2.696e-11
3.231, 2.696e-11
3.232, 2.696e-11
3.233, 2.696e-11
3.234, 2.696e-11
3.235, 2.696e-11
3.236, 2.696e-11
3.237, 2.696e-11
3.238, 2.696e-11
3.239, 2.696e-11
3.24, 2.696e-11
3.241, 2.696e-11
3.242, 2.696e-11
3.243, 2.696e-11
3.244, 2.696e-11
3.245, 2.696e-11
3.246, 2.696e-11
3.247, 2.696e-11
3.248, 2.696e-11
3.249, 2.696e-11
3.25, 2.696e-11
3.251, 2.696e-11
3.252, 2.696e-11
3.253, 2.696e-11
3.254, 2.696e-11
3.255, 2.696e-11
3.256, 2.696e-11
3.257, 2.696e-11
3.258, 2.696e-11
3.259, 2.696e-11
3.26, 2.696e-11
3.261, 2.696e-11
3.262, 2.696e-11
3.263, 2.696e-11
3.264, 2.696e-11
3.265, 2.696e-11
3.266, 2.696e-11
3.267, 2.696e-11
3.268, 2.696e-11
3.269, 2.696e-11
3.27, 2.696e-11
3.271, 2.696e-11
3.272, 2.696e-11
3.273, 2.696e-11
3.274, 2.696e-11
3.275, 2.696e-11
3.276, 2.696e-11
3.277, 2.696e-11
3.278, 2.696e-11
3.279, 2.696e-11
3.28, 2.696e-11
3.281, 2.696e-11
3.282, 2.696e-11
3.283, 2.696e-11
3.284, 2.696e-11
3.285, 2.696e-11
3.286, 2.696e-11
3.287, 2.696e-11
3.288, 2.696e-11
3.289, 2.696e-11
3.29, 2.696e-11
3.291, 2.696e-11
3.292, 2.696e-11
3.293, 2.696e-11
3.294, 2.696e-11
3.295, 2.696e-11
3.296, 2.696e-11
3.297, 2.696e-11
3.298, 2.696e-11
3.299, 2.696e-11
3.3, 2.696e-11
3.301, 2.696e-11
3.302, 2.696e-11
3.303, 2.696e-11
3.304, 2.696e-11
3.305, 2.696e-11
3.306, 2.696e-11
3.307, 2.696e-11
3.308, 2.696e-11
3.309, 2.696e-11
3.31, 2.696e-11
3.311, 2.696e-11
3.312, 2.696e-11
3.313, 2.696e-11
3.314, 2.696e-11
3.315, 2.696e-11
3.316, 2.696e-11
3.317, 2.696e-11
3.318, 2.696e-11
3.319, 2.696e-11
3.32, 2.696e-11
3.321, 2.696e-11
3.322, 2.696e-11
3.323, 2.696e-11
3.324, 2.696e-11
3.325, 2.696e-11
3.326, 2.696e-11
3.327, 2.696e-11
3.328, 2.696e-11
3.329, 2.696e-11
3.33, 2.696e-11
3.331, 2.696e-11
3.332, 2.696e-11
3.333, 2.696e-11
3.334, 2.696e-11
3.335, 2.696e-11
3.336, 2.696e-11
3.337, 2.696e-11
3.338, 2.696e-11
3.339, 2.696e-11
3.34, 2.696e-11
3.341, 2.696e-11
3.342, 2.696e-11
3.343, 2.696e-11
3.344, 2.696e-11
3.345, 2.696e-11
3.346, 2.696e-11
3.347, 2.696e-11
3.348, 2.696e-11
3.349, 2.696e-11
3.35, 2.696e-11
3.351, 2.696e-11
3.352, 2.696e-11
3.353, 2.696e-11
3.354, 2.696e-11
3.355, 2.696e-11
3.356, 2.696e-11
3.357, 2.696e-11
3.358, 2.696e-11
3.359, 2.696e-11
3.36, 2.696e-11
3.361, 2.696e-11
3.362, 2.696e-11
3.363, 2.696e-11
3.364, 2.696e-11
3.365, 2.696e-11
3.366, 2.696e-11
3.367, 2.696e-11
3.368, 2.696e-11
3.369, 2.696e-11
3.37, 2.696e-11
3.371, 2.696e-11
3.372, 2.696e-11
3.373, 2.696e-11
3.374, 2.696e-11
3.375, 2.696e-11
3.376, 2.696e-11
3.377, 2.696e-11
3.378, 2.696e-11
3.379, 2.696e-11
3.38, 2.696e-11
3.381, 2.696e-11
3.382, 2.696e-11
3.383, 2.696e-11
3.384, 2.696e-11
3.385, 2.696e-11
3.386, 2.696e-11
3.387, 2.696e-11
3.388, 2.696e-11
3.389, 2.696e-11
3.39, 2.696e-11
3.391, 2.696e-11
3.392, 2.696e-11
3.393, 2.696e-11
3.394, 2.696e-11
3.395, 2.696e-11
3.396, 2.696e-11
3.397, 2.696e-11
3.398, 2.696e-11
3.399, 2.696e-11
3.4, 2.696e-11
3.401, 2.696e-11
3.402, 2.696e-11
3.403, 2.696e-11
3.404, 2.696e-11
3.405, 2.696e-11
3.406, 2.696e-11
3.407, 2.696e-11
3.408, 2.696e-11
3.409, 2.696e-11
3.41, 2.696e-11
3.411, 2.696e-11
3.412, 2.696e-11
3.413, 2.696e-11
3.414, 2.696e-11
3.415, 2.696e-11
3.416, 2.696e-11
3.417, 2.696e-11
3.418, 2.696e-11
3.419, 2.696e-11
3.42, 2.696e-11
3.421, 2.696e-11
3.422, 2.696e-11
3.423, 2.696e-11
3.424, 2.696e-11
3.425, 2.696e-11
3.426, 2.696e-11
3.427, 2.696e-11
3.428, 2.696e-11
3.429, 2.696e-11
3.43, 2.696e-11
3.431, 2.696e-11
3.432, 2.696e-11
3.433, 2.696e-11
3.434, 2.696e-11
3.435, 2.696e-11
3.436, 2.696e-11
3.437, 2.696e-11
3.438, 2.696e-11
3.439, 2.696e-11
3.44, 2.696e-11
3.441, 2.696e-11
3.442, 2.696e-11
3.443, 2.696e-11
3.444, 2.696e-11
3.445, 2.696e-11
3.446, 2.696e-11
3.447, 2.696e-11
3.448, 2.696e-11
3.449, 2.696e-11
3.45, 2.696e-11
3.451, 2.696e-11
3.452, 2.696e-11
3.453, 2.696e-11
3.454, 2.696e-11
3.455, 2.696e-11
3.456, 2.696e-11
3.457, 2.696e-11
3.458, 2.696e-11
3.459, 2.696e-11
3.46, 2.696e-11
3.461, 2.696e-11
3.462, 2.696e-11
3.463, 2.696e-11
3.464, 2.696e-11
3.465, 2.696e-11
3.466, 2.696e-11
3.467, 2.696e-11
3.468, 2.696e-11
3.469, 2.696e-11
3.47, 2.696e-11
3.471, 2.696e-11
3.472, 2.696e-11
3.473, 2.696e-11
3.474, 2.696e-11
3.475, 2.696e-11
3.476, 2.696e-11
3.477, 2.696e-11
3.478, 2.696e-11
3.479, 2.696e-11
3.48, 2.696e-11
3.481, 2.696e-11
3.482, 2.696e-11
3.483, 2.696e-11
3.484, 2.696e-11
3.485, 2.696e-11
3.486, 2.696e-11
3.487, 2.696e-11
3.488, 2.696e-11
3.489, 2.696e-11
3.49, 2.696e-11
3.491, 2.696e-11
3.492, 2.696e-11
3.493, 2.696e-11
3.494, 2.696e-11
3.495, 2.696e-11
3.496, 2.696e-11
3.497, 2.696e-11
3.498, 2.696e-11
3.499, 2.696e-11
3.5, 2.696e-11
3.501, 2.696e-11
3.502, 2.696e-11
3.503, 2.696e-11
3.504, 2.696e-11
3.505, 2.696e-11
3.506, 2.696e-11
3.507, 2.696e-11
3.508, 2.696e-11
3.509, 2.696e-11
3.51, 2.696e-11
3.511, 2.696e-11
3.512, 2.696e-11
3.513, 2.696e-11
3.514, 2.696e-11
3.515, 2.696e-11
3.516, 2.696e-11
3.517, 2.696e-11
3.518, 2.696e-11
3.519, 2.696e-11
3.52, 2.696e-11
3.521, 2.696e-11
3.522, 2.696e-11
3.523, 2.696e-11
3.524, 2.696e-11
3.525, 2.696e-11
3.526, 2.696e-11
3.527, 2.696e-11
3.528, 2.696e-11
3.529, 2.696e-11
3.53, 2.696e-11
3.531, 2.696e-11
3.532, 2.696e-11
3.533, 2.696e-11
3.534, 2.696e-11
3.535, 2.696e-11
3.536, 2.696e-11
3.537, 2.696e-11
3.538, 2.696e-11
3.539, 2.696e-11
3.54, 2.696e-11
3.541, 2.696e-11
3.542, 2.696e-11
3.543, 2.696e-11
3.544, 2.696e-11
3.545, 2.696e-11
3.546, 2.696e-11
3.547, 2.696e-11
3.548, 2.696e-11
3.549, 2.696e-11
3.55, 2.696e-11
3.551, 2.696e-11
3.552, 2.696e-11
3.553, 2.696e-11
3.554, 2.696e-11
3.555, 2.696e-11
3.556, 2.696e-11
3.557, 2.696e-11
3.558, 2.696e-11
3.559, 2.696e-11
3.56, 2.696e-11
3.561, 2.696e-11
3.562, 2.696e-11
3.563, 2.696e-11
3.564, 2.696e-11
3.565, 2.696e-11
3.566, 2.696e-11
3.567, 2.696e-11
3.568, 2.696e-11
3.569, 2.696e-11
3.57, 2.696e-11
3.571, 2.696e-11
3.572, 2.696e-11
3.573, 2.696e-11
3.574, 2.696e-11
3.575, 2.696e-11
3.576, 2.696e-11
3.577, 2.696e-11
3.578, 2.696e-11
3.579, 2.696e-11
3.58, 2.696e-11
3.581, 2.696e-11
3.582, 2.696e-11
3.583, 2.696e-11
3.584, 2.696e-11
3.585, 2.696e-11
3.586, 2.696e-11
3.587, 2.696e-11
3.588, 2.696e-11
3.589, 2.696e-11
3.59, 2.696e-11
3.591, 2.696e-11
3.592, 2.696e-11
3.593, 2.696e-11
3.594, 2.696e-11
3.595, 2.696e-11
3.596, 2.696e-11
3.597, 2.696e-11
3.598, 2.696e-11
3.599, 2.696e-11
3.6, 2.696e-11
3.601, 2.696e-11
3.602, 2.696e-11
3.603, 2.696e-11
3.604, 2.696e-11
3.605, 2.696e-11
3.606, 2.696e-11
3.607, 2.696e-11
3.608, 2.696e-11
3.609, 2.696e-11
3.61, 2.696e-11
3.611, 2.696e-11
3.612, 2.696e-11
3.613, 2.696e-11
3.614, 2.696e-11
3.615, 2.696e-11
3.616, 2.696e-11
3.617, 2.696e-11
3.618, 2.696e-11
3.619, 2.696e-11
3.62, 2.696e-11
3.621, 2.696e-11
3.622, 2.696e-11
3.623, 2.696e-11
3.624, 2.696e-11
3.625, 2.696e-11
3.626, 2.696e-11
3.627, 2.696e-11
3.628, 2.696e-11
3.629, 2.696e-11
3.63, 2.696e-11
3.631, 2.696e-11
3.632, 2.696e-11
3.633, 2.696e-11
3.634, 2.696e-11
3.635, 2.696e-11
3.636, 2.696e-11
3.637, 2.696e-11
3.638, 2.696e-11
3.639, 2.696e-11
3.64, 2.696e-11
3.641, 2.696e-11
3.642, 2.696e-11
3.643, 2.696e-11
3.644, 2.696e-11
3.645, 2.696e-11
3.646, 2.696e-11
3.647, 2.696e-11
3.648, 2.696e-11
3.649, 2.696e-11
3.65, 2.696e-11
3.651, 2.696e-11
3.652, 2.696e-11
3.653, 2.696e-11
3.654, 2.696e-11
3.655, 2.696e-11
3.656, 2.696e-11
3.657, 2.696e-11
3.658, 2.696e-11
3.659, 2.696e-11
3.66, 2.696e-11
3.661, 2.696e-11
3.662, 2.696e-11
3.663, 2.696e-11
3.664, 2.696e-11
3.665, 2.696e-11
3.666, 2.696e-11
3.667, 2.696e-11
3.668, 2.696e-11
3.669, 2.696e-11
3.67, 2.696e-11
3.671, 2.696e-11
3.672, 2.696e-11
3.673, 2.696e-11
3.674, 2.696e-11
3.675, 2.696e-11
3.676, 2.696e-11
3.677, 2.696e-11
3.678, 2.696e-11
3.679, 2.696e-11
3.68, 2.696e-11
3.681, 2.696e-11
3.682, 2.696e-11
3.683, 2.696e-11
3.684, 2.696e-11
3.685, 2.696e-11
3.686, 2.696e-11
3.687, 2.696e-11
3.688, 2.696e-11
3.689, 2.696e-11
3.69, 2.696e-11
3.691, 2.696e-11
3.692, 2.696e-11
3.693, 2.696e-11
3.694, 2.696e-11
3.695, 2.696e-11
3.696, 2.696e-11
3.697, 2.696e-11
3.698, 2.696e-11
3.699, 2.696e-11
3.7, 2.696e-11
3.701, 2.696e-11
3.702, 2.696e-11
3.703, 2.696e-11
3.704, 2.696e-11
3.705, 2.696e-11
3.706, 2.696e-11
3.707, 2.696e-11
3.708, 2.696e-11
3.709, 2.696e-11
3.71, 2.696e-11
3.711, 2.696e-11
3.712, 2.696e-11
3.713, 2.696e-11
3.714, 2.696e-11
3.715, 2.696e-11
3.716, 2.696e-11
3.717, 2.696e-11
3.718, 2.696e-11
3.719, 2.696e-11
3.72, 2.696e-11
3.721, 2.696e-11
3.722, 2.696e-11
3.723, 2.696e-11
3.724, 2.696e-11
3.725, 2.696e-11
3.726, 2.696e-11
3.727, 2.696e-11
3.728, 2.696e-11
3.729, 2.696e-11
3.73, 2.696e-11
3.731, 2.696e-11
3.732, 2.696e-11
3.733, 2.696e-11
3.734, 2.696e-11
3.735, 2.696e-11
3.736, 2.696e-11
3.737, 2.696e-11
3.738, 2.696e-11
3.739, 2.696e-11
3.74, 2.696e-11
3.741, 2.696e-11
3.742, 2.696e-11
3.743, 2.696e-11
3.744, 2.696e-11
3.745, 2.696e-11
3.746, 2.696e-11
3.747, 2.696e-11
3.748, 2.696e-11
3.749, 2.696e-11
3.75, 2.696e-11
3.751, 2.696e-11
3.752, 2.696e-11
3.753, 2.696e-11
3.754, 2.696e-11
3.755, 2.696e-11
3.756, 2.696e-11
3.757, 2.696e-11
3.758, 2.696e-11
3.759, 2.696e-11
3.76, 2.696e-11
3.761, 2.696e-11
3.762, 2.696e-11
3.763, 2.696e-11
3.764, 2.696e-11
3.765, 2.696e-11
3.766, 2.696e-11
3.767, 2.696e-11
3.768, 2.696e-11
3.769, 2.696e-11
3.77, 2.696e-11
3.771, 2.696e-11
3.772, 2.696e-11
3.773, 2.696e-11
3.774, 2.696e-11
3.775, 2.696e-11
3.776, 2.696e-11
3.777, 2.696e-11
3.778, 2.696e-11
3.779, 2.696e-11
3.78, 2.696e-11
3.781, 2.696e-11
3.782, 2.696e-11
3.783, 2.696e-11
3.784, 2.696e-11
3.785, 2.696e-11
3.786, 2.696e-11
3.787, 2.696e-11
3.788, 2.696e-11
3.789, 2.696e-11
3.79, 2.696e-11
3.791, 2.696e-11
3.792, 2.696e-11
3.793, 2.696e-11
3.794, 2.696e-11
3.795, 2.696e-11
3.796, 2.696e-11
3.797, 2.696e-11
3.798, 2.696e-11
3.799, 2.696e-11
3.8, 2.696e-11
3.801, 2.696e-11
3.802, 2.696e-11
3.803, 2.696e-11
3.804, 2.696e-11
3.805, 2.696e-11
3.806, 2.696e-11
3.807, 2.696e-11
3.808, 2.696e-11
3.809, 2.696e-11
3.81, 2.696e-11
3.811, 2.696e-11
3.812, 2.696e-11
3.813, 2.696e-11
3.814, 2.696e-11
3.815, 2.696e-11
3.816, 2.696e-11
3.817, 2.696e-11
3.818, 2.696e-11
3.819, 2.696e-11
3.82, 2.696e-11
3.821, 2.696e-11
3.822, 2.696e-11
3.823, 2.696e-11
3.824, 2.696e-11
3.825, 2.696e-11
3.826, 2.696e-11
3.827, 2.696e-11
3.828, 2.696e-11
3.829, 2.696e-11
3.83, 2.696e-11
3.831, 2.696e-11
3.832, 2.696e-11
3.833, 2.696e-11
3.834, 2.696e-11
3.835, 2.696e-11
3.836, 2.696e-11
3.837, 2.696e-11
3.838, 2.696e-11
3.839, 2.696e-11
3.84, 2.696e-11
3.841, 2.696e-11
3.842, 2.696e-11
3.843, 2.696e-11
3.844, 2.696e-11
3.845, 2.696e-11
3.846, 2.696e-11
3.847, 2.696e-11
3.848, 2.696e-11
3.849, 2.696e-11
3.85, 2.696e-11
3.851, 2.696e-11
3.852, 2.696e-11
3.853, 2.696e-11
3.854, 2.696e-11
3.855, 2.696e-11
3.856, 2.696e-11
3.857, 2.696e-11
3.858, 2.696e-11
3.859, 2.696e-11
3.86, 2.696e-11
3.861, 2.696e-11
3.862, 2.696e-11
3.863, 2.696e-11
3.864, 2.696e-11
3.865, 2.696e-11
3.866, 2.696e-11
3.867, 2.696e-11
3.868, 2.696e-11
3.869, 2.696e-11
3.87, 2.696e-11
3.871, 2.696e-11
3.872, 2.696e-11
3.873, 2.696e-11
3.874, 2.696e-11
3.875, 2.696e-11
3.876, 2.696e-11
3.877, 2.696e-11
3.878, 2.696e-11
3.879, 2.696e-11
3.88, 2.696e-11
3.881, 2.696e-11
3.882, 2.696e-11
3.883, 2.696e-11
3.884, 2.696e-11
3.885, 2.696e-11
3.886, 2.696e-11
3.887, 2.696e-11
3.888, 2.696e-11
3.889, 2.696e-11
3.89, 2.696e-11
3.891, 2.696e-11
3.892, 2.696e-11
3.893, 2.696e-11
3.894, 2.696e-11
3.895, 2.696e-11
3.896, 2.696e-11
3.897, 2.696e-11
3.898, 2.696e-11
3.899, 2.696e-11
3.9, 2.696e-11
3.901, 2.696e-11
3.902, 2.696e-11
3.903, 2.696e-11
3.904, 2.696e-11
3.905, 2.696e-11
3.906, 2.696e-11
3.907, 2.696e-11
3.908, 2.696e-11
3.909, 2.696e-11
3.91, 2.696e-11
3.911, 2.696e-11
3.912, 2.696e-11
3.913, 2.696e-11
3.914, 2.696e-11
3.915, 2.696e-11
3.916, 2.696e-11
3.917, 2.696e-11
3.918, 2.696e-11
3.919, 2.696e-11
3.92, 2.696e-11
3.921, 2.696e-11
3.922, 2.696e-11
3.923, 2.696e-11
3.924, 2.696e-11
3.925, 2.696e-11
3.926, 2.696e-11
3.927, 2.696e-11
3.928, 2.696e-11
3.929, 2.696e-11
3.93, 2.696e-11
3.931, 2.696e-11
3.932, 2.696e-11
3.933, 2.696e-11
3.934, 2.696e-11
3.935, 2.696e-11
3.936, 2.696e-11
3.937, 2.696e-11
3.938, 2.696e-11
3.939, 2.696e-11
3.94, 2.696e-11
3.941, 2.696e-11
3.942, 2.696e-11
3.943, 2.696e-11
3.944, 2.696e-11
3.945, 2.696e-11
3.946, 2.696e-11
3.947, 2.696e-11
3.948, 2.696e-11
3.949, 2.696e-11
3.95, 2.696e-11
3.951, 2.696e-11
3.952, 2.696e-11
3.953, 2.696e-11
3.954, 2.696e-11
3.955, 2.696e-11
3.956, 2.696e-11
3.957, 2.696e-11
3.958, 2.696e-11
3.959, 2.696e-11
3.96, 2.696e-11
3.961, 2.696e-11
3.962, 2.696e-11
3.963, 2.696e-11
3.964, 2.696e-11
3.965, 2.696e-11
3.966, 2.696e-11
3.967, 2.696e-11
3.968, 2.696e-11
3.969, 2.696e-11
3.97, 2.696e-11
3.971, 2.696e-11
3.972, 2.696e-11
3.973, 2.696e-11
3.974, 2.696e-11
3.975, 2.696e-11
3.976, 2.696e-11
3.977, 2.696e-11
3.978, 2.696e-11
3.979, 2.696e-11
3.98, 2.696e-11
3.981, 2.696e-11
3.982, 2.696e-11
3.983, 2.696e-11
3.984, 2.696e-11
3.985, 2.696e-11
3.986, 2.696e-11
3.987, 2.696e-11
3.988, 2.696e-11
3.989, 2.696e-11
3.99, 2.696e-11
3.991, 2.696e-11
3.992, 2.696e-11
3.993, 2.696e-11
3.994, 2.696e-11
3.995, 2.696e-11
3.996, 2.696e-11
3.997, 2.696e-11
3.998, 2.696e-11
3.999, 2.696e-11
4, 2.696e-11
4.001, 2.696e-11
4.002, 2.696e-11
4.003, 2.696e-11
4.004, 2.696e-11
4.005, 2.696e-11
4.006, 2.696e-11
4.007, 2.696e-11
4.008, 2.696e-11
4.009, 2.696e-11
4.01, 2.696e-11
4.011, 2.696e-11
4.012, 2.696e-11
4.013, 2.696e-11
4.014, 2.696e-11
4.015, 2.696e-11
4.016, 2.696e-11
4.017, 2.696e-11
4.018, 2.696e-11
4.019, 2.696e-11
4.02, 2.696e-11
4.021, 2.696e-11
4.022, 2.696e-11
4.023, 2.696e-11
4.024, 2.696e-11
4.025, 2.696e-11
4.026, 2.696e-11
4.027, 2.696e-11
4.028, 2.696e-11
4.029, 2.696e-11
4.03, 2.696e-11
4.031, 2.696e-11
4.032, 2.696e-11
4.033, 2.696e-11
4.034, 2.696e-11
4.035, 2.696e-11
4.036, 2.696e-11
4.037, 2.696e-11
4.038, 2.696e-11
4.039, 2.696e-11
4.04, 2.696e-11
4.041, 2.696e-11
4.042, 2.696e-11
4.043, 2.696e-11
4.044, 2.696e-11
4.045, 2.696e-11
4.046, 2.696e-11
4.047, 2.696e-11
4.048, 2.696e-11
4.049, 2.696e-11
4.05, 2.696e-11
4.051, 2.696e-11
4.052, 2.696e-11
4.053, 2.696e-11
4.054, 2.696e-11
4.055, 2.696e-11
4.056, 2.696e-11
4.057, 2.696e-11
4.058, 2.696e-11
4.059, 2.696e-11
4.06, 2.696e-11
4.061, 2.696e-11
4.062, 2.696e-11
4.063, 2.696e-11
4.064, 2.696e-11
4.065, 2.696e-11
4.066, 2.696e-11
4.067, 2.696e-11
4.068, 2.696e-11
4.069, 2.696e-11
4.07, 2.696e-11
4.071, 2.696e-11
4.072, 2.696e-11
4.073, 2.696e-11
4.074, 2.696e-11
4.075, 2.696e-11
4.076, 2.696e-11
4.077, 2.696e-11
4.078, 2.696e-11
4.079, 2.696e-11
4.08, 2.696e-11
4.081, 2.696e-11
4.082, 2.696e-11
4.083, 2.696e-11
4.084, 2.696e-11
4.085, 2.696e-11
4.086, 2.696e-11
4.087, 2.696e-11
4.088, 2.696e-11
4.089, 2.696e-11
4.09, 2.696e-11
4.091, 2.696e-11
4.092, 2.696e-11
4.093, 2.696e-11
4.094, 2.696e-11
4.095, 2.696e-11
4.096, 2.696e-11
4.097, 2.696e-11
4.098, 2.696e-11
4.099, 2.696e-11
4.1, 2.696e-11
4.101, 2.696e-11
4.102, 2.696e-11
4.103, 2.696e-11
4.104, 2.696e-11
4.105, 2.696e-11
4.106, 2.696e-11
4.107, 2.696e-11
4.108, 2.696e-11
4.109, 2.696e-11
4.11, 2.696e-11
4.111, 2.696e-11
4.112, 2.696e-11
4.113, 2.696e-11
4.114, 2.696e-11
4.115, 2.696e-11
4.116, 2.696e-11
4.117, 2.696e-11
4.118, 2.696e-11
4.119, 2.696e-11
4.12, 2.696e-11
4.121, 2.696e-11
4.122, 2.696e-11
4.123, 2.696e-11
4.124, 2.696e-11
4.125, 2.696e-11
4.126, 2.696e-11
4.127, 2.696e-11
4.128, 2.696e-11
4.129, 2.696e-11
4.13, 2.696e-11
4.131, 2.696e-11
4.132, 2.696e-11
4.133, 2.696e-11
4.134, 2.696e-11
4.135, 2.696e-11
4.136, 2.696e-11
4.137, 2.696e-11
4.138, 2.696e-11
4.139, 2.696e-11
4.14, 2.696e-11
4.141, 2.696e-11
4.142, 2.696e-11
4.143, 2.696e-11
4.144, 2.696e-11
4.145, 2.696e-11
4.146, 2.696e-11
4.147, 2.696e-11
4.148, 2.696e-11
4.149, 2.696e-11
4.15, 2.696e-11
4.151, 2.696e-11
4.152, 2.696e-11
4.153, 2.696e-11
4.154, 2.696e-11
4.155, 2.696e-11
4.156, 2.696e-11
4.157, 2.696e-11
4.158, 2.696e-11
4.159, 2.696e-11
4.16, 2.696e-11
4.161, 2.696e-11
4.162, 2.696e-11
4.163, 2.696e-11
4.164, 2.696e-11
4.165, 2.696e-11
4.166, 2.696e-11
4.167, 2.696e-11
4.168, 2.696e-11
4.169, 2.696e-11
4.17, 2.696e-11
4.171, 2.696e-11
4.172, 2.696e-11
4.173, 2.696e-11
4.174, 2.696e-11
4.175, 2.696e-11
4.176, 2.696e-11
4.177, 2.696e-11
4.178, 2.696e-11
4.179, 2.696e-11
4.18, 2.696e-11
4.181, 2.696e-11
4.182, 2.696e-11
4.183, 2.696e-11
4.184, 2.696e-11
4.185, 2.696e-11
4.186, 2.696e-11
4.187, 2.696e-11
4.188, 2.696e-11
4.189, 2.696e-11
4.19, 2.696e-11
4.191, 2.696e-11
4.192, 2.696e-11
4.193, 2.696e-11
4.194, 2.696e-11
4.195, 2.696e-11
4.196, 2.696e-11
4.197, 2.696e-11
4.198, 2.696e-11
4.199, 2.696e-11
4.2, 2.696e-11
4.201, 2.696e-11
4.202, 2.696e-11
4.203, 2.696e-11
4.204, 2.696e-11
4.205, 2.696e-11
4.206, 2.696e-11
4.207, 2.696e-11
4.208, 2.696e-11
4.209, 2.696e-11
4.21, 2.696e-11
4.211, 2.696e-11
4.212, 2.696e-11
4.213, 2.696e-11
