sim_time, unit_box_Custom?world_pose/position/z
0.001, 0.5
0.002, 0.5
0.003, 0.5
0.004, 0.5
0.005, 0.5
0.006, 0.5
0.007, 0.5
0.008, 0.5
0.009, 0.5
0.01, 0.5
0.011, 0.5
0.012, 0.5
0.013, 0.5
0.014, 0.5
0.015, 0.5
0.016, 0.5
0.017, 0.5
0.018, 0.5
0.019, 0.5
0.02, 0.5
0.021, 0.5
0.022, 0.5
0.023, 0.5
0.024, 0.5
0.025, 0.5
0.026, 0.5
0.027, 0.5
0.028, 0.5
0.029, 0.5
0.03, 0.5
0.031, 0.5
0.032, 0.5
0.033, 0.5
0.034, 0.5
0.035, 0.5
0.036, 0.5
0.037, 0.5
0.038, 0.5
0.039, 0.5
0.04, 0.5
0.041, 0.5
0.042, 0.5
0.043, 0.5
0.044, 0.5
0.045, 0.5
0.046, 0.5
0.047, 0.5
0.048, 0.5
0.049, 0.5
0.05, 0.5
0.051, 0.5
0.052, 0.5
0.053, 0.5
0.054, 0.5
0.055, 0.5
0.056, 0.5
0.057, 0.5
0.058, 0.5
0.059, 0.5
0.06, 0.5
0.061, 0.5
0.062, 0.5
0.063, 0.5
0.064, 0.5
0.065, 0.5
0.066, 0.5
0.067, 0.5
0.068, 0.5
0.069, 0.5
0.07, 0.5
0.071, 0.5
0.072, 0.5
0.073, 0.5
0.074, 0.5
0.075, 0.5
0.076, 0.5
0.077, 0.5
0.078, 0.5
0.079, 0.5
0.08, 0.5
0.081, 0.5
0.082, 0.5
0.083, 0.5
0.084, 0.5
0.085, 0.5
0.086, 0.5
0.087, 0.5
0.088, 0.5
0.089, 0.5
0.09, 0.5
0.091, 0.5
0.092, 0.5
0.093, 0.5
0.094, 0.5
0.095, 0.5
0.096, 0.5
0.097, 0.5
0.098, 0.5
0.099, 0.5
0.1, 0.5
0.101, 0.5
0.102, 0.5
0.103, 0.5
0.104, 0.5
0.105, 0.5
0.106, 0.5
0.107, 0.5
0.108, 0.5
0.109, 0.5
0.11, 0.5
0.111, 0.5
0.112, 0.5
0.113, 0.5
0.114, 0.5
0.115, 0.5
0.116, 0.5
0.117, 0.5
0.118, 0.5
0.119, 0.5
0.12, 0.5
0.121, 0.5
0.122, 0.5
0.123, 0.5
0.124, 0.5
0.125, 0.5
0.126, 0.5
0.127, 0.5
0.128, 0.5
0.129, 0.5
0.13, 0.5
0.131, 0.5
0.132, 0.5
0.133, 0.5
0.134, 0.5
0.135, 0.5
0.136, 0.5
0.137, 0.5
0.138, 0.5
0.139, 0.5
0.14, 0.5
0.141, 0.5
0.142, 0.5
0.143, 0.5
0.144, 0.5
0.145, 0.5
0.146, 0.5
0.147, 0.5
0.148, 0.5
0.149, 0.5
0.15, 0.5
0.151, 0.5
0.152, 0.5
0.153, 0.5
0.154, 0.5
0.155, 0.5
0.156, 0.5
0.157, 0.5
0.158, 0.5
0.159, 0.5
0.16, 0.5
0.161, 0.5
0.162, 0.5
0.163, 0.5
0.164, 0.5
0.165, 0.5
0.166, 0.5
0.167, 0.5
0.168, 0.5
0.169, 0.5
0.17, 0.5
0.171, 0.5
0.172, 0.5
0.173, 0.5
0.174, 0.5
0.175, 0.5
0.176, 0.5
0.177, 0.5
0.178, 0.5
0.179, 0.5
0.18, 0.5
0.181, 0.5
0.182, 0.5
0.183, 0.5
0.184, 0.5
0.185, 0.5
0.186, 0.5
0.187, 0.5
0.188, 0.5
0.189, 0.5
0.19, 0.5
0.191, 0.5
0.192, 0.5
0.193, 0.5
0.194, 0.5
0.195, 0.5
0.196, 0.5
0.197, 0.5
0.198, 0.5
0.199, 0.5
0.2, 0.5
0.201, 0.5
0.202, 0.5
0.203, 0.5
0.204, 0.5
0.205, 0.5
0.206, 0.5
0.207, 0.5
0.208, 0.5
0.209, 0.5
0.21, 0.5
0.211, 0.5
0.212, 0.5
0.213, 0.5
0.214, 0.5
0.215, 0.5
0.216, 0.5
0.217, 0.5
0.218, 0.5
0.219, 0.5
0.22, 0.5
0.221, 0.5
0.222, 0.5
0.223, 0.5
0.224, 0.5
0.225, 0.5
0.226, 0.5
0.227, 0.5
0.228, 0.5
0.229, 0.5
0.23, 0.5
0.231, 0.5
0.232, 0.5
0.233, 0.5
0.234, 0.5
0.235, 0.5
0.236, 0.5
0.237, 0.5
0.238, 0.5
0.239, 0.5
0.24, 0.5
0.241, 0.5
0.242, 0.5
0.243, 0.5
0.244, 0.5
0.245, 0.5
0.246, 0.5
0.247, 0.5
0.248, 0.5
0.249, 0.5
0.25, 0.5
0.251, 0.5
0.252, 0.5
0.253, 0.5
0.254, 0.5
0.255, 0.5
0.256, 0.5
0.257, 0.5
0.258, 0.5
0.259, 0.5
0.26, 0.5
0.261, 0.5
0.262, 0.5
0.263, 0.5
0.264, 0.5
0.265, 0.5
0.266, 0.5
0.267, 0.5
0.268, 0.5
0.269, 0.5
0.27, 0.5
0.271, 0.5
0.272, 0.5
0.273, 0.5
0.274, 0.5
0.275, 0.5
0.276, 0.5
0.277, 0.5
0.278, 0.5
0.279, 0.5
0.28, 0.5
0.281, 0.5
0.282, 0.5
0.283, 0.5
0.284, 0.5
0.285, 0.5
0.286, 0.5
0.287, 0.5
0.288, 0.5
0.289, 0.5
0.29, 0.5
0.291, 0.5
0.292, 0.5
0.293, 0.5
0.294, 0.5
0.295, 0.5
0.296, 0.5
0.297, 0.5
0.298, 0.5
0.299, 0.5
0.3, 0.5
0.301, 0.5
0.302, 0.5
0.303, 0.5
0.304, 0.5
0.305, 0.5
0.306, 0.5
0.307, 0.5
0.308, 0.5
0.309, 0.5
0.31, 0.5
0.311, 0.5
0.312, 0.5
0.313, 0.5
0.314, 0.5
0.315, 0.5
0.316, 0.5
0.317, 0.5
0.318, 0.5
0.319, 0.5
0.32, 0.5
0.321, 0.5
0.322, 0.5
0.323, 0.5
0.324, 0.5
0.325, 0.5
0.326, 0.5
0.327, 0.5
0.328, 0.5
0.329, 0.5
0.33, 0.5
0.331, 0.5
0.332, 0.5
0.333, 0.5
0.334, 0.5
0.335, 0.5
0.336, 0.5
0.337, 0.5
0.338, 0.5
0.339, 0.5
0.34, 0.5
0.341, 0.5
0.342, 0.5
0.343, 0.5
0.344, 0.5
0.345, 0.5
0.346, 0.5
0.347, 0.5
0.348, 0.5
0.349, 0.5
0.35, 0.5
0.351, 0.5
0.352, 0.5
0.353, 0.5
0.354, 0.5
0.355, 0.5
0.356, 0.5
0.357, 0.5
0.358, 0.5
0.359, 0.5
0.36, 0.5
0.361, 0.5
0.362, 0.5
0.363, 0.5
0.364, 0.5
0.365, 0.5
0.366, 0.5
0.367, 0.5
0.368, 0.5
0.369, 0.5
0.37, 0.5
0.371, 0.5
0.372, 0.5
0.373, 0.5
0.374, 0.5
0.375, 0.5
0.376, 0.5
0.377, 0.5
0.378, 0.5
0.379, 0.5
0.38, 0.5
0.381, 0.5
0.382, 0.5
0.383, 0.5
0.384, 0.5
0.385, 0.5
0.386, 0.5
0.387, 0.5
0.388, 0.5
0.389, 0.5
0.39, 0.5
0.391, 0.5
0.392, 0.5
0.393, 0.5
0.394, 0.5
0.395, 0.5
0.396, 0.5
0.397, 0.5
0.398, 0.5
0.399, 0.5
0.4, 0.5
0.401, 0.5
0.402, 0.5
0.403, 0.5
0.404, 0.5
0.405, 0.5
0.406, 0.5
0.407, 0.5
0.408, 0.5
0.409, 0.5
0.41, 0.5
0.411, 0.5
0.412, 0.5
0.413, 0.5
0.414, 0.5
0.415, 0.5
0.416, 0.5
0.417, 0.5
0.418, 0.5
0.419, 0.5
0.42, 0.5
0.421, 0.5
0.422, 0.5
0.423, 0.5
0.424, 0.5
0.425, 0.5
0.426, 0.5
0.427, 0.5
0.428, 0.5
0.429, 0.5
0.43, 0.5
0.431, 0.5
0.432, 0.5
0.433, 0.5
0.434, 0.5
0.435, 0.5
0.436, 0.5
0.437, 0.5
0.438, 0.5
0.439, 0.5
0.44, 0.5
0.441, 0.5
0.442, 0.5
0.443, 0.5
0.444, 0.5
0.445, 0.5
0.446, 0.5
0.447, 0.5
0.448, 0.5
0.449, 0.5
0.45, 0.5
0.451, 0.5
0.452, 0.5
0.453, 0.5
0.454, 0.5
0.455, 0.5
0.456, 0.5
0.457, 0.5
0.458, 0.5
0.459, 0.5
0.46, 0.5
0.461, 0.5
0.462, 0.5
0.463, 0.5
0.464, 0.5
0.465, 0.5
0.466, 0.5
0.467, 0.5
0.468, 0.5
0.469, 0.5
0.47, 0.5
0.471, 0.5
0.472, 0.5
0.473, 0.5
0.474, 0.5
0.475, 0.5
0.476, 0.5
0.477, 0.5
0.478, 0.5
0.479, 0.5
0.48, 0.5
0.481, 0.5
0.482, 0.5
0.483, 0.5
0.484, 0.5
0.485, 0.5
0.486, 0.5
0.487, 0.5
0.488, 0.5
0.489, 0.5
0.49, 0.5
0.491, 0.5
0.492, 0.5
0.493, 0.5
0.494, 0.5
0.495, 0.5
0.496, 0.5
0.497, 0.5
0.498, 0.5
0.499, 0.5
0.5, 0.5
0.501, 0.5
0.502, 0.5
0.503, 0.5
0.504, 0.5
0.505, 0.5
0.506, 0.5
0.507, 0.5
0.508, 0.5
0.509, 0.5
0.51, 0.5
0.511, 0.5
0.512, 0.5
0.513, 0.5
0.514, 0.5
0.515, 0.5
0.516, 0.5
0.517, 0.5
0.518, 0.5
0.519, 0.5
0.52, 0.5
0.521, 0.5
0.522, 0.5
0.523, 0.5
0.524, 0.5
0.525, 0.5
0.526, 0.5
0.527, 0.5
0.528, 0.5
0.529, 0.5
0.53, 0.5
0.531, 0.5
0.532, 0.5
0.533, 0.5
0.534, 0.5
0.535, 0.5
0.536, 0.5
0.537, 0.5
0.538, 0.5
0.539, 0.5
0.54, 0.5
0.541, 0.5
0.542, 0.5
0.543, 0.5
0.544, 0.5
0.545, 0.5
0.546, 0.5
0.547, 0.5
0.548, 0.5
0.549, 0.5
0.55, 0.5
0.551, 0.5
0.552, 0.5
0.553, 0.5
0.554, 0.5
0.555, 0.5
0.556, 0.5
0.557, 0.5
0.558, 0.5
0.559, 0.5
0.56, 0.5
0.561, 0.5
0.562, 0.5
0.563, 0.5
0.564, 0.5
0.565, 0.5
0.566, 0.5
0.567, 0.5
0.568, 0.5
0.569, 0.5
0.57, 0.5
0.571, 0.5
0.572, 0.5
0.573, 0.5
0.574, 0.5
0.575, 0.5
0.576, 0.5
0.577, 0.5
0.578, 0.5
0.579, 0.5
0.58, 0.5
0.581, 0.5
0.582, 0.5
0.583, 0.5
0.584, 0.5
0.585, 0.5
0.586, 0.5
0.587, 0.5
0.588, 0.5
0.589, 0.5
0.59, 0.5
0.591, 0.5
0.592, 0.5
0.593, 0.5
0.594, 0.5
0.595, 0.5
0.596, 0.5
0.597, 0.5
0.598, 0.5
0.599, 0.5
0.6, 0.5
0.601, 0.5
0.602, 0.5
0.603, 0.5
0.604, 0.5
0.605, 0.5
0.606, 0.5
0.607, 0.5
0.608, 0.5
0.609, 0.5
0.61, 0.5
0.611, 0.5
0.612, 0.5
0.613, 0.5
0.614, 0.5
0.615, 0.5
0.616, 0.5
0.617, 0.5
0.618, 0.5
0.619, 0.5
0.62, 0.5
0.621, 0.5
0.622, 0.5
0.623, 0.5
0.624, 0.5
0.625, 0.5
0.626, 0.5
0.627, 0.5
0.628, 0.5
0.629, 0.5
0.63, 0.5
0.631, 0.5
0.632, 0.5
0.633, 0.5
0.634, 0.5
0.635, 0.5
0.636, 0.5
0.637, 0.5
0.638, 0.5
0.639, 0.5
0.64, 0.5
0.641, 0.5
0.642, 0.5
0.643, 0.5
0.644, 0.5
0.645, 0.5
0.646, 0.5
0.647, 0.5
0.648, 0.5
0.649, 0.5
0.65, 0.5
0.651, 0.5
0.652, 0.5
0.653, 0.5
0.654, 0.5
0.655, 0.5
0.656, 0.5
0.657, 0.5
0.658, 0.5
0.659, 0.5
0.66, 0.5
0.661, 0.5
0.662, 0.5
0.663, 0.5
0.664, 0.5
0.665, 0.5
0.666, 0.5
0.667, 0.5
0.668, 0.5
0.669, 0.5
0.67, 0.5
0.671, 0.5
0.672, 0.5
0.673, 0.5
0.674, 0.5
0.675, 0.5
0.676, 0.5
0.677, 0.5
0.678, 0.5
0.679, 0.5
0.68, 0.5
0.681, 0.5
0.682, 0.5
0.683, 0.5
0.684, 0.5
0.685, 0.5
0.686, 0.5
0.687, 0.5
0.688, 0.5
0.689, 0.5
0.69, 0.5
0.691, 0.5
0.692, 0.5
0.693, 0.5
0.694, 0.5
0.695, 0.5
0.696, 0.5
0.697, 0.5
0.698, 0.5
0.699, 0.5
0.7, 0.5
0.701, 0.5
0.702, 0.5
0.703, 0.5
0.704, 0.5
0.705, 0.5
0.706, 0.5
0.707, 0.5
0.708, 0.5
0.709, 0.5
0.71, 0.5
0.711, 0.5
0.712, 0.5
0.713, 0.5
0.714, 0.5
0.715, 0.5
0.716, 0.5
0.717, 0.5
0.718, 0.5
0.719, 0.5
0.72, 0.5
0.721, 0.5
0.722, 0.5
0.723, 0.5
0.724, 0.5
0.725, 0.5
0.726, 0.5
0.727, 0.5
0.728, 0.5
0.729, 0.5
0.73, 0.5
0.731, 0.5
0.732, 0.5
0.733, 0.5
0.734, 0.5
0.735, 0.5
0.736, 0.5
0.737, 0.5
0.738, 0.5
0.739, 0.5
0.74, 0.5
0.741, 0.5
0.742, 0.5
0.743, 0.5
0.744, 0.5
0.745, 0.5
0.746, 0.5
0.747, 0.5
0.748, 0.5
0.749, 0.5
0.75, 0.5
0.751, 0.5
0.752, 0.5
0.753, 0.5
0.754, 0.5
0.755, 0.5
0.756, 0.5
0.757, 0.5
0.758, 0.5
0.759, 0.5
0.76, 0.5
0.761, 0.5
0.762, 0.5
0.763, 0.5
0.764, 0.5
0.765, 0.5
0.766, 0.5
0.767, 0.5
0.768, 0.5
0.769, 0.5
0.77, 0.5
0.771, 0.5
0.772, 0.5
0.773, 0.5
0.774, 0.5
0.775, 0.5
0.776, 0.5
0.777, 0.5
0.778, 0.5
0.779, 0.5
0.78, 0.5
0.781, 0.5
0.782, 0.5
0.783, 0.5
0.784, 0.5
0.785, 0.5
0.786, 0.5
0.787, 0.5
0.788, 0.5
0.789, 0.5
0.79, 0.5
0.791, 0.5
0.792, 0.5
0.793, 0.5
0.794, 0.5
0.795, 0.5
0.796, 0.5
0.797, 0.5
0.798, 0.5
0.799, 0.5
0.8, 0.5
0.801, 0.5
0.802, 0.5
0.803, 0.5
0.804, 0.5
0.805, 0.5
0.806, 0.5
0.807, 0.5
0.808, 0.5
0.809, 0.5
0.81, 0.5
0.811, 0.5
0.812, 0.5
0.813, 0.5
0.814, 0.5
0.815, 0.5
0.816, 0.5
0.817, 0.5
0.818, 0.5
0.819, 0.5
0.82, 0.5
0.821, 0.5
0.822, 0.5
0.823, 0.5
0.824, 0.5
0.825, 0.5
0.826, 0.5
0.827, 0.5
0.828, 0.5
0.829, 0.5
0.83, 0.5
0.831, 0.5
0.832, 0.5
0.833, 0.5
0.834, 0.5
0.835, 0.5
0.836, 0.5
0.837, 0.5
0.838, 0.5
0.839, 0.5
0.84, 0.5
0.841, 0.5
0.842, 0.5
0.843, 0.5
0.844, 0.5
0.845, 0.5
0.846, 0.5
0.847, 0.5
0.848, 0.5
0.849, 0.5
0.85, 0.5
0.851, 0.5
0.852, 0.5
0.853, 0.5
0.854, 0.5
0.855, 0.5
0.856, 0.5
0.857, 0.5
0.858, 0.5
0.859, 0.5
0.86, 0.5
0.861, 0.5
0.862, 0.5
0.863, 0.5
0.864, 0.5
0.865, 0.5
0.866, 0.5
0.867, 0.5
0.868, 0.5
0.869, 0.5
0.87, 0.5
0.871, 0.5
0.872, 0.5
0.873, 0.5
0.874, 0.5
0.875, 0.5
0.876, 0.5
0.877, 0.5
0.878, 0.5
0.879, 0.5
0.88, 0.5
0.881, 0.5
0.882, 0.5
0.883, 0.5
0.884, 0.5
0.885, 0.5
0.886, 0.5
0.887, 0.5
0.888, 0.5
0.889, 0.5
0.89, 0.5
0.891, 0.5
0.892, 0.5
0.893, 0.5
0.894, 0.5
0.895, 0.5
0.896, 0.5
0.897, 0.5
0.898, 0.5
0.899, 0.5
0.9, 0.5
0.901, 0.5
0.902, 0.5
0.903, 0.5
0.904, 0.5
0.905, 0.5
0.906, 0.5
0.907, 0.5
0.908, 0.5
0.909, 0.5
0.91, 0.5
0.911, 0.5
0.912, 0.5
0.913, 0.5
0.914, 0.5
0.915, 0.5
0.916, 0.5
0.917, 0.5
0.918, 0.5
0.919, 0.5
0.92, 0.5
0.921, 0.5
0.922, 0.5
0.923, 0.5
0.924, 0.5
0.925, 0.5
0.926, 0.5
0.927, 0.5
0.928, 0.5
0.929, 0.5
0.93, 0.5
0.931, 0.5
0.932, 0.5
0.933, 0.5
0.934, 0.5
0.935, 0.5
0.936, 0.5
0.937, 0.5
0.938, 0.5
0.939, 0.5
0.94, 0.5
0.941, 0.5
0.942, 0.5
0.943, 0.5
0.944, 0.5
0.945, 0.5
0.946, 0.5
0.947, 0.5
0.948, 0.5
0.949, 0.5
0.95, 0.5
0.951, 0.5
0.952, 0.5
0.953, 0.5
0.954, 0.5
0.955, 0.5
0.956, 0.5
0.957, 0.5
0.958, 0.5
0.959, 0.5
0.96, 0.5
0.961, 0.5
0.962, 0.5
0.963, 0.5
0.964, 0.5
0.965, 0.5
0.966, 0.5
0.967, 0.5
0.968, 0.5
0.969, 0.5
0.97, 0.5
0.971, 0.5
0.972, 0.5
0.973, 0.5
0.974, 0.5
0.975, 0.5
0.976, 0.5
0.977, 0.5
0.978, 0.5
0.979, 0.5
0.98, 0.5
0.981, 0.5
0.982, 0.5
0.983, 0.5
0.984, 0.5
0.985, 0.5
0.986, 0.5
0.987, 0.5
0.988, 0.5
0.989, 0.5
0.99, 0.5
0.991, 0.5
0.992, 0.5
0.993, 0.5
0.994, 0.5
0.995, 0.5
0.996, 0.5
0.997, 0.5
0.998, 0.5
0.999, 0.5
1, 0.5
1.001, 0.5
1.002, 0.5
1.003, 0.5
1.004, 0.5
1.005, 0.5
1.006, 0.5
1.007, 0.5
1.008, 0.5
1.009, 0.5
1.01, 0.5
1.011, 0.5
1.012, 0.5
1.013, 0.5
1.014, 0.5
1.015, 0.5
1.016, 0.5
1.017, 0.5
1.018, 0.5
1.019, 0.5
1.02, 0.5
1.021, 0.5
1.022, 0.5
1.023, 0.5
1.024, 0.5
1.025, 0.5
1.026, 0.5
1.027, 0.5
1.028, 0.5
1.029, 0.5
1.03, 0.5
1.031, 0.5
1.032, 0.5
1.033, 0.5
1.034, 0.5
1.035, 0.5
1.036, 0.5
1.037, 0.5
1.038, 0.5
1.039, 0.5
1.04, 0.5
1.041, 0.5
1.042, 0.5
1.043, 0.5
1.044, 0.5
1.045, 0.5
1.046, 0.5
1.047, 0.5
1.048, 0.5
1.049, 0.5
1.05, 0.5
1.051, 0.5
1.052, 0.5
1.053, 0.5
1.054, 0.5
1.055, 0.5
1.056, 0.5
1.057, 0.5
1.058, 0.5
1.059, 0.5
1.06, 0.5
1.061, 0.5
1.062, 0.5
1.063, 0.5
1.064, 0.5
1.065, 0.5
1.066, 0.5
1.067, 0.5
1.068, 0.5
1.069, 0.5
1.07, 0.5
1.071, 0.5
1.072, 0.5
1.073, 0.5
1.074, 0.5
1.075, 0.5
1.076, 0.5
1.077, 0.5
1.078, 0.5
1.079, 0.5
1.08, 0.5
1.081, 0.5
1.082, 0.5
1.083, 0.5
1.084, 0.5
1.085, 0.5
1.086, 0.5
1.087, 0.5
1.088, 0.5
1.089, 0.5
1.09, 0.5
1.091, 0.5
1.092, 0.5
1.093, 0.5
1.094, 0.5
1.095, 0.5
1.096, 0.5
1.097, 0.5
1.098, 0.5
1.099, 0.5
1.1, 0.5
1.101, 0.5
1.102, 0.5
1.103, 0.5
1.104, 0.5
1.105, 0.5
1.106, 0.5
1.107, 0.5
1.108, 0.5
1.109, 0.5
1.11, 0.5
1.111, 0.5
1.112, 0.5
1.113, 0.5
1.114, 0.5
1.115, 0.5
1.116, 0.5
1.117, 0.5
1.118, 0.5
1.119, 0.5
1.12, 0.5
1.121, 0.5
1.122, 0.5
1.123, 0.5
1.124, 0.5
1.125, 0.5
1.126, 0.5
1.127, 0.5
1.128, 0.5
1.129, 0.5
1.13, 0.5
1.131, 0.5
1.132, 0.5
1.133, 0.5
1.134, 0.5
1.135, 0.5
1.136, 0.5
1.137, 0.5
1.138, 0.5
1.139, 0.5
1.14, 0.5
1.141, 0.5
1.142, 0.5
1.143, 0.5
1.144, 0.5
1.145, 0.5
1.146, 0.5
1.147, 0.5
1.148, 0.5
1.149, 0.5
1.15, 0.5
1.151, 0.5
1.152, 0.5
1.153, 0.5
1.154, 0.5
1.155, 0.5
1.156, 0.5
1.157, 0.5
1.158, 0.5
1.159, 0.5
1.16, 0.5
1.161, 0.5
1.162, 0.5
1.163, 0.5
1.164, 0.5
1.165, 0.5
1.166, 0.5
1.167, 0.5
1.168, 0.5
1.169, 0.5
1.17, 0.5
1.171, 0.5
1.172, 0.5
1.173, 0.5
1.174, 0.5
1.175, 0.5
1.176, 0.5
1.177, 0.5
1.178, 0.5
1.179, 0.5
1.18, 0.5
1.181, 0.5
1.182, 0.5
1.183, 0.5
1.184, 0.5
1.185, 0.5
1.186, 0.5
1.187, 0.5
1.188, 0.5
1.189, 0.5
1.19, 0.5
1.191, 0.5
1.192, 0.5
1.193, 0.5
1.194, 0.5
1.195, 0.5
1.196, 0.5
1.197, 0.5
1.198, 0.5
1.199, 0.5
1.2, 0.5
1.201, 0.5
1.202, 0.5
1.203, 0.5
1.204, 0.5
1.205, 0.5
1.206, 0.5
1.207, 0.5
1.208, 0.5
1.209, 0.5
1.21, 0.5
1.211, 0.5
1.212, 0.5
1.213, 0.5
1.214, 0.5
1.215, 0.5
1.216, 0.5
1.217, 0.5
1.218, 0.5
1.219, 0.5
1.22, 0.5
1.221, 0.5
1.222, 0.5
1.223, 0.5
1.224, 0.5
1.225, 0.5
1.226, 0.5
1.227, 0.5
1.228, 0.5
1.229, 0.5
1.23, 0.5
1.231, 0.5
1.232, 0.5
1.233, 0.5
1.234, 0.5
1.235, 0.5
1.236, 0.5
1.237, 0.5
1.238, 0.5
1.239, 0.5
1.24, 0.5
1.241, 0.5
1.242, 0.5
1.243, 0.5
1.244, 0.5
1.245, 0.5
1.246, 0.5
1.247, 0.5
1.248, 0.5
1.249, 0.5
1.25, 0.5
1.251, 0.5
1.252, 0.5
1.253, 0.5
1.254, 0.5
1.255, 0.5
1.256, 0.5
1.257, 0.5
1.258, 0.5
1.259, 0.5
1.26, 0.5
1.261, 0.5
1.262, 0.5
1.263, 0.5
1.264, 0.5
1.265, 0.5
1.266, 0.5
1.267, 0.5
1.268, 0.5
1.269, 0.5
1.27, 0.5
1.271, 0.5
1.272, 0.5
1.273, 0.5
1.274, 0.5
1.275, 0.5
1.276, 0.5
1.277, 0.5
1.278, 0.5
1.279, 0.5
1.28, 0.5
1.281, 0.5
1.282, 0.5
1.283, 0.5
1.284, 0.5
1.285, 0.5
1.286, 0.5
1.287, 0.5
1.288, 0.5
1.289, 0.5
1.29, 0.5
1.291, 0.5
1.292, 0.5
1.293, 0.5
1.294, 0.5
1.295, 0.5
1.296, 0.5
1.297, 0.5
1.298, 0.5
1.299, 0.5
1.3, 0.5
1.301, 0.5
1.302, 0.5
1.303, 0.5
1.304, 0.5
1.305, 0.5
1.306, 0.5
1.307, 0.5
1.308, 0.5
1.309, 0.5
1.31, 0.5
1.311, 0.5
1.312, 0.5
1.313, 0.5
1.314, 0.5
1.315, 0.5
1.316, 0.5
1.317, 0.5
1.318, 0.5
1.319, 0.5
1.32, 0.5
1.321, 0.5
1.322, 0.5
1.323, 0.5
1.324, 0.5
1.325, 0.5
1.326, 0.5
1.327, 0.5
1.328, 0.5
1.329, 0.5
1.33, 0.5
1.331, 0.5
1.332, 0.5
1.333, 0.5
1.334, 0.5
1.335, 0.5
1.336, 0.5
1.337, 0.5
1.338, 0.5
1.339, 0.5
1.34, 0.5
1.341, 0.5
1.342, 0.5
1.343, 0.5
1.344, 0.5
1.345, 0.5
1.346, 0.5
1.347, 0.5
1.348, 0.5
1.349, 0.5
1.35, 0.5
1.351, 0.5
1.352, 0.5
1.353, 0.5
1.354, 0.5
1.355, 0.5
1.356, 0.5
1.357, 0.5
1.358, 0.5
1.359, 0.5
1.36, 0.5
1.361, 0.5
1.362, 0.5
1.363, 0.5
1.364, 0.5
1.365, 0.5
1.366, 0.5
1.367, 0.5
1.368, 0.5
1.369, 0.5
1.37, 0.5
1.371, 0.5
1.372, 0.5
1.373, 0.5
1.374, 0.5
1.375, 0.5
1.376, 0.5
1.377, 0.5
1.378, 0.5
1.379, 0.5
1.38, 0.5
1.381, 0.5
1.382, 0.5
1.383, 0.5
1.384, 0.5
1.385, 0.5
1.386, 0.5
1.387, 0.5
1.388, 0.5
1.389, 0.5
1.39, 0.5
1.391, 0.5
1.392, 0.5
1.393, 0.5
1.394, 0.5
1.395, 0.5
1.396, 0.5
1.397, 0.5
1.398, 0.5
1.399, 0.5
1.4, 0.5
1.401, 0.5
1.402, 0.5
1.403, 0.5
1.404, 0.5
1.405, 0.5
1.406, 0.5
1.407, 0.5
1.408, 0.5
1.409, 0.5
1.41, 0.5
1.411, 0.5
1.412, 0.5
1.413, 0.5
1.414, 0.5
1.415, 0.5
1.416, 0.5
1.417, 0.5
1.418, 0.5
1.419, 0.5
1.42, 0.5
1.421, 0.5
1.422, 0.5
1.423, 0.5
1.424, 0.5
1.425, 0.5
1.426, 0.5
1.427, 0.5
1.428, 0.5
1.429, 0.5
1.43, 0.5
1.431, 0.5
1.432, 0.5
1.433, 0.5
1.434, 0.5
1.435, 0.5
1.436, 0.5
1.437, 0.5
1.438, 0.5
1.439, 0.5
1.44, 0.5
1.441, 0.5
1.442, 0.5
1.443, 0.5
1.444, 0.5
1.445, 0.5
1.446, 0.5
1.447, 0.5
1.448, 0.5
1.449, 0.5
1.45, 0.5
1.451, 0.5
1.452, 0.5
1.453, 0.5
1.454, 0.5
1.455, 0.5
1.456, 0.5
1.457, 0.5
1.458, 0.5
1.459, 0.5
1.46, 0.5
1.461, 0.5
1.462, 0.5
1.463, 0.5
1.464, 0.5
1.465, 0.5
1.466, 0.5
1.467, 0.5
1.468, 0.5
1.469, 0.5
1.47, 0.5
1.471, 0.5
1.472, 0.5
1.473, 0.5
1.474, 0.5
1.475, 0.5
1.476, 0.5
1.477, 0.5
1.478, 0.5
1.479, 0.5
1.48, 0.5
1.481, 0.5
1.482, 0.5
1.483, 0.5
1.484, 0.5
1.485, 0.5
1.486, 0.5
1.487, 0.5
1.488, 0.5
1.489, 0.5
1.49, 0.5
1.491, 0.5
1.492, 0.5
1.493, 0.5
1.494, 0.5
1.495, 0.5
1.496, 0.5
1.497, 0.5
1.498, 0.5
1.499, 0.5
1.5, 0.5
1.501, 0.5
1.502, 0.5
1.503, 0.5
1.504, 0.5
1.505, 0.5
1.506, 0.5
1.507, 0.5
1.508, 0.5
1.509, 0.5
1.51, 0.5
1.511, 0.5
1.512, 0.5
1.513, 0.5
1.514, 0.5
1.515, 0.5
1.516, 0.5
1.517, 0.5
1.518, 0.5
1.519, 0.5
1.52, 0.5
1.521, 0.5
1.522, 0.5
1.523, 0.5
1.524, 0.5
1.525, 0.5
1.526, 0.5
1.527, 0.5
1.528, 0.5
1.529, 0.5
1.53, 0.5
1.531, 0.5
1.532, 0.5
1.533, 0.5
1.534, 0.5
1.535, 0.5
1.536, 0.5
1.537, 0.5
1.538, 0.5
1.539, 0.5
1.54, 0.5
1.541, 0.5
1.542, 0.5
1.543, 0.5
1.544, 0.5
1.545, 0.5
1.546, 0.5
1.547, 0.5
1.548, 0.5
1.549, 0.5
1.55, 0.5
1.551, 0.5
1.552, 0.5
1.553, 0.5
1.554, 0.5
1.555, 0.5
1.556, 0.5
1.557, 0.5
1.558, 0.5
1.559, 0.5
1.56, 0.5
1.561, 0.5
1.562, 0.5
1.563, 0.5
1.564, 0.5
1.565, 0.5
1.566, 0.5
1.567, 0.5
1.568, 0.5
1.569, 0.5
1.57, 0.5
1.571, 0.5
1.572, 0.5
1.573, 0.5
1.574, 0.5
1.575, 0.5
1.576, 0.5
1.577, 0.5
1.578, 0.5
1.579, 0.5
1.58, 0.5
1.581, 0.5
1.582, 0.5
1.583, 0.5
1.584, 0.5
1.585, 0.5
1.586, 0.5
1.587, 0.5
1.588, 0.5
1.589, 0.5
1.59, 0.5
1.591, 0.5
1.592, 0.5
1.593, 0.5
1.594, 0.5
1.595, 0.5
1.596, 0.5
1.597, 0.5
1.598, 0.5
1.599, 0.5
1.6, 0.5
1.601, 0.5
1.602, 0.5
1.603, 0.5
1.604, 0.5
1.605, 0.5
1.606, 0.5
1.607, 0.5
1.608, 0.5
1.609, 0.5
1.61, 0.5
1.611, 0.5
1.612, 0.5
1.613, 0.5
1.614, 0.5
1.615, 0.5
1.616, 0.5
1.617, 0.5
1.618, 0.5
1.619, 0.5
1.62, 0.5
1.621, 0.5
1.622, 0.5
1.623, 0.5
1.624, 0.5
1.625, 0.5
1.626, 0.5
1.627, 0.5
1.628, 0.5
1.629, 0.5
1.63, 0.5
1.631, 0.5
1.632, 0.5
1.633, 0.5
1.634, 0.5
1.635, 0.5
1.636, 0.5
1.637, 0.5
1.638, 0.5
1.639, 0.5
1.64, 0.5
1.641, 0.5
1.642, 0.5
1.643, 0.5
1.644, 0.5
1.645, 0.5
1.646, 0.5
1.647, 0.5
1.648, 0.5
1.649, 0.5
1.65, 0.5
1.651, 0.5
1.652, 0.5
1.653, 0.5
1.654, 0.5
1.655, 0.5
1.656, 0.5
1.657, 0.5
1.658, 0.5
1.659, 0.5
1.66, 0.5
1.661, 0.5
1.662, 0.5
1.663, 0.5
1.664, 0.5
1.665, 0.5
1.666, 0.5
1.667, 0.5
1.668, 0.5
1.669, 0.5
1.67, 0.5
1.671, 0.5
1.672, 0.5
1.673, 0.5
1.674, 0.5
1.675, 0.5
1.676, 0.5
1.677, 0.5
1.678, 0.5
1.679, 0.5
1.68, 0.5
1.681, 0.5
1.682, 0.5
1.683, 0.5
1.684, 0.5
1.685, 0.5
1.686, 0.5
1.687, 0.5
1.688, 0.5
1.689, 0.5
1.69, 0.5
1.691, 0.5
1.692, 0.5
1.693, 0.5
1.694, 0.5
1.695, 0.5
1.696, 0.5
1.697, 0.5
1.698, 0.5
1.699, 0.5
1.7, 0.5
1.701, 0.5
1.702, 0.5
1.703, 0.5
1.704, 0.5
1.705, 0.5
1.706, 0.5
1.707, 0.5
1.708, 0.5
1.709, 0.5
1.71, 0.5
1.711, 0.5
1.712, 0.5
1.713, 0.5
1.714, 0.5
1.715, 0.5
1.716, 0.5
1.717, 0.5
1.718, 0.5
1.719, 0.5
1.72, 0.5
1.721, 0.5
1.722, 0.5
1.723, 0.5
1.724, 0.5
1.725, 0.5
1.726, 0.5
1.727, 0.5
1.728, 0.5
1.729, 0.5
1.73, 0.5
1.731, 0.5
1.732, 0.5
1.733, 0.5
1.734, 0.5
1.735, 0.5
1.736, 0.5
1.737, 0.5
1.738, 0.5
1.739, 0.5
1.74, 0.5
1.741, 0.5
1.742, 0.5
1.743, 0.5
1.744, 0.5
1.745, 0.5
1.746, 0.5
1.747, 0.5
1.748, 0.5
1.749, 0.5
1.75, 0.5
1.751, 0.5
1.752, 0.5
1.753, 0.5
1.754, 0.5
1.755, 0.5
1.756, 0.5
1.757, 0.5
1.758, 0.5
1.759, 0.5
1.76, 0.5
1.761, 0.5
1.762, 0.5
1.763, 0.5
1.764, 0.5
1.765, 0.5
1.766, 0.5
1.767, 0.5
1.768, 0.5
1.769, 0.5
1.77, 0.5
1.771, 0.5
1.772, 0.5
1.773, 0.5
1.774, 0.5
1.775, 0.5
1.776, 0.5
1.777, 0.5
1.778, 0.5
1.779, 0.5
1.78, 0.5
1.781, 0.5
1.782, 0.5
1.783, 0.5
1.784, 0.5
1.785, 0.5
1.786, 0.5
1.787, 0.5
1.788, 0.5
1.789, 0.5
1.79, 0.5
1.791, 0.5
1.792, 0.5
1.793, 0.5
1.794, 0.5
1.795, 0.5
1.796, 0.5
1.797, 0.5
1.798, 0.5
1.799, 0.5
1.8, 0.5
1.801, 0.5
1.802, 0.5
1.803, 0.5
1.804, 0.5
1.805, 0.5
1.806, 0.5
1.807, 0.5
1.808, 0.5
1.809, 0.5
1.81, 0.5
1.811, 0.5
1.812, 0.5
1.813, 0.5
1.814, 0.5
1.815, 0.5
1.816, 0.5
1.817, 0.5
1.818, 0.5
1.819, 0.5
1.82, 0.5
1.821, 0.5
1.822, 0.5
1.823, 0.5
1.824, 0.5
1.825, 0.5
1.826, 0.5
1.827, 0.5
1.828, 0.5
1.829, 0.5
1.83, 0.5
1.831, 0.5
1.832, 0.5
1.833, 0.5
1.834, 0.5
1.835, 0.5
1.836, 0.5
1.837, 0.5
1.838, 0.5
1.839, 0.5
1.84, 0.5
1.841, 0.5
1.842, 0.5
1.843, 0.5
1.844, 0.5
1.845, 0.5
1.846, 0.5
1.847, 0.5
1.848, 0.5
1.849, 0.5
1.85, 0.5
1.851, 0.5
1.852, 0.5
1.853, 0.5
1.854, 0.5
1.855, 0.5
1.856, 0.5
1.857, 0.5
1.858, 0.5
1.859, 0.5
1.86, 0.5
1.861, 0.5
1.862, 0.5
1.863, 0.5
1.864, 0.5
1.865, 0.5
1.866, 0.5
1.867, 0.5
1.868, 0.5
1.869, 0.5
1.87, 0.5
1.871, 0.5
1.872, 0.5
1.873, 0.5
1.874, 0.5
1.875, 0.5
1.876, 0.5
1.877, 0.5
1.878, 0.5
1.879, 0.5
1.88, 0.5
1.881, 0.5
1.882, 0.5
1.883, 0.5
1.884, 0.5
1.885, 0.5
1.886, 0.5
1.887, 0.5
1.888, 0.5
1.889, 0.5
1.89, 0.5
1.891, 0.5
1.892, 0.5
1.893, 0.5
1.894, 0.5
1.895, 0.5
1.896, 0.5
1.897, 0.5
1.898, 0.5
1.899, 0.5
1.9, 0.5
1.901, 0.5
1.902, 0.5
1.903, 0.5
1.904, 0.5
1.905, 0.5
1.906, 0.5
1.907, 0.5
1.908, 0.5
1.909, 0.5
1.91, 0.5
1.911, 0.5
1.912, 0.5
1.913, 0.5
1.914, 0.5
1.915, 0.5
1.916, 0.5
1.917, 0.5
1.918, 0.5
1.919, 0.5
1.92, 0.5
1.921, 0.5
1.922, 0.5
1.923, 0.5
1.924, 0.5
1.925, 0.5
1.926, 0.5
1.927, 0.5
1.928, 0.5
1.929, 0.5
1.93, 0.5
1.931, 0.5
1.932, 0.5
1.933, 0.5
1.934, 0.5
1.935, 0.5
1.936, 0.5
1.937, 0.5
1.938, 0.5
1.939, 0.5
1.94, 0.5
1.941, 0.5
1.942, 0.5
1.943, 0.5
1.944, 0.5
1.945, 0.5
1.946, 0.5
1.947, 0.5
1.948, 0.5
1.949, 0.5
1.95, 0.5
1.951, 0.5
1.952, 0.5
1.953, 0.5
1.954, 0.5
1.955, 0.5
1.956, 0.5
1.957, 0.5
1.958, 0.5
1.959, 0.5
1.96, 0.5
1.961, 0.5
1.962, 0.5
1.963, 0.5
1.964, 0.5
1.965, 0.5
1.966, 0.5
1.967, 0.5
1.968, 0.5
1.969, 0.5
1.97, 0.5
1.971, 0.5
1.972, 0.5
1.973, 0.5
1.974, 0.5
1.975, 0.5
1.976, 0.5
1.977, 0.5
1.978, 0.5
1.979, 0.5
1.98, 0.5
1.981, 0.5
1.982, 0.5
1.983, 0.5
1.984, 0.5
1.985, 0.5
1.986, 0.5
1.987, 0.5
1.988, 0.5
1.989, 0.5
1.99, 0.5
1.991, 0.5
1.992, 0.5
1.993, 0.5
1.994, 0.5
1.995, 0.5
1.996, 0.5
1.997, 0.5
1.998, 0.5
1.999, 0.5
2, 0.5
2.001, 0.5
2.002, 0.5
2.003, 0.5
2.004, 0.5
2.005, 0.5
2.006, 0.5
2.007, 0.5
2.008, 0.5
2.009, 0.5
2.01, 0.5
2.011, 0.5
2.012, 0.5
2.013, 0.5
2.014, 0.5
2.015, 0.5
2.016, 0.5
2.017, 0.5
2.018, 0.5
2.019, 0.5
2.02, 0.5
2.021, 0.5
2.022, 0.5
2.023, 0.5
2.024, 0.5
2.025, 0.5
2.026, 0.5
2.027, 0.5
2.028, 0.5
2.029, 0.5
2.03, 0.5
2.031, 0.5
2.032, 0.5
2.033, 0.5
2.034, 0.5
2.035, 0.5
2.036, 0.5
2.037, 0.5
2.038, 0.5
2.039, 0.5
2.04, 0.5
2.041, 0.5
2.042, 0.5
2.043, 0.5
2.044, 0.5
2.045, 0.5
2.046, 0.5
2.047, 0.5
2.048, 0.5
2.049, 0.5
2.05, 0.5
2.051, 0.5
2.052, 0.5
2.053, 0.5
2.054, 0.5
2.055, 0.5
2.056, 0.5
2.057, 0.5
2.058, 0.5
2.059, 0.5
2.06, 0.5
2.061, 0.5
2.062, 0.5
2.063, 0.5
2.064, 0.5
2.065, 0.5
2.066, 0.5
2.067, 0.5
2.068, 0.5
2.069, 0.5
2.07, 0.5
2.071, 0.5
2.072, 0.5
2.073, 0.5
2.074, 0.5
2.075, 0.5
2.076, 0.5
2.077, 0.5
2.078, 0.5
2.079, 0.5
2.08, 0.5
2.081, 0.5
2.082, 0.5
2.083, 0.5
2.084, 0.5
2.085, 0.5
2.086, 0.5
2.087, 0.5
2.088, 0.5
2.089, 0.5
2.09, 0.5
2.091, 0.5
2.092, 0.5
2.093, 0.5
2.094, 0.5
2.095, 0.5
2.096, 0.5
2.097, 0.5
2.098, 0.5
2.099, 0.5
2.1, 0.5
2.101, 0.5
2.102, 0.5
2.103, 0.5
2.104, 0.5
2.105, 0.5
2.106, 0.5
2.107, 0.5
2.108, 0.5
2.109, 0.5
2.11, 0.5
2.111, 0.5
2.112, 0.5
2.113, 0.5
2.114, 0.5
2.115, 0.5
2.116, 0.5
2.117, 0.5
2.118, 0.5
2.119, 0.5
2.12, 0.5
2.121, 0.5
2.122, 0.5
2.123, 0.5
2.124, 0.5
2.125, 0.5
2.126, 0.5
2.127, 0.5
2.128, 0.5
2.129, 0.5
2.13, 0.5
2.131, 0.5
2.132, 0.5
2.133, 0.5
2.134, 0.5
2.135, 0.5
2.136, 0.5
2.137, 0.5
2.138, 0.5
2.139, 0.5
2.14, 0.5
2.141, 0.5
2.142, 0.5
2.143, 0.5
2.144, 0.5
2.145, 0.5
2.146, 0.5
2.147, 0.5
2.148, 0.5
2.149, 0.5
2.15, 0.5
2.151, 0.5
2.152, 0.5
2.153, 0.5
2.154, 0.5
2.155, 0.5
2.156, 0.5
2.157, 0.5
2.158, 0.5
2.159, 0.5
2.16, 0.5
2.161, 0.5
2.162, 0.5
2.163, 0.5
2.164, 0.5
2.165, 0.5
2.166, 0.5
2.167, 0.5
2.168, 0.5
2.169, 0.5
2.17, 0.5
2.171, 0.5
2.172, 0.5
2.173, 0.5
2.174, 0.5
2.175, 0.5
2.176, 0.5
2.177, 0.5
2.178, 0.5
2.179, 0.5
2.18, 0.5
2.181, 0.5
2.182, 0.5
2.183, 0.5
2.184, 0.5
2.185, 0.5
2.186, 0.5
2.187, 0.5
2.188, 0.5
2.189, 0.5
2.19, 0.5
2.191, 0.5
2.192, 0.5
2.193, 0.5
2.194, 0.5
2.195, 0.5
2.196, 0.5
2.197, 0.5
2.198, 0.5
2.199, 0.5
2.2, 0.5
2.201, 0.5
2.202, 0.5
2.203, 0.5
2.204, 0.5
2.205, 0.5
2.206, 0.5
2.207, 0.5
2.208, 0.5
2.209, 0.5
2.21, 0.5
2.211, 0.5
2.212, 0.5
2.213, 0.5
2.214, 0.5
2.215, 0.5
2.216, 0.5
2.217, 0.5
2.218, 0.5
2.219, 0.5
2.22, 0.5
2.221, 0.5
2.222, 0.5
2.223, 0.5
2.224, 0.5
2.225, 0.5
2.226, 0.5
2.227, 0.5
2.228, 0.5
2.229, 0.5
2.23, 0.5
2.231, 0.5
2.232, 0.5
2.233, 0.5
2.234, 0.5
2.235, 0.5
2.236, 0.5
2.237, 0.5
2.238, 0.5
2.239, 0.5
2.24, 0.5
2.241, 0.5
2.242, 0.5
2.243, 0.5
2.244, 0.5
2.245, 0.5
2.246, 0.5
2.247, 0.5
2.248, 0.5
2.249, 0.5
2.25, 0.5
2.251, 0.5
2.252, 0.5
2.253, 0.5
2.254, 0.5
2.255, 0.5
2.256, 0.5
2.257, 0.5
2.258, 0.5
2.259, 0.5
2.26, 0.5
2.261, 0.5
2.262, 0.5
2.263, 0.5
2.264, 0.5
2.265, 0.5
2.266, 0.5
2.267, 0.5
2.268, 0.5
2.269, 0.5
2.27, 0.5
2.271, 0.5
2.272, 0.5
2.273, 0.5
2.274, 0.5
2.275, 0.5
2.276, 0.5
2.277, 0.5
2.278, 0.5
2.279, 0.5
2.28, 0.5
2.281, 0.5
2.282, 0.5
2.283, 0.5
2.284, 0.5
2.285, 0.5
2.286, 0.5
2.287, 0.5
2.288, 0.5
2.289, 0.5
2.29, 0.5
2.291, 0.5
2.292, 0.5
2.293, 0.5
2.294, 0.5
2.295, 0.5
2.296, 0.5
2.297, 0.5
2.298, 0.5
2.299, 0.5
2.3, 0.5
2.301, 0.5
2.302, 0.5
2.303, 0.5
2.304, 0.5
2.305, 0.5
2.306, 0.5
2.307, 0.5
2.308, 0.5
2.309, 0.5
2.31, 0.5
2.311, 0.5
2.312, 0.5
2.313, 0.5
2.314, 0.5
2.315, 0.5
2.316, 0.5
2.317, 0.5
2.318, 0.5
2.319, 0.5
2.32, 0.5
2.321, 0.5
2.322, 0.5
2.323, 0.5
2.324, 0.5
2.325, 0.5
2.326, 0.5
2.327, 0.5
2.328, 0.5
2.329, 0.5
2.33, 0.5
2.331, 0.5
2.332, 0.5
2.333, 0.5
2.334, 0.5
2.335, 0.5
2.336, 0.5
2.337, 0.5
2.338, 0.5
2.339, 0.5
2.34, 0.5
2.341, 0.5
2.342, 0.5
2.343, 0.5
2.344, 0.5
2.345, 0.5
2.346, 0.5
2.347, 0.5
2.348, 0.5
2.349, 0.5
2.35, 0.5
2.351, 0.5
2.352, 0.5
2.353, 0.5
2.354, 0.5
2.355, 0.5
2.356, 0.5
2.357, 0.5
2.358, 0.5
2.359, 0.5
2.36, 0.5
2.361, 0.5
2.362, 0.5
2.363, 0.5
2.364, 0.5
2.365, 0.5
2.366, 0.5
2.367, 0.5
2.368, 0.5
2.369, 0.5
2.37, 0.5
2.371, 0.5
2.372, 0.5
2.373, 0.5
2.374, 0.5
2.375, 0.5
2.376, 0.5
2.377, 0.5
2.378, 0.5
2.379, 0.5
2.38, 0.5
2.381, 0.5
2.382, 0.5
2.383, 0.5
2.384, 0.5
2.385, 0.5
2.386, 0.5
2.387, 0.5
2.388, 0.5
2.389, 0.5
2.39, 0.5
2.391, 0.5
2.392, 0.5
2.393, 0.5
2.394, 0.5
2.395, 0.5
2.396, 0.5
2.397, 0.5
2.398, 0.5
2.399, 0.5
2.4, 0.5
2.401, 0.5
2.402, 0.5
2.403, 0.5
2.404, 0.5
2.405, 0.5
2.406, 0.5
2.407, 0.5
2.408, 0.5
2.409, 0.5
2.41, 0.5
2.411, 0.5
2.412, 0.5
2.413, 0.5
2.414, 0.5
2.415, 0.5
2.416, 0.5
2.417, 0.5
2.418, 0.5
2.419, 0.5
2.42, 0.5
2.421, 0.5
2.422, 0.5
2.423, 0.5
2.424, 0.5
2.425, 0.5
2.426, 0.5
2.427, 0.5
2.428, 0.5
2.429, 0.5
2.43, 0.5
2.431, 0.5
2.432, 0.5
2.433, 0.5
2.434, 0.5
2.435, 0.5
2.436, 0.5
2.437, 0.5
2.438, 0.5
2.439, 0.5
2.44, 0.5
2.441, 0.5
2.442, 0.5
2.443, 0.5
2.444, 0.5
2.445, 0.5
2.446, 0.5
2.447, 0.5
2.448, 0.5
2.449, 0.5
2.45, 0.5
2.451, 0.5
2.452, 0.5
2.453, 0.5
2.454, 0.5
2.455, 0.5
2.456, 0.5
2.457, 0.5
2.458, 0.5
2.459, 0.5
2.46, 0.5
2.461, 0.5
2.462, 0.5
2.463, 0.5
2.464, 0.5
2.465, 0.5
2.466, 0.5
2.467, 0.5
2.468, 0.5
2.469, 0.5
2.47, 0.5
2.471, 0.5
2.472, 0.5
2.473, 0.5
2.474, 0.5
2.475, 0.5
2.476, 0.5
2.477, 0.5
2.478, 0.5
2.479, 0.5
2.48, 0.5
2.481, 0.5
2.482, 0.5
2.483, 0.5
2.484, 0.5
2.485, 0.5
2.486, 0.5
2.487, 0.5
2.488, 0.5
2.489, 0.5
2.49, 0.5
2.491, 0.5
2.492, 0.5
2.493, 0.5
2.494, 0.5
2.495, 0.5
2.496, 0.5
2.497, 0.5
2.498, 0.5
2.499, 0.5
2.5, 0.5
2.501, 0.5
2.502, 0.5
2.503, 0.5
2.504, 0.5
2.505, 0.5
2.506, 0.5
2.507, 0.5
2.508, 0.5
2.509, 0.5
2.51, 0.5
2.511, 0.5
2.512, 0.5
2.513, 0.5
2.514, 0.5
2.515, 0.5
2.516, 0.5
2.517, 0.5
2.518, 0.5
2.519, 0.5
2.52, 0.5
2.521, 0.5
2.522, 0.5
2.523, 0.5
2.524, 0.5
2.525, 0.5
2.526, 0.5
2.527, 0.5
2.528, 0.5
2.529, 0.5
2.53, 0.5
2.531, 0.5
2.532, 0.5
2.533, 0.5
2.534, 0.5
2.535, 0.5
2.536, 0.5
2.537, 0.5
2.538, 0.5
2.539, 0.5
2.54, 0.5
2.541, 0.5
2.542, 0.5
2.543, 0.5
2.544, 0.5
2.545, 0.5
2.546, 0.5
2.547, 0.5
2.548, 0.5
2.549, 0.5
2.55, 0.5
2.551, 0.5
2.552, 0.5
2.553, 0.5
2.554, 0.5
2.555, 0.5
2.556, 0.5
2.557, 0.5
2.558, 0.5
2.559, 0.5
2.56, 0.5
2.561, 0.5
2.562, 0.5
2.563, 0.5
2.564, 0.5
2.565, 0.5
2.566, 0.5
2.567, 0.5
2.568, 0.5
2.569, 0.5
2.57, 0.5
2.571, 0.5
2.572, 0.5
2.573, 0.5
2.574, 0.5
2.575, 0.5
2.576, 0.5
2.577, 0.5
2.578, 0.5
2.579, 0.5
2.58, 0.5
2.581, 0.5
2.582, 0.5
2.583, 0.5
2.584, 0.5
2.585, 0.5
2.586, 0.5
2.587, 0.5
2.588, 0.5
2.589, 0.5
2.59, 0.5
2.591, 0.5
2.592, 0.5
2.593, 0.5
2.594, 0.5
2.595, 0.5
2.596, 0.5
2.597, 0.5
2.598, 0.5
2.599, 0.5
2.6, 0.5
2.601, 0.5
2.602, 0.5
2.603, 0.5
2.604, 0.5
2.605, 0.5
2.606, 0.5
2.607, 0.5
2.608, 0.5
2.609, 0.5
2.61, 0.5
2.611, 0.5
2.612, 0.5
2.613, 0.5
2.614, 0.5
2.615, 0.5
2.616, 0.5
2.617, 0.5
2.618, 0.5
2.619, 0.5
2.62, 0.5
2.621, 0.5
2.622, 0.5
2.623, 0.5
2.624, 0.5
2.625, 0.5
2.626, 0.5
2.627, 0.5
2.628, 0.5
2.629, 0.5
2.63, 0.5
2.631, 0.5
2.632, 0.5
2.633, 0.5
2.634, 0.5
2.635, 0.5
2.636, 0.5
2.637, 0.5
2.638, 0.5
2.639, 0.5
2.64, 0.5
2.641, 0.5
2.642, 0.5
2.643, 0.5
2.644, 0.5
2.645, 0.5
2.646, 0.5
2.647, 0.5
2.648, 0.5
2.649, 0.5
2.65, 0.5
2.651, 0.5
2.652, 0.5
2.653, 0.5
2.654, 0.5
2.655, 0.5
2.656, 0.5
2.657, 0.5
2.658, 0.5
2.659, 0.5
2.66, 0.5
2.661, 0.5
2.662, 0.5
2.663, 0.5
2.664, 0.5
2.665, 0.5
2.666, 0.5
2.667, 0.5
2.668, 0.5
2.669, 0.5
2.67, 0.5
2.671, 0.5
2.672, 0.5
2.673, 0.5
2.674, 0.5
2.675, 0.5
2.676, 0.5
2.677, 0.5
2.678, 0.5
2.679, 0.5
2.68, 0.5
2.681, 0.5
2.682, 0.5
2.683, 0.5
2.684, 0.5
2.685, 0.5
2.686, 0.5
2.687, 0.5
2.688, 0.5
2.689, 0.5
2.69, 0.5
2.691, 0.5
2.692, 0.5
2.693, 0.5
2.694, 0.5
2.695, 0.5
2.696, 0.5
2.697, 0.5
2.698, 0.5
2.699, 0.5
2.7, 0.5
2.701, 0.5
2.702, 0.5
2.703, 0.5
2.704, 0.5
2.705, 0.5
2.706, 0.5
2.707, 0.5
2.708, 0.5
2.709, 0.5
2.71, 0.5
2.711, 0.5
2.712, 0.5
2.713, 0.5
2.714, 0.5
2.715, 0.5
2.716, 0.5
2.717, 0.5
2.718, 0.5
2.719, 0.5
2.72, 0.5
2.721, 0.5
2.722, 0.5
2.723, 0.5
2.724, 0.5
2.725, 0.5
2.726, 0.5
2.727, 0.5
2.728, 0.5
2.729, 0.5
2.73, 0.5
2.731, 0.5
2.732, 0.5
2.733, 0.5
2.734, 0.5
2.735, 0.5
2.736, 0.5
2.737, 0.5
2.738, 0.5
2.739, 0.5
2.74, 0.5
2.741, 0.5
2.742, 0.5
2.743, 0.5
2.744, 0.5
2.745, 0.5
2.746, 0.5
2.747, 0.5
2.748, 0.5
2.749, 0.5
2.75, 0.5
2.751, 0.5
2.752, 0.5
2.753, 0.5
2.754, 0.5
2.755, 0.5
2.756, 0.5
2.757, 0.5
2.758, 0.5
2.759, 0.5
2.76, 0.5
2.761, 0.5
2.762, 0.5
2.763, 0.5
2.764, 0.5
2.765, 0.5
2.766, 0.5
2.767, 0.5
2.768, 0.5
2.769, 0.5
2.77, 0.5
2.771, 0.5
2.772, 0.5
2.773, 0.5
2.774, 0.5
2.775, 0.5
2.776, 0.5
2.777, 0.5
2.778, 0.5
2.779, 0.5
2.78, 0.5
2.781, 0.5
2.782, 0.5
2.783, 0.5
2.784, 0.5
2.785, 0.5
2.786, 0.5
2.787, 0.5
2.788, 0.5
2.789, 0.5
2.79, 0.5
2.791, 0.5
2.792, 0.5
2.793, 0.5
2.794, 0.5
2.795, 0.5
2.796, 0.5
2.797, 0.5
2.798, 0.5
2.799, 0.5
2.8, 0.5
2.801, 0.5
2.802, 0.5
2.803, 0.5
2.804, 0.5
2.805, 0.5
2.806, 0.5
2.807, 0.5
2.808, 0.5
2.809, 0.5
2.81, 0.5
2.811, 0.5
2.812, 0.5
2.813, 0.5
2.814, 0.5
2.815, 0.5
2.816, 0.5
2.817, 0.5
2.818, 0.5
2.819, 0.5
2.82, 0.5
2.821, 0.5
2.822, 0.5
2.823, 0.5
2.824, 0.5
2.825, 0.5
2.826, 0.5
2.827, 0.5
2.828, 0.5
2.829, 0.5
2.83, 0.5
2.831, 0.5
2.832, 0.5
2.833, 0.5
2.834, 0.5
2.835, 0.5
2.836, 0.5
2.837, 0.5
2.838, 0.5
2.839, 0.5
2.84, 0.5
2.841, 0.5
2.842, 0.5
2.843, 0.5
2.844, 0.5
2.845, 0.5
2.846, 0.5
2.847, 0.5
2.848, 0.5
2.849, 0.5
2.85, 0.5
2.851, 0.5
2.852, 0.5
2.853, 0.5
2.854, 0.5
2.855, 0.5
2.856, 0.5
2.857, 0.5
2.858, 0.5
2.859, 0.5
2.86, 0.5
2.861, 0.5
2.862, 0.5
2.863, 0.5
2.864, 0.5
2.865, 0.5
2.866, 0.5
2.867, 0.5
2.868, 0.5
2.869, 0.5
2.87, 0.5
2.871, 0.5
2.872, 0.5
2.873, 0.5
2.874, 0.5
2.875, 0.5
2.876, 0.5
2.877, 0.5
2.878, 0.5
2.879, 0.5
2.88, 0.5
2.881, 0.5
2.882, 0.5
2.883, 0.5
2.884, 0.5
2.885, 0.5
2.886, 0.5
2.887, 0.5
2.888, 0.5
2.889, 0.5
2.89, 0.5
2.891, 0.5
2.892, 0.5
2.893, 0.5
2.894, 0.5
2.895, 0.5
2.896, 0.5
2.897, 0.5
2.898, 0.5
2.899, 0.5
2.9, 0.5
2.901, 0.5
2.902, 0.5
2.903, 0.5
2.904, 0.5
2.905, 0.5
2.906, 0.5
2.907, 0.5
2.908, 0.5
2.909, 0.5
2.91, 0.5
2.911, 0.5
2.912, 0.5
2.913, 0.5
2.914, 0.5
2.915, 0.5
2.916, 0.5
2.917, 0.5
2.918, 0.5
2.919, 0.5
2.92, 0.5
2.921, 0.5
2.922, 0.5
2.923, 0.5
2.924, 0.5
2.925, 0.5
2.926, 0.5
2.927, 0.5
2.928, 0.5
2.929, 0.5
2.93, 0.5
2.931, 0.5
2.932, 0.5
2.933, 0.5
2.934, 0.5
2.935, 0.5
2.936, 0.5
2.937, 0.5
2.938, 0.5
2.939, 0.5
2.94, 0.5
2.941, 0.5
2.942, 0.5
2.943, 0.5
2.944, 0.5
2.945, 0.5
2.946, 0.5
2.947, 0.5
2.948, 0.5
2.949, 0.5
2.95, 0.5
2.951, 0.5
2.952, 0.5
2.953, 0.5
2.954, 0.5
2.955, 0.5
2.956, 0.5
2.957, 0.5
2.958, 0.5
2.959, 0.5
2.96, 0.5
2.961, 0.5
2.962, 0.5
2.963, 0.5
2.964, 0.5
2.965, 0.5
2.966, 0.5
2.967, 0.5
2.968, 0.5
2.969, 0.5
2.97, 0.5
2.971, 0.5
2.972, 0.5
2.973, 0.5
2.974, 0.5
2.975, 0.5
2.976, 0.5
2.977, 0.5
2.978, 0.5
2.979, 0.5
2.98, 0.5
2.981, 0.5
2.982, 0.5
2.983, 0.5
2.984, 0.5
2.985, 0.5
2.986, 0.5
2.987, 0.5
2.988, 0.5
2.989, 0.5
2.99, 0.5
2.991, 0.5
2.992, 0.5
2.993, 0.5
2.994, 0.5
2.995, 0.5
2.996, 0.5
2.997, 0.5
2.998, 0.5
2.999, 0.5
3, 0.5
3.001, 0.5
3.002, 0.5
3.003, 0.5
3.004, 0.5
3.005, 0.5
3.006, 0.5
3.007, 0.5
3.008, 0.5
3.009, 0.5
3.01, 0.5
3.011, 0.5
3.012, 0.5
3.013, 0.5
3.014, 0.5
3.015, 0.5
3.016, 0.5
3.017, 0.5
3.018, 0.5
3.019, 0.5
3.02, 0.5
3.021, 0.5
3.022, 0.5
3.023, 0.5
3.024, 0.5
3.025, 0.5
3.026, 0.5
3.027, 0.5
3.028, 0.5
3.029, 0.5
3.03, 0.5
3.031, 0.5
3.032, 0.5
3.033, 0.5
3.034, 0.5
3.035, 0.5
3.036, 0.5
3.037, 0.5
3.038, 0.5
3.039, 0.5
3.04, 0.5
3.041, 0.5
3.042, 0.5
3.043, 0.5
3.044, 0.5
3.045, 0.5
3.046, 0.5
3.047, 0.5
3.048, 0.5
3.049, 0.5
3.05, 0.5
3.051, 0.5
3.052, 0.5
3.053, 0.5
3.054, 0.5
3.055, 0.5
3.056, 0.5
3.057, 0.5
3.058, 0.5
3.059, 0.5
3.06, 0.5
3.061, 0.5
3.062, 0.5
3.063, 0.5
3.064, 0.5
3.065, 0.5
3.066, 0.5
3.067, 0.5
3.068, 0.5
3.069, 0.5
3.07, 0.5
3.071, 0.5
3.072, 0.5
3.073, 0.5
3.074, 0.5
3.075, 0.5
3.076, 0.5
3.077, 0.5
3.078, 0.5
3.079, 0.5
3.08, 0.5
3.081, 0.5
3.082, 0.5
3.083, 0.5
3.084, 0.5
3.085, 0.5
3.086, 0.5
3.087, 0.5
3.088, 0.5
3.089, 0.5
3.09, 0.5
3.091, 0.5
3.092, 0.5
3.093, 0.5
3.094, 0.5
3.095, 0.5
3.096, 0.5
3.097, 0.5
3.098, 0.5
3.099, 0.5
3.1, 0.5
3.101, 0.5
3.102, 0.5
3.103, 0.5
3.104, 0.5
3.105, 0.5
3.106, 0.5
3.107, 0.5
3.108, 0.5
3.109, 0.5
3.11, 0.5
3.111, 0.5
3.112, 0.5
3.113, 0.5
3.114, 0.5
3.115, 0.5
3.116, 0.5
3.117, 0.5
3.118, 0.5
3.119, 0.5
3.12, 0.5
3.121, 0.5
3.122, 0.5
3.123, 0.5
3.124, 0.5
3.125, 0.5
3.126, 0.5
3.127, 0.5
3.128, 0.5
3.129, 0.5
3.13, 0.5
3.131, 0.5
3.132, 0.5
3.133, 0.5
3.134, 0.5
3.135, 0.5
3.136, 0.5
3.137, 0.5
3.138, 0.5
3.139, 0.5
3.14, 0.5
3.141, 0.5
3.142, 0.5
3.143, 0.5
3.144, 0.5
3.145, 0.5
3.146, 0.5
3.147, 0.5
3.148, 0.5
3.149, 0.5
3.15, 0.5
3.151, 0.5
3.152, 0.5
3.153, 0.5
3.154, 0.5
3.155, 0.5
3.156, 0.5
3.157, 0.5
3.158, 0.5
3.159, 0.5
3.16, 0.5
3.161, 0.5
3.162, 0.5
3.163, 0.5
3.164, 0.5
3.165, 0.5
3.166, 0.5
3.167, 0.5
3.168, 0.5
3.169, 0.5
3.17, 0.5
3.171, 0.5
3.172, 0.5
3.173, 0.5
3.174, 0.5
3.175, 0.5
3.176, 0.5
3.177, 0.5
3.178, 0.5
3.179, 0.5
3.18, 0.5
3.181, 0.5
3.182, 0.5
3.183, 0.5
3.184, 0.5
3.185, 0.5
3.186, 0.5
3.187, 0.5
3.188, 0.5
3.189, 0.5
3.19, 0.5
3.191, 0.5
3.192, 0.5
3.193, 0.5
3.194, 0.5
3.195, 0.5
3.196, 0.5
3.197, 0.5
3.198, 0.5
3.199, 0.5
3.2, 0.5
3.201, 0.5
3.202, 0.5
3.203, 0.5
3.204, 0.5
3.205, 0.5
3.206, 0.5
3.207, 0.5
3.208, 0.5
3.209, 0.5
3.21, 0.5
3.211, 0.5
3.212, 0.5
3.213, 0.5
3.214, 0.5
3.215, 0.5
3.216, 0.5
3.217, 0.5
3.218, 0.5
3.219, 0.5
3.22, 0.5
3.221, 0.5
3.222, 0.5
3.223, 0.5
3.224, 0.5
3.225, 0.5
3.226, 0.5
3.227, 0.5
3.228, 0.5
3.229, 0.5
3.23, 0.5
3.231, 0.5
3.232, 0.5
3.233, 0.5
3.234, 0.5
3.235, 0.5
3.236, 0.5
3.237, 0.5
3.238, 0.5
3.239, 0.5
3.24, 0.5
3.241, 0.5
3.242, 0.5
3.243, 0.5
3.244, 0.5
3.245, 0.5
3.246, 0.5
3.247, 0.5
3.248, 0.5
3.249, 0.5
3.25, 0.5
3.251, 0.5
3.252, 0.5
3.253, 0.5
3.254, 0.5
3.255, 0.5
3.256, 0.5
3.257, 0.5
3.258, 0.5
3.259, 0.5
3.26, 0.5
3.261, 0.5
3.262, 0.5
3.263, 0.5
3.264, 0.5
3.265, 0.5
3.266, 0.5
3.267, 0.5
3.268, 0.5
3.269, 0.5
3.27, 0.5
3.271, 0.5
3.272, 0.5
3.273, 0.5
3.274, 0.5
3.275, 0.5
3.276, 0.5
3.277, 0.5
3.278, 0.5
3.279, 0.5
3.28, 0.5
3.281, 0.5
3.282, 0.5
3.283, 0.5
3.284, 0.5
3.285, 0.5
3.286, 0.5
3.287, 0.5
3.288, 0.5
3.289, 0.5
3.29, 0.5
3.291, 0.5
3.292, 0.5
3.293, 0.5
3.294, 0.5
3.295, 0.5
3.296, 0.5
3.297, 0.5
3.298, 0.5
3.299, 0.5
3.3, 0.5
3.301, 0.5
3.302, 0.5
3.303, 0.5
3.304, 0.5
3.305, 0.5
3.306, 0.5
3.307, 0.5
3.308, 0.5
3.309, 0.5
3.31, 0.5
3.311, 0.5
3.312, 0.5
3.313, 0.5
3.314, 0.5
3.315, 0.5
3.316, 0.5
3.317, 0.5
3.318, 0.5
3.319, 0.5
3.32, 0.5
3.321, 0.5
3.322, 0.5
3.323, 0.5
3.324, 0.5
3.325, 0.5
3.326, 0.5
3.327, 0.5
3.328, 0.5
3.329, 0.5
3.33, 0.5
3.331, 0.5
3.332, 0.5
3.333, 0.5
3.334, 0.5
3.335, 0.5
3.336, 0.5
3.337, 0.5
3.338, 0.5
3.339, 0.5
3.34, 0.5
3.341, 0.5
3.342, 0.5
3.343, 0.5
3.344, 0.5
3.345, 0.5
3.346, 0.5
3.347, 0.5
3.348, 0.5
3.349, 0.5
3.35, 0.5
3.351, 0.5
3.352, 0.5
3.353, 0.5
3.354, 0.5
3.355, 0.5
3.356, 0.5
3.357, 0.5
3.358, 0.5
3.359, 0.5
3.36, 0.5
3.361, 0.5
3.362, 0.5
3.363, 0.5
3.364, 0.5
3.365, 0.5
3.366, 0.5
3.367, 0.5
3.368, 0.5
3.369, 0.5
3.37, 0.5
3.371, 0.5
3.372, 0.5
3.373, 0.5
3.374, 0.5
3.375, 0.5
3.376, 0.5
3.377, 0.5
3.378, 0.5
3.379, 0.5
3.38, 0.5
3.381, 0.5
3.382, 0.5
3.383, 0.5
3.384, 0.5
3.385, 0.5
3.386, 0.5
3.387, 0.5
3.388, 0.5
3.389, 0.5
3.39, 0.5
3.391, 0.5
3.392, 0.5
3.393, 0.5
3.394, 0.5
3.395, 0.5
3.396, 0.5
3.397, 0.5
3.398, 0.5
3.399, 0.5
3.4, 0.5
3.401, 0.5
3.402, 0.5
3.403, 0.5
3.404, 0.5
3.405, 0.5
3.406, 0.5
3.407, 0.5
3.408, 0.5
3.409, 0.5
3.41, 0.5
3.411, 0.5
3.412, 0.5
3.413, 0.5
3.414, 0.5
3.415, 0.5
3.416, 0.5
3.417, 0.5
3.418, 0.5
3.419, 0.5
3.42, 0.5
3.421, 0.5
3.422, 0.5
3.423, 0.5
3.424, 0.5
3.425, 0.5
3.426, 0.5
3.427, 0.5
3.428, 0.5
3.429, 0.5
3.43, 0.5
3.431, 0.5
3.432, 0.5
3.433, 0.5
3.434, 0.5
3.435, 0.5
3.436, 0.5
3.437, 0.5
3.438, 0.5
3.439, 0.5
3.44, 0.5
3.441, 0.5
3.442, 0.5
3.443, 0.5
3.444, 0.5
3.445, 0.5
3.446, 0.5
3.447, 0.5
3.448, 0.5
3.449, 0.5
3.45, 0.5
3.451, 0.5
3.452, 0.5
3.453, 0.5
3.454, 0.5
3.455, 0.5
3.456, 0.5
3.457, 0.5
3.458, 0.5
3.459, 0.5
3.46, 0.5
3.461, 0.5
3.462, 0.5
3.463, 0.5
3.464, 0.5
3.465, 0.5
3.466, 0.5
3.467, 0.5
3.468, 0.5
3.469, 0.5
3.47, 0.5
3.471, 0.5
3.472, 0.5
3.473, 0.5
3.474, 0.5
3.475, 0.5
3.476, 0.5
3.477, 0.5
3.478, 0.5
3.479, 0.5
3.48, 0.5
3.481, 0.5
3.482, 0.5
3.483, 0.5
3.484, 0.5
3.485, 0.5
3.486, 0.5
3.487, 0.5
3.488, 0.5
3.489, 0.5
3.49, 0.5
3.491, 0.5
3.492, 0.5
3.493, 0.5
3.494, 0.5
3.495, 0.5
3.496, 0.5
3.497, 0.5
3.498, 0.5
3.499, 0.5
3.5, 0.5
3.501, 0.5
3.502, 0.5
3.503, 0.5
3.504, 0.5
3.505, 0.5
3.506, 0.5
3.507, 0.5
3.508, 0.5
3.509, 0.5
3.51, 0.5
3.511, 0.5
3.512, 0.5
3.513, 0.5
3.514, 0.5
3.515, 0.5
3.516, 0.5
3.517, 0.5
3.518, 0.5
3.519, 0.5
3.52, 0.5
3.521, 0.5
3.522, 0.5
3.523, 0.5
3.524, 0.5
3.525, 0.5
3.526, 0.5
3.527, 0.5
3.528, 0.5
3.529, 0.5
3.53, 0.5
3.531, 0.5
3.532, 0.5
3.533, 0.5
3.534, 0.5
3.535, 0.5
3.536, 0.5
3.537, 0.5
3.538, 0.5
3.539, 0.5
3.54, 0.5
3.541, 0.5
3.542, 0.5
3.543, 0.5
3.544, 0.5
3.545, 0.5
3.546, 0.5
3.547, 0.5
3.548, 0.5
3.549, 0.5
3.55, 0.5
3.551, 0.5
3.552, 0.5
3.553, 0.5
3.554, 0.5
3.555, 0.5
3.556, 0.5
3.557, 0.5
3.558, 0.5
3.559, 0.5
3.56, 0.5
3.561, 0.5
3.562, 0.5
3.563, 0.5
3.564, 0.5
3.565, 0.5
3.566, 0.5
3.567, 0.5
3.568, 0.5
3.569, 0.5
3.57, 0.5
3.571, 0.5
3.572, 0.5
3.573, 0.5
3.574, 0.5
3.575, 0.5
3.576, 0.5
3.577, 0.5
3.578, 0.5
3.579, 0.5
3.58, 0.5
3.581, 0.5
3.582, 0.5
3.583, 0.5
3.584, 0.5
3.585, 0.5
3.586, 0.5
3.587, 0.5
3.588, 0.5
3.589, 0.5
3.59, 0.5
3.591, 0.5
3.592, 0.5
3.593, 0.5
3.594, 0.5
3.595, 0.5
3.596, 0.5
3.597, 0.5
3.598, 0.5
3.599, 0.5
3.6, 0.5
3.601, 0.5
3.602, 0.5
3.603, 0.5
3.604, 0.5
3.605, 0.5
3.606, 0.5
3.607, 0.5
3.608, 0.5
3.609, 0.5
3.61, 0.5
3.611, 0.5
3.612, 0.5
3.613, 0.5
3.614, 0.5
3.615, 0.5
3.616, 0.5
3.617, 0.5
3.618, 0.5
3.619, 0.5
3.62, 0.5
3.621, 0.5
3.622, 0.5
3.623, 0.5
3.624, 0.5
3.625, 0.5
3.626, 0.5
3.627, 0.5
3.628, 0.5
3.629, 0.5
3.63, 0.5
3.631, 0.5
3.632, 0.5
3.633, 0.5
3.634, 0.5
3.635, 0.5
3.636, 0.5
3.637, 0.5
3.638, 0.5
3.639, 0.5
3.64, 0.5
3.641, 0.5
3.642, 0.5
3.643, 0.5
3.644, 0.5
3.645, 0.5
3.646, 0.5
3.647, 0.5
3.648, 0.5
3.649, 0.5
3.65, 0.5
3.651, 0.5
3.652, 0.5
3.653, 0.5
3.654, 0.5
3.655, 0.5
3.656, 0.5
3.657, 0.5
3.658, 0.5
3.659, 0.5
3.66, 0.5
3.661, 0.5
3.662, 0.5
3.663, 0.5
3.664, 0.5
3.665, 0.5
3.666, 0.5
3.667, 0.5
3.668, 0.5
3.669, 0.5
3.67, 0.5
3.671, 0.5
3.672, 0.5
3.673, 0.5
3.674, 0.5
3.675, 0.5
3.676, 0.5
3.677, 0.5
3.678, 0.5
3.679, 0.5
3.68, 0.5
3.681, 0.5
3.682, 0.5
3.683, 0.5
3.684, 0.5
3.685, 0.5
3.686, 0.5
3.687, 0.5
3.688, 0.5
3.689, 0.5
3.69, 0.5
3.691, 0.5
3.692, 0.5
3.693, 0.5
3.694, 0.5
3.695, 0.5
3.696, 0.5
3.697, 0.5
3.698, 0.5
3.699, 0.5
3.7, 0.5
3.701, 0.5
3.702, 0.5
3.703, 0.5
3.704, 0.5
3.705, 0.5
3.706, 0.5
3.707, 0.5
3.708, 0.5
3.709, 0.5
3.71, 0.5
3.711, 0.5
3.712, 0.5
3.713, 0.5
3.714, 0.5
3.715, 0.5
3.716, 0.5
3.717, 0.5
3.718, 0.5
3.719, 0.5
3.72, 0.5
3.721, 0.5
3.722, 0.5
3.723, 0.5
3.724, 0.5
3.725, 0.5
3.726, 0.5
3.727, 0.5
3.728, 0.5
3.729, 0.5
3.73, 0.5
3.731, 0.5
3.732, 0.5
3.733, 0.5
3.734, 0.5
3.735, 0.5
3.736, 0.5
3.737, 0.5
3.738, 0.5
3.739, 0.5
3.74, 0.5
3.741, 0.5
3.742, 0.5
3.743, 0.5
3.744, 0.5
3.745, 0.5
3.746, 0.5
3.747, 0.5
3.748, 0.5
3.749, 0.5
3.75, 0.5
3.751, 0.5
3.752, 0.5
3.753, 0.5
3.754, 0.5
3.755, 0.5
3.756, 0.5
3.757, 0.5
3.758, 0.5
3.759, 0.5
3.76, 0.5
3.761, 0.5
3.762, 0.5
3.763, 0.5
3.764, 0.5
3.765, 0.5
3.766, 0.5
3.767, 0.5
3.768, 0.5
3.769, 0.5
3.77, 0.5
3.771, 0.5
3.772, 0.5
3.773, 0.5
3.774, 0.5
3.775, 0.5
3.776, 0.5
3.777, 0.5
3.778, 0.5
3.779, 0.5
3.78, 0.5
3.781, 0.5
3.782, 0.5
3.783, 0.5
3.784, 0.5
3.785, 0.5
3.786, 0.5
3.787, 0.5
3.788, 0.5
3.789, 0.5
3.79, 0.5
3.791, 0.5
3.792, 0.5
3.793, 0.5
3.794, 0.5
3.795, 0.5
3.796, 0.5
3.797, 0.5
3.798, 0.5
3.799, 0.5
3.8, 0.5
3.801, 0.5
3.802, 0.5
3.803, 0.5
3.804, 0.5
3.805, 0.5
3.806, 0.5
3.807, 0.5
3.808, 0.5
3.809, 0.5
3.81, 0.5
3.811, 0.5
3.812, 0.5
3.813, 0.5
3.814, 0.5
3.815, 0.5
3.816, 0.5
3.817, 0.5
3.818, 0.5
3.819, 0.5
3.82, 0.5
3.821, 0.5
3.822, 0.5
3.823, 0.5
3.824, 0.5
3.825, 0.5
3.826, 0.5
3.827, 0.5
3.828, 0.5
3.829, 0.5
3.83, 0.5
3.831, 0.5
3.832, 0.5
3.833, 0.5
3.834, 0.5
3.835, 0.5
3.836, 0.5
3.837, 0.5
3.838, 0.5
3.839, 0.5
3.84, 0.5
3.841, 0.5
3.842, 0.5
3.843, 0.5
3.844, 0.5
3.845, 0.5
3.846, 0.5
3.847, 0.5
3.848, 0.5
3.849, 0.5
3.85, 0.5
3.851, 0.5
3.852, 0.5
3.853, 0.5
3.854, 0.5
3.855, 0.5
3.856, 0.5
3.857, 0.5
3.858, 0.5
3.859, 0.5
3.86, 0.5
3.861, 0.5
3.862, 0.5
3.863, 0.5
3.864, 0.5
3.865, 0.5
3.866, 0.5
3.867, 0.5
3.868, 0.5
3.869, 0.5
3.87, 0.5
3.871, 0.5
3.872, 0.5
3.873, 0.5
3.874, 0.5
3.875, 0.5
3.876, 0.5
3.877, 0.5
3.878, 0.5
3.879, 0.5
3.88, 0.5
3.881, 0.5
3.882, 0.5
3.883, 0.5
3.884, 0.5
3.885, 0.5
3.886, 0.5
3.887, 0.5
3.888, 0.5
3.889, 0.5
3.89, 0.5
3.891, 0.5
3.892, 0.5
3.893, 0.5
3.894, 0.5
3.895, 0.5
3.896, 0.5
3.897, 0.5
3.898, 0.5
3.899, 0.5
3.9, 0.5
3.901, 0.5
3.902, 0.5
3.903, 0.5
3.904, 0.5
3.905, 0.5
3.906, 0.5
3.907, 0.5
3.908, 0.5
3.909, 0.5
3.91, 0.5
3.911, 0.5
3.912, 0.5
3.913, 0.5
3.914, 0.5
3.915, 0.5
3.916, 0.5
3.917, 0.5
3.918, 0.5
3.919, 0.5
3.92, 0.5
3.921, 0.5
3.922, 0.5
3.923, 0.5
3.924, 0.5
3.925, 0.5
3.926, 0.5
3.927, 0.5
3.928, 0.5
3.929, 0.5
3.93, 0.5
3.931, 0.5
3.932, 0.5
3.933, 0.5
3.934, 0.5
3.935, 0.5
3.936, 0.5
3.937, 0.5
3.938, 0.5
3.939, 0.5
3.94, 0.5
3.941, 0.5
3.942, 0.5
3.943, 0.5
3.944, 0.5
3.945, 0.5
3.946, 0.5
3.947, 0.5
3.948, 0.5
3.949, 0.5
3.95, 0.5
3.951, 0.5
3.952, 0.5
3.953, 0.5
3.954, 0.5
3.955, 0.5
3.956, 0.5
3.957, 0.5
3.958, 0.5
3.959, 0.5
3.96, 0.5
3.961, 0.5
3.962, 0.5
3.963, 0.5
3.964, 0.5
3.965, 0.5
3.966, 0.5
3.967, 0.5
3.968, 0.5
3.969, 0.5
3.97, 0.5
3.971, 0.5
3.972, 0.5
3.973, 0.5
3.974, 0.5
3.975, 0.5
3.976, 0.5
3.977, 0.5
3.978, 0.5
3.979, 0.5
3.98, 0.5
3.981, 0.5
3.982, 0.5
3.983, 0.5
3.984, 0.5
3.985, 0.5
3.986, 0.5
3.987, 0.5
3.988, 0.5
3.989, 0.5
3.99, 0.5
3.991, 0.5
3.992, 0.5
3.993, 0.5
3.994, 0.5
3.995, 0.5
3.996, 0.5
3.997, 0.5
3.998, 0.5
3.999, 0.5
4, 0.5
4.001, 0.5
4.002, 0.5
4.003, 0.5
4.004, 0.5
4.005, 0.5
4.006, 0.5
4.007, 0.5
4.008, 0.5
4.009, 0.5
4.01, 0.5
4.011, 0.5
4.012, 0.5
4.013, 0.5
4.014, 0.5
4.015, 0.5
4.016, 0.5
4.017, 0.5
4.018, 0.5
4.019, 0.5
4.02, 0.5
4.021, 0.5
4.022, 0.5
4.023, 0.5
4.024, 0.5
4.025, 0.5
4.026, 0.5
4.027, 0.5
4.028, 0.5
4.029, 0.5
4.03, 0.5
4.031, 0.5
4.032, 0.5
4.033, 0.5
4.034, 0.5
4.035, 0.5
4.036, 0.5
4.037, 0.5
4.038, 0.5
4.039, 0.5
4.04, 0.5
4.041, 0.5
4.042, 0.5
4.043, 0.5
4.044, 0.5
4.045, 0.5
4.046, 0.5
4.047, 0.5
4.048, 0.5
4.049, 0.5
4.05, 0.5
4.051, 0.5
4.052, 0.5
4.053, 0.5
4.054, 0.5
4.055, 0.5
4.056, 0.5
4.057, 0.5
4.058, 0.5
4.059, 0.5
4.06, 0.5
4.061, 0.5
4.062, 0.5
4.063, 0.5
4.064, 0.5
4.065, 0.5
4.066, 0.5
4.067, 0.5
4.068, 0.5
4.069, 0.5
4.07, 0.5
4.071, 0.5
4.072, 0.5
4.073, 0.5
4.074, 0.5
4.075, 0.5
4.076, 0.5
4.077, 0.5
4.078, 0.5
4.079, 0.5
4.08, 0.5
4.081, 0.5
4.082, 0.5
4.083, 0.5
4.084, 0.5
4.085, 0.5
4.086, 0.5
4.087, 0.5
4.088, 0.5
4.089, 0.5
4.09, 0.5
4.091, 0.5
4.092, 0.5
4.093, 0.5
4.094, 0.5
4.095, 0.5
4.096, 0.5
4.097, 0.5
4.098, 0.5
4.099, 0.5
4.1, 0.5
4.101, 0.5
4.102, 0.5
4.103, 0.5
4.104, 0.5
4.105, 0.5
4.106, 0.5
4.107, 0.5
4.108, 0.5
4.109, 0.5
4.11, 0.5
4.111, 0.5
4.112, 0.5
4.113, 0.5
4.114, 0.5
4.115, 0.5
4.116, 0.5
4.117, 0.5
4.118, 0.5
4.119, 0.5
4.12, 0.5
4.121, 0.5
4.122, 0.5
4.123, 0.5
4.124, 0.5
4.125, 0.5
4.126, 0.5
4.127, 0.5
4.128, 0.5
4.129, 0.5
4.13, 0.5
4.131, 0.5
4.132, 0.5
4.133, 0.5
4.134, 0.5
4.135, 0.5
4.136, 0.5
4.137, 0.5
4.138, 0.5
4.139, 0.5
4.14, 0.5
4.141, 0.5
4.142, 0.5
4.143, 0.5
4.144, 0.5
4.145, 0.5
4.146, 0.5
4.147, 0.5
4.148, 0.5
4.149, 0.5
4.15, 0.5
4.151, 0.5
4.152, 0.5
4.153, 0.5
4.154, 0.5
4.155, 0.5
4.156, 0.5
4.157, 0.5
4.158, 0.5
4.159, 0.5
4.16, 0.5
4.161, 0.5
4.162, 0.5
4.163, 0.5
4.164, 0.5
4.165, 0.5
4.166, 0.5
4.167, 0.5
4.168, 0.5
4.169, 0.5
4.17, 0.5
4.171, 0.5
4.172, 0.5
4.173, 0.5
4.174, 0.5
4.175, 0.5
4.176, 0.5
4.177, 0.5
4.178, 0.5
4.179, 0.5
4.18, 0.5
4.181, 0.5
4.182, 0.5
4.183, 0.5
4.184, 0.5
4.185, 0.5
4.186, 0.5
4.187, 0.5
4.188, 0.5
4.189, 0.5
4.19, 0.5
4.191, 0.5
4.192, 0.5
4.193, 0.5
4.194, 0.5
4.195, 0.5
4.196, 0.5
4.197, 0.5
4.198, 0.5
4.199, 0.5
4.2, 0.5
4.201, 0.5
4.202, 0.5
4.203, 0.5
4.204, 0.5
4.205, 0.5
4.206, 0.5
4.207, 0.5
4.208, 0.5
4.209, 0.5
4.21, 0.5
4.211, 0.5
4.212, 0.5
4.213, 0.5
