sim_time, unit_box_Custom?world_angular_velocity/x
0.001, -3.97404e-15
0.002, 4.51652e-16
0.003, -1.41532e-17
0.004, -1.54414e-17
0.005, -1.67296e-17
0.006, -1.06116e-17
0.007, -1.36762e-17
0.008, -1.36321e-17
0.009, -1.22558e-17
0.01, -1.26559e-17
0.011, -6.83868e-18
0.012, -1.70087e-17
0.013, -1.57079e-17
0.014, -1.16671e-17
0.015, -1.1179e-17
0.016, -1.69081e-17
0.017, -1.19791e-17
0.018, -1.68201e-17
0.019, -1.18911e-17
0.02, -1.6732e-17
0.021, -1.22471e-17
0.022, -1.61998e-17
0.023, -1.03826e-17
0.024, -1.43354e-17
0.025, -1.47355e-17
0.026, -1.57228e-17
0.027, -1.47905e-17
0.028, -1.03056e-17
0.029, -1.02616e-17
0.03, -1.52457e-17
0.031, -1.6534e-17
0.032, -1.11608e-17
0.033, -1.51135e-17
0.034, -1.2405e-17
0.035, -1.72459e-17
0.036, -1.00965e-17
0.037, -1.58256e-17
0.038, -1.97783e-17
0.039, -1.18839e-17
0.04, -1.27281e-17
0.041, -1.04636e-17
0.042, -1.17518e-17
0.043, -1.89564e-17
0.044, -1.80242e-17
0.045, -9.54245e-18
0.046, -9.05433e-18
0.047, -1.62589e-17
0.048, -1.35504e-17
0.049, -1.21741e-17
0.05, -1.96795e-17
0.051, -1.07537e-17
0.052, -1.33742e-17
0.053, -1.4738e-17
0.054, -1.33617e-17
0.055, -1.28736e-17
0.056, -1.60137e-17
0.057, -9.30829e-18
0.058, -1.41492e-17
0.059, -1.46248e-17
0.06, -1.65003e-17
0.061, -9.93817e-18
0.062, -1.34469e-17
0.063, -1.47351e-17
0.064, -1.4691e-17
0.065, -1.03493e-17
0.066, -1.52658e-17
0.067, -1.21131e-17
0.068, -1.08123e-17
0.069, -9.13519e-18
0.07, -1.39762e-17
0.071, -1.58517e-17
0.072, -1.36628e-17
0.073, -1.71714e-17
0.074, -1.14298e-17
0.075, -1.86344e-17
0.076, -1.32612e-17
0.077, -1.05527e-17
0.078, -1.18409e-17
0.079, -1.68252e-17
0.08, -1.0263e-17
0.081, -1.2515e-17
0.082, -1.15828e-17
0.083, -2.04205e-17
0.084, -1.11261e-17
0.085, -1.37466e-17
0.086, -1.45908e-17
0.087, -1.41782e-17
0.088, -1.19137e-17
0.089, -1.27578e-17
0.09, -8.79253e-18
0.091, -2.07389e-17
0.092, -1.22572e-17
0.093, -1.4065e-17
0.094, -1.10557e-17
0.095, -1.6928e-17
0.096, -1.06667e-17
0.097, -1.63958e-17
0.098, -1.45754e-17
0.099, -1.60069e-17
0.1, -1.11534e-17
0.101, -1.96226e-17
0.102, -1.24732e-17
0.103, -1.10969e-17
0.104, -2.1711e-17
0.105, -1.50055e-17
0.106, -1.49615e-17
0.107, -1.49175e-17
0.108, -1.22089e-17
0.109, -1.83821e-17
0.11, -9.01222e-18
0.111, -8.96817e-18
0.112, -1.15887e-17
0.113, -1.99823e-17
0.114, -1.15006e-17
0.115, -1.63415e-17
0.116, -8.74798e-18
0.117, -1.53653e-17
0.118, -1.31008e-17
0.119, -9.05996e-18
0.12, -1.16805e-17
0.121, -1.74096e-17
0.122, -1.4701e-17
0.123, -1.15483e-17
0.124, -1.32807e-17
0.125, -1.27926e-17
0.126, -1.31926e-17
0.127, -1.44809e-17
0.128, -1.48809e-17
0.129, -1.57251e-17
0.13, -1.30165e-17
0.131, -1.16402e-17
0.132, -1.47048e-17
0.133, -1.06639e-17
0.134, -1.46167e-17
0.135, -1.1464e-17
0.136, -1.49727e-17
0.137, -9.59958e-18
0.138, -8.22329e-18
0.139, -1.61729e-17
0.14, -1.25761e-17
0.141, -1.51966e-17
0.142, -1.82612e-17
0.143, -1.33322e-17
0.144, -1.06236e-17
0.145, -1.41323e-17
0.146, -1.36442e-17
0.147, -1.40442e-17
0.148, -1.17797e-17
0.149, -1.52884e-17
0.15, -1.25798e-17
0.151, -8.53899e-18
0.152, -2.00688e-17
0.153, -1.06989e-17
0.154, -1.5984e-17
0.155, -2.06356e-17
0.156, -1.12656e-17
0.157, -1.56625e-17
0.158, -1.69783e-17
0.159, -1.42697e-17
0.16, -1.64461e-17
0.161, -1.17718e-17
0.162, -1.43923e-17
0.163, -1.34601e-17
0.164, -1.522e-17
0.165, -1.56201e-17
0.166, -1.15793e-17
0.167, -1.22341e-17
0.168, -1.26341e-17
0.169, -8.14919e-18
0.17, -1.2546e-17
0.171, -1.09804e-17
0.172, -1.31846e-17
0.173, -1.40562e-17
0.174, -1.09036e-17
0.175, -1.17477e-17
0.176, -1.48124e-17
0.177, -1.65722e-17
0.178, -1.54507e-17
0.179, -1.61054e-17
0.18, -9.84414e-18
0.181, -1.60173e-17
0.182, -1.33088e-17
0.183, -1.08549e-17
0.184, -1.97204e-17
0.185, -1.21544e-17
0.186, -1.74394e-17
0.187, -1.07619e-17
0.188, -1.25218e-17
0.189, -1.33659e-17
0.19, -1.77903e-17
0.191, -1.68856e-17
0.192, -9.73616e-18
0.193, -1.06081e-17
0.194, -1.50327e-17
0.195, -1.32123e-17
0.196, -1.4084e-17
0.197, -1.31796e-17
0.198, -1.22473e-17
0.199, -1.62276e-17
0.2, -1.26586e-17
0.201, -9.95009e-18
0.202, -1.61233e-17
0.203, -1.65234e-17
0.204, -1.55912e-17
0.205, -1.42148e-17
0.206, -1.28386e-17
0.207, -1.41268e-17
0.208, -1.31946e-17
0.209, -9.15375e-18
0.21, -1.48829e-17
0.211, -1.35066e-17
0.212, -1.39067e-17
0.213, -1.51949e-17
0.214, -1.29304e-17
0.215, -1.24423e-17
0.216, -1.28423e-17
0.217, -1.32424e-17
0.218, -1.36425e-17
0.219, -1.31543e-17
0.22, -1.1778e-17
0.221, -1.92835e-17
0.222, -1.83513e-17
0.223, -1.25341e-17
0.224, -1.42664e-17
0.225, -1.46665e-17
0.226, -1.59547e-17
0.227, -1.10257e-17
0.228, -1.2758e-17
0.229, -1.09377e-17
0.23, -1.48904e-17
0.231, -1.52905e-17
0.232, -1.3026e-17
0.233, -1.3426e-17
0.234, -1.11616e-17
0.235, -1.68907e-17
0.236, -1.68467e-17
0.237, -1.63585e-17
0.238, -1.18736e-17
0.239, -1.84909e-17
0.24, -1.26737e-17
0.241, -9.52102e-18
0.242, -1.39179e-17
0.243, -1.4762e-17
0.244, -1.78266e-17
0.245, -1.55621e-17
0.246, -1.37417e-17
0.247, -1.05891e-17
0.248, -1.543e-17
0.249, -1.93827e-17
0.25, -1.0901e-17
0.251, -1.39656e-17
0.252, -1.34774e-17
0.253, -9.4366e-18
0.254, -9.39256e-18
0.255, -1.11249e-17
0.256, -1.50776e-17
0.257, -1.59218e-17
0.258, -1.63219e-17
0.259, -4.28742e-18
0.26, -1.75661e-17
0.261, -1.17489e-17
0.262, -1.61458e-17
0.263, -1.03286e-17
0.264, -1.38372e-17
0.265, -1.24609e-17
0.266, -1.2861e-17
0.267, -1.68137e-17
0.268, -1.58815e-17
0.269, -1.71697e-17
0.27, -1.00202e-17
0.271, -1.44171e-17
0.272, -1.25967e-17
0.273, -1.16645e-17
0.274, -1.87259e-17
0.275, -1.95701e-17
0.276, -7.97975e-18
0.277, -1.32648e-17
0.278, -1.58853e-17
0.279, -1.76176e-17
0.28, -1.18004e-17
0.281, -1.84177e-17
0.282, -1.17124e-17
0.283, -1.47769e-17
0.284, -1.16243e-17
0.285, -1.5577e-17
0.286, -1.46448e-17
0.287, -9.71582e-18
0.288, -1.36686e-17
0.289, -1.40687e-17
0.29, -1.44687e-17
0.291, -1.17601e-17
0.292, -1.43806e-17
0.293, -1.6113e-17
0.294, -1.1628e-17
0.295, -1.6469e-17
0.296, -1.50927e-17
0.297, -1.37164e-17
0.298, -9.23146e-18
0.299, -1.76251e-17
0.3, -1.26961e-17
0.301, -1.17639e-17
0.302, -2.10457e-17
0.303, -1.2564e-17
0.304, -1.29641e-17
0.305, -1.33641e-17
0.306, -1.73169e-17
0.307, -1.23879e-17
0.308, -1.50084e-17
0.309, -1.05234e-17
0.31, -1.3588e-17
0.311, -1.13236e-17
0.312, -1.79409e-17
0.313, -1.47882e-17
0.314, -1.47442e-17
0.315, -1.4256e-17
0.316, -1.19916e-17
0.317, -1.77207e-17
0.318, -1.50121e-17
0.319, -1.36359e-17
0.32, -1.31477e-17
0.321, -1.488e-17
0.322, -1.39478e-17
0.323, -1.39037e-17
0.324, -1.0751e-17
0.325, -1.33715e-17
0.326, -1.64361e-17
0.327, -1.41717e-17
0.328, -1.32394e-17
0.329, -1.45277e-17
0.33, -1.31513e-17
0.331, -1.04428e-17
0.332, -1.6616e-17
0.333, -1.70161e-17
0.334, -1.38635e-17
0.335, -1.47075e-17
0.336, -1.33313e-17
0.337, -1.59518e-17
0.338, -1.94604e-17
0.339, -1.00906e-17
0.34, -1.35992e-17
0.341, -1.66638e-17
0.342, -9.07027e-18
0.343, -1.16908e-17
0.344, -1.51995e-17
0.345, -1.07146e-17
0.346, -1.64437e-17
0.347, -1.28469e-17
0.348, -1.72438e-17
0.349, -1.54234e-17
0.35, -1.22707e-17
0.351, -1.31149e-17
0.352, -1.12945e-17
0.353, -1.54847e-17
0.354, -1.20808e-17
0.355, -1.51454e-17
0.356, -1.37691e-17
0.357, -1.41691e-17
0.358, -8.10059e-18
0.359, -1.762e-17
0.36, -1.19955e-17
0.361, -1.86129e-17
0.362, -1.59043e-17
0.363, -1.76366e-17
0.364, -1.46767e-17
0.365, -1.39821e-17
0.366, -1.27985e-17
0.367, -9.64586e-18
0.368, -1.18223e-17
0.369, -1.88837e-17
0.37, -1.1927e-17
0.371, -1.30087e-17
0.372, -1.49338e-17
0.373, -1.53338e-17
0.374, -1.21812e-17
0.375, -1.1249e-17
0.376, -1.8503e-17
0.377, -1.20348e-17
0.378, -1.48481e-17
0.379, -9.0309e-18
0.38, -1.476e-17
0.381, -1.24955e-17
0.382, -1.35324e-17
0.383, -1.77226e-17
0.384, -9.87776e-18
0.385, -1.42746e-17
0.386, -1.28983e-17
0.387, -1.32984e-17
0.388, -1.47794e-17
0.389, -1.23084e-17
0.39, -1.73421e-17
0.391, -1.37454e-17
0.392, -1.7254e-17
0.393, -1.47382e-17
0.394, -1.46942e-17
0.395, -1.46501e-17
0.396, -1.61759e-17
0.397, -1.03587e-17
0.398, -1.91965e-17
0.399, -1.4505e-17
0.4, -1.49051e-17
0.401, -1.21965e-17
0.402, -1.57052e-17
0.403, -1.03321e-17
0.404, -1.07321e-17
0.405, -1.06881e-17
0.406, -1.86376e-17
0.407, -1.23764e-17
0.408, -1.49968e-17
0.409, -1.22883e-17
0.41, -1.35765e-17
0.411, -9.53573e-18
0.412, -1.52649e-17
0.413, -1.78854e-17
0.414, -1.42886e-17
0.415, -9.80368e-18
0.416, -1.46446e-17
0.417, -1.32683e-17
0.418, -1.14479e-17
0.419, -1.89534e-17
0.42, -1.80212e-17
0.421, -1.08717e-17
0.422, -9.49541e-18
0.423, -1.56686e-17
0.424, -2.13977e-17
0.425, -1.06955e-17
0.426, -1.50924e-17
0.427, -1.23838e-17
0.428, -1.23398e-17
0.429, -1.22957e-17
0.43, -1.22517e-17
0.431, -1.3984e-17
0.432, -1.26077e-17
0.433, -1.07873e-17
0.434, -1.82928e-17
0.435, -1.82488e-17
0.436, -1.55402e-17
0.437, -1.14994e-17
0.438, -1.18994e-17
0.439, -1.18554e-17
0.44, -1.26995e-17
0.441, -1.13232e-17
0.442, -1.74964e-17
0.443, -1.47879e-17
0.444, -9.85888e-18
0.445, -1.51439e-17
0.446, -1.82085e-17
0.447, -6.17405e-18
0.448, -1.19032e-17
0.449, -1.71883e-17
0.45, -1.04829e-17
0.451, -1.35475e-17
0.452, -1.48357e-17
0.453, -1.03508e-17
0.454, -1.51918e-17
0.455, -1.42596e-17
0.456, -1.42155e-17
0.457, -1.23951e-17
0.458, -1.36834e-17
0.459, -1.31953e-17
0.46, -1.62599e-17
0.461, -1.44395e-17
0.462, -1.83923e-17
0.463, -1.65719e-17
0.464, -1.03106e-17
0.465, -1.60397e-17
0.466, -1.42193e-17
0.467, -1.10667e-17
0.468, -1.50194e-17
0.469, -1.2755e-17
0.47, -1.09346e-17
0.471, -1.71078e-17
0.472, -1.04025e-17
0.473, -1.03584e-17
0.474, -1.51994e-17
0.475, -1.02704e-17
0.476, -1.37791e-17
0.477, -1.72877e-17
0.478, -1.32469e-17
0.479, -1.18706e-17
0.48, -1.8932e-17
0.481, -1.62234e-17
0.482, -5.07718e-18
0.483, -1.70236e-17
0.484, -1.4315e-17
0.485, -1.29387e-17
0.486, -8.89788e-18
0.487, -1.37388e-17
0.488, -9.69798e-18
0.489, -1.36508e-17
0.49, -1.18304e-17
0.491, -1.75595e-17
0.492, -1.21863e-17
0.493, -1.48068e-17
0.494, -1.0766e-17
0.495, -1.47187e-17
0.496, -1.77833e-17
0.497, -1.01898e-17
0.498, -1.28103e-17
0.499, -1.76512e-17
0.5, -1.44986e-17
0.501, -1.48986e-17
0.502, -1.219e-17
0.503, -1.17019e-17
0.504, -1.2102e-17
0.505, -1.20579e-17
0.506, -1.29021e-17
0.507, -1.15258e-17
0.508, -1.90313e-17
0.509, -1.49904e-17
0.51, -1.18378e-17
0.511, -1.26819e-17
0.512, -1.3526e-17
0.513, -1.48143e-17
0.514, -1.65466e-17
0.515, -1.3838e-17
0.516, -1.06854e-17
0.517, -1.01972e-17
0.518, -1.19296e-17
0.519, -1.58823e-17
0.52, -9.17697e-18
0.521, -8.24478e-18
0.522, -1.88589e-17
0.523, -8.15673e-18
0.524, -1.21095e-17
0.525, -1.33978e-17
0.526, -1.06892e-17
0.527, -1.55301e-17
0.528, -1.85947e-17
0.529, -1.23333e-17
0.53, -1.40657e-17
0.531, -1.5798e-17
0.532, -1.88626e-17
0.533, -1.34894e-17
0.534, -9.00453e-18
0.535, -1.47337e-17
0.536, -1.55777e-17
0.537, -1.42014e-17
0.538, -1.50456e-17
0.539, -1.7222e-17
0.54, -1.2737e-17
0.541, -1.13607e-17
0.542, -1.62017e-17
0.543, -1.12727e-17
0.544, -1.789e-17
0.545, -1.20727e-17
0.546, -1.3361e-17
0.547, -7.54384e-18
0.548, -1.50493e-17
0.549, -1.8558e-17
0.55, -9.18813e-18
0.551, -1.3585e-17
0.552, -1.66496e-17
0.553, -1.34969e-17
0.554, -1.30088e-17
0.555, -1.07443e-17
0.556, -1.60294e-17
0.557, -1.19885e-17
0.558, -1.68294e-17
0.559, -1.5009e-17
0.56, -1.62972e-17
0.561, -1.09241e-17
0.562, -1.53209e-17
0.563, -1.26124e-17
0.564, -1.5677e-17
0.565, -1.56329e-17
0.566, -1.47007e-17
0.567, -1.33244e-17
0.568, -1.50567e-17
0.569, -1.81213e-17
0.57, -1.27482e-17
0.571, -1.1816e-17
0.572, -2.28741e-17
0.573, -1.48365e-17
0.574, -1.34602e-17
0.575, -8.97528e-18
0.576, -1.47044e-17
0.577, -1.33281e-17
0.578, -1.50604e-17
0.579, -1.63487e-17
0.58, -1.67487e-17
0.581, -1.40401e-17
0.582, -1.26638e-17
0.583, -1.48402e-17
0.584, -1.56844e-17
0.585, -1.47521e-17
0.586, -1.60404e-17
0.587, -1.33318e-17
0.588, -1.4176e-17
0.589, -1.14674e-17
0.59, -1.63083e-17
0.591, -1.44879e-17
0.592, -1.57761e-17
0.593, -1.26234e-17
0.594, -8.13849e-18
0.595, -1.29794e-17
0.596, -1.16031e-17
0.597, -1.46677e-17
0.598, -1.50678e-17
0.599, -1.05829e-17
0.6, -1.54238e-17
0.601, -1.1383e-17
0.602, -1.26712e-17
0.603, -1.30712e-17
0.604, -9.91856e-18
0.605, -1.34273e-17
0.606, -1.51596e-17
0.607, -1.51155e-17
0.608, -1.2407e-17
0.609, -1.72479e-17
0.61, -1.23189e-17
0.611, -1.31631e-17
0.612, -1.26749e-17
0.613, -1.35191e-17
0.614, -1.48073e-17
0.615, -1.16546e-17
0.616, -1.51633e-17
0.617, -9.79017e-18
0.618, -1.01902e-17
0.619, -1.23666e-17
0.62, -1.49871e-17
0.621, -1.58312e-17
0.622, -1.80076e-17
0.623, -7.3055e-18
0.624, -2.014e-17
0.625, -1.74314e-17
0.626, -1.07261e-17
0.627, -1.20143e-17
0.628, -1.81876e-17
0.629, -1.10381e-17
0.63, -1.0994e-17
0.631, -1.27264e-17
0.632, -1.35705e-17
0.633, -1.66351e-17
0.634, -1.17061e-17
0.635, -1.87675e-17
0.636, -1.29503e-17
0.637, -8.46533e-18
0.638, -1.81912e-17
0.639, -1.37063e-17
0.64, -9.66546e-18
0.641, -1.62827e-17
0.642, -9.13329e-18
0.643, -1.53065e-17
0.644, -1.48184e-17
0.645, -1.52185e-17
0.646, -1.56185e-17
0.647, -1.11336e-17
0.648, -1.10896e-17
0.649, -1.90391e-17
0.65, -1.01133e-17
0.651, -1.05134e-17
0.652, -1.49102e-17
0.653, -1.35339e-17
0.654, -1.48221e-17
0.655, -1.389e-17
0.656, -1.38459e-17
0.657, -1.38019e-17
0.658, -1.24256e-17
0.659, -1.54901e-17
0.66, -1.54461e-17
0.661, -1.14053e-17
0.662, -9.58487e-18
0.663, -1.22054e-17
0.664, -1.5714e-17
0.665, -1.30054e-17
0.666, -8.07646e-18
0.667, -1.60261e-17
0.668, -1.42057e-17
0.669, -1.28294e-17
0.67, -1.72262e-17
0.671, -1.36295e-17
0.672, -1.80263e-17
0.673, -1.39855e-17
0.674, -1.26093e-17
0.675, -1.70061e-17
0.676, -1.29653e-17
0.677, -1.46976e-17
0.678, -1.46536e-17
0.679, -1.41654e-17
0.68, -1.32332e-17
0.681, -1.27451e-17
0.682, -1.09247e-17
0.683, -1.39893e-17
0.684, -1.79421e-17
0.685, -1.52335e-17
0.686, -1.60776e-17
0.687, -1.02604e-17
0.688, -1.821e-17
0.689, -1.41692e-17
0.69, -1.27929e-17
0.691, -1.45252e-17
0.692, -1.58134e-17
0.693, -1.93221e-17
0.694, -1.3949e-17
0.695, -8.57588e-18
0.696, -1.38609e-17
0.697, -1.20405e-17
0.698, -1.68815e-17
0.699, -9.73201e-18
0.7, -1.36848e-17
0.701, -1.76375e-17
0.702, -1.22644e-17
0.703, -1.35526e-17
0.704, -1.30645e-17
0.705, -1.12441e-17
0.706, -1.6085e-17
0.707, -1.1156e-17
0.708, -1.68851e-17
0.709, -1.50647e-17
0.71, -1.41325e-17
0.711, -1.1868e-17
0.712, -1.13799e-17
0.713, -1.79972e-17
0.714, -1.52887e-17
0.715, -1.08037e-17
0.716, -8.98333e-18
0.717, -1.47125e-17
0.718, -1.60007e-17
0.719, -1.41803e-17
0.72, -1.23599e-17
0.721, -1.85331e-17
0.722, -1.13837e-17
0.723, -1.04514e-17
0.724, -1.61806e-17
0.725, -1.21397e-17
0.726, -1.8757e-17
0.727, -1.3828e-17
0.728, -1.11194e-17
0.729, -1.4184e-17
0.73, -1.36958e-17
0.731, -9.21091e-18
0.732, -1.44959e-17
0.733, -1.26755e-17
0.734, -1.39638e-17
0.735, -1.74724e-17
0.736, -1.60961e-17
0.737, -1.42757e-17
0.738, -1.37876e-17
0.739, -1.0635e-17
0.74, -1.592e-17
0.741, -1.89846e-17
0.742, -1.6276e-17
0.743, -1.1347e-17
0.744, -1.92966e-17
0.745, -9.92664e-18
0.746, -1.29912e-17
0.747, -1.16149e-17
0.748, -1.60118e-17
0.749, -1.01946e-17
0.75, -1.41474e-17
0.751, -1.49915e-17
0.752, -1.9314e-17
0.753, -1.29783e-17
0.754, -1.47703e-17
0.755, -1.20618e-17
0.756, -1.69625e-17
0.757, -1.24776e-17
0.758, -1.42099e-17
0.759, -1.59423e-17
0.76, -1.27896e-17
0.761, -1.04507e-17
0.762, -1.1739e-17
0.763, -1.78379e-17
0.764, -1.11923e-17
0.765, -1.56489e-17
0.766, -1.41982e-17
0.767, -1.8151e-17
0.768, -1.18153e-17
0.769, -1.35476e-17
0.77, -1.21713e-17
0.771, -1.79005e-17
0.772, -1.0751e-17
0.773, -1.47635e-17
0.774, -1.20549e-17
0.775, -1.56233e-17
0.776, -1.28403e-17
0.777, -1.13896e-17
0.778, -1.62904e-17
0.779, -1.00291e-17
0.78, -1.93706e-17
0.781, -1.97707e-17
0.782, -8.18034e-18
0.783, -2.23471e-17
0.784, -8.53635e-18
0.785, -1.41911e-17
0.786, -1.14825e-17
0.787, -1.93577e-17
0.788, -1.58206e-17
0.789, -1.27277e-17
0.79, -5.94796e-18
0.791, -1.70061e-17
0.792, -1.2891e-17
0.793, -1.59556e-17
0.794, -1.45793e-17
0.795, -1.54234e-17
0.796, -1.31589e-17
0.797, -1.4951e-17
0.798, -1.40187e-17
0.799, -1.40344e-17
0.8, -1.08073e-17
0.801, -1.64621e-17
0.802, -1.24212e-17
0.803, -1.85944e-17
0.804, -9.22451e-18
0.805, -1.27332e-17
0.806, -1.2245e-17
0.807, -1.88624e-17
0.808, -1.61538e-17
0.809, -1.34452e-17
0.81, -1.38453e-17
0.811, -1.69098e-17
0.812, -1.64217e-17
0.813, -1.37131e-17
0.814, -1.36691e-17
0.815, -1.22928e-17
0.816, -1.49133e-17
0.817, -1.66456e-17
0.818, -1.3493e-17
0.819, -1.61135e-17
0.82, -1.16285e-17
0.821, -1.64695e-17
0.822, -8.43182e-18
0.823, -1.32728e-17
0.824, -1.18964e-17
0.825, -1.71815e-17
0.826, -1.0032e-17
0.827, -1.44289e-17
0.828, -1.30526e-17
0.829, -1.16763e-17
0.83, -1.78495e-17
0.831, -1.51409e-17
0.832, -1.33205e-17
0.833, -1.37206e-17
0.834, -1.14561e-17
0.835, -1.23003e-17
0.836, -1.27004e-17
0.837, -1.088e-17
0.838, -1.88295e-17
0.839, -1.43446e-17
0.84, -1.11919e-17
0.841, -1.38124e-17
0.842, -1.59888e-17
0.843, -1.01716e-17
0.844, -1.14598e-17
0.845, -1.54126e-17
0.846, -1.84772e-17
0.847, -9.9955e-18
0.848, -1.30601e-17
0.849, -1.34601e-17
0.85, -1.56365e-17
0.851, -1.42602e-17
0.852, -1.11076e-17
0.853, -9.73129e-18
0.854, -1.23518e-17
0.855, -1.58605e-17
0.856, -1.09315e-17
0.857, -1.22197e-17
0.858, -1.75047e-17
0.859, -1.03553e-17
0.86, -1.25317e-17
0.861, -9.37906e-18
0.862, -1.19996e-17
0.863, -1.59524e-17
0.864, -1.90169e-17
0.865, -1.31997e-17
0.866, -1.22675e-17
0.867, -1.39998e-17
0.868, -1.17354e-17
0.869, -1.56881e-17
0.87, -1.56441e-17
0.871, -1.73764e-17
0.872, -9.33877e-18
0.873, -1.01829e-17
0.874, -1.41357e-17
0.875, -1.32035e-17
0.876, -1.49359e-17
0.877, -1.40037e-17
0.878, -1.70683e-17
0.879, -1.39156e-17
0.88, -1.52038e-17
0.881, -1.56039e-17
0.882, -1.42276e-17
0.883, -1.24072e-17
0.884, -1.05868e-17
0.885, -1.14309e-17
0.886, -1.22751e-17
0.887, -1.53397e-17
0.888, -1.2187e-17
0.889, -1.16989e-17
0.89, -1.52075e-17
0.891, -1.02786e-17
0.892, -1.55636e-17
0.893, -1.59636e-17
0.894, -1.32551e-17
0.895, -1.14347e-17
0.896, -1.00584e-17
0.897, -1.53434e-17
0.898, -1.57434e-17
0.899, -1.25908e-17
0.9, -1.03263e-17
0.901, -1.20586e-17
0.902, -2.00082e-17
0.903, -3.53288e-18
0.904, -1.68115e-17
0.905, -1.23266e-17
0.906, -1.76116e-17
0.907, -1.22384e-17
0.908, -1.39707e-17
0.909, -1.21503e-17
0.91, -1.74354e-17
0.911, -1.02859e-17
0.912, -1.33505e-17
0.913, -1.5971e-17
0.914, -1.28184e-17
0.915, -1.32184e-17
0.916, -1.6283e-17
0.917, -1.40185e-17
0.918, -1.39745e-17
0.919, -1.43746e-17
0.92, -1.29983e-17
0.921, -1.42865e-17
0.922, -1.55748e-17
0.923, -1.41985e-17
0.924, -1.54868e-17
0.925, -1.27782e-17
0.926, -1.58428e-17
0.927, -1.57988e-17
0.928, -1.35343e-17
0.929, -1.2158e-17
0.93, -1.7443e-17
0.931, -1.20699e-17
0.932, -1.38022e-17
0.933, -1.19818e-17
0.934, -1.72668e-17
0.935, -1.01173e-17
0.936, -1.67346e-17
0.937, -1.8911e-17
0.938, -1.70906e-17
0.939, -1.43821e-17
0.94, -1.21176e-17
0.941, -1.25176e-17
0.942, -9.36497e-18
0.943, -9.32093e-18
0.944, -1.10533e-17
0.945, -1.58942e-17
0.946, -1.71825e-17
0.947, -1.18093e-17
0.948, -1.62061e-17
0.949, -1.03889e-17
0.95, -1.83385e-17
0.951, -1.11891e-17
0.952, -1.24773e-17
0.953, -1.28773e-17
0.954, -1.32774e-17
0.955, -1.01247e-17
0.956, -9.63659e-18
0.957, -1.44775e-17
0.958, -1.62098e-17
0.959, -1.66099e-17
0.96, -9.46039e-18
0.961, -1.43013e-17
0.962, -1.11487e-17
0.963, -1.51014e-17
0.964, -1.06165e-17
0.965, -1.05725e-17
0.966, -1.8522e-17
0.967, -1.27048e-17
0.968, -8.66398e-18
0.969, -1.97222e-17
0.97, -9.4641e-18
0.971, -1.4305e-17
0.972, -1.78137e-17
0.973, -1.02201e-17
0.974, -1.28406e-17
0.975, -1.01321e-17
0.976, -1.63053e-17
0.977, -1.18203e-17
0.978, -1.66613e-17
0.979, -9.51181e-18
0.98, -1.12441e-17
0.981, -1.34205e-17
0.982, -1.02679e-17
0.983, -1.28884e-17
0.984, -1.46207e-17
0.985, -1.45767e-17
0.986, -1.45327e-17
0.987, -1.18241e-17
0.988, -1.79974e-17
0.989, -1.70651e-17
0.99, -1.1692e-17
0.991, -1.52007e-17
0.992, -1.56008e-17
0.993, -1.24481e-17
0.994, -1.24041e-17
0.995, -1.90214e-17
0.996, -1.09837e-17
0.997, -1.18279e-17
0.998, -1.31161e-17
0.999, -1.52925e-17
1, -1.12517e-17
1.001, -1.38722e-17
1.002, -1.56045e-17
1.003, -1.86691e-17
1.004, -1.28519e-17
1.005, -1.05875e-17
1.006, -1.63166e-17
1.007, -1.40521e-17
1.008, -1.44522e-17
1.009, -9.96724e-18
1.01, -1.48082e-17
1.011, -1.69846e-17
1.012, -1.16115e-17
1.013, -1.24556e-17
1.014, -1.10793e-17
1.015, -1.23676e-17
1.016, -1.49881e-17
1.017, -1.71645e-17
1.018, -1.26795e-17
1.019, -9.52687e-18
1.02, -1.17033e-17
1.021, -1.87647e-17
1.022, -1.16153e-17
1.023, -1.24594e-17
1.024, -1.68562e-17
1.025, -1.41476e-17
1.026, -1.32155e-17
1.027, -1.31714e-17
1.028, -1.31274e-17
1.029, -1.30833e-17
1.03, -1.43716e-17
1.031, -1.38834e-17
1.032, -1.38394e-17
1.033, -1.24631e-17
1.034, -1.06427e-17
1.035, -2.12568e-17
1.036, -1.18869e-17
1.037, -1.71719e-17
1.038, -1.44633e-17
1.039, -1.13107e-17
1.04, -1.08225e-17
1.041, -1.61076e-17
1.042, -1.20667e-17
1.043, -1.69076e-17
1.044, -1.15345e-17
1.045, -1.72636e-17
1.046, -8.78189e-18
1.047, -1.49551e-17
1.048, -1.00261e-17
1.049, -1.53111e-17
1.05, -1.4823e-17
1.051, -1.43349e-17
1.052, -1.38467e-17
1.053, -1.29145e-17
1.054, -8.87371e-18
1.055, -2.12642e-17
1.056, -1.72233e-17
1.057, -1.14061e-17
1.058, -1.13621e-17
1.059, -1.26503e-17
1.06, -1.26063e-17
1.061, -1.6115e-17
1.062, -1.20741e-17
1.063, -1.69151e-17
1.064, -9.32152e-18
1.065, -1.23861e-17
1.066, -2.34443e-17
1.067, -9.18941e-18
1.068, -1.26981e-17
1.069, -1.30982e-17
1.07, -1.30541e-17
1.071, -1.7451e-17
1.072, -1.60747e-17
1.073, -1.07016e-17
1.074, -1.7763e-17
1.075, -1.50544e-17
1.076, -1.10135e-17
1.077, -1.14136e-17
1.078, -1.44782e-17
1.079, -1.31019e-17
1.08, -1.3502e-17
1.081, -1.21257e-17
1.082, -1.51903e-17
1.083, -1.29258e-17
1.084, -1.19936e-17
1.085, -2.12754e-17
1.086, -1.10173e-17
1.087, -1.05292e-17
1.088, -1.98111e-17
1.089, -8.66482e-18
1.09, -1.4394e-17
1.091, -1.56822e-17
1.092, -1.07532e-17
1.093, -1.69264e-17
1.094, -1.46619e-17
1.095, -1.32856e-17
1.096, -1.14652e-17
1.097, -1.94147e-17
1.098, -1.40416e-17
1.099, -1.44417e-17
1.1, -1.04008e-17
1.101, -1.08009e-17
1.102, -1.1645e-17
1.103, -9.82462e-18
1.104, -1.24451e-17
1.105, -1.59537e-17
1.106, -1.85743e-17
1.107, -1.40893e-17
1.108, -1.71539e-17
1.109, -1.08926e-17
1.11, -1.21809e-17
1.111, -1.83541e-17
1.112, -1.25369e-17
1.113, -1.16046e-17
1.114, -1.64456e-17
1.115, -9.2961e-18
1.116, -1.19166e-17
1.117, -1.76457e-17
1.118, -1.31608e-17
1.119, -9.11996e-18
1.12, -9.96411e-18
1.121, -1.12523e-17
1.122, -1.74255e-17
1.123, -1.38288e-17
1.124, -1.77815e-17
1.125, -1.59611e-17
1.126, -1.63612e-17
1.127, -6.54719e-18
1.128, -1.49408e-17
1.129, -1.22323e-17
1.13, -1.52969e-17
1.131, -1.21442e-17
1.132, -1.52088e-17
1.133, -1.25002e-17
1.134, -1.11239e-17
1.135, -1.59648e-17
1.136, -1.45885e-17
1.137, -1.36563e-17
1.138, -1.53886e-17
1.139, -1.62328e-17
1.14, -1.13038e-17
1.141, -1.39243e-17
1.142, -1.21039e-17
1.143, -1.96094e-17
1.144, -1.69008e-17
1.145, -1.55245e-17
1.146, -1.94773e-17
1.147, -1.54364e-17
1.148, -1.22838e-17
1.149, -1.62365e-17
1.15, -1.17516e-17
1.151, -1.70366e-17
1.152, -1.47721e-17
1.153, -1.29517e-17
1.154, -1.64604e-17
1.155, -1.464e-17
1.156, -1.28196e-17
1.157, -1.01111e-17
1.158, -1.4952e-17
1.159, -1.62402e-17
1.16, -1.5308e-17
1.161, -1.74844e-17
1.162, -1.25554e-17
1.163, -1.11791e-17
1.164, -1.24673e-17
1.165, -1.55319e-17
1.166, -1.6376e-17
1.167, -1.18911e-17
1.168, -1.53997e-17
1.169, -1.66879e-17
1.17, -1.08707e-17
1.171, -1.2159e-17
1.172, -1.69998e-17
1.173, -1.20709e-17
1.174, -1.46914e-17
1.175, -1.59796e-17
1.176, -1.50474e-17
1.177, -1.01184e-17
1.178, -1.40711e-17
1.179, -1.44712e-17
1.18, -1.35389e-17
1.181, -1.52712e-17
1.182, -1.47831e-17
1.183, -1.07423e-17
1.184, -1.55832e-17
1.185, -1.24306e-17
1.186, -1.63833e-17
1.187, -1.18984e-17
1.188, -1.27425e-17
1.189, -8.70173e-18
1.19, -1.66513e-17
1.191, -1.03901e-17
1.192, -1.5231e-17
1.193, -1.65192e-17
1.194, -9.36977e-18
1.195, -1.11021e-17
1.196, -1.77194e-17
1.197, -1.36786e-17
1.198, -1.54109e-17
1.199, -1.49227e-17
1.2, -1.26583e-17
1.201, -1.43906e-17
1.202, -1.6567e-17
1.203, -1.07498e-17
1.204, -1.33703e-17
1.205, -1.02176e-17
1.206, -1.37263e-17
1.207, -1.235e-17
1.208, -1.45264e-17
1.209, -1.62587e-17
1.21, -1.31061e-17
1.211, -1.35061e-17
1.212, -1.16858e-17
1.213, -1.34181e-17
1.214, -1.42622e-17
1.215, -1.59945e-17
1.216, -8.84507e-18
1.217, -1.59065e-17
1.218, -1.71947e-17
1.219, -8.71301e-18
1.22, -1.97712e-17
1.221, -1.04013e-17
1.222, -1.52423e-17
1.223, -1.12014e-17
1.224, -1.47101e-17
1.225, -1.24456e-17
1.226, -1.37338e-17
1.227, -1.32457e-17
1.228, -1.4978e-17
1.229, -1.40457e-17
1.23, -1.17812e-17
1.231, -1.5734e-17
1.232, -1.74663e-17
1.233, -1.43136e-17
1.234, -1.38255e-17
1.235, -9.78468e-18
1.236, -8.85249e-18
1.237, -1.81343e-17
1.238, -1.54258e-17
1.239, -1.6714e-17
1.24, -9.56453e-18
1.241, -1.44055e-17
1.242, -1.56937e-17
1.243, -1.56497e-17
1.244, -1.42734e-17
1.245, -1.2897e-17
1.246, -1.2853e-17
1.247, -1.2809e-17
1.248, -1.2765e-17
1.249, -1.00564e-17
1.25, -2.02265e-17
1.251, -9.96838e-18
1.252, -1.61416e-17
1.253, -1.8318e-17
1.254, -1.42772e-17
1.255, -1.55654e-17
1.256, -1.15246e-17
1.257, -1.10364e-17
1.258, -1.45451e-17
1.259, -1.84979e-17
1.26, -1.66775e-17
1.261, -9.52798e-18
1.262, -1.61453e-17
1.263, -1.16604e-17
1.264, -1.60572e-17
1.265, -1.20164e-17
1.266, -1.90778e-17
1.267, -1.28165e-17
1.268, -1.14402e-17
1.269, -1.62811e-17
1.27, -9.13165e-18
1.271, -1.39726e-17
1.272, -1.70372e-17
1.273, -1.16641e-17
1.274, -1.29523e-17
1.275, -1.02437e-17
1.276, -1.50846e-17
1.277, -1.90373e-17
1.278, -1.72169e-17
1.279, -1.00675e-17
1.28, -1.44643e-17
1.281, -1.84171e-17
1.282, -1.30439e-17
1.283, -8.11493e-18
1.284, -2.09495e-17
1.285, -1.06914e-17
1.286, -1.15356e-17
1.287, -1.32679e-17
1.288, -1.05593e-17
1.289, -1.22917e-17
1.29, -1.62444e-17
1.291, -1.30918e-17
1.292, -1.39359e-17
1.293, -1.74446e-17
1.294, -1.02951e-17
1.295, -1.20274e-17
1.296, -1.55361e-17
1.297, -1.23834e-17
1.298, -1.10072e-17
1.299, -1.14073e-17
1.3, -1.44719e-17
1.301, -1.30956e-17
1.302, -1.34956e-17
1.303, -1.16752e-17
1.304, -1.38517e-17
1.305, -1.0699e-17
1.306, -1.10991e-17
1.307, -1.46077e-17
1.308, -1.32315e-17
1.309, -1.76283e-17
1.31, -1.71402e-17
1.311, -1.44316e-17
1.312, -1.21671e-17
1.313, -1.78963e-17
1.314, -1.78522e-17
1.315, -1.78082e-17
1.316, -1.46555e-17
1.317, -1.50556e-17
1.318, -1.54557e-17
1.319, -1.40793e-17
1.32, -1.53676e-17
1.321, -1.48794e-17
1.322, -1.43913e-17
1.323, -1.39032e-17
1.324, -9.86236e-18
1.325, -1.47033e-17
1.326, -1.77679e-17
1.327, -1.19507e-17
1.328, -1.3683e-17
1.329, -1.18626e-17
1.33, -1.93681e-17
1.331, -1.93241e-17
1.332, -1.21746e-17
1.333, -1.03542e-17
1.334, -1.29747e-17
1.335, -1.38188e-17
1.336, -1.06662e-17
1.337, -1.01781e-17
1.338, -1.5019e-17
1.339, -1.40868e-17
1.34, -1.75955e-17
1.341, -1.31105e-17
1.342, -9.95788e-18
1.343, -1.21343e-17
1.344, -1.69752e-17
1.345, -8.49349e-18
1.346, -1.28904e-17
1.347, -1.28463e-17
1.348, -1.50227e-17
1.349, -1.36464e-17
1.35, -1.36024e-17
1.351, -1.35583e-17
1.352, -1.39584e-17
1.353, -1.08058e-17
1.354, -1.65348e-17
1.355, -1.07176e-17
1.356, -1.15618e-17
1.357, -1.24059e-17
1.358, -1.54705e-17
1.359, -1.23179e-17
1.36, -1.18297e-17
1.361, -1.53384e-17
1.362, -1.30739e-17
1.363, -1.39181e-17
1.364, -1.3874e-17
1.365, -1.82709e-17
1.366, -1.33419e-17
1.367, -1.19656e-17
1.368, -1.4142e-17
1.369, -1.09893e-17
1.37, -1.31657e-17
1.371, -1.17895e-17
1.372, -1.66304e-17
1.373, -1.56982e-17
1.374, -1.43219e-17
1.375, -1.4722e-17
1.376, -1.77866e-17
1.377, -1.33016e-17
1.378, -1.41458e-17
1.379, -1.58781e-17
1.38, -1.62781e-17
1.381, -6.46415e-18
1.382, -1.70782e-17
1.383, -1.30374e-17
1.384, -1.16611e-17
1.385, -1.78343e-17
1.386, -1.91225e-17
1.387, -1.06408e-17
1.388, -1.01527e-17
1.389, -8.33226e-18
1.39, -2.16109e-17
1.391, -1.2241e-17
1.392, -1.70819e-17
1.393, -8.60019e-18
1.394, -1.29971e-17
1.395, -1.2953e-17
1.396, -1.42412e-17
1.397, -1.41972e-17
1.398, -1.59295e-17
1.399, -1.58855e-17
1.4, -1.49533e-17
1.401, -1.62415e-17
1.402, -1.08683e-17
1.403, -1.57093e-17
1.404, -1.61094e-17
1.405, -8.07172e-18
1.406, -1.55772e-17
1.407, -1.86418e-17
1.408, -9.27192e-18
1.409, -9.22788e-18
1.41, -1.0072e-17
1.411, -1.18044e-17
1.412, -1.35367e-17
1.413, -1.30486e-17
1.414, -1.07841e-17
1.415, -1.82896e-17
1.416, -1.5581e-17
1.417, -1.10961e-17
1.418, -1.5493e-17
1.419, -1.41167e-17
1.42, -9.63175e-18
1.421, -1.98018e-17
1.422, -1.17641e-17
1.423, -1.26083e-17
1.424, -1.30083e-17
1.425, -9.85565e-18
1.426, -1.33643e-17
1.427, -9.32349e-18
1.428, -1.14999e-17
1.429, -1.63409e-17
1.43, -1.36323e-17
1.431, -1.04796e-17
1.432, -1.2212e-17
1.433, -1.48325e-17
1.434, -1.2568e-17
1.435, -1.25239e-17
1.436, -1.11477e-17
1.437, -2.17618e-17
1.438, -1.2836e-17
1.439, -1.41242e-17
1.44, -1.40801e-17
1.441, -1.62565e-17
1.442, -9.10709e-18
1.443, -9.95123e-18
1.444, -1.25717e-17
1.445, -1.56363e-17
1.446, -1.73686e-17
1.447, -1.11074e-17
1.448, -1.50601e-17
1.449, -1.36838e-17
1.45, -1.54161e-17
1.451, -1.84807e-17
1.452, -1.31075e-17
1.453, -9.06673e-18
1.454, -1.92367e-17
1.455, -1.74164e-17
1.456, -1.33755e-17
1.457, -1.1111e-17
1.458, -1.37315e-17
1.459, -1.10229e-17
1.46, -1.40875e-17
1.461, -1.27113e-17
1.462, -1.71081e-17
1.463, -1.70641e-17
1.464, -1.25791e-17
1.465, -1.16469e-17
1.466, -1.91524e-17
1.467, -1.46675e-17
1.468, -1.50675e-17
1.469, -1.2359e-17
1.47, -1.58677e-17
1.471, -1.40473e-17
1.472, -1.00064e-17
1.473, -1.26269e-17
1.474, -1.25829e-17
1.475, -1.25388e-17
1.476, -1.38271e-17
1.477, -1.60035e-17
1.478, -1.46271e-17
1.479, -1.68035e-17
1.48, -1.05422e-17
1.481, -1.53832e-17
1.482, -1.66714e-17
1.483, -1.39628e-17
1.484, -1.30306e-17
1.485, -1.25425e-17
1.486, -1.38307e-17
1.487, -1.42308e-17
1.488, -1.5519e-17
1.489, -1.5919e-17
1.49, -1.49868e-17
1.491, -9.16962e-18
1.492, -1.00138e-17
1.493, -1.26343e-17
1.494, -1.56989e-17
1.495, -1.87634e-17
1.496, -1.33903e-17
1.497, -1.37903e-17
1.498, -1.15259e-17
1.499, -1.76991e-17
1.5, -1.63228e-17
1.501, -1.09497e-17
1.502, -1.66788e-17
1.503, -8.19704e-18
1.504, -1.3038e-17
1.505, -1.16617e-17
1.506, -1.47263e-17
1.507, -1.24618e-17
1.508, -1.375e-17
1.509, -1.50382e-17
1.51, -1.4106e-17
1.511, -1.71706e-17
1.512, -1.44621e-17
1.513, -1.57503e-17
1.514, -1.25976e-17
1.515, -1.07772e-17
1.516, -1.56181e-17
1.517, -1.15773e-17
1.518, -1.15333e-17
1.519, -1.32656e-17
1.52, -8.78069e-18
1.521, -1.27335e-17
1.522, -1.40217e-17
1.523, -1.22013e-17
1.524, -1.97068e-17
1.525, -1.0781e-17
1.526, -1.34015e-17
1.527, -1.46897e-17
1.528, -1.33134e-17
1.529, -1.28253e-17
1.53, -1.1449e-17
1.531, -1.27372e-17
1.532, -1.22491e-17
1.533, -1.57577e-17
1.534, -1.30492e-17
1.535, -8.12019e-18
1.536, -1.65139e-17
1.537, -1.20289e-17
1.538, -1.82021e-17
1.539, -1.68258e-17
1.54, -1.18968e-17
1.541, -1.76259e-17
1.542, -1.22528e-17
1.543, -1.30969e-17
1.544, -1.03884e-17
1.545, -1.25648e-17
1.546, -9.4121e-18
1.547, -1.15885e-17
1.548, -1.55413e-17
1.549, -1.32769e-17
1.55, -1.54533e-17
1.551, -1.4077e-17
1.552, -1.50859e-17
1.553, -1.0601e-17
1.554, -1.49978e-17
1.555, -1.67301e-17
1.556, -1.24099e-17
1.557, -1.52996e-17
1.558, -1.08146e-17
1.559, -1.56556e-17
1.56, -1.14398e-17
1.561, -1.80571e-17
1.562, -1.31281e-17
1.563, -7.47563e-18
1.564, -1.95867e-17
1.565, -1.33255e-17
1.566, -1.72782e-17
1.567, -1.54578e-17
1.568, -9.80537e-18
1.569, -1.25906e-17
1.57, -1.29907e-17
1.571, -1.42789e-17
1.572, -1.13954e-17
1.573, -1.35718e-17
1.574, -1.486e-17
1.575, -1.50851e-17
1.576, -1.07649e-17
1.577, -1.87145e-17
1.578, -1.06769e-17
1.579, -1.01888e-17
1.58, -1.56385e-17
1.581, -1.89722e-17
1.582, -1.40433e-17
1.583, -9.55835e-18
1.584, -1.64448e-17
1.585, -1.15158e-17
1.586, -1.68008e-17
1.587, -1.64774e-17
1.588, -1.61541e-17
1.589, -1.07809e-17
1.59, -1.56219e-17
1.591, -1.6466e-17
1.592, -9.48126e-18
1.593, -1.44869e-17
1.594, -1.62193e-17
1.595, -1.30666e-17
1.596, -1.5068e-17
1.597, -1.54681e-17
1.598, -1.49799e-17
1.599, -1.34287e-17
1.6, -1.13289e-17
1.601, -1.1729e-17
1.602, -1.21291e-17
1.603, -1.51937e-17
1.604, -1.29292e-17
1.605, -1.46615e-17
1.606, -1.68379e-17
1.607, -1.05766e-17
1.608, -1.63057e-17
1.609, -8.26807e-18
1.61, -1.53295e-17
1.611, -1.43972e-17
1.612, -1.47972e-17
1.613, -1.65296e-17
1.614, -9.38009e-18
1.615, -1.33328e-17
1.616, -1.50652e-17
1.617, -1.59093e-17
1.618, -1.4533e-17
1.619, -1.31567e-17
1.62, -1.4445e-17
1.621, -1.30687e-17
1.622, -1.25805e-17
1.623, -1.07601e-17
1.624, -1.69333e-17
1.625, -9.78386e-18
1.626, -1.10721e-17
1.627, -1.50249e-17
1.628, -1.80895e-17
1.629, -1.04959e-17
1.63, -1.31164e-17
1.631, -1.66251e-17
1.632, -1.52488e-17
1.633, -1.83134e-17
1.634, -9.83166e-18
1.635, -9.78763e-18
1.636, -1.1964e-17
1.637, -1.45845e-17
1.638, -1.36523e-17
1.639, -1.7161e-17
1.64, -9.56747e-18
1.641, -1.44084e-17
1.642, -1.16999e-17
1.643, -1.47645e-17
1.644, -1.20559e-17
1.645, -1.60086e-17
1.646, -1.06355e-17
1.647, -1.54765e-17
1.648, -1.14356e-17
1.649, -1.49443e-17
1.65, -1.26798e-17
1.651, -1.39681e-17
1.652, -1.34799e-17
1.653, -1.21036e-17
1.654, -1.73887e-17
1.655, -1.29037e-17
1.656, -1.81888e-17
1.657, -1.85888e-17
1.658, -1.27716e-17
1.659, -8.7308e-18
1.66, -1.66804e-17
1.661, -1.04192e-17
1.662, -1.52601e-17
1.663, -1.65483e-17
1.664, -9.39884e-18
1.665, -1.11312e-17
1.666, -1.41958e-17
1.667, -1.77045e-17
1.668, -1.27754e-17
1.669, -1.45078e-17
1.67, -1.5796e-17
1.671, -1.70842e-17
1.672, -9.93472e-18
1.673, -8.55843e-18
1.674, -1.87284e-17
1.675, -1.46876e-17
1.676, -1.1979e-17
1.677, -1.37114e-17
1.678, -1.49996e-17
1.679, -1.22911e-17
1.68, -1.66879e-17
1.681, -1.44234e-17
1.682, -1.21589e-17
1.683, -1.38913e-17
1.684, -1.42913e-17
1.685, -1.11387e-17
1.686, -1.64237e-17
1.687, -1.10506e-17
1.688, -1.58915e-17
1.689, -1.67356e-17
1.69, -1.31389e-17
1.691, -1.48712e-17
1.692, -1.39389e-17
1.693, -1.4339e-17
1.694, -1.11863e-17
1.695, -1.06982e-17
1.696, -1.24305e-17
1.697, -1.63833e-17
1.698, -1.0122e-17
1.699, -1.09662e-17
1.7, -1.18103e-17
1.701, -1.08782e-17
1.702, -1.48309e-17
1.703, -2.0116e-17
1.704, -8.96972e-18
1.705, -1.02579e-17
1.706, -1.86516e-17
1.707, -1.5943e-17
1.708, -8.79361e-18
1.709, -1.45227e-17
1.71, -8.70549e-18
1.711, -1.26583e-17
1.712, -1.43906e-17
1.713, -1.25702e-17
1.714, -1.47466e-17
1.715, -1.60349e-17
1.716, -1.02177e-17
1.717, -1.94995e-17
1.718, -1.50146e-17
1.719, -1.31942e-17
1.72, -1.09297e-17
1.721, -1.44384e-17
1.722, -1.35061e-17
1.723, -1.39061e-17
1.724, -1.38621e-17
1.725, -1.24858e-17
1.726, -1.3774e-17
1.727, -1.10655e-17
1.728, -1.99032e-17
1.729, -1.45301e-17
1.73, -1.4042e-17
1.731, -1.17775e-17
1.732, -1.75067e-17
1.733, -1.65744e-17
1.734, -1.56423e-17
1.735, -1.91509e-17
1.736, -1.37778e-17
1.737, -1.15133e-17
1.738, -1.5022e-17
1.739, -1.18693e-17
1.74, -1.36017e-17
1.741, -1.17813e-17
1.742, -1.70663e-17
1.743, -1.52459e-17
1.744, -1.52018e-17
1.745, -1.51578e-17
1.746, -1.37815e-17
1.747, -9.74063e-18
1.748, -1.45816e-17
1.749, -1.85343e-17
1.75, -1.67139e-17
1.751, -1.13408e-17
1.752, -1.30731e-17
1.753, -9.03225e-18
1.754, -1.03205e-17
1.755, -1.78259e-17
1.756, -1.68937e-17
1.757, -1.50733e-17
1.758, -1.50293e-17
1.759, -1.54293e-17
1.76, -1.05003e-17
1.761, -1.57853e-17
1.762, -1.57413e-17
1.763, -1.17005e-17
1.764, -1.52091e-17
1.765, -1.33887e-17
1.766, -1.33447e-17
1.767, -1.33006e-17
1.768, -1.32566e-17
1.769, -1.36567e-17
1.77, -1.76094e-17
1.771, -1.66772e-17
1.772, -8.63953e-18
1.773, -1.34805e-17
1.774, -8.99554e-18
1.775, -1.78333e-17
1.776, -1.33483e-17
1.777, -1.1972e-17
1.778, -1.32602e-17
1.779, -1.05517e-17
1.78, -1.67249e-17
1.781, -1.09077e-17
1.782, -1.57486e-17
1.783, -1.70368e-17
1.784, -1.16637e-17
1.785, -1.3396e-17
1.786, -1.42401e-17
1.787, -1.73047e-17
1.788, -1.45962e-17
1.789, -1.14435e-17
1.79, -1.27318e-17
1.791, -1.22437e-17
1.792, -2.24137e-17
1.793, -1.21556e-17
1.794, -1.52202e-17
1.795, -1.07353e-17
1.796, -1.64644e-17
1.797, -1.37558e-17
1.798, -1.59322e-17
1.799, -1.5e-17
1.8, -1.71764e-17
1.801, -1.26915e-17
1.802, -1.44238e-17
1.803, -1.83766e-17
1.804, -1.87766e-17
1.805, -1.29594e-17
1.806, -1.20272e-17
1.807, -1.37595e-17
1.808, -9.71867e-18
1.809, -1.36714e-17
1.81, -1.36274e-17
1.811, -1.49156e-17
1.812, -1.48716e-17
1.813, -1.34953e-17
1.814, -1.65599e-17
1.815, -1.38513e-17
1.816, -1.33632e-17
1.817, -1.19868e-17
1.818, -1.72719e-17
1.819, -1.58956e-17
1.82, -1.36311e-17
1.821, -1.75839e-17
1.822, -1.22108e-17
1.823, -1.30549e-17
1.824, -1.3455e-17
1.825, -1.56314e-17
1.826, -1.73637e-17
1.827, -1.06583e-17
1.828, -1.19466e-17
1.829, -1.45671e-17
1.83, -1.49671e-17
1.831, -1.31467e-17
1.832, -9.10588e-18
1.833, -1.12823e-17
1.834, -1.61233e-17
1.835, -1.47469e-17
1.836, -1.33707e-17
1.837, -1.46589e-17
1.838, -1.5059e-17
1.839, -1.27945e-17
1.84, -1.27505e-17
1.841, -1.13742e-17
1.842, -1.62151e-17
1.843, -1.12861e-17
1.844, -1.79034e-17
1.845, -1.20862e-17
1.846, -1.38185e-17
1.847, -1.19981e-17
1.848, -1.95036e-17
1.849, -1.6795e-17
1.85, -1.14219e-17
1.851, -1.58187e-17
1.852, -1.62188e-17
1.853, -1.39542e-17
1.854, -1.47984e-17
1.855, -1.47543e-17
1.856, -1.38221e-17
1.857, -1.51104e-17
1.858, -1.24019e-17
1.859, -1.85751e-17
1.86, -1.14256e-17
1.861, -1.44902e-17
1.862, -1.48902e-17
1.863, -1.52903e-17
1.864, -1.34699e-17
1.865, -1.03172e-17
1.866, -1.29377e-17
1.867, -1.15614e-17
1.868, -1.59583e-17
1.869, -1.9911e-17
1.87, -8.32068e-18
1.871, -2.24875e-17
1.872, -8.67669e-18
1.873, -1.12972e-17
1.874, -1.12532e-17
1.875, -1.65382e-17
1.876, -1.51619e-17
1.877, -1.51178e-17
1.878, -1.6406e-17
1.879, -1.19211e-17
1.88, -1.32093e-17
1.881, -1.27212e-17
1.882, -1.31212e-17
1.883, -1.2189e-17
1.884, -1.30331e-17
1.885, -1.29891e-17
1.886, -1.42773e-17
1.887, -1.55655e-17
1.888, -1.72978e-17
1.889, -1.05924e-17
1.89, -1.18807e-17
1.891, -1.62775e-17
1.892, -1.3569e-17
1.893, -1.21927e-17
1.894, -1.83659e-17
1.895, -1.25487e-17
1.896, -1.16164e-17
1.897, -1.33488e-17
1.898, -9.30792e-18
1.899, -1.05961e-17
1.9, -1.81016e-17
1.901, -1.71694e-17
1.902, -1.17962e-17
1.903, -1.61931e-17
1.904, -1.03759e-17
1.905, -1.29964e-17
1.906, -1.73932e-17
1.907, -1.42406e-17
1.908, -1.28643e-17
1.909, -1.1488e-17
1.91, -2.25462e-17
1.911, -1.31763e-17
1.912, -1.49086e-17
1.913, -1.44204e-17
1.914, -1.43764e-17
1.915, -1.43324e-17
1.916, -1.65088e-17
1.917, -1.06916e-17
1.918, -1.46444e-17
1.919, -1.23799e-17
1.92, -1.50004e-17
1.921, -1.40682e-17
1.922, -1.53564e-17
1.923, -1.53124e-17
1.924, -1.08275e-17
1.925, -1.47802e-17
1.926, -1.07394e-17
1.927, -1.46922e-17
1.928, -2.13095e-17
1.929, -1.23837e-17
1.93, -1.32278e-17
1.931, -1.09633e-17
1.932, -1.22516e-17
1.933, -1.84248e-17
1.934, -1.12753e-17
1.935, -9.45489e-18
1.936, -1.42959e-17
1.937, -1.73605e-17
1.938, -1.46519e-17
1.939, -1.37197e-17
1.94, -1.14552e-17
1.941, -1.67402e-17
1.942, -1.53639e-17
1.943, -1.70962e-17
1.944, -9.94673e-18
1.945, -8.57044e-18
1.946, -1.6076e-17
1.947, -1.46996e-17
1.948, -1.50997e-17
1.949, -1.41674e-17
1.95, -1.41234e-17
1.951, -1.40793e-17
1.952, -1.2703e-17
1.953, -1.57676e-17
1.954, -1.17268e-17
1.955, -1.3015e-17
1.956, -1.29709e-17
1.957, -1.42591e-17
1.958, -1.55474e-17
1.959, -1.68356e-17
1.96, -1.4127e-17
1.961, -1.54152e-17
1.962, -1.22626e-17
1.963, -1.57712e-17
1.964, -1.12863e-17
1.965, -1.16863e-17
1.966, -1.56391e-17
1.967, -1.0266e-17
1.968, -1.15542e-17
1.969, -1.23984e-17
1.97, -1.45748e-17
1.971, -1.14221e-17
1.972, -1.49308e-17
1.973, -1.6219e-17
1.974, -1.35105e-17
1.975, -1.6575e-17
1.976, -1.56428e-17
1.977, -1.24902e-17
1.978, -1.2002e-17
1.979, -1.59548e-17
1.98, -1.67989e-17
1.981, -1.00936e-17
1.982, -1.13818e-17
1.983, -1.62228e-17
1.984, -9.07332e-18
1.985, -1.34702e-17
1.986, -1.38703e-17
1.987, -1.11617e-17
1.988, -1.55585e-17
1.989, -1.72908e-17
1.99, -1.50264e-17
1.991, -1.67587e-17
1.992, -1.44942e-17
1.993, -1.04533e-17
1.994, -1.30738e-17
1.995, -9.03298e-18
1.996, -1.4318e-17
1.997, -1.60503e-17
1.998, -1.28976e-17
1.999, -1.32977e-17
2, -1.72504e-17
2.001, -1.23215e-17
2.002, -1.4942e-17
2.003, -1.0457e-17
2.004, -1.17452e-17
2.005, -1.5698e-17
2.006, -1.87626e-17
2.007, -1.02809e-17
2.008, -1.33455e-17
2.009, -1.37455e-17
2.01, -1.59219e-17
2.011, -1.58779e-17
2.012, -1.1837e-17
2.013, -1.49016e-17
2.014, -1.26371e-17
2.015, -1.12609e-17
2.016, -1.96545e-17
2.017, -1.33932e-17
2.018, -1.46815e-17
2.019, -1.28611e-17
2.02, -1.63698e-17
2.021, -1.49935e-17
2.022, -1.80581e-17
2.023, -1.09086e-17
2.024, -9.97644e-18
2.025, -1.57056e-17
2.026, -1.43293e-17
2.027, -1.60616e-17
2.028, -1.37971e-17
2.029, -1.3753e-17
2.03, -1.41531e-17
2.031, -1.54413e-17
2.032, -1.58414e-17
2.033, -1.13565e-17
2.034, -1.61974e-17
2.035, -1.34888e-17
2.036, -1.56652e-17
2.037, -1.38448e-17
2.038, -8.91585e-18
2.039, -1.68654e-17
2.04, -1.32686e-17
2.041, -1.41128e-17
2.042, -1.76215e-17
2.043, -1.66892e-17
2.044, -8.65161e-18
2.045, -1.48248e-17
2.046, -1.61131e-17
2.047, -9.85178e-18
2.048, -1.64691e-17
2.049, -1.33165e-17
2.05, -1.28283e-17
2.051, -1.41166e-17
2.052, -1.6293e-17
2.053, -1.09199e-17
2.054, -1.84253e-17
2.055, -1.34963e-17
2.056, -1.38963e-17
2.057, -1.38523e-17
2.058, -1.51405e-17
2.059, -1.55406e-17
2.06, -1.32762e-17
2.061, -1.41203e-17
2.062, -1.67407e-17
2.063, -1.18117e-17
2.064, -1.31e-17
2.065, -1.30559e-17
2.066, -1.70087e-17
2.067, -1.60765e-17
2.068, -1.42561e-17
2.069, -1.24357e-17
2.07, -1.37239e-17
2.071, -1.72326e-17
2.072, -1.58563e-17
2.073, -1.58122e-17
2.074, -1.53241e-17
2.075, -1.61683e-17
2.076, -1.21274e-17
2.077, -1.5192e-17
2.078, -1.47039e-17
2.079, -1.46598e-17
2.08, -1.37276e-17
2.081, -1.14631e-17
2.082, -1.31955e-17
2.083, -1.35955e-17
2.084, -1.39956e-17
2.085, -1.39515e-17
2.086, -9.91069e-18
2.087, -1.51957e-17
2.088, -1.33753e-17
2.089, -1.46636e-17
2.09, -1.32873e-17
2.091, -1.14669e-17
2.092, -1.40874e-17
2.093, -1.44875e-17
2.094, -1.39993e-17
2.095, -1.30671e-17
2.096, -2.10167e-17
2.097, -9.87045e-18
2.098, -1.73759e-17
2.099, -1.64437e-17
2.1, -1.10705e-17
2.101, -1.28029e-17
2.102, -1.32029e-17
2.103, -1.31589e-17
2.104, -1.44471e-17
2.105, -1.30708e-17
2.106, -1.25827e-17
2.107, -1.07623e-17
2.108, -1.47151e-17
2.109, -1.77796e-17
2.11, -1.50711e-17
2.111, -1.41389e-17
2.112, -1.85357e-17
2.113, -1.76034e-17
2.114, -1.0454e-17
2.115, -1.08541e-17
2.116, -1.21423e-17
2.117, -1.52069e-17
2.118, -1.42747e-17
2.119, -1.86715e-17
2.12, -1.77393e-17
2.121, -1.36984e-17
2.122, -1.14339e-17
2.123, -1.40544e-17
2.124, -1.80072e-17
2.125, -1.08577e-17
2.126, -9.92552e-18
2.127, -2.00955e-17
2.128, -1.33901e-17
2.129, -1.20138e-17
2.13, -1.77429e-17
2.131, -1.3258e-17
2.132, -1.32139e-17
2.133, -1.00612e-17
2.134, -1.4014e-17
2.135, -1.17496e-17
2.136, -2.01432e-17
2.137, -8.99697e-18
2.138, -1.20616e-17
2.139, -2.31198e-17
2.14, -7.53262e-18
2.141, -1.77026e-17
2.142, -1.01091e-17
2.143, -1.27296e-17
2.144, -1.53501e-17
2.145, -1.53061e-17
2.146, -1.39298e-17
2.147, -1.38857e-17
2.148, -1.25094e-17
2.149, -1.11332e-17
2.15, -2.21913e-17
2.151, -1.28214e-17
2.152, -1.23333e-17
2.153, -1.62861e-17
2.154, -1.31334e-17
2.155, -1.70862e-17
2.156, -1.61539e-17
2.157, -1.07808e-17
2.158, -1.65099e-17
2.159, -1.11367e-17
2.16, -1.50895e-17
2.161, -1.23809e-17
2.162, -1.72219e-17
2.163, -1.58456e-17
2.164, -1.35811e-17
2.165, -1.44252e-17
2.166, -1.74898e-17
2.167, -1.56694e-17
2.168, -1.56254e-17
2.169, -1.46931e-17
2.17, -1.24286e-17
2.171, -1.32728e-17
2.172, -1.05642e-17
2.173, -1.40729e-17
2.174, -1.35847e-17
2.175, -1.30966e-17
2.176, -1.17203e-17
2.177, -1.78935e-17
2.178, -1.56291e-17
2.179, -1.60291e-17
2.18, -6.2151e-18
2.181, -2.03819e-17
2.182, -1.01238e-17
2.183, -1.0968e-17
2.184, -1.6253e-17
2.185, -9.10352e-18
2.186, -1.66089e-17
2.187, -1.47885e-17
2.188, -1.25241e-17
2.189, -1.69209e-17
2.19, -1.42124e-17
2.191, -1.55006e-17
2.192, -1.7677e-17
2.193, -9.1953e-18
2.194, -1.49244e-17
2.195, -1.57686e-17
2.196, -1.48363e-17
2.197, -1.07954e-17
2.198, -1.03073e-17
2.199, -1.69246e-17
2.2, -1.55483e-17
2.201, -1.15075e-17
2.202, -1.27957e-17
2.203, -1.27516e-17
2.204, -9.59896e-18
2.205, -1.66603e-17
2.206, -7.73456e-18
2.207, -1.92369e-17
2.208, -1.25315e-17
2.209, -1.24874e-17
2.21, -1.37757e-17
2.211, -1.50639e-17
2.212, -1.67962e-17
2.213, -1.5864e-17
2.214, -1.67081e-17
2.215, -1.1335e-17
2.216, -1.39555e-17
2.217, -1.52437e-17
2.218, -1.6976e-17
2.219, -1.47115e-17
2.22, -1.06707e-17
2.221, -1.37352e-17
2.222, -1.32471e-17
2.223, -1.18708e-17
2.224, -1.71559e-17
2.225, -1.22268e-17
2.226, -1.7956e-17
2.227, -1.79119e-17
2.228, -1.65356e-17
2.229, -1.11625e-17
2.23, -1.06744e-17
2.231, -1.55153e-17
2.232, -1.41391e-17
2.233, -1.54273e-17
2.234, -1.3607e-17
2.235, -1.71156e-17
2.236, -9.96617e-18
2.237, -1.48071e-17
2.238, -1.69835e-17
2.239, -1.11663e-17
2.24, -1.91159e-17
2.241, -1.32987e-17
2.242, -1.05901e-17
2.243, -1.23225e-17
2.244, -1.18343e-17
2.245, -1.26785e-17
2.246, -9.52582e-18
2.247, -1.74754e-17
2.248, -1.29904e-17
2.249, -1.20582e-17
2.25, -1.29023e-17
2.251, -1.28583e-17
2.252, -9.7056e-18
2.253, -1.32143e-17
2.254, -1.13939e-17
2.255, -1.93435e-17
2.256, -1.57467e-17
2.257, -1.34822e-17
2.258, -1.38823e-17
2.259, -1.42823e-17
2.26, -1.37942e-17
2.261, -8.42109e-18
2.262, -1.45943e-17
2.263, -1.3218e-17
2.264, -1.36181e-17
2.265, -1.53504e-17
2.266, -1.84149e-17
2.267, -1.65945e-17
2.268, -1.03333e-17
2.269, -1.51742e-17
2.27, -1.29098e-17
2.271, -1.28657e-17
2.272, -1.41539e-17
2.273, -1.81067e-17
2.274, -1.67304e-17
2.275, -1.09132e-17
2.276, -1.26455e-17
2.277, -1.26015e-17
2.278, -1.65542e-17
2.279, -1.69543e-17
2.28, -1.42457e-17
2.281, -1.33135e-17
2.282, -1.32695e-17
2.283, -1.32254e-17
2.284, -1.05169e-17
2.285, -1.66901e-17
2.286, -1.44257e-17
2.287, -1.1273e-17
2.288, -1.38935e-17
2.289, -1.07409e-17
2.29, -1.42495e-17
2.291, -1.1985e-17
2.292, -1.59378e-17
2.293, -1.58937e-17
2.294, -1.58497e-17
2.295, -1.2697e-17
2.296, -1.30971e-17
2.297, -9.94441e-18
2.298, -1.70058e-17
2.299, -7.19183e-18
2.3, -1.46973e-17
2.301, -1.77619e-17
2.302, -1.59415e-17
2.303, -1.58974e-17
2.304, -1.45211e-17
2.305, -1.31448e-17
2.306, -1.31008e-17
2.307, -1.4389e-17
2.308, -1.12363e-17
2.309, -1.4745e-17
2.31, -1.29246e-17
2.311, -7.99556e-18
2.312, -1.81656e-17
2.313, -1.72333e-17
2.314, -1.45248e-17
2.315, -1.00398e-17
2.316, -1.26603e-17
2.317, -1.1284e-17
2.318, -1.74573e-17
2.319, -1.6081e-17
2.32, -1.51487e-17
2.321, -1.37724e-17
2.322, -9.28753e-18
2.323, -1.94575e-17
2.324, -1.76371e-17
2.325, -1.35963e-17
2.326, -9.11141e-18
2.327, -1.48405e-17
2.328, -1.65728e-17
2.329, -1.07556e-17
2.33, -1.20439e-17
2.331, -1.73289e-17
2.332, -1.41763e-17
2.333, -1.28e-17
2.334, -1.32001e-17
2.335, -1.71528e-17
2.336, -1.44442e-17
2.337, -1.3512e-17
2.338, -1.3468e-17
2.339, -1.3424e-17
2.34, -1.51563e-17
2.341, -1.82209e-17
2.342, -1.10714e-17
2.343, -1.4136e-17
2.344, -1.27597e-17
2.345, -1.31598e-17
2.346, -1.71126e-17
2.347, -1.17395e-17
2.348, -1.30277e-17
2.349, -1.03191e-17
2.35, -1.64923e-17
2.351, -1.37837e-17
2.352, -1.46279e-17
2.353, -1.41398e-17
2.354, -1.09871e-17
2.355, -1.40517e-17
2.356, -1.00109e-17
2.357, -1.70723e-17
2.358, -1.5696e-17
2.359, -1.87605e-17
2.36, -1.16111e-17
2.361, -1.1567e-17
2.362, -1.32993e-17
2.363, -1.6808e-17
2.364, -1.49876e-17
2.365, -1.36113e-17
2.366, -1.80082e-17
2.367, -1.17469e-17
2.368, -1.43674e-17
2.369, -1.56556e-17
2.37, -1.47234e-17
2.371, -1.15708e-17
2.372, -1.50794e-17
2.373, -1.37031e-17
2.374, -9.66227e-18
2.375, -1.09505e-17
2.376, -1.26829e-17
2.377, -1.26388e-17
2.378, -1.3927e-17
2.379, -1.52152e-17
2.38, -1.69476e-17
2.381, -1.51271e-17
2.382, -1.19745e-17
2.383, -1.4595e-17
2.384, -1.32187e-17
2.385, -1.45069e-17
2.386, -1.17984e-17
2.387, -1.66393e-17
2.388, -1.08221e-17
2.389, -1.21104e-17
2.39, -1.69513e-17
2.391, -1.42427e-17
2.392, -1.02019e-17
2.393, -1.63751e-17
2.394, -1.49988e-17
2.395, -1.5843e-17
2.396, -1.18021e-17
2.397, -1.22022e-17
2.398, -1.03818e-17
2.399, -1.43346e-17
2.4, -1.42905e-17
2.401, -1.46906e-17
2.402, -1.50907e-17
2.403, -1.01616e-17
2.404, -1.41144e-17
2.405, -1.62908e-17
2.406, -1.49145e-17
2.407, -1.39823e-17
2.408, -1.2606e-17
2.409, -1.21179e-17
2.41, -2.62847e-17
2.411, -1.15857e-17
2.412, -1.55385e-17
2.413, -1.86031e-17
2.414, -1.01214e-17
2.415, -1.49624e-17
2.416, -1.62506e-17
2.417, -1.13216e-17
2.418, -1.92711e-17
2.419, -9.90122e-18
2.42, -6.74858e-18
2.421, -1.51422e-17
2.422, -1.55423e-17
2.423, -1.28337e-17
2.424, -8.34883e-18
2.425, -2.02952e-17
2.426, -1.35898e-17
2.427, -9.10488e-18
2.428, -1.30577e-17
2.429, -1.03491e-17
2.43, -1.34137e-17
2.431, -1.47019e-17
2.432, -1.28815e-17
2.433, -1.37257e-17
2.434, -1.41257e-17
2.435, -1.36376e-17
2.436, -1.27054e-17
2.437, -2.0655e-17
2.438, -1.70582e-17
2.439, -1.30174e-17
2.44, -1.07529e-17
2.441, -1.69261e-17
2.442, -1.55498e-17
2.443, -1.46176e-17
2.444, -1.32413e-17
2.445, -1.49736e-17
2.446, -1.40414e-17
2.447, -1.7106e-17
2.448, -1.48415e-17
2.449, -1.39093e-17
2.45, -1.51975e-17
2.451, -1.38212e-17
2.452, -9.78038e-18
2.453, -1.37331e-17
2.454, -1.50214e-17
2.455, -1.3201e-17
2.456, -1.36011e-17
2.457, -1.48893e-17
2.458, -1.66216e-17
2.459, -1.56894e-17
2.46, -1.25367e-17
2.461, -1.33809e-17
2.462, -1.37809e-17
2.463, -1.37369e-17
2.464, -1.4137e-17
2.465, -9.6521e-18
2.466, -1.53812e-17
2.467, -1.97781e-17
2.468, -1.26286e-17
2.469, -9.92007e-18
2.47, -1.60933e-17
2.471, -1.64934e-17
2.472, -1.42289e-17
2.473, -1.59612e-17
2.474, -1.54731e-17
2.475, -1.32086e-17
2.476, -1.40527e-17
2.477, -1.71173e-17
2.478, -1.26324e-17
2.479, -9.47973e-18
2.48, -1.29884e-17
2.481, -1.16121e-17
2.482, -1.68972e-17
2.483, -1.50768e-17
2.484, -1.41445e-17
2.485, -1.36564e-17
2.486, -1.45005e-17
2.487, -1.35682e-17
2.488, -1.08597e-17
2.489, -1.21479e-17
2.49, -1.78771e-17
2.491, -1.7833e-17
2.492, -1.15717e-17
2.493, -1.24159e-17
2.494, -1.28159e-17
2.495, -9.66328e-18
2.496, -1.45042e-17
2.497, -1.62365e-17
2.498, -1.35279e-17
2.499, -1.48162e-17
2.5, -1.65485e-17
2.501, -1.16195e-17
2.502, -1.55723e-17
2.503, -1.50842e-17
2.504, -1.37079e-17
2.505, -1.09993e-17
2.506, -1.53961e-17
2.507, -1.26876e-17
2.508, -1.57522e-17
2.509, -1.88168e-17
2.51, -1.16673e-17
2.511, -1.07351e-17
2.512, -1.64642e-17
2.513, -1.37556e-17
2.514, -1.23793e-17
2.515, -1.98848e-17
2.516, -1.05149e-17
2.517, -1.35795e-17
2.518, -1.70882e-17
2.519, -1.03829e-17
2.52, -1.16711e-17
2.521, -1.47357e-17
2.522, -1.60239e-17
2.523, -7.54215e-18
2.524, -1.37154e-17
2.525, -1.36713e-17
2.526, -1.718e-17
2.527, -1.62478e-17
2.528, -8.21014e-18
2.529, -1.39393e-17
2.53, -1.38952e-17
2.531, -1.60716e-17
2.532, -1.51394e-17
2.533, -1.19867e-17
2.534, -1.50513e-17
2.535, -1.50073e-17
2.536, -1.00782e-17
2.537, -1.4031e-17
2.538, -1.57633e-17
2.539, -1.88279e-17
2.54, -1.03462e-17
2.541, -1.34108e-17
2.542, -1.33667e-17
2.543, -1.02141e-17
2.544, -1.41668e-17
2.545, -1.19024e-17
2.546, -1.4967e-17
2.547, -1.58111e-17
2.548, -1.17703e-17
2.549, -1.48349e-17
2.55, -1.34586e-17
2.551, -1.34145e-17
2.552, -1.20382e-17
2.553, -1.33264e-17
2.554, -1.01738e-17
2.555, -1.50147e-17
2.556, -1.89674e-17
2.557, -1.1818e-17
2.558, -1.66589e-17
2.559, -1.17299e-17
2.56, -1.65708e-17
2.561, -1.20859e-17
2.562, -1.73709e-17
2.563, -1.19978e-17
2.564, -1.06215e-17
2.565, -1.23538e-17
2.566, -1.8527e-17
2.567, -9.15708e-18
2.568, -1.35539e-17
2.569, -1.3954e-17
2.57, -1.12455e-17
2.571, -1.56423e-17
2.572, -1.73746e-17
2.573, -1.51101e-17
2.574, -1.68424e-17
2.575, -1.45779e-17
2.576, -1.14253e-17
2.577, -1.0049e-17
2.578, -1.26695e-17
2.579, -1.61782e-17
2.58, -1.34696e-17
2.581, -1.65342e-17
2.582, -1.51579e-17
2.583, -1.20053e-17
2.584, -1.15171e-17
2.585, -1.23613e-17
2.586, -1.32054e-17
2.587, -1.27173e-17
2.588, -1.1341e-17
2.589, -1.26292e-17
2.59, -1.56938e-17
2.591, -1.1653e-17
2.592, -1.56057e-17
2.593, -1.55617e-17
2.594, -1.15208e-17
2.595, -1.45854e-17
2.596, -1.14328e-17
2.597, -1.93823e-17
2.598, -8.68018e-18
2.599, -1.88502e-17
2.6, -1.03685e-17
2.601, -1.3433e-17
2.602, -1.11686e-17
2.603, -1.86741e-17
2.604, -1.24128e-17
2.605, -1.59215e-17
2.606, -1.63215e-17
2.607, -9.17207e-18
2.608, -1.17926e-17
2.609, -2.01862e-17
2.61, -1.39249e-17
2.611, -1.61013e-17
2.612, -1.07283e-17
2.613, -1.60133e-17
2.614, -8.86381e-18
2.615, -2.56952e-17
2.616, -1.14403e-17
2.617, -1.49489e-17
2.618, -1.62372e-17
2.619, -1.39727e-17
2.62, -1.21523e-17
2.621, -1.78814e-17
2.622, -1.51729e-17
2.623, -8.02339e-18
2.624, -1.41966e-17
2.625, -1.72612e-17
2.626, -1.01117e-17
2.627, -1.18441e-17
2.628, -1.80173e-17
2.629, -1.08678e-17
2.63, -9.4915e-18
2.631, -1.07798e-17
2.632, -1.96175e-17
2.633, -8.47128e-18
2.634, -1.86413e-17
2.635, -1.10477e-17
2.636, -1.18919e-17
2.637, -1.49565e-17
2.638, -1.00275e-17
2.639, -1.39802e-17
2.64, -1.34921e-17
2.641, -1.65567e-17
2.642, -9.4072e-18
2.643, -1.42481e-17
2.644, -1.59805e-17
2.645, -1.86009e-17
2.646, -1.58924e-17
2.647, -1.36279e-17
2.648, -1.4028e-17
2.649, -1.4428e-17
2.65, -1.39399e-17
2.651, -1.34518e-17
2.652, -9.41092e-18
2.653, -1.06991e-17
2.654, -1.55401e-17
2.655, -1.5052e-17
2.656, -1.0123e-17
2.657, -1.5408e-17
2.658, -1.49199e-17
2.659, -1.57641e-17
2.66, -1.61641e-17
2.661, -9.01462e-18
2.662, -1.6076e-17
2.663, -1.46997e-17
2.664, -1.77643e-17
2.665, -1.68321e-17
2.666, -9.68264e-18
2.667, -1.09709e-17
2.668, -1.49237e-17
2.669, -1.26592e-17
2.67, -1.26152e-17
2.671, -1.39034e-17
2.672, -1.38594e-17
2.673, -1.55917e-17
2.674, -1.86563e-17
2.675, -1.63918e-17
2.676, -7.02188e-18
2.677, -1.85241e-17
2.678, -1.44832e-17
2.679, -1.26628e-17
2.68, -1.03984e-17
2.681, -1.70156e-17
2.682, -1.65275e-17
2.683, -1.33748e-17
2.684, -1.64394e-17
2.685, -1.37309e-17
2.686, -1.23546e-17
2.687, -1.9416e-17
2.688, -1.4487e-17
2.689, -1.31107e-17
2.69, -1.57312e-17
2.691, -1.30226e-17
2.692, -1.12022e-17
2.693, -1.33787e-17
2.694, -1.0226e-17
2.695, -1.24024e-17
2.696, -2.16843e-17
2.697, -1.14262e-17
2.698, -1.44908e-17
2.699, -1.17822e-17
2.7, -1.48468e-17
2.701, -1.52468e-17
2.702, -8.09735e-18
2.703, -1.42706e-17
2.704, -1.73352e-17
2.705, -9.74164e-18
2.706, -1.23621e-17
2.707, -1.89794e-17
2.708, -1.27181e-17
2.709, -8.67734e-18
2.71, -1.66269e-17
2.711, -1.39184e-17
2.712, -1.25421e-17
2.713, -1.6939e-17
2.714, -1.64508e-17
2.715, -1.68509e-17
2.716, -1.32541e-17
2.717, -1.40983e-17
2.718, -1.76069e-17
2.719, -1.26779e-17
2.72, -1.21898e-17
2.721, -1.96954e-17
2.722, -9.88136e-18
2.723, -1.47223e-17
2.724, -1.06815e-17
2.725, -1.19697e-17
2.726, -1.45902e-17
2.727, -8.77301e-18
2.728, -1.49462e-17
2.729, -1.62344e-17
2.73, -1.08612e-17
2.731, -1.74785e-17
2.732, -1.477e-17
2.733, -1.33937e-17
2.734, -9.35283e-18
2.735, -1.0197e-17
2.736, -1.14852e-17
2.737, -1.76584e-17
2.738, -1.13971e-17
2.739, -1.26854e-17
2.74, -1.57499e-17
2.741, -1.17091e-17
2.742, -1.21092e-17
2.743, -1.1177e-17
2.744, -1.60179e-17
2.745, -1.33093e-17
2.746, -1.77062e-17
2.747, -1.45535e-17
2.748, -1.62858e-17
2.749, -1.18009e-17
2.75, -1.44214e-17
2.751, -1.34892e-17
2.752, -1.43333e-17
2.753, -1.60657e-17
2.754, -1.55775e-17
2.755, -1.59775e-17
2.756, -1.32689e-17
2.757, -1.14485e-17
2.758, -1.67336e-17
2.759, -1.44691e-17
2.76, -1.79777e-17
2.761, -1.30487e-17
2.762, -1.16724e-17
2.763, -1.69575e-17
2.764, -1.51371e-17
2.765, -1.42048e-17
2.766, -9.7199e-18
2.767, -1.14523e-17
2.768, -1.62932e-17
2.769, -1.18083e-17
2.77, -1.5761e-17
2.771, -1.5717e-17
2.772, -1.47848e-17
2.773, -9.85581e-18
2.774, -1.33645e-17
2.775, -9.32366e-18
2.776, -1.77173e-17
2.777, -1.19001e-17
2.778, -1.18561e-17
2.779, -1.31443e-17
2.78, -1.26562e-17
2.781, -1.30562e-17
2.782, -1.47885e-17
2.783, -1.87413e-17
2.784, -1.7365e-17
2.785, -9.32732e-18
2.786, -1.37242e-17
2.787, -1.2792e-17
2.788, -1.54125e-17
2.789, -1.67007e-17
2.79, -1.39922e-17
2.791, -1.17277e-17
2.792, -1.43482e-17
2.793, -1.47483e-17
2.794, -1.51483e-17
2.795, -1.19956e-17
2.796, -1.32839e-17
2.797, -1.4128e-17
2.798, -1.27517e-17
2.799, -1.58163e-17
2.8, -1.39959e-17
2.801, -1.39519e-17
2.802, -1.61283e-17
2.803, -1.4752e-17
2.804, -1.5152e-17
2.805, -1.33316e-17
2.806, -6.62625e-18
2.807, -1.27995e-17
2.808, -1.67523e-17
2.809, -1.44878e-17
2.81, -1.5776e-17
2.811, -1.70642e-17
2.812, -9.47069e-18
2.813, -1.43116e-17
2.814, -1.6488e-17
2.815, -1.06709e-17
2.816, -1.50677e-17
2.817, -1.54678e-17
2.818, -1.1427e-17
2.819, -1.22711e-17
2.82, -1.62239e-17
2.821, -6.85399e-18
2.822, -1.74681e-17
2.823, -1.43154e-17
2.824, -1.47155e-17
2.825, -1.42273e-17
2.826, -1.46274e-17
2.827, -1.45834e-17
2.828, -1.67597e-17
2.829, -1.49393e-17
2.83, -1.44512e-17
2.831, -1.52954e-17
2.832, -1.21427e-17
2.833, -1.56513e-17
2.834, -1.42751e-17
2.835, -1.24547e-17
2.836, -1.50752e-17
2.837, -1.9028e-17
2.838, -1.49871e-17
2.839, -1.09463e-17
2.84, -9.57004e-18
2.841, -1.35228e-17
2.842, -1.30347e-17
2.843, -1.16584e-17
2.844, -1.78316e-17
2.845, -1.24585e-17
2.846, -1.06381e-17
2.847, -1.23704e-17
2.848, -1.58791e-17
2.849, -1.40587e-17
2.85, -1.0906e-17
2.851, -1.30824e-17
2.852, -1.43707e-17
2.853, -1.16622e-17
2.854, -2.04999e-17
2.855, -1.02418e-17
2.856, -1.1086e-17
2.857, -1.41505e-17
2.858, -1.01097e-17
2.859, -1.53947e-17
2.86, -1.93475e-17
2.861, -1.66389e-17
2.862, -1.17099e-17
2.863, -1.65508e-17
2.864, -1.38422e-17
2.865, -1.46864e-17
2.866, -1.46424e-17
2.867, -1.37101e-17
2.868, -1.23338e-17
2.869, -1.67307e-17
2.87, -1.04694e-17
2.871, -1.30899e-17
2.872, -1.61545e-17
2.873, -1.389e-17
2.874, -1.82869e-17
2.875, -1.73547e-17
2.876, -1.02052e-17
2.877, -1.19375e-17
2.878, -1.81108e-17
2.879, -1.67345e-17
2.88, -1.13614e-17
2.881, -1.75346e-17
2.882, -1.03851e-17
2.883, -1.43379e-17
2.884, -1.42938e-17
2.885, -1.20294e-17
2.886, -1.5094e-17
2.887, -1.10531e-17
2.888, -1.0565e-17
2.889, -1.40737e-17
2.89, -1.5806e-17
2.891, -1.53179e-17
2.892, -1.1277e-17
2.893, -1.43416e-17
2.894, -1.03008e-17
2.895, -1.60299e-17
2.896, -1.643e-17
2.897, -1.10569e-17
2.898, -1.32333e-17
2.899, -1.45215e-17
2.9, -1.58097e-17
2.901, -1.70979e-17
2.902, -1.21689e-17
2.903, -1.30131e-17
2.904, -1.2969e-17
2.905, -1.42573e-17
2.906, -1.55455e-17
2.907, -1.68337e-17
2.908, -1.05724e-17
2.909, -1.3637e-17
2.91, -1.3593e-17
2.911, -1.26607e-17
2.912, -1.57253e-17
2.913, -1.87899e-17
2.914, -1.60813e-17
2.915, -1.20405e-17
2.916, -1.06642e-17
2.917, -1.10643e-17
2.918, -1.32407e-17
2.919, -1.36408e-17
2.92, -9.59995e-18
2.921, -1.35527e-17
2.922, -1.30646e-17
2.923, -1.83496e-17
2.924, -1.43088e-17
2.925, -1.29325e-17
2.926, -1.15562e-17
2.927, -1.72854e-17
2.928, -1.10241e-17
2.929, -1.5421e-17
2.93, -1.67092e-17
2.931, -1.1336e-17
2.932, -1.52888e-17
2.933, -1.25802e-17
2.934, -1.38684e-17
2.935, -1.51566e-17
2.936, -1.64448e-17
2.937, -1.37363e-17
2.938, -1.59127e-17
2.939, -1.49805e-17
2.94, -1.71569e-17
2.941, -1.00074e-17
2.942, -1.04075e-17
2.943, -1.21398e-17
2.944, -1.52044e-17
2.945, -1.56045e-17
2.946, -1.28959e-17
2.947, -8.411e-18
2.948, -1.90251e-17
2.949, -1.63165e-17
2.95, -1.22757e-17
2.951, -1.04553e-17
2.952, -1.79608e-17
2.953, -1.70286e-17
2.954, -1.56523e-17
2.955, -1.24996e-17
2.956, -8.01468e-18
2.957, -1.55202e-17
2.958, -1.54762e-17
2.959, -1.40998e-17
2.96, -1.27235e-17
2.961, -1.13472e-17
2.962, -1.75205e-17
2.963, -1.34796e-17
2.964, -1.38797e-17
2.965, -1.33916e-17
2.966, -1.42357e-17
2.967, -1.41917e-17
2.968, -1.5924e-17
2.969, -1.36595e-17
2.97, -1.22832e-17
2.971, -1.49037e-17
2.972, -1.39715e-17
2.973, -1.30393e-17
2.974, -1.47716e-17
2.975, -1.42835e-17
2.976, -1.33512e-17
2.977, -9.31044e-18
2.978, -1.63718e-17
2.979, -1.49956e-17
2.98, -1.76161e-17
2.981, -1.31311e-17
2.982, -1.35312e-17
2.983, -1.39312e-17
2.984, -1.34431e-17
2.985, -1.2955e-17
2.986, -1.15787e-17
2.987, -1.77519e-17
2.988, -1.63756e-17
2.989, -9.67027e-18
2.99, -1.45112e-17
2.991, -1.31349e-17
2.992, -1.26468e-17
2.993, -1.12705e-17
2.994, -1.69996e-17
2.995, -1.16264e-17
2.996, -1.60232e-17
2.997, -1.5091e-17
2.998, -1.19383e-17
2.999, -1.50029e-17
3, -1.09621e-17
3.001, -1.40267e-17
3.002, -1.39826e-17
3.003, -1.43827e-17
3.004, -9.45365e-18
3.005, -1.51828e-17
3.006, -1.51387e-17
3.007, -1.06538e-17
3.008, -1.6827e-17
3.009, -9.23353e-18
3.01, -1.54068e-17
3.011, -1.75832e-17
3.012, -1.22101e-17
3.013, -1.61629e-17
3.014, -9.01343e-18
3.015, -1.47425e-17
3.016, -9.3694e-18
3.017, -1.46544e-17
3.018, -1.50545e-17
3.019, -1.58986e-17
3.02, -1.40782e-17
3.021, -1.53664e-17
3.022, -1.53224e-17
3.023, -1.12815e-17
3.024, -1.07934e-17
3.025, -1.43021e-17
3.026, -1.82548e-17
3.027, -1.68785e-17
3.028, -1.15054e-17
3.029, -1.23495e-17
3.03, -1.71905e-17
3.031, -1.44819e-17
3.032, -9.55292e-18
3.033, -1.43939e-17
3.034, -1.74585e-17
3.035, -1.0309e-17
3.036, -1.15972e-17
3.037, -1.555e-17
3.038, -1.23974e-17
3.039, -1.50179e-17
3.04, -1.36415e-17
3.041, -1.40416e-17
3.042, -1.17771e-17
3.043, -1.70621e-17
3.044, -1.52417e-17
3.045, -1.56417e-17
3.046, -1.42654e-17
3.047, -1.33332e-17
3.048, -1.28451e-17
3.049, -8.80423e-18
3.05, -1.45334e-17
3.051, -1.53775e-17
3.052, -1.08926e-17
3.053, -1.57335e-17
3.054, -1.48014e-17
3.055, -1.52014e-17
3.056, -1.29369e-17
3.057, -1.28929e-17
3.058, -1.50693e-17
3.059, -1.63575e-17
3.06, -1.05404e-17
3.061, -2.02663e-17
3.062, -1.35608e-17
3.063, -1.08523e-17
3.064, -1.25846e-17
3.065, -1.56492e-17
3.066, -1.9602e-17
3.067, -1.24525e-17
3.068, -1.37408e-17
3.069, -1.41408e-17
3.07, -1.27645e-17
3.071, -1.22764e-17
3.072, -1.62292e-17
3.073, -1.5741e-17
3.074, -1.79174e-17
3.075, -1.34325e-17
3.076, -1.33885e-17
3.077, -1.1124e-17
3.078, -1.99617e-17
3.079, -9.70365e-18
3.08, -1.23241e-17
3.081, -1.45006e-17
3.082, -1.22361e-17
3.083, -1.57448e-17
3.084, -1.39244e-17
3.085, -1.16599e-17
3.086, -1.96094e-17
3.087, -9.35129e-18
3.088, -1.286e-17
3.089, -1.37041e-17
3.09, -1.58805e-17
3.091, -1.27279e-17
3.092, -8.68703e-18
3.093, -1.75248e-17
3.094, -1.17076e-17
3.095, -1.65486e-17
3.096, -1.384e-17
3.097, -1.24637e-17
3.098, -1.3752e-17
3.099, -1.72606e-17
3.1, -1.58843e-17
3.101, -1.49521e-17
3.102, -1.4464e-17
3.103, -1.48641e-17
3.104, -1.30437e-17
3.105, -1.21114e-17
3.106, -1.60642e-17
3.107, -1.11352e-17
3.108, -1.86407e-17
3.109, -1.68203e-17
3.11, -8.33857e-18
3.111, -1.98408e-17
3.112, -9.13861e-18
3.113, -1.35355e-17
3.114, -1.66e-17
3.115, -1.52237e-17
3.116, -1.74001e-17
3.117, -1.11388e-17
3.118, -1.28712e-17
3.119, -1.14949e-17
3.12, -1.32272e-17
3.121, -1.27391e-17
3.122, -1.04746e-17
3.123, -1.88683e-17
3.124, -1.52715e-17
3.125, -1.74479e-17
3.126, -8.96617e-18
3.127, -1.11426e-17
3.128, -1.37631e-17
3.129, -1.81599e-17
3.13, -1.67836e-17
3.131, -1.54073e-17
3.132, -1.4031e-17
3.133, -1.44311e-17
3.134, -1.17226e-17
3.135, -1.56753e-17
3.136, -1.60754e-17
3.137, -6.70545e-18
3.138, -1.50991e-17
3.139, -1.81637e-17
3.14, -1.23465e-17
3.141, -1.62993e-17
3.142, -1.44789e-17
3.143, -1.22144e-17
3.144, -1.66112e-17
3.145, -9.46174e-18
3.146, -8.08545e-18
3.147, -1.5591e-17
3.148, -1.86556e-17
3.149, -1.19502e-17
3.15, -1.05739e-17
3.151, -1.58589e-17
3.152, -1.18181e-17
3.153, -1.53268e-17
3.154, -1.08245e-17
3.155, -1.56654e-17
3.156, -1.60491e-17
3.157, -9.77044e-18
3.158, -1.59273e-17
3.159, -1.89918e-17
3.16, -1.49336e-17
3.161, -1.70926e-17
3.162, -8.59354e-18
3.163, -1.60817e-17
3.164, -8.93218e-18
3.165, -1.42008e-17
3.166, -1.10308e-17
3.167, -1.45231e-17
3.168, -1.49058e-17
3.169, -1.79704e-17
3.17, -1.70217e-17
3.171, -1.16322e-17
3.172, -1.86772e-17
3.173, -7.531e-18
3.174, -1.01342e-17
3.175, -1.36429e-17
3.176, -1.53752e-17
3.177, -1.84398e-17
3.178, -1.34934e-17
3.179, -1.12289e-17
3.18, -1.16126e-17
3.181, -1.02199e-17
3.182, -1.10476e-17
3.183, -1.58886e-17
3.184, -1.62713e-17
3.185, -1.26581e-17
3.186, -1.17085e-17
3.187, -1.96417e-17
3.188, -9.8277e-18
3.189, -1.50954e-17
3.19, -1.76986e-17
3.191, -1.23081e-17
3.192, -1.44672e-17
3.193, -1.75317e-17
3.194, -1.34745e-17
3.195, -1.16367e-17
3.196, -1.55731e-17
3.197, -1.46235e-17
3.198, -1.63558e-17
3.199, -1.36309e-17
3.2, -1.71232e-17
3.201, -1.21778e-17
3.202, -1.65747e-17
3.203, -1.60865e-17
3.204, -1.3378e-17
3.205, -1.24458e-17
3.206, -1.90631e-17
3.207, -1.59104e-17
3.208, -1.27577e-17
3.209, -1.00492e-17
3.21, -1.4446e-17
3.211, -1.26256e-17
3.212, -1.16934e-17
3.213, -1.83108e-17
3.214, -1.56022e-17
3.215, -1.51141e-17
3.216, -1.507e-17
3.217, -1.10292e-17
3.218, -9.65291e-18
3.219, -1.13852e-17
3.22, -1.44498e-17
3.221, -1.57381e-17
3.222, -1.12532e-17
3.223, -1.5206e-17
3.224, -1.82705e-17
3.225, -1.11211e-17
3.226, -1.28534e-17
3.227, -9.70076e-18
3.228, -1.54299e-17
3.229, -1.67181e-17
3.23, -1.40095e-17
3.231, -1.08569e-17
3.232, -1.34774e-17
3.233, -1.47656e-17
3.234, -1.64979e-17
3.235, -1.15689e-17
3.236, -1.72981e-17
3.237, -1.63658e-17
3.238, -1.32131e-17
3.239, -1.40572e-17
3.24, -1.22368e-17
3.241, -1.79659e-17
3.242, -1.03724e-17
3.243, -1.16607e-17
3.244, -1.47253e-17
3.245, -1.51254e-17
3.246, -1.3305e-17
3.247, -1.3705e-17
3.248, -1.23287e-17
3.249, -1.80578e-17
3.25, -1.17965e-17
3.251, -1.61934e-17
3.252, -1.08203e-17
3.253, -1.34408e-17
3.254, -1.33967e-17
3.255, -1.06882e-17
3.256, -1.81937e-17
3.257, -1.90378e-17
3.258, -1.18884e-17
3.259, -1.05121e-17
3.26, -1.44649e-17
3.261, -1.57531e-17
3.262, -1.61532e-17
3.263, -6.33919e-18
3.264, -1.69533e-17
3.265, -1.60211e-17
3.266, -1.33125e-17
3.267, -1.46007e-17
3.268, -1.6333e-17
3.269, -1.40685e-17
3.27, -1.35804e-17
3.271, -9.53958e-18
3.272, -1.34923e-17
3.273, -1.78892e-17
3.274, -1.25161e-17
3.275, -7.58706e-18
3.276, -1.68689e-17
3.277, -1.41603e-17
3.278, -1.2784e-17
3.279, -1.22959e-17
3.28, -1.71369e-17
3.281, -1.13197e-17
3.282, -1.57165e-17
3.283, -1.16757e-17
3.284, -1.2964e-17
3.285, -1.38081e-17
3.286, -1.28758e-17
3.287, -1.50522e-17
3.288, -1.36759e-17
3.289, -1.4076e-17
3.29, -1.49202e-17
3.291, -1.4432e-17
3.292, -1.34998e-17
3.293, -1.78967e-17
3.294, -1.56322e-17
3.295, -1.42559e-17
3.296, -1.42119e-17
3.297, -1.0171e-17
3.298, -1.23475e-17
3.299, -1.36357e-17
3.3, -1.40357e-17
3.301, -1.31034e-17
3.302, -1.17272e-17
3.303, -1.65681e-17
3.304, -1.1195e-17
3.305, -1.15951e-17
3.306, -1.1551e-17
3.307, -1.46156e-17
3.308, -9.68664e-18
3.309, -1.58599e-17
3.31, -2.1589e-17
3.311, -1.57718e-17
3.312, -1.61718e-17
3.313, -9.02234e-18
3.314, -1.20869e-17
3.315, -1.2487e-17
3.316, -8.44613e-18
3.317, -1.46194e-17
3.318, -1.45754e-17
3.319, -1.31991e-17
3.32, -1.27109e-17
3.321, -8.67011e-18
3.322, -1.26229e-17
3.323, -1.21348e-17
3.324, -1.56434e-17
3.325, -1.95961e-17
3.326, -1.20025e-17
3.327, -1.32908e-17
3.328, -1.05822e-17
3.329, -1.54231e-17
3.33, -1.93758e-17
3.331, -1.40027e-17
3.332, -1.17382e-17
3.333, -1.30264e-17
3.334, -1.20942e-17
3.335, -1.82673e-17
3.336, -1.51147e-17
3.337, -1.6847e-17
3.338, -1.36943e-17
3.339, -1.27621e-17
3.34, -1.67149e-17
3.341, -1.66708e-17
3.342, -1.30741e-17
3.343, -1.74709e-17
3.344, -1.20978e-17
3.345, -1.47183e-17
3.346, -1.15656e-17
3.347, -1.46302e-17
3.348, -1.45861e-17
3.349, -1.49862e-17
3.35, -1.36099e-17
3.351, -1.17895e-17
3.352, -1.35218e-17
3.353, -1.25896e-17
3.354, -1.29897e-17
3.355, -1.42779e-17
3.356, -1.11253e-17
3.357, -1.33017e-17
3.358, -1.41458e-17
3.359, -1.36577e-17
3.36, -1.45018e-17
3.361, -1.35695e-17
3.362, -1.0861e-17
3.363, -1.30374e-17
3.364, -9.8847e-18
3.365, -1.1617e-17
3.366, -1.51257e-17
3.367, -1.1973e-17
3.368, -1.45935e-17
3.369, -1.49936e-17
3.37, -1.09528e-17
3.371, -1.44614e-17
3.372, -1.04206e-17
3.373, -1.39293e-17
3.374, -1.2553e-17
3.375, -1.69498e-17
3.376, -1.46853e-17
3.377, -1.3309e-17
3.378, -1.06005e-17
3.379, -1.67737e-17
3.38, -1.71738e-17
3.381, -1.40211e-17
3.382, -1.53094e-17
3.383, -1.57094e-17
3.384, -1.43331e-17
3.385, -1.34009e-17
3.386, -1.29127e-17
3.387, -8.87191e-18
3.388, -1.46011e-17
3.389, -8.78388e-18
3.39, -1.89539e-17
3.391, -1.18045e-17
3.392, -1.04282e-17
3.393, -1.4381e-17
3.394, -1.56692e-17
3.395, -1.60693e-17
3.396, -6.25525e-18
3.397, -1.46489e-17
3.398, -1.28285e-17
3.399, -8.78769e-18
3.4, -1.67373e-17
3.401, -1.22523e-17
3.402, -1.53169e-17
3.403, -1.52728e-17
3.404, -1.1232e-17
3.405, -9.41157e-18
3.406, -1.6917e-17
3.407, -1.42085e-17
3.408, -1.10558e-17
3.409, -1.45645e-17
3.41, -9.63547e-18
3.411, -1.35883e-17
3.412, -1.48765e-17
3.413, -1.52765e-17
3.414, -1.39002e-17
3.415, -1.51885e-17
3.416, -1.47003e-17
3.417, -1.59885e-17
3.418, -7.5068e-18
3.419, -1.368e-17
3.42, -9.63917e-18
3.421, -1.13715e-17
3.422, -1.35479e-17
3.423, -1.48361e-17
3.424, -1.70125e-17
3.425, -1.16394e-17
3.426, -1.24836e-17
3.427, -1.42159e-17
3.428, -1.72805e-17
3.429, -9.68695e-18
3.43, -1.23075e-17
3.431, -2.15893e-17
3.432, -1.13312e-17
3.433, -1.43958e-17
3.434, -9.91086e-18
3.435, -1.69723e-17
3.436, -1.82605e-17
3.437, -1.46637e-17
3.438, -1.59519e-17
3.439, -1.27993e-17
3.44, -1.09789e-17
3.441, -1.58198e-17
3.442, -1.62198e-17
3.443, -1.35113e-17
3.444, -1.43554e-17
3.445, -1.43114e-17
3.446, -1.16028e-17
3.447, -1.77761e-17
3.448, -1.81761e-17
3.449, -1.05826e-17
3.45, -1.23149e-17
3.451, -1.67118e-17
3.452, -1.08946e-17
3.453, -1.39591e-17
3.454, -9.91833e-18
3.455, -1.69797e-17
3.456, -1.56034e-17
3.457, -1.8668e-17
3.458, -1.10745e-17
3.459, -1.28068e-17
3.46, -1.49832e-17
3.461, -1.53833e-17
3.462, -1.57833e-17
3.463, -1.26307e-17
3.464, -1.30307e-17
3.465, -9.87804e-18
3.466, -9.38993e-18
3.467, -1.42309e-17
3.468, -1.15223e-17
3.469, -2.16923e-17
3.47, -1.23224e-17
3.471, -1.18343e-17
3.472, -1.44548e-17
3.473, -1.52989e-17
3.474, -1.39227e-17
3.475, -1.21023e-17
3.476, -2.094e-17
3.477, -1.15701e-17
3.478, -1.64111e-17
3.479, -1.23702e-17
3.48, -1.80993e-17
3.481, -9.6176e-18
3.482, -1.22381e-17
3.483, -1.39704e-17
3.484, -1.43705e-17
3.485, -1.47705e-17
3.486, -1.42824e-17
3.487, -1.46824e-17
3.488, -1.15297e-17
3.489, -1.68147e-17
3.49, -9.66527e-18
3.491, -1.62826e-17
3.492, -1.8459e-17
3.493, -1.75268e-17
3.494, -9.93324e-18
3.495, -1.07774e-17
3.496, -1.47301e-17
3.497, -1.51302e-17
3.498, -1.37539e-17
3.499, -1.28217e-17
3.5, -1.63303e-17
3.501, -1.22895e-17
3.502, -1.491e-17
3.503, -1.04251e-17
3.504, -1.5266e-17
3.505, -1.12252e-17
3.506, -1.0293e-17
3.507, -1.60221e-17
3.508, -1.46458e-17
3.509, -1.19373e-17
3.51, -1.76664e-17
3.511, -1.31814e-17
3.512, -1.35815e-17
3.513, -1.57579e-17
3.514, -1.70461e-17
3.515, -1.21171e-17
3.516, -1.25172e-17
3.517, -1.24731e-17
3.518, -1.37613e-17
3.519, -1.77141e-17
3.52, -1.67819e-17
3.521, -8.74421e-18
3.522, -1.35852e-17
3.523, -1.22089e-17
3.524, -1.74939e-17
3.525, -9.01216e-18
3.526, -8.52404e-18
3.527, -1.86941e-17
3.528, -6.65964e-18
3.529, -1.15006e-17
3.53, -1.10125e-17
3.531, -1.76298e-17
3.532, -1.13685e-17
3.533, -1.70976e-17
3.534, -1.74976e-17
3.535, -1.39009e-17
3.536, -1.43009e-17
3.537, -1.55892e-17
3.538, -1.64333e-17
3.539, -9.72792e-18
3.54, -1.5013e-17
3.541, -1.31926e-17
3.542, -1.27045e-17
3.543, -1.5325e-17
3.544, -1.70573e-17
3.545, -1.74574e-17
3.546, -1.47488e-17
3.547, -1.38166e-17
3.548, -1.15521e-17
3.549, -1.68371e-17
3.55, -1.10199e-17
3.551, -1.71931e-17
3.552, -1.182e-17
3.553, -1.22201e-17
3.554, -1.61728e-17
3.555, -1.16879e-17
3.556, -1.2532e-17
3.557, -1.15998e-17
3.558, -2.22139e-17
3.559, -1.55085e-17
3.56, -1.54644e-17
3.561, -1.40881e-17
3.562, -1.18236e-17
3.563, -1.62205e-17
3.564, -1.17356e-17
3.565, -1.56883e-17
3.566, -1.74206e-17
3.567, -1.51561e-17
3.568, -1.42239e-17
3.569, -1.55122e-17
3.57, -1.76886e-17
3.571, -9.20687e-18
3.572, -1.40478e-17
3.573, -1.40038e-17
3.574, -1.08511e-17
3.575, -1.48039e-17
3.576, -1.38717e-17
3.577, -1.64922e-17
3.578, -1.0675e-17
3.579, -1.01869e-17
3.58, -1.50278e-17
3.581, -1.36515e-17
3.582, -1.80484e-17
3.583, -1.1343e-17
3.584, -1.48517e-17
3.585, -1.25872e-17
3.586, -1.47636e-17
3.587, -1.42755e-17
3.588, -1.11228e-17
3.589, -1.72961e-17
3.59, -8.81433e-18
3.591, -1.80962e-17
3.592, -1.36112e-17
3.593, -8.68224e-18
3.594, -1.88522e-17
3.595, -1.2591e-17
3.596, -1.38792e-17
3.597, -1.51674e-17
3.598, -1.37911e-17
3.599, -1.06384e-17
3.6, -1.45912e-17
3.601, -1.49913e-17
3.602, -1.4059e-17
3.603, -1.35708e-17
3.604, -1.61913e-17
3.605, -1.34827e-17
3.606, -1.43269e-17
3.607, -1.73914e-17
3.608, -1.46829e-17
3.609, -9.75389e-18
3.61, -1.45948e-17
3.611, -1.5439e-17
3.612, -1.27304e-17
3.613, -1.44627e-17
3.614, -1.26423e-17
3.615, -1.17102e-17
3.616, -2.23243e-17
3.617, -1.47307e-17
3.618, -1.55749e-17
3.619, -1.46427e-17
3.62, -1.6375e-17
3.621, -6.56099e-18
3.622, -2.07278e-17
3.623, -1.04697e-17
3.624, -1.35343e-17
3.625, -1.39344e-17
3.626, -1.61108e-17
3.627, -1.34022e-17
3.628, -1.33581e-17
3.629, -1.50905e-17
3.63, -1.32701e-17
3.631, -1.3226e-17
3.632, -1.18497e-17
3.633, -1.26939e-17
3.634, -9.54123e-18
3.635, -1.52703e-17
3.636, -1.07854e-17
3.637, -1.69586e-17
3.638, -1.425e-17
3.639, -1.19856e-17
3.64, -1.23856e-17
3.641, -1.23416e-17
3.642, -1.31857e-17
3.643, -1.18094e-17
3.644, -1.48741e-17
3.645, -1.483e-17
3.646, -1.16774e-17
3.647, -1.4742e-17
3.648, -1.07011e-17
3.649, -1.59861e-17
3.65, -1.46098e-17
3.651, -1.14572e-17
3.652, -1.00809e-17
3.653, -1.0925e-17
3.654, -1.35455e-17
3.655, -7.72835e-18
3.656, -1.78984e-17
3.657, -1.51898e-17
3.658, -1.11489e-17
3.659, -1.42135e-17
3.66, -1.1949e-17
3.661, -1.23491e-17
3.662, -1.54137e-17
3.663, -1.2261e-17
3.664, -1.17729e-17
3.665, -1.30611e-17
3.666, -1.30171e-17
3.667, -9.8644e-18
3.668, -1.33731e-17
3.669, -1.19968e-17
3.67, -1.77259e-17
3.671, -1.14647e-17
3.672, -1.45293e-17
3.673, -1.67057e-17
3.674, -1.57735e-17
3.675, -1.57294e-17
3.676, -1.30209e-17
3.677, -1.60855e-17
3.678, -1.29328e-17
3.679, -1.24447e-17
3.68, -1.68415e-17
3.681, -1.05802e-17
3.682, -1.54211e-17
3.683, -1.36007e-17
3.684, -1.75535e-17
3.685, -1.0404e-17
3.686, -1.16922e-17
3.687, -1.78654e-17
3.688, -1.51569e-17
3.689, -1.33365e-17
3.69, -9.29562e-18
3.691, -1.45806e-17
3.692, -1.54248e-17
3.693, -1.27162e-17
3.694, -1.44485e-17
3.695, -1.39604e-17
3.696, -1.1696e-17
3.697, -1.87573e-17
3.698, -1.38283e-17
3.699, -1.28961e-17
3.7, -8.41115e-18
3.701, -1.45844e-17
3.702, -1.40962e-17
3.703, -9.61129e-18
3.704, -1.13436e-17
3.705, -1.35201e-17
3.706, -1.65847e-17
3.707, -1.3432e-17
3.708, -1.38321e-17
3.709, -1.33439e-17
3.71, -1.19676e-17
3.711, -1.94731e-17
3.712, -1.85409e-17
3.713, -1.22796e-17
3.714, -1.66765e-17
3.715, -1.21915e-17
3.716, -1.4812e-17
3.717, -1.03271e-17
3.718, -1.33917e-17
3.719, -1.37917e-17
3.72, -9.75088e-18
3.721, -1.41477e-17
3.722, -1.23274e-17
3.723, -1.89447e-17
3.724, -1.89006e-17
3.725, -9.53072e-18
3.726, -9.48667e-18
3.727, -1.6548e-17
3.728, -1.38394e-17
3.729, -9.79861e-18
3.73, -1.37514e-17
3.731, -1.23751e-17
3.732, -1.81042e-17
3.733, -1.18429e-17
3.734, -1.62398e-17
3.735, -1.17548e-17
3.736, -1.83721e-17
3.737, -1.21108e-17
3.738, -1.02905e-17
3.739, -1.42433e-17
3.74, -1.73078e-17
3.741, -1.01584e-17
3.742, -1.14466e-17
3.743, -1.53994e-17
3.744, -1.8464e-17
3.745, -9.53816e-18
3.746, -9.49412e-18
3.747, -1.74437e-17
3.748, -1.16265e-17
3.749, -1.77997e-17
3.75, -1.06502e-17
3.751, -1.23825e-17
3.752, -1.18944e-17
3.753, -1.9844e-17
3.754, -3.36864e-18
3.755, -1.66473e-17
3.756, -1.48269e-17
3.757, -1.61151e-17
3.758, -1.07419e-17
3.759, -1.46947e-17
3.76, -1.77592e-17
3.761, -1.50507e-17
3.762, -1.01217e-17
3.763, -1.49627e-17
3.764, -1.58068e-17
3.765, -1.26542e-17
3.766, -1.1722e-17
3.767, -1.96715e-17
3.768, -8.52526e-18
3.769, -1.60307e-17
3.77, -1.37663e-17
3.771, -1.32781e-17
3.772, -1.19019e-17
3.773, -1.67428e-17
3.774, -1.13697e-17
3.775, -1.22139e-17
3.776, -1.17258e-17
3.777, -1.52344e-17
3.778, -1.11936e-17
3.779, -1.38141e-17
3.78, -1.68787e-17
3.781, -9.28516e-18
3.782, -1.19057e-17
3.783, -1.40821e-17
3.784, -1.3594e-17
3.785, -9.55313e-18
3.786, -1.03973e-17
3.787, -1.12414e-17
3.788, -1.65264e-17
3.789, -1.11533e-17
3.79, -1.59943e-17
3.791, -1.19534e-17
3.792, -1.76825e-17
3.793, -1.18653e-17
3.794, -1.13772e-17
3.795, -1.71063e-17
3.796, -9.95685e-18
3.797, -1.61301e-17
3.798, -1.69742e-17
3.799, -1.29334e-17
3.8, -1.37775e-17
3.801, -1.81744e-17
3.802, -1.72421e-17
3.803, -1.00926e-17
3.804, -1.27131e-17
3.805, -1.711e-17
3.806, -1.751e-17
3.807, -1.65778e-17
3.808, -1.56456e-17
3.809, -1.60456e-17
3.81, -1.15607e-17
3.811, -1.55134e-17
3.812, -1.76898e-17
3.813, -1.05404e-17
3.814, -1.04963e-17
3.815, -1.40049e-17
3.816, -1.75136e-17
3.817, -1.4805e-17
3.818, -1.34287e-17
3.819, -1.02761e-17
3.82, -1.37847e-17
3.821, -1.24084e-17
3.822, -1.68052e-17
3.823, -9.65574e-18
3.824, -1.0944e-17
3.825, -1.48968e-17
3.826, -1.52968e-17
3.827, -1.25882e-17
3.828, -1.21001e-17
3.829, -1.69411e-17
3.83, -1.60088e-17
3.831, -1.15239e-17
3.832, -1.54766e-17
3.833, -1.27681e-17
3.834, -1.31682e-17
3.835, -9.12732e-18
3.836, -1.61887e-17
3.837, -1.3036e-17
3.838, -1.2992e-17
3.839, -1.25039e-17
3.84, -1.15717e-17
3.841, -1.28599e-17
3.842, -1.3704e-17
3.843, -1.81009e-17
3.844, -1.76128e-17
3.845, -1.04633e-17
3.846, -1.17516e-17
3.847, -1.70366e-17
3.848, -1.34399e-17
3.849, -1.78367e-17
3.85, -1.37959e-17
3.851, -1.24197e-17
3.852, -1.9481e-17
3.853, -1.09993e-17
3.854, -1.40639e-17
3.855, -1.17994e-17
3.856, -1.75285e-17
3.857, -1.12673e-17
3.858, -1.522e-17
3.859, -1.38437e-17
3.86, -1.5132e-17
3.861, -1.55321e-17
3.862, -1.23794e-17
3.863, -1.18913e-17
3.864, -1.67323e-17
3.865, -1.35796e-17
3.866, -1.48678e-17
3.867, -1.34916e-17
3.868, -1.61121e-17
3.869, -1.65121e-17
3.87, -1.55798e-17
3.871, -1.77562e-17
3.872, -1.32713e-17
3.873, -1.36713e-17
3.874, -9.6305e-18
3.875, -1.40274e-17
3.876, -1.2207e-17
3.877, -1.83802e-17
3.878, -1.52275e-17
3.879, -1.38512e-17
3.88, -1.64717e-17
3.881, -8.87811e-18
3.882, -1.54954e-17
3.883, -1.58955e-17
3.884, -1.54074e-17
3.885, -1.3587e-17
3.886, -9.10203e-18
3.887, -1.03903e-17
3.888, -1.9228e-17
3.889, -1.20786e-17
3.89, -1.02582e-17
3.891, -1.11023e-17
3.892, -1.15024e-17
3.893, -1.4567e-17
3.894, -1.05261e-17
3.895, -1.35907e-17
3.896, -1.35467e-17
3.897, -1.48349e-17
3.898, -1.70113e-17
3.899, -1.16382e-17
3.9, -1.47028e-17
3.901, -1.0662e-17
3.902, -1.55029e-17
3.903, -1.5903e-17
3.904, -1.14181e-17
3.905, -1.09299e-17
3.906, -1.31064e-17
3.907, -9.06554e-18
3.908, -9.90969e-18
3.909, -1.25302e-17
3.91, -1.55948e-17
3.911, -2.35443e-17
3.912, -8.84536e-18
3.913, -1.36863e-17
3.914, -9.20138e-18
3.915, -1.09337e-17
3.916, -1.66628e-17
3.917, -1.57306e-17
3.918, -1.61307e-17
3.919, -8.98119e-18
3.92, -1.55985e-17
3.921, -1.46663e-17
3.922, -1.28459e-17
3.923, -1.41341e-17
3.924, -1.58664e-17
3.925, -1.8931e-17
3.926, -1.04493e-17
3.927, -1.35139e-17
3.928, -1.03612e-17
3.929, -1.38699e-17
3.93, -1.24936e-17
3.931, -1.20055e-17
3.932, -1.68464e-17
3.933, -1.10292e-17
3.934, -1.54261e-17
3.935, -1.4938e-17
3.936, -1.40058e-17
3.937, -1.84026e-17
3.938, -1.16972e-17
3.939, -1.16532e-17
3.94, -1.33855e-17
3.941, -1.68942e-17
3.942, -1.28534e-17
3.943, -1.41416e-17
3.944, -1.36535e-17
3.945, -1.22772e-17
3.946, -1.26772e-17
3.947, -1.13009e-17
3.948, -1.43655e-17
3.949, -1.43215e-17
3.95, -1.47215e-17
3.951, -1.33452e-17
3.952, -1.15248e-17
3.953, -1.2369e-17
3.954, -1.05486e-17
3.955, -1.13927e-17
3.956, -1.17928e-17
3.957, -1.48574e-17
3.958, -1.17047e-17
3.959, -1.21048e-17
3.96, -1.51693e-17
3.961, -1.20167e-17
3.962, -1.50813e-17
3.963, -1.10404e-17
3.964, -1.05523e-17
3.965, -1.53933e-17
3.966, -1.4017e-17
3.967, -1.44171e-17
3.968, -1.52612e-17
3.969, -1.29967e-17
3.97, -1.07323e-17
3.971, -2.13464e-17
3.972, -1.19765e-17
3.973, -1.37089e-17
3.974, -1.32207e-17
3.975, -1.76176e-17
3.976, -1.35768e-17
3.977, -1.17564e-17
3.978, -1.70414e-17
3.979, -1.56651e-17
3.98, -1.11801e-17
3.981, -1.11361e-17
3.982, -1.90857e-17
3.983, -1.32685e-17
3.984, -8.78352e-18
3.985, -1.49567e-17
3.986, -1.31363e-17
3.987, -1.35364e-17
3.988, -8.6074e-18
3.989, -1.6557e-17
3.99, -1.02957e-17
3.991, -1.11398e-17
3.992, -1.64249e-17
3.993, -1.10518e-17
3.994, -1.58927e-17
3.995, -1.67368e-17
3.996, -1.40282e-17
3.997, -1.44283e-17
3.998, -9.49927e-18
3.999, -1.74488e-17
4, -1.38521e-17
4.001, -1.20317e-17
4.002, -1.8649e-17
4.003, -1.81609e-17
4.004, -1.10114e-17
4.005, -9.63517e-18
4.006, -1.22557e-17
4.007, -2.24257e-17
4.008, -1.26117e-17
4.009, -8.57086e-18
4.01, -1.69645e-17
4.011, -1.29237e-17
4.012, -1.28796e-17
4.013, -1.41679e-17
4.014, -1.36798e-17
4.015, -1.23035e-17
4.016, -1.5368e-17
4.017, -1.22154e-17
4.018, -1.26154e-17
4.019, -1.25714e-17
4.02, -1.11951e-17
4.021, -1.6036e-17
4.022, -1.1107e-17
4.023, -1.77243e-17
4.024, -1.1463e-17
4.025, -1.23072e-17
4.026, -1.27072e-17
4.027, -1.22191e-17
4.028, -1.12869e-17
4.029, -1.61279e-17
4.03, -6.75795e-18
4.031, -1.78161e-17
4.032, -1.2443e-17
4.033, -9.29037e-18
4.034, -1.63517e-17
4.035, -9.64637e-18
4.036, -1.13787e-17
4.037, -1.44433e-17
4.038, -1.26229e-17
4.039, -1.16907e-17
4.04, -1.8308e-17
4.041, -1.55995e-17
4.042, -1.51113e-17
4.043, -1.55114e-17
4.044, -1.45791e-17
4.045, -1.4091e-17
4.046, -1.49351e-17
4.047, -1.35588e-17
4.048, -1.57352e-17
4.049, -1.74675e-17
4.05, -1.07621e-17
4.051, -1.20504e-17
4.052, -1.46709e-17
4.053, -1.50709e-17
4.054, -1.19183e-17
4.055, -1.36506e-17
4.056, -1.13861e-17
4.057, -1.6227e-17
4.058, -1.35185e-17
4.059, -1.1254e-17
4.06, -1.34304e-17
4.061, -1.29423e-17
4.062, -9.78965e-18
4.063, -1.32984e-17
4.064, -1.05898e-17
4.065, -1.6763e-17
4.066, -1.71631e-17
4.067, -1.40105e-17
4.068, -1.44105e-17
4.069, -1.1702e-17
4.07, -1.12138e-17
4.071, -1.25021e-17
4.072, -1.2458e-17
4.073, -1.50785e-17
4.074, -1.50345e-17
4.075, -1.05495e-17
4.076, -1.53905e-17
4.077, -1.93432e-17
4.078, -9.97333e-18
4.079, -1.30379e-17
4.08, -8.99712e-18
4.081, -1.73908e-17
4.082, -1.11295e-17
4.083, -1.73027e-17
4.084, -1.01532e-17
4.085, -1.18856e-17
4.086, -1.89469e-17
4.087, -1.40179e-17
4.088, -1.30857e-17
4.089, -1.08212e-17
4.09, -1.34417e-17
4.091, -1.29536e-17
4.092, -1.46859e-17
4.093, -1.37536e-17
4.094, -1.37096e-17
4.095, -1.05569e-17
4.096, -1.1401e-17
4.097, -1.44656e-17
4.098, -1.22012e-17
4.099, -1.52658e-17
4.1, -1.52218e-17
4.101, -1.47336e-17
4.102, -1.38014e-17
4.103, -1.42014e-17
4.104, -1.1937e-17
4.105, -1.36693e-17
4.106, -1.40694e-17
4.107, -1.13608e-17
4.108, -1.53136e-17
4.109, -1.61577e-17
4.11, -1.07846e-17
4.111, -1.34051e-17
4.112, -1.73579e-17
4.113, -1.3317e-17
4.114, -1.50493e-17
4.115, -1.32289e-17
4.116, -1.09645e-17
4.117, -1.62495e-17
4.118, -1.13205e-17
4.119, -1.70497e-17
4.12, -1.74497e-17
4.121, -1.16325e-17
4.122, -1.07003e-17
4.123, -1.64294e-17
4.124, -1.32768e-17
4.125, -1.05682e-17
4.126, -1.9406e-17
4.127, -1.9362e-17
4.128, -1.35448e-17
4.129, -1.26125e-17
4.13, -1.30125e-17
4.131, -8.08351e-18
4.132, -1.86976e-17
4.133, -1.5989e-17
4.134, -1.06159e-17
4.135, -1.19042e-17
4.136, -1.45247e-17
4.137, -1.49247e-17
4.138, -1.08839e-17
4.139, -1.52807e-17
4.14, -1.34603e-17
4.141, -1.25281e-17
4.142, -1.60368e-17
4.143, -1.19959e-17
4.144, -1.63928e-17
4.145, -1.54606e-17
4.146, -1.40843e-17
4.147, -1.53725e-17
4.148, -1.39963e-17
4.149, -1.52845e-17
4.15, -1.2576e-17
4.151, -1.2976e-17
4.152, -1.47083e-17
4.153, -1.37761e-17
4.154, -1.3732e-17
4.155, -1.05793e-17
4.156, -1.14235e-17
4.157, -1.44881e-17
4.158, -1.04473e-17
4.159, -1.75086e-17
4.16, -1.74646e-17
4.161, -1.25356e-17
4.162, -1.11593e-17
4.163, -1.64444e-17
4.164, -1.4624e-17
4.165, -1.59122e-17
4.166, -1.09832e-17
4.167, -1.27155e-17
4.168, -1.35596e-17
4.169, -1.66242e-17
4.17, -1.43598e-17
4.171, -1.43157e-17
4.172, -1.47158e-17
4.173, -1.46718e-17
4.174, -1.24073e-17
4.175, -1.72482e-17
4.176, -1.09869e-17
4.177, -1.22752e-17
4.178, -1.71161e-17
4.179, -1.61838e-17
4.18, -1.16989e-17
4.181, -1.38753e-17
4.182, -9.83447e-18
4.183, -1.60077e-17
4.184, -1.32991e-17
4.185, -1.19228e-17
4.186, -1.49874e-17
4.187, -1.89402e-17
4.188, -1.44553e-17
4.189, -1.39672e-17
4.19, -1.43672e-17
4.191, -1.38791e-17
4.192, -8.95006e-18
4.193, -1.20147e-17
4.194, -2.30728e-17
4.195, -8.81796e-18
4.196, -1.8988e-17
4.197, -1.31708e-17
4.198, -8.68584e-18
4.199, -1.4859e-17
4.2, -1.21505e-17
4.201, -1.34387e-17
4.202, -1.42829e-17
4.203, -1.02421e-17
4.204, -1.41948e-17
4.205, -1.77035e-17
4.206, -1.41068e-17
4.207, -9.62188e-18
4.208, -1.09101e-17
4.209, -1.75274e-17
4.21, -1.12662e-17
4.211, -1.29985e-17
4.212, -9.84586e-18
4.213, -1.5575e-17
