sim_time, unit_box_Custom?world_linear_acceleration/z
0.001, 2.69577e-08
0.002, 2.03926e-12
0.003, 2.50466e-13
0.004, 0
0.005, 0
0.006, 0
0.007, 0
0.008, 0
0.009, 0
0.01, 0
0.011, -1.77636e-15
0.012, 3.55271e-15
0.013, -3.55271e-15
0.014, 1.77636e-15
0.015, 0
0.016, -3.55271e-15
0.017, 3.55271e-15
0.018, -1.77636e-15
0.019, 0
0.02, 1.77636e-15
0.021, 0
0.022, 0
0.023, -1.77636e-15
0.024, 3.55271e-15
0.025, -3.55271e-15
0.026, 0
0.027, 1.77636e-15
0.028, 0
0.029, 0
0.03, 0
0.031, 0
0.032, 1.77636e-15
0.033, -3.55271e-15
0.034, 0
0.035, 1.77636e-15
0.036, 0
0.037, -3.55271e-15
0.038, 1.77636e-15
0.039, 1.77636e-15
0.04, 0
0.041, 0
0.042, -1.77636e-15
0.043, 1.77636e-15
0.044, 0
0.045, 0
0.046, -1.77636e-15
0.047, 0
0.048, 3.55271e-15
0.049, -3.55271e-15
0.05, -1.77636e-15
0.051, 3.55271e-15
0.052, -3.55271e-15
0.053, 0
0.054, 3.55271e-15
0.055, 1.77636e-15
0.056, -3.55271e-15
0.057, 0
0.058, 1.77636e-15
0.059, -3.55271e-15
0.06, 3.55271e-15
0.061, 3.55271e-15
0.062, -5.32907e-15
0.063, 1.77636e-15
0.064, 0
0.065, 0
0.066, 0
0.067, -1.77636e-15
0.068, 3.55271e-15
0.069, 0
0.07, -5.32907e-15
0.071, 1.77636e-15
0.072, 0
0.073, 1.77636e-15
0.074, 0
0.075, -3.55271e-15
0.076, 1.77636e-15
0.077, 3.55271e-15
0.078, 0
0.079, 0
0.08, 0
0.081, -3.55271e-15
0.082, 3.55271e-15
0.083, -3.55271e-15
0.084, 1.77636e-15
0.085, -3.55271e-15
0.086, 3.55271e-15
0.087, 0
0.088, 0
0.089, 0
0.09, 0
0.091, -3.55271e-15
0.092, 3.55271e-15
0.093, -1.77636e-15
0.094, 0
0.095, 0
0.096, 1.77636e-15
0.097, 0
0.098, 0
0.099, 0
0.1, 1.77636e-15
0.101, -5.32907e-15
0.102, 3.55271e-15
0.103, 0
0.104, -3.55271e-15
0.105, 3.55271e-15
0.106, 0
0.107, 3.55271e-15
0.108, -5.32907e-15
0.109, 0
0.11, 3.55271e-15
0.111, 0
0.112, 0
0.113, -5.32907e-15
0.114, 3.55271e-15
0.115, -1.77636e-15
0.116, 1.77636e-15
0.117, -3.55271e-15
0.118, 3.55271e-15
0.119, 0
0.12, 0
0.121, 0
0.122, 0
0.123, 0
0.124, 0
0.125, -3.55271e-15
0.126, 3.55271e-15
0.127, 0
0.128, -3.55271e-15
0.129, 3.55271e-15
0.13, 1.77636e-15
0.131, 3.55271e-15
0.132, -3.55271e-15
0.133, 0
0.134, 0
0.135, 0
0.136, 1.77636e-15
0.137, 0
0.138, -1.77636e-15
0.139, -5.32907e-15
0.14, 1.77636e-15
0.141, 0
0.142, 0
0.143, 1.77636e-15
0.144, 1.77636e-15
0.145, 0
0.146, -1.77636e-15
0.147, 0
0.148, 1.77636e-15
0.149, -3.55271e-15
0.15, 3.55271e-15
0.151, -3.55271e-15
0.152, -1.77636e-15
0.153, 3.55271e-15
0.154, -1.77636e-15
0.155, 1.77636e-15
0.156, 1.77636e-15
0.157, -1.77636e-15
0.158, 0
0.159, 0
0.16, 0
0.161, 0
0.162, 0
0.163, -3.55271e-15
0.164, 1.77636e-15
0.165, 0
0.166, 3.55271e-15
0.167, -3.55271e-15
0.168, 1.77636e-15
0.169, 0
0.17, -1.77636e-15
0.171, 0
0.172, 0
0.173, 1.77636e-15
0.174, 0
0.175, 0
0.176, 0
0.177, -3.55271e-15
0.178, 3.55271e-15
0.179, 0
0.18, -1.77636e-15
0.181, 0
0.182, 3.55271e-15
0.183, 0
0.184, -5.32907e-15
0.185, 3.55271e-15
0.186, 0
0.187, -1.77636e-15
0.188, 1.77636e-15
0.189, -3.55271e-15
0.19, 3.55271e-15
0.191, -1.77636e-15
0.192, 1.77636e-15
0.193, 0
0.194, -1.77636e-15
0.195, 0
0.196, 1.77636e-15
0.197, -1.77636e-15
0.198, 1.77636e-15
0.199, 0
0.2, 0
0.201, -1.77636e-15
0.202, -3.55271e-15
0.203, 3.55271e-15
0.204, 0
0.205, 1.77636e-15
0.206, 0
0.207, -3.55271e-15
0.208, 3.55271e-15
0.209, 0
0.21, 0
0.211, 0
0.212, -3.55271e-15
0.213, 3.55271e-15
0.214, 1.77636e-15
0.215, -3.55271e-15
0.216, 0
0.217, 3.55271e-15
0.218, -3.55271e-15
0.219, 3.55271e-15
0.22, -3.55271e-15
0.221, -1.77636e-15
0.222, 3.55271e-15
0.223, -1.77636e-15
0.224, 3.55271e-15
0.225, -3.55271e-15
0.226, 1.77636e-15
0.227, 1.77636e-15
0.228, -1.77636e-15
0.229, -3.55271e-15
0.23, 1.77636e-15
0.231, 0
0.232, 3.55271e-15
0.233, 0
0.234, -1.77636e-15
0.235, -3.55271e-15
0.236, 1.77636e-15
0.237, 1.77636e-15
0.238, -1.77636e-15
0.239, 1.77636e-15
0.24, 0
0.241, 1.77636e-15
0.242, 0
0.243, -3.55271e-15
0.244, 0
0.245, 0
0.246, 0
0.247, 0
0.248, 1.77636e-15
0.249, 0
0.25, 0
0.251, 0
0.252, -1.77636e-15
0.253, 1.77636e-15
0.254, 0
0.255, -1.77636e-15
0.256, 3.55271e-15
0.257, -3.55271e-15
0.258, 0
0.259, 1.77636e-15
0.26, -1.77636e-15
0.261, -1.77636e-15
0.262, 3.55271e-15
0.263, -1.77636e-15
0.264, 1.77636e-15
0.265, -1.77636e-15
0.266, -1.77636e-15
0.267, 3.55271e-15
0.268, 0
0.269, 0
0.27, 1.77636e-15
0.271, -1.77636e-15
0.272, -1.77636e-15
0.273, -1.77636e-15
0.274, -1.77636e-15
0.275, 3.55271e-15
0.276, 1.77636e-15
0.277, -3.55271e-15
0.278, 3.55271e-15
0.279, 0
0.28, 0
0.281, -3.55271e-15
0.282, 3.55271e-15
0.283, 0
0.284, -1.77636e-15
0.285, 3.55271e-15
0.286, 0
0.287, 0
0.288, -3.55271e-15
0.289, 0
0.29, 0
0.291, 3.55271e-15
0.292, -3.55271e-15
0.293, 0
0.294, 0
0.295, 0
0.296, 3.55271e-15
0.297, 0
0.298, -1.77636e-15
0.299, -3.55271e-15
0.3, 3.55271e-15
0.301, -3.55271e-15
0.302, 1.77636e-15
0.303, 1.77636e-15
0.304, -3.55271e-15
0.305, 3.55271e-15
0.306, 0
0.307, 0
0.308, -3.55271e-15
0.309, 3.55271e-15
0.31, 1.77636e-15
0.311, -1.77636e-15
0.312, -1.77636e-15
0.313, 0
0.314, 0
0.315, 3.55271e-15
0.316, -1.77636e-15
0.317, -3.55271e-15
0.318, 1.77636e-15
0.319, 3.55271e-15
0.32, -3.55271e-15
0.321, 0
0.322, 1.77636e-15
0.323, 0
0.324, 0
0.325, 0
0.326, 0
0.327, 0
0.328, -3.55271e-15
0.329, 1.77636e-15
0.33, 1.77636e-15
0.331, -1.77636e-15
0.332, -3.55271e-15
0.333, 3.55271e-15
0.334, 0
0.335, 1.77636e-15
0.336, 0
0.337, -3.55271e-15
0.338, 1.77636e-15
0.339, 3.55271e-15
0.34, -3.55271e-15
0.341, 0
0.342, 1.77636e-15
0.343, -3.55271e-15
0.344, 3.55271e-15
0.345, -1.77636e-15
0.346, 0
0.347, 5.32907e-15
0.348, -3.55271e-15
0.349, 0
0.35, 0
0.351, -1.77636e-15
0.352, 5.32907e-15
0.353, -3.55271e-15
0.354, -1.77636e-15
0.355, 1.77636e-15
0.356, 0
0.357, 0
0.358, 0
0.359, 0
0.36, 0
0.361, -3.55271e-15
0.362, 5.32907e-15
0.363, 0
0.364, 0
0.365, -1.77636e-15
0.366, 0
0.367, 0
0.368, -3.55271e-15
0.369, 0
0.37, 3.55271e-15
0.371, 1.77636e-15
0.372, -3.55271e-15
0.373, 0
0.374, 3.55271e-15
0.375, -3.55271e-15
0.376, 1.77636e-15
0.377, 1.77636e-15
0.378, -1.77636e-15
0.379, -1.77636e-15
0.38, 3.55271e-15
0.381, -1.77636e-15
0.382, -3.55271e-15
0.383, 3.55271e-15
0.384, -3.55271e-15
0.385, 3.55271e-15
0.386, 0
0.387, -3.55271e-15
0.388, 3.55271e-15
0.389, -3.55271e-15
0.39, 1.77636e-15
0.391, 1.77636e-15
0.392, -3.55271e-15
0.393, 3.55271e-15
0.394, 0
0.395, 3.55271e-15
0.396, -3.55271e-15
0.397, -3.55271e-15
0.398, 1.77636e-15
0.399, 0
0.4, 0
0.401, 1.77636e-15
0.402, 1.77636e-15
0.403, 0
0.404, 0
0.405, 0
0.406, 1.77636e-15
0.407, -1.77636e-15
0.408, -3.55271e-15
0.409, 3.55271e-15
0.41, 0
0.411, -3.55271e-15
0.412, 0
0.413, 3.55271e-15
0.414, 0
0.415, -1.77636e-15
0.416, 0
0.417, 0
0.418, -1.77636e-15
0.419, -1.77636e-15
0.42, 3.55271e-15
0.421, 1.77636e-15
0.422, -1.77636e-15
0.423, -3.55271e-15
0.424, 3.55271e-15
0.425, 1.77636e-15
0.426, -1.77636e-15
0.427, 0
0.428, 0
0.429, 3.55271e-15
0.43, -3.55271e-15
0.431, 0
0.432, 0
0.433, -1.77636e-15
0.434, -3.55271e-15
0.435, 1.77636e-15
0.436, 3.55271e-15
0.437, 0
0.438, 0
0.439, 0
0.44, 1.77636e-15
0.441, -3.55271e-15
0.442, 0
0.443, 3.55271e-15
0.444, 0
0.445, -3.55271e-15
0.446, 0
0.447, 1.77636e-15
0.448, 0
0.449, -1.77636e-15
0.45, 0
0.451, 1.77636e-15
0.452, 0
0.453, -1.77636e-15
0.454, 0
0.455, 3.55271e-15
0.456, -3.55271e-15
0.457, 0
0.458, 0
0.459, 0
0.46, 0
0.461, -3.55271e-15
0.462, 1.77636e-15
0.463, 1.77636e-15
0.464, 1.77636e-15
0.465, 0
0.466, 0
0.467, 0
0.468, 1.77636e-15
0.469, -1.77636e-15
0.47, -3.55271e-15
0.471, 0
0.472, 3.55271e-15
0.473, 0
0.474, 1.77636e-15
0.475, -1.77636e-15
0.476, 1.77636e-15
0.477, -3.55271e-15
0.478, 0
0.479, 3.55271e-15
0.48, -3.55271e-15
0.481, 3.55271e-15
0.482, 0
0.483, -3.55271e-15
0.484, 3.55271e-15
0.485, 0
0.486, -1.77636e-15
0.487, -1.77636e-15
0.488, 0
0.489, 1.77636e-15
0.49, 0
0.491, 0
0.492, 1.77636e-15
0.493, -3.55271e-15
0.494, 0
0.495, 3.55271e-15
0.496, -3.55271e-15
0.497, 1.77636e-15
0.498, -3.55271e-15
0.499, 1.77636e-15
0.5, 0
0.501, 0
0.502, 1.77636e-15
0.503, 0
0.504, 0
0.505, 0
0.506, 1.77636e-15
0.507, -3.55271e-15
0.508, -1.77636e-15
0.509, 3.55271e-15
0.51, -1.77636e-15
0.511, 3.55271e-15
0.512, 0
0.513, 0
0.514, -5.32907e-15
0.515, 3.55271e-15
0.516, 0
0.517, 0
0.518, -1.77636e-15
0.519, 3.55271e-15
0.52, -1.77636e-15
0.521, -1.77636e-15
0.522, -1.77636e-15
0.523, 3.55271e-15
0.524, 0
0.525, -1.77636e-15
0.526, 0
0.527, 1.77636e-15
0.528, 0
0.529, 1.77636e-15
0.53, -1.77636e-15
0.531, 0
0.532, 0
0.533, 1.77636e-15
0.534, -3.55271e-15
0.535, 0
0.536, 1.77636e-15
0.537, 0
0.538, 0
0.539, 0
0.54, 0
0.541, 0
0.542, -1.77636e-15
0.543, 0
0.544, 0
0.545, 3.55271e-15
0.546, 0
0.547, -1.77636e-15
0.548, -3.55271e-15
0.549, 1.77636e-15
0.55, 3.55271e-15
0.551, -3.55271e-15
0.552, 0
0.553, 0
0.554, -1.77636e-15
0.555, 3.55271e-15
0.556, -1.77636e-15
0.557, 0
0.558, 1.77636e-15
0.559, 0
0.56, 0
0.561, 1.77636e-15
0.562, -1.77636e-15
0.563, -1.77636e-15
0.564, 1.77636e-15
0.565, -3.55271e-15
0.566, 3.55271e-15
0.567, 0
0.568, 0
0.569, 0
0.57, 1.77636e-15
0.571, -1.77636e-15
0.572, -3.55271e-15
0.573, 3.55271e-15
0.574, 1.77636e-15
0.575, -3.55271e-15
0.576, 0
0.577, 1.77636e-15
0.578, 0
0.579, 0
0.58, -1.77636e-15
0.581, 3.55271e-15
0.582, -3.55271e-15
0.583, 0
0.584, 1.77636e-15
0.585, -3.55271e-15
0.586, 1.77636e-15
0.587, 3.55271e-15
0.588, -3.55271e-15
0.589, 0
0.59, 1.77636e-15
0.591, 0
0.592, 0
0.593, 0
0.594, 0
0.595, 0
0.596, 3.55271e-15
0.597, -3.55271e-15
0.598, 0
0.599, 0
0.6, -1.77636e-15
0.601, 0
0.602, 1.77636e-15
0.603, 0
0.604, 0
0.605, 0
0.606, 0
0.607, 0
0.608, -1.77636e-15
0.609, 0
0.61, 7.10543e-15
0.611, -5.32907e-15
0.612, 1.77636e-15
0.613, -3.55271e-15
0.614, 1.77636e-15
0.615, 0
0.616, 1.77636e-15
0.617, 0
0.618, 0
0.619, 0
0.62, 0
0.621, 0
0.622, 0
0.623, -1.77636e-15
0.624, -3.55271e-15
0.625, 3.55271e-15
0.626, 0
0.627, -1.77636e-15
0.628, 0
0.629, 3.55271e-15
0.63, 0
0.631, -1.77636e-15
0.632, 0
0.633, 0
0.634, 0
0.635, -1.77636e-15
0.636, 3.55271e-15
0.637, -1.77636e-15
0.638, 0
0.639, 0
0.64, 0
0.641, 0
0.642, 1.77636e-15
0.643, -3.55271e-15
0.644, -1.77636e-15
0.645, 3.55271e-15
0.646, 0
0.647, 0
0.648, 0
0.649, 1.77636e-15
0.65, -1.77636e-15
0.651, 3.55271e-15
0.652, -3.55271e-15
0.653, 0
0.654, 0
0.655, 0
0.656, 0
0.657, -3.55271e-15
0.658, 3.55271e-15
0.659, 0
0.66, 0
0.661, 1.77636e-15
0.662, -1.77636e-15
0.663, -3.55271e-15
0.664, 1.77636e-15
0.665, 3.55271e-15
0.666, 0
0.667, -5.32907e-15
0.668, 1.77636e-15
0.669, 3.55271e-15
0.67, -3.55271e-15
0.671, 1.77636e-15
0.672, -3.55271e-15
0.673, 3.55271e-15
0.674, 0
0.675, -1.77636e-15
0.676, 0
0.677, 0
0.678, 3.55271e-15
0.679, -3.55271e-15
0.68, 3.55271e-15
0.681, -3.55271e-15
0.682, 0
0.683, 0
0.684, 0
0.685, 1.77636e-15
0.686, 0
0.687, 0
0.688, -3.55271e-15
0.689, 3.55271e-15
0.69, 0
0.691, 0
0.692, 0
0.693, -3.55271e-15
0.694, 1.77636e-15
0.695, 3.55271e-15
0.696, -1.77636e-15
0.697, -1.77636e-15
0.698, 0
0.699, 3.55271e-15
0.7, 0
0.701, 0
0.702, 0
0.703, -1.77636e-15
0.704, -1.77636e-15
0.705, 0
0.706, 1.77636e-15
0.707, 0
0.708, -3.55271e-15
0.709, 1.77636e-15
0.71, 3.55271e-15
0.711, 0
0.712, 0
0.713, -3.55271e-15
0.714, 3.55271e-15
0.715, -1.77636e-15
0.716, 0
0.717, -3.55271e-15
0.718, 0
0.719, 0
0.72, 0
0.721, 1.77636e-15
0.722, 3.55271e-15
0.723, -3.55271e-15
0.724, 0
0.725, 0
0.726, 1.77636e-15
0.727, 0
0.728, 1.77636e-15
0.729, 0
0.73, -1.77636e-15
0.731, 0
0.732, 0
0.733, -1.77636e-15
0.734, -1.77636e-15
0.735, 1.77636e-15
0.736, 0
0.737, 0
0.738, -1.77636e-15
0.739, 3.55271e-15
0.74, -1.77636e-15
0.741, 1.77636e-15
0.742, 0
0.743, 1.77636e-15
0.744, -3.55271e-15
0.745, 3.55271e-15
0.746, 0
0.747, 0
0.748, -1.77636e-15
0.749, -1.77636e-15
0.75, -1.77636e-15
0.751, 3.55271e-15
0.752, 0
0.753, 1.77636e-15
0.754, -1.77636e-15
0.755, -1.77636e-15
0.756, -1.77636e-15
0.757, 3.55271e-15
0.758, 0
0.759, -1.77636e-15
0.76, 0
0.761, 1.77636e-15
0.762, -1.77636e-15
0.763, 0
0.764, 0
0.765, 3.55271e-15
0.766, -1.77636e-15
0.767, 0
0.768, 0
0.769, 0
0.77, 0
0.771, 0
0.772, 1.77636e-15
0.773, -3.55271e-15
0.774, 0
0.775, 1.77636e-15
0.776, 0
0.777, 0
0.778, -3.55271e-15
0.779, 1.77636e-15
0.78, 0
0.781, 0
0.782, 1.77636e-15
0.783, -3.55271e-15
0.784, 3.55271e-15
0.785, 0
0.786, -1.77636e-15
0.787, 0
0.788, -1.77636e-15
0.789, 3.55271e-15
0.79, -1.77636e-15
0.791, 3.55271e-15
0.792, -3.55271e-15
0.793, 1.77636e-15
0.794, 0
0.795, 0
0.796, 1.77636e-15
0.797, -3.55271e-15
0.798, 1.77636e-15
0.799, 0
0.8, -1.77636e-15
0.801, -1.77636e-15
0.802, 0
0.803, 3.55271e-15
0.804, 1.77636e-15
0.805, -3.55271e-15
0.806, 3.55271e-15
0.807, -3.55271e-15
0.808, 3.55271e-15
0.809, 0
0.81, -3.55271e-15
0.811, 0
0.812, 0
0.813, 3.55271e-15
0.814, -1.77636e-15
0.815, -1.77636e-15
0.816, 0
0.817, 0
0.818, 0
0.819, 1.77636e-15
0.82, -1.77636e-15
0.821, 1.77636e-15
0.822, 0
0.823, 0
0.824, 3.55271e-15
0.825, -3.55271e-15
0.826, 1.77636e-15
0.827, -1.77636e-15
0.828, 0
0.829, -1.77636e-15
0.83, 0
0.831, 3.55271e-15
0.832, 0
0.833, 0
0.834, 0
0.835, 0
0.836, -3.55271e-15
0.837, 1.77636e-15
0.838, 1.77636e-15
0.839, 0
0.84, 0
0.841, 0
0.842, -1.77636e-15
0.843, 0
0.844, -1.77636e-15
0.845, 0
0.846, 0
0.847, 1.77636e-15
0.848, 0
0.849, 0
0.85, 0
0.851, 0
0.852, -1.77636e-15
0.853, 1.77636e-15
0.854, -3.55271e-15
0.855, 1.77636e-15
0.856, 3.55271e-15
0.857, 0
0.858, -3.55271e-15
0.859, 1.77636e-15
0.86, -1.77636e-15
0.861, 0
0.862, 0
0.863, 0
0.864, 0
0.865, 0
0.866, 3.55271e-15
0.867, -3.55271e-15
0.868, 3.55271e-15
0.869, -3.55271e-15
0.87, 0
0.871, 3.55271e-15
0.872, 0
0.873, 0
0.874, -3.55271e-15
0.875, -1.77636e-15
0.876, -1.77636e-15
0.877, 3.55271e-15
0.878, 0
0.879, 0
0.88, 1.77636e-15
0.881, 0
0.882, 3.55271e-15
0.883, -3.55271e-15
0.884, 0
0.885, 0
0.886, 0
0.887, 0
0.888, 0
0.889, -1.77636e-15
0.89, 3.55271e-15
0.891, 0
0.892, -3.55271e-15
0.893, 0
0.894, 5.32907e-15
0.895, 0
0.896, -1.77636e-15
0.897, -3.55271e-15
0.898, 0
0.899, 3.55271e-15
0.9, 0
0.901, -1.77636e-15
0.902, 1.77636e-15
0.903, -1.77636e-15
0.904, 0
0.905, 0
0.906, 0
0.907, 1.77636e-15
0.908, -1.77636e-15
0.909, 0
0.91, 0
0.911, 0
0.912, -3.55271e-15
0.913, 1.77636e-15
0.914, 0
0.915, 0
0.916, 1.77636e-15
0.917, 0
0.918, -3.55271e-15
0.919, 3.55271e-15
0.92, 0
0.921, 0
0.922, 0
0.923, 0
0.924, 0
0.925, -1.77636e-15
0.926, 1.77636e-15
0.927, -3.55271e-15
0.928, 3.55271e-15
0.929, 3.55271e-15
0.93, -3.55271e-15
0.931, 1.77636e-15
0.932, -1.77636e-15
0.933, 0
0.934, 0
0.935, 0
0.936, -1.77636e-15
0.937, 0
0.938, 0
0.939, 3.55271e-15
0.94, 0
0.941, 0
0.942, -1.77636e-15
0.943, 0
0.944, -1.77636e-15
0.945, 1.77636e-15
0.946, 0
0.947, 1.77636e-15
0.948, -1.77636e-15
0.949, 0
0.95, 0
0.951, -1.77636e-15
0.952, 1.77636e-15
0.953, 0
0.954, 0
0.955, 0
0.956, 0
0.957, -1.77636e-15
0.958, 0
0.959, 0
0.96, 1.77636e-15
0.961, -1.77636e-15
0.962, 0
0.963, 1.77636e-15
0.964, 0
0.965, 0
0.966, 1.77636e-15
0.967, 0
0.968, 0
0.969, -3.55271e-15
0.97, 1.77636e-15
0.971, 1.77636e-15
0.972, -3.55271e-15
0.973, 1.77636e-15
0.974, -3.55271e-15
0.975, 1.77636e-15
0.976, 0
0.977, 0
0.978, 0
0.979, 3.55271e-15
0.98, -1.77636e-15
0.981, 0
0.982, 0
0.983, 0
0.984, -1.77636e-15
0.985, 0
0.986, 3.55271e-15
0.987, -1.77636e-15
0.988, -3.55271e-15
0.989, 3.55271e-15
0.99, 0
0.991, 0
0.992, 0
0.993, 0
0.994, 0
0.995, 0
0.996, 3.55271e-15
0.997, -3.55271e-15
0.998, -1.77636e-15
0.999, 0
1, 3.55271e-15
1.001, -3.55271e-15
1.002, 0
1.003, 0
1.004, 3.55271e-15
1.005, 0
1.006, 0
1.007, -1.77636e-15
1.008, -3.55271e-15
1.009, 3.55271e-15
1.01, -1.77636e-15
1.011, 1.77636e-15
1.012, 0
1.013, 0
1.014, 0
1.015, -1.77636e-15
1.016, 0
1.017, 1.77636e-15
1.018, 0
1.019, 0
1.02, -3.55271e-15
1.021, 0
1.022, 3.55271e-15
1.023, 1.77636e-15
1.024, -3.55271e-15
1.025, 1.77636e-15
1.026, 0
1.027, 0
1.028, 0
1.029, -3.55271e-15
1.03, 3.55271e-15
1.031, 1.77636e-15
1.032, -3.55271e-15
1.033, 1.77636e-15
1.034, -1.77636e-15
1.035, -3.55271e-15
1.036, 5.32907e-15
1.037, 0
1.038, 0
1.039, 0
1.04, 0
1.041, -1.77636e-15
1.042, 0
1.043, 1.77636e-15
1.044, 0
1.045, 0
1.046, 0
1.047, 0
1.048, 1.77636e-15
1.049, 0
1.05, -3.55271e-15
1.051, 3.55271e-15
1.052, -3.55271e-15
1.053, 3.55271e-15
1.054, -1.77636e-15
1.055, -1.77636e-15
1.056, 0
1.057, 3.55271e-15
1.058, -3.55271e-15
1.059, 1.77636e-15
1.06, 3.55271e-15
1.061, -7.10543e-15
1.062, 3.55271e-15
1.063, -1.77636e-15
1.064, 1.77636e-15
1.065, 0
1.066, -3.55271e-15
1.067, 1.77636e-15
1.068, 0
1.069, 0
1.07, 3.55271e-15
1.071, -3.55271e-15
1.072, 3.55271e-15
1.073, -1.77636e-15
1.074, -1.77636e-15
1.075, 0
1.076, 1.77636e-15
1.077, 0
1.078, 0
1.079, 0
1.08, -3.55271e-15
1.081, 3.55271e-15
1.082, 1.77636e-15
1.083, -1.77636e-15
1.084, -3.55271e-15
1.085, 1.77636e-15
1.086, 1.77636e-15
1.087, 0
1.088, -3.55271e-15
1.089, 3.55271e-15
1.09, 0
1.091, 3.55271e-15
1.092, 0
1.093, -5.32907e-15
1.094, 0
1.095, 1.77636e-15
1.096, -1.77636e-15
1.097, -3.55271e-15
1.098, 5.32907e-15
1.099, 0
1.1, 0
1.101, 0
1.102, 0
1.103, 0
1.104, -3.55271e-15
1.105, 1.77636e-15
1.106, -3.55271e-15
1.107, 3.55271e-15
1.108, 0
1.109, 1.77636e-15
1.11, -1.77636e-15
1.111, 0
1.112, 3.55271e-15
1.113, 0
1.114, -3.55271e-15
1.115, 1.77636e-15
1.116, -3.55271e-15
1.117, 0
1.118, 1.77636e-15
1.119, 1.77636e-15
1.12, 0
1.121, -1.77636e-15
1.122, 0
1.123, 1.77636e-15
1.124, 0
1.125, 0
1.126, 0
1.127, 1.77636e-15
1.128, -3.55271e-15
1.129, 0
1.13, 1.77636e-15
1.131, 0
1.132, 0
1.133, 1.77636e-15
1.134, 3.55271e-15
1.135, -5.32907e-15
1.136, 1.77636e-15
1.137, 0
1.138, 0
1.139, -3.55271e-15
1.14, 1.77636e-15
1.141, 0
1.142, -1.77636e-15
1.143, -3.55271e-15
1.144, 5.32907e-15
1.145, -3.55271e-15
1.146, 1.77636e-15
1.147, 0
1.148, 3.55271e-15
1.149, 0
1.15, 0
1.151, 0
1.152, -1.77636e-15
1.153, -3.55271e-15
1.154, 0
1.155, 1.77636e-15
1.156, 0
1.157, 0
1.158, 1.77636e-15
1.159, 0
1.16, 0
1.161, 0
1.162, 0
1.163, 0
1.164, -1.77636e-15
1.165, 0
1.166, 1.77636e-15
1.167, -1.77636e-15
1.168, 1.77636e-15
1.169, 0
1.17, 0
1.171, -1.77636e-15
1.172, 1.77636e-15
1.173, 0
1.174, -3.55271e-15
1.175, 1.77636e-15
1.176, 3.55271e-15
1.177, 0
1.178, -3.55271e-15
1.179, 0
1.18, 0
1.181, 0
1.182, 3.55271e-15
1.183, -3.55271e-15
1.184, 0
1.185, 3.55271e-15
1.186, 0
1.187, 0
1.188, 0
1.189, -3.55271e-15
1.19, -1.77636e-15
1.191, 1.77636e-15
1.192, 0
1.193, 1.77636e-15
1.194, 1.77636e-15
1.195, -1.77636e-15
1.196, -1.77636e-15
1.197, 0
1.198, 0
1.199, 3.55271e-15
1.2, 0
1.201, 0
1.202, -1.77636e-15
1.203, -1.77636e-15
1.204, 1.77636e-15
1.205, -1.77636e-15
1.206, 1.77636e-15
1.207, -1.77636e-15
1.208, -3.55271e-15
1.209, 3.55271e-15
1.21, 0
1.211, 0
1.212, 1.77636e-15
1.213, 0
1.214, -1.77636e-15
1.215, 0
1.216, 3.55271e-15
1.217, -1.77636e-15
1.218, 0
1.219, 0
1.22, -3.55271e-15
1.221, 3.55271e-15
1.222, -1.77636e-15
1.223, 0
1.224, 3.55271e-15
1.225, 0
1.226, 0
1.227, -3.55271e-15
1.228, 0
1.229, 1.77636e-15
1.23, 0
1.231, 0
1.232, 0
1.233, 0
1.234, -1.77636e-15
1.235, 1.77636e-15
1.236, -1.77636e-15
1.237, -1.77636e-15
1.238, 3.55271e-15
1.239, 0
1.24, 1.77636e-15
1.241, -5.32907e-15
1.242, 3.55271e-15
1.243, 0
1.244, 3.55271e-15
1.245, -3.55271e-15
1.246, -3.55271e-15
1.247, 3.55271e-15
1.248, 0
1.249, -1.77636e-15
1.25, -1.77636e-15
1.251, 3.55271e-15
1.252, -3.55271e-15
1.253, 1.77636e-15
1.254, 0
1.255, 1.77636e-15
1.256, 0
1.257, -1.77636e-15
1.258, 1.77636e-15
1.259, 0
1.26, 0
1.261, 1.77636e-15
1.262, -3.55271e-15
1.263, 0
1.264, -1.77636e-15
1.265, 3.55271e-15
1.266, -1.77636e-15
1.267, 1.77636e-15
1.268, 0
1.269, -1.77636e-15
1.27, 1.77636e-15
1.271, -1.77636e-15
1.272, 1.77636e-15
1.273, 0
1.274, -1.77636e-15
1.275, 0
1.276, 1.77636e-15
1.277, 0
1.278, 0
1.279, 1.77636e-15
1.28, -1.77636e-15
1.281, 0
1.282, 1.77636e-15
1.283, -1.77636e-15
1.284, -3.55271e-15
1.285, 5.32907e-15
1.286, 0
1.287, -3.55271e-15
1.288, 1.77636e-15
1.289, -1.77636e-15
1.29, 3.55271e-15
1.291, -5.32907e-15
1.292, 3.55271e-15
1.293, 0
1.294, 3.55271e-15
1.295, -3.55271e-15
1.296, 0
1.297, -1.77636e-15
1.298, 1.77636e-15
1.299, 0
1.3, 0
1.301, -1.77636e-15
1.302, 0
1.303, 1.77636e-15
1.304, 0
1.305, 0
1.306, 0
1.307, 0
1.308, 0
1.309, -1.77636e-15
1.31, 0
1.311, 3.55271e-15
1.312, -1.77636e-15
1.313, -3.55271e-15
1.314, 1.77636e-15
1.315, 3.55271e-15
1.316, -5.32907e-15
1.317, 3.55271e-15
1.318, 0
1.319, 3.55271e-15
1.32, -1.77636e-15
1.321, -3.55271e-15
1.322, 3.55271e-15
1.323, -3.55271e-15
1.324, 3.55271e-15
1.325, -5.32907e-15
1.326, 1.77636e-15
1.327, 3.55271e-15
1.328, -1.77636e-15
1.329, -1.77636e-15
1.33, -1.77636e-15
1.331, 3.55271e-15
1.332, 1.77636e-15
1.333, -1.77636e-15
1.334, -3.55271e-15
1.335, 3.55271e-15
1.336, 0
1.337, 0
1.338, -1.77636e-15
1.339, 0
1.34, 1.77636e-15
1.341, 0
1.342, 0
1.343, 0
1.344, -1.77636e-15
1.345, 1.77636e-15
1.346, 0
1.347, 0
1.348, 1.77636e-15
1.349, -3.55271e-15
1.35, 0
1.351, 3.55271e-15
1.352, -3.55271e-15
1.353, 0
1.354, 3.55271e-15
1.355, -1.77636e-15
1.356, 0
1.357, 0
1.358, 0
1.359, 0
1.36, -1.77636e-15
1.361, 3.55271e-15
1.362, 0
1.363, 0
1.364, 0
1.365, -3.55271e-15
1.366, 1.77636e-15
1.367, 0
1.368, 0
1.369, 0
1.37, 0
1.371, 0
1.372, -3.55271e-15
1.373, 3.55271e-15
1.374, 0
1.375, -1.77636e-15
1.376, 0
1.377, 0
1.378, 0
1.379, 0
1.38, 0
1.381, 5.32907e-15
1.382, -3.55271e-15
1.383, -1.77636e-15
1.384, 1.77636e-15
1.385, -3.55271e-15
1.386, 3.55271e-15
1.387, 0
1.388, -1.77636e-15
1.389, 0
1.39, 0
1.391, 1.77636e-15
1.392, -1.77636e-15
1.393, 1.77636e-15
1.394, 0
1.395, 0
1.396, 0
1.397, 0
1.398, 0
1.399, 0
1.4, 0
1.401, 0
1.402, 1.77636e-15
1.403, -5.32907e-15
1.404, 3.55271e-15
1.405, 0
1.406, -3.55271e-15
1.407, 1.77636e-15
1.408, 3.55271e-15
1.409, 0
1.41, 0
1.411, -1.77636e-15
1.412, -1.77636e-15
1.413, 3.55271e-15
1.414, -1.77636e-15
1.415, -3.55271e-15
1.416, 3.55271e-15
1.417, -1.77636e-15
1.418, 0
1.419, 1.77636e-15
1.42, -1.77636e-15
1.421, -1.77636e-15
1.422, 3.55271e-15
1.423, 0
1.424, 0
1.425, 0
1.426, 0
1.427, 0
1.428, -1.77636e-15
1.429, 0
1.43, 1.77636e-15
1.431, 0
1.432, 0
1.433, -3.55271e-15
1.434, 3.55271e-15
1.435, 0
1.436, 0
1.437, -3.55271e-15
1.438, 1.77636e-15
1.439, 1.77636e-15
1.44, 0
1.441, 1.77636e-15
1.442, -1.77636e-15
1.443, 0
1.444, -3.55271e-15
1.445, 1.77636e-15
1.446, 3.55271e-15
1.447, -1.77636e-15
1.448, 0
1.449, 0
1.45, 0
1.451, 0
1.452, 1.77636e-15
1.453, -3.55271e-15
1.454, -1.77636e-15
1.455, 1.77636e-15
1.456, 3.55271e-15
1.457, -1.77636e-15
1.458, -3.55271e-15
1.459, 1.77636e-15
1.46, 1.77636e-15
1.461, 0
1.462, -1.77636e-15
1.463, 0
1.464, 3.55271e-15
1.465, -3.55271e-15
1.466, -3.55271e-15
1.467, 3.55271e-15
1.468, 0
1.469, 1.77636e-15
1.47, 0
1.471, 0
1.472, 0
1.473, 0
1.474, 0
1.475, -3.55271e-15
1.476, 3.55271e-15
1.477, 0
1.478, 0
1.479, 0
1.48, -1.77636e-15
1.481, 1.77636e-15
1.482, 0
1.483, 3.55271e-15
1.484, -3.55271e-15
1.485, -1.77636e-15
1.486, 3.55271e-15
1.487, -3.55271e-15
1.488, 1.77636e-15
1.489, 0
1.49, 3.55271e-15
1.491, -3.55271e-15
1.492, 0
1.493, -3.55271e-15
1.494, 1.77636e-15
1.495, 1.77636e-15
1.496, 1.77636e-15
1.497, -1.77636e-15
1.498, 1.77636e-15
1.499, -3.55271e-15
1.5, 3.55271e-15
1.501, -1.77636e-15
1.502, 0
1.503, 0
1.504, 0
1.505, 3.55271e-15
1.506, -3.55271e-15
1.507, 0
1.508, 0
1.509, 0
1.51, 0
1.511, 0
1.512, 0
1.513, 0
1.514, 0
1.515, 0
1.516, -1.77636e-15
1.517, 0
1.518, 3.55271e-15
1.519, -1.77636e-15
1.52, 0
1.521, 0
1.522, 0
1.523, -1.77636e-15
1.524, -1.77636e-15
1.525, 3.55271e-15
1.526, -3.55271e-15
1.527, 1.77636e-15
1.528, 1.77636e-15
1.529, -1.77636e-15
1.53, 1.77636e-15
1.531, -1.77636e-15
1.532, -1.77636e-15
1.533, 1.77636e-15
1.534, 3.55271e-15
1.535, 0
1.536, -3.55271e-15
1.537, 0
1.538, 0
1.539, 3.55271e-15
1.54, -1.77636e-15
1.541, -3.55271e-15
1.542, 1.77636e-15
1.543, 1.77636e-15
1.544, 1.77636e-15
1.545, 0
1.546, 0
1.547, -3.55271e-15
1.548, -1.77636e-15
1.549, 3.55271e-15
1.55, 0
1.551, 0
1.552, -1.77636e-15
1.553, 3.55271e-15
1.554, -3.55271e-15
1.555, 0
1.556, -1.77636e-15
1.557, 3.55271e-15
1.558, 0
1.559, -1.77636e-15
1.56, 0
1.561, 1.77636e-15
1.562, 0
1.563, 0
1.564, -3.55271e-15
1.565, 3.55271e-15
1.566, 0
1.567, 0
1.568, 0
1.569, 0
1.57, -3.55271e-15
1.571, 3.55271e-15
1.572, 0
1.573, 0
1.574, 0
1.575, 1.77636e-15
1.576, 0
1.577, -3.55271e-15
1.578, 3.55271e-15
1.579, 0
1.58, -5.32907e-15
1.581, 3.55271e-15
1.582, 0
1.583, -1.77636e-15
1.584, -1.77636e-15
1.585, 3.55271e-15
1.586, -1.77636e-15
1.587, 0
1.588, 1.77636e-15
1.589, 1.77636e-15
1.59, -5.32907e-15
1.591, 3.55271e-15
1.592, 1.77636e-15
1.593, -1.77636e-15
1.594, -1.77636e-15
1.595, -1.77636e-15
1.596, 3.55271e-15
1.597, 0
1.598, 1.77636e-15
1.599, -1.77636e-15
1.6, 1.77636e-15
1.601, -3.55271e-15
1.602, 1.77636e-15
1.603, 1.77636e-15
1.604, 0
1.605, 0
1.606, -1.77636e-15
1.607, -1.77636e-15
1.608, 3.55271e-15
1.609, -3.55271e-15
1.61, 0
1.611, 1.77636e-15
1.612, 0
1.613, 0
1.614, 1.77636e-15
1.615, -3.55271e-15
1.616, 0
1.617, 0
1.618, 1.77636e-15
1.619, 0
1.62, 0
1.621, 0
1.622, -1.77636e-15
1.623, 0
1.624, 0
1.625, 1.77636e-15
1.626, -1.77636e-15
1.627, 0
1.628, 0
1.629, 1.77636e-15
1.63, -3.55271e-15
1.631, 0
1.632, 1.77636e-15
1.633, 0
1.634, 1.77636e-15
1.635, 0
1.636, 0
1.637, 0
1.638, -3.55271e-15
1.639, 1.77636e-15
1.64, 3.55271e-15
1.641, -1.77636e-15
1.642, -1.77636e-15
1.643, 0
1.644, 1.77636e-15
1.645, 0
1.646, 0
1.647, -1.77636e-15
1.648, 0
1.649, 3.55271e-15
1.65, 0
1.651, 0
1.652, -3.55271e-15
1.653, 1.77636e-15
1.654, -1.77636e-15
1.655, 0
1.656, 0
1.657, 0
1.658, 3.55271e-15
1.659, -3.55271e-15
1.66, -1.77636e-15
1.661, 1.77636e-15
1.662, 0
1.663, 1.77636e-15
1.664, 1.77636e-15
1.665, -1.77636e-15
1.666, -3.55271e-15
1.667, 3.55271e-15
1.668, 1.77636e-15
1.669, -3.55271e-15
1.67, 0
1.671, 1.77636e-15
1.672, 1.77636e-15
1.673, -1.77636e-15
1.674, -1.77636e-15
1.675, 0
1.676, 3.55271e-15
1.677, -1.77636e-15
1.678, 0
1.679, -1.77636e-15
1.68, 0
1.681, 3.55271e-15
1.682, 0
1.683, -1.77636e-15
1.684, 0
1.685, 0
1.686, 0
1.687, 0
1.688, -1.77636e-15
1.689, 0
1.69, 1.77636e-15
1.691, -1.77636e-15
1.692, 1.77636e-15
1.693, 0
1.694, 0
1.695, 0
1.696, -1.77636e-15
1.697, 3.55271e-15
1.698, -1.77636e-15
1.699, 0
1.7, 0
1.701, -1.77636e-15
1.702, -3.55271e-15
1.703, 3.55271e-15
1.704, 1.77636e-15
1.705, -1.77636e-15
1.706, 0
1.707, 3.55271e-15
1.708, -1.77636e-15
1.709, 3.55271e-15
1.71, -3.55271e-15
1.711, 1.77636e-15
1.712, -3.55271e-15
1.713, 0
1.714, 1.77636e-15
1.715, 0
1.716, -1.77636e-15
1.717, -3.55271e-15
1.718, 3.55271e-15
1.719, 1.77636e-15
1.72, 1.77636e-15
1.721, -3.55271e-15
1.722, 1.77636e-15
1.723, 0
1.724, 0
1.725, 0
1.726, 0
1.727, -1.77636e-15
1.728, 0
1.729, 0
1.73, 3.55271e-15
1.731, -1.77636e-15
1.732, -3.55271e-15
1.733, 0
1.734, 3.55271e-15
1.735, -3.55271e-15
1.736, 3.55271e-15
1.737, 1.77636e-15
1.738, -3.55271e-15
1.739, 3.55271e-15
1.74, -1.77636e-15
1.741, 0
1.742, 0
1.743, 0
1.744, 0
1.745, 3.55271e-15
1.746, -5.32907e-15
1.747, 0
1.748, 1.77636e-15
1.749, 0
1.75, 0
1.751, 1.77636e-15
1.752, -1.77636e-15
1.753, 0
1.754, -1.77636e-15
1.755, -1.77636e-15
1.756, 3.55271e-15
1.757, 0
1.758, 0
1.759, 0
1.76, 1.77636e-15
1.761, 0
1.762, -3.55271e-15
1.763, 3.55271e-15
1.764, -3.55271e-15
1.765, 0
1.766, 1.77636e-15
1.767, 0
1.768, -3.55271e-15
1.769, 3.55271e-15
1.77, 0
1.771, 0
1.772, 0
1.773, 0
1.774, 3.55271e-15
1.775, -3.55271e-15
1.776, -1.77636e-15
1.777, 1.77636e-15
1.778, -1.77636e-15
1.779, 0
1.78, 0
1.781, 0
1.782, 1.77636e-15
1.783, 0
1.784, 1.77636e-15
1.785, -1.77636e-15
1.786, 0
1.787, 0
1.788, 0
1.789, 0
1.79, -1.77636e-15
1.791, 0
1.792, -1.77636e-15
1.793, 3.55271e-15
1.794, 0
1.795, -1.77636e-15
1.796, 0
1.797, 3.55271e-15
1.798, -3.55271e-15
1.799, 0
1.8, 3.55271e-15
1.801, -3.55271e-15
1.802, 0
1.803, 0
1.804, 0
1.805, 3.55271e-15
1.806, 0
1.807, -1.77636e-15
1.808, 0
1.809, 0
1.81, -3.55271e-15
1.811, 3.55271e-15
1.812, 3.55271e-15
1.813, -5.32907e-15
1.814, 0
1.815, 3.55271e-15
1.816, -3.55271e-15
1.817, 1.77636e-15
1.818, -1.77636e-15
1.819, 3.55271e-15
1.82, -1.77636e-15
1.821, 0
1.822, 0
1.823, 0
1.824, 0
1.825, 0
1.826, 0
1.827, 0
1.828, -1.77636e-15
1.829, 0
1.83, 0
1.831, 3.55271e-15
1.832, -1.77636e-15
1.833, -1.77636e-15
1.834, 0
1.835, 1.77636e-15
1.836, 0
1.837, 0
1.838, -3.55271e-15
1.839, 3.55271e-15
1.84, 0
1.841, 0
1.842, -1.77636e-15
1.843, 0
1.844, 0
1.845, 3.55271e-15
1.846, -1.77636e-15
1.847, -1.77636e-15
1.848, -1.77636e-15
1.849, 3.55271e-15
1.85, 1.77636e-15
1.851, -1.77636e-15
1.852, 0
1.853, 3.55271e-15
1.854, -3.55271e-15
1.855, -3.55271e-15
1.856, 3.55271e-15
1.857, 0
1.858, -1.77636e-15
1.859, 0
1.86, 3.55271e-15
1.861, 0
1.862, 0
1.863, 0
1.864, 0
1.865, 0
1.866, 0
1.867, -3.55271e-15
1.868, -1.77636e-15
1.869, 1.77636e-15
1.87, 1.77636e-15
1.871, -3.55271e-15
1.872, 3.55271e-15
1.873, 0
1.874, 0
1.875, 0
1.876, 0
1.877, 0
1.878, 3.55271e-15
1.879, 0
1.88, 0
1.881, -5.32907e-15
1.882, 0
1.883, 1.77636e-15
1.884, 0
1.885, 0
1.886, 0
1.887, 0
1.888, 0
1.889, 0
1.89, -1.77636e-15
1.891, 0
1.892, 3.55271e-15
1.893, -3.55271e-15
1.894, 0
1.895, 3.55271e-15
1.896, 0
1.897, -1.77636e-15
1.898, 0
1.899, -1.77636e-15
1.9, -1.77636e-15
1.901, 3.55271e-15
1.902, 1.77636e-15
1.903, -1.77636e-15
1.904, 0
1.905, 0
1.906, -3.55271e-15
1.907, 3.55271e-15
1.908, 0
1.909, 0
1.91, -3.55271e-15
1.911, 3.55271e-15
1.912, 3.55271e-15
1.913, -3.55271e-15
1.914, 0
1.915, 3.55271e-15
1.916, -3.55271e-15
1.917, -1.77636e-15
1.918, -1.77636e-15
1.919, 3.55271e-15
1.92, 0
1.921, -3.55271e-15
1.922, 1.77636e-15
1.923, 3.55271e-15
1.924, -3.55271e-15
1.925, 3.55271e-15
1.926, -3.55271e-15
1.927, -3.55271e-15
1.928, 3.55271e-15
1.929, 1.77636e-15
1.93, 0
1.931, 0
1.932, -1.77636e-15
1.933, 0
1.934, 3.55271e-15
1.935, -1.77636e-15
1.936, -3.55271e-15
1.937, 1.77636e-15
1.938, 3.55271e-15
1.939, 0
1.94, 0
1.941, 0
1.942, -3.55271e-15
1.943, 0
1.944, 3.55271e-15
1.945, -1.77636e-15
1.946, -3.55271e-15
1.947, 1.77636e-15
1.948, 0
1.949, 1.77636e-15
1.95, 0
1.951, 3.55271e-15
1.952, -5.32907e-15
1.953, 0
1.954, 0
1.955, 1.77636e-15
1.956, 0
1.957, 0
1.958, 0
1.959, 0
1.96, 0
1.961, 0
1.962, 0
1.963, 1.77636e-15
1.964, 0
1.965, 0
1.966, 1.77636e-15
1.967, 0
1.968, 0
1.969, 0
1.97, -3.55271e-15
1.971, 0
1.972, 0
1.973, 0
1.974, 0
1.975, 0
1.976, 0
1.977, 0
1.978, 0
1.979, 0
1.98, 0
1.981, 0
1.982, -1.77636e-15
1.983, 0
1.984, 3.55271e-15
1.985, -1.77636e-15
1.986, -3.55271e-15
1.987, 1.77636e-15
1.988, 1.77636e-15
1.989, 0
1.99, 0
1.991, 0
1.992, 0
1.993, 0
1.994, 0
1.995, 0
1.996, 0
1.997, -1.77636e-15
1.998, -1.77636e-15
1.999, 3.55271e-15
2, 0
2.001, 0
2.002, -3.55271e-15
2.003, 3.55271e-15
2.004, -1.77636e-15
2.005, 0
2.006, 0
2.007, 1.77636e-15
2.008, 0
2.009, 0
2.01, 0
2.011, 0
2.012, 0
2.013, 0
2.014, 0
2.015, 0
2.016, -3.55271e-15
2.017, 3.55271e-15
2.018, 0
2.019, -3.55271e-15
2.02, 0
2.021, 1.77636e-15
2.022, 0
2.023, 1.77636e-15
2.024, -1.77636e-15
2.025, 0
2.026, 1.77636e-15
2.027, 0
2.028, 0
2.029, -3.55271e-15
2.03, 3.55271e-15
2.031, 0
2.032, 0
2.033, 0
2.034, -1.77636e-15
2.035, 0
2.036, 0
2.037, 3.55271e-15
2.038, 0
2.039, -3.55271e-15
2.04, 5.32907e-15
2.041, -3.55271e-15
2.042, -3.55271e-15
2.043, 3.55271e-15
2.044, 0
2.045, -3.55271e-15
2.046, 3.55271e-15
2.047, 1.77636e-15
2.048, -3.55271e-15
2.049, 0
2.05, -1.77636e-15
2.051, 3.55271e-15
2.052, 1.77636e-15
2.053, -1.77636e-15
2.054, -3.55271e-15
2.055, 5.32907e-15
2.056, -1.77636e-15
2.057, 3.55271e-15
2.058, -3.55271e-15
2.059, -3.55271e-15
2.06, 3.55271e-15
2.061, 0
2.062, 0
2.063, 1.77636e-15
2.064, 0
2.065, -1.77636e-15
2.066, -3.55271e-15
2.067, 0
2.068, 3.55271e-15
2.069, -1.77636e-15
2.07, -1.77636e-15
2.071, 1.77636e-15
2.072, 0
2.073, 1.77636e-15
2.074, 1.77636e-15
2.075, -3.55271e-15
2.076, 0
2.077, 1.77636e-15
2.078, 1.77636e-15
2.079, -3.55271e-15
2.08, 3.55271e-15
2.081, 0
2.082, -1.77636e-15
2.083, 0
2.084, 0
2.085, 0
2.086, 0
2.087, 0
2.088, -1.77636e-15
2.089, -1.77636e-15
2.09, 1.77636e-15
2.091, 0
2.092, 0
2.093, 0
2.094, 3.55271e-15
2.095, -1.77636e-15
2.096, -3.55271e-15
2.097, 7.10543e-15
2.098, -7.10543e-15
2.099, 3.55271e-15
2.1, 1.77636e-15
2.101, -1.77636e-15
2.102, 0
2.103, 0
2.104, 0
2.105, 0
2.106, -1.77636e-15
2.107, 0
2.108, 0
2.109, 0
2.11, 3.55271e-15
2.111, -1.77636e-15
2.112, -3.55271e-15
2.113, 1.77636e-15
2.114, 3.55271e-15
2.115, -3.55271e-15
2.116, 1.77636e-15
2.117, 1.77636e-15
2.118, -1.77636e-15
2.119, -3.55271e-15
2.12, 1.77636e-15
2.121, 3.55271e-15
2.122, -1.77636e-15
2.123, -3.55271e-15
2.124, 1.77636e-15
2.125, 1.77636e-15
2.126, -1.77636e-15
2.127, -1.77636e-15
2.128, 3.55271e-15
2.129, 0
2.13, 0
2.131, 0
2.132, 0
2.133, 0
2.134, 1.77636e-15
2.135, -1.77636e-15
2.136, -3.55271e-15
2.137, 3.55271e-15
2.138, 0
2.139, -3.55271e-15
2.14, 3.55271e-15
2.141, -1.77636e-15
2.142, 1.77636e-15
2.143, 0
2.144, -3.55271e-15
2.145, 3.55271e-15
2.146, 0
2.147, 0
2.148, 0
2.149, 0
2.15, -3.55271e-15
2.151, 3.55271e-15
2.152, 1.77636e-15
2.153, -5.32907e-15
2.154, 3.55271e-15
2.155, 0
2.156, 0
2.157, 0
2.158, 0
2.159, 1.77636e-15
2.16, -3.55271e-15
2.161, 0
2.162, 1.77636e-15
2.163, 1.77636e-15
2.164, 0
2.165, 0
2.166, 0
2.167, 0
2.168, 0
2.169, 0
2.17, 0
2.171, -1.77636e-15
2.172, 1.77636e-15
2.173, 0
2.174, -1.77636e-15
2.175, 1.77636e-15
2.176, -3.55271e-15
2.177, 0
2.178, 0
2.179, 0
2.18, 5.32907e-15
2.181, -5.32907e-15
2.182, 1.77636e-15
2.183, 0
2.184, 0
2.185, 0
2.186, -3.55271e-15
2.187, 5.32907e-15
2.188, -1.77636e-15
2.189, -3.55271e-15
2.19, 3.55271e-15
2.191, 0
2.192, 1.77636e-15
2.193, 0
2.194, -3.55271e-15
2.195, 0
2.196, 1.77636e-15
2.197, 0
2.198, -1.77636e-15
2.199, 3.55271e-15
2.2, -3.55271e-15
2.201, 0
2.202, 1.77636e-15
2.203, 0
2.204, 0
2.205, -3.55271e-15
2.206, 3.55271e-15
2.207, -3.55271e-15
2.208, 3.55271e-15
2.209, 0
2.21, 0
2.211, 0
2.212, 0
2.213, 0
2.214, 0
2.215, 0
2.216, 0
2.217, 0
2.218, 0
2.219, 0
2.22, 0
2.221, 1.77636e-15
2.222, -3.55271e-15
2.223, 1.77636e-15
2.224, -1.77636e-15
2.225, 1.77636e-15
2.226, -3.55271e-15
2.227, 1.77636e-15
2.228, 3.55271e-15
2.229, -1.77636e-15
2.23, -1.77636e-15
2.231, 1.77636e-15
2.232, 0
2.233, 0
2.234, -3.55271e-15
2.235, 1.77636e-15
2.236, 1.77636e-15
2.237, -1.77636e-15
2.238, 1.77636e-15
2.239, 0
2.24, 0
2.241, -1.77636e-15
2.242, 3.55271e-15
2.243, -1.77636e-15
2.244, -1.77636e-15
2.245, 1.77636e-15
2.246, 0
2.247, 0
2.248, -1.77636e-15
2.249, 1.77636e-15
2.25, 0
2.251, 0
2.252, 0
2.253, 0
2.254, -1.77636e-15
2.255, -3.55271e-15
2.256, 5.32907e-15
2.257, 0
2.258, 0
2.259, 0
2.26, 1.77636e-15
2.261, 0
2.262, 0
2.263, 0
2.264, -3.55271e-15
2.265, 0
2.266, 1.77636e-15
2.267, 0
2.268, 1.77636e-15
2.269, -5.32907e-15
2.27, 3.55271e-15
2.271, 0
2.272, 0
2.273, 0
2.274, 0
2.275, 1.77636e-15
2.276, -3.55271e-15
2.277, 3.55271e-15
2.278, -3.55271e-15
2.279, 0
2.28, 1.77636e-15
2.281, 0
2.282, 0
2.283, 0
2.284, -1.77636e-15
2.285, -3.55271e-15
2.286, 3.55271e-15
2.287, 0
2.288, 1.77636e-15
2.289, -1.77636e-15
2.29, 1.77636e-15
2.291, 1.77636e-15
2.292, -3.55271e-15
2.293, 1.77636e-15
2.294, 0
2.295, 1.77636e-15
2.296, -1.77636e-15
2.297, 0
2.298, -3.55271e-15
2.299, 3.55271e-15
2.3, -1.77636e-15
2.301, 1.77636e-15
2.302, 0
2.303, 0
2.304, 3.55271e-15
2.305, -3.55271e-15
2.306, -3.55271e-15
2.307, 3.55271e-15
2.308, 0
2.309, 1.77636e-15
2.31, 0
2.311, 1.77636e-15
2.312, -5.32907e-15
2.313, 0
2.314, 3.55271e-15
2.315, -1.77636e-15
2.316, 0
2.317, 0
2.318, -3.55271e-15
2.319, 1.77636e-15
2.32, 0
2.321, 1.77636e-15
2.322, -1.77636e-15
2.323, -1.77636e-15
2.324, 1.77636e-15
2.325, 3.55271e-15
2.326, -3.55271e-15
2.327, 0
2.328, 0
2.329, 3.55271e-15
2.33, 0
2.331, -3.55271e-15
2.332, 0
2.333, 3.55271e-15
2.334, -5.32907e-15
2.335, 1.77636e-15
2.336, 1.77636e-15
2.337, 0
2.338, 0
2.339, 0
2.34, 0
2.341, 0
2.342, 0
2.343, -3.55271e-15
2.344, 1.77636e-15
2.345, -1.77636e-15
2.346, 3.55271e-15
2.347, 0
2.348, -1.77636e-15
2.349, 0
2.35, 0
2.351, 3.55271e-15
2.352, -3.55271e-15
2.353, -1.77636e-15
2.354, 3.55271e-15
2.355, 1.77636e-15
2.356, -1.77636e-15
2.357, -1.77636e-15
2.358, 0
2.359, 0
2.36, 3.55271e-15
2.361, 0
2.362, -1.77636e-15
2.363, -3.55271e-15
2.364, 1.77636e-15
2.365, 3.55271e-15
2.366, -3.55271e-15
2.367, 1.77636e-15
2.368, 0
2.369, 0
2.37, 0
2.371, 0
2.372, 1.77636e-15
2.373, 1.77636e-15
2.374, -1.77636e-15
2.375, 0
2.376, -1.77636e-15
2.377, 0
2.378, 0
2.379, 0
2.38, 0
2.381, 0
2.382, 0
2.383, 0
2.384, 0
2.385, 0
2.386, -1.77636e-15
2.387, 0
2.388, 3.55271e-15
2.389, 0
2.39, -3.55271e-15
2.391, 3.55271e-15
2.392, -3.55271e-15
2.393, 0
2.394, 3.55271e-15
2.395, -3.55271e-15
2.396, 0
2.397, 1.77636e-15
2.398, 0
2.399, 0
2.4, -3.55271e-15
2.401, 3.55271e-15
2.402, 0
2.403, 1.77636e-15
2.404, -3.55271e-15
2.405, 0
2.406, 3.55271e-15
2.407, -1.77636e-15
2.408, -1.77636e-15
2.409, 0
2.41, -3.55271e-15
2.411, 7.10543e-15
2.412, -5.32907e-15
2.413, 5.32907e-15
2.414, 0
2.415, -5.32907e-15
2.416, 3.55271e-15
2.417, 1.77636e-15
2.418, -3.55271e-15
2.419, 3.55271e-15
2.42, 0
2.421, -3.55271e-15
2.422, 0
2.423, 3.55271e-15
2.424, -3.55271e-15
2.425, -1.77636e-15
2.426, 3.55271e-15
2.427, -1.77636e-15
2.428, -1.77636e-15
2.429, 0
2.43, 3.55271e-15
2.431, 0
2.432, -1.77636e-15
2.433, 0
2.434, 0
2.435, 3.55271e-15
2.436, -1.77636e-15
2.437, -3.55271e-15
2.438, 7.10543e-15
2.439, -3.55271e-15
2.44, 1.77636e-15
2.441, -3.55271e-15
2.442, 3.55271e-15
2.443, -1.77636e-15
2.444, -1.77636e-15
2.445, 0
2.446, -1.77636e-15
2.447, 1.77636e-15
2.448, 1.77636e-15
2.449, -3.55271e-15
2.45, 1.77636e-15
2.451, 1.77636e-15
2.452, 0
2.453, 0
2.454, 0
2.455, -3.55271e-15
2.456, 0
2.457, 3.55271e-15
2.458, 0
2.459, 0
2.46, 0
2.461, 0
2.462, -3.55271e-15
2.463, 3.55271e-15
2.464, -3.55271e-15
2.465, 3.55271e-15
2.466, -3.55271e-15
2.467, 1.77636e-15
2.468, 1.77636e-15
2.469, -1.77636e-15
2.47, -3.55271e-15
2.471, 3.55271e-15
2.472, 0
2.473, 0
2.474, 3.55271e-15
2.475, 0
2.476, 0
2.477, 0
2.478, -1.77636e-15
2.479, 0
2.48, 0
2.481, 0
2.482, -3.55271e-15
2.483, 1.77636e-15
2.484, 1.77636e-15
2.485, 1.77636e-15
2.486, -3.55271e-15
2.487, 1.77636e-15
2.488, 0
2.489, -1.77636e-15
2.49, 0
2.491, 0
2.492, 1.77636e-15
2.493, 0
2.494, 0
2.495, 0
2.496, -1.77636e-15
2.497, 0
2.498, 1.77636e-15
2.499, 0
2.5, 0
2.501, -1.77636e-15
2.502, 1.77636e-15
2.503, -1.77636e-15
2.504, 3.55271e-15
2.505, 0
2.506, -1.77636e-15
2.507, -1.77636e-15
2.508, 0
2.509, 0
2.51, 1.77636e-15
2.511, -1.77636e-15
2.512, 0
2.513, 3.55271e-15
2.514, -3.55271e-15
2.515, -1.77636e-15
2.516, 3.55271e-15
2.517, -3.55271e-15
2.518, 3.55271e-15
2.519, 0
2.52, -1.77636e-15
2.521, 0
2.522, 1.77636e-15
2.523, 0
2.524, 0
2.525, 3.55271e-15
2.526, -7.10543e-15
2.527, 3.55271e-15
2.528, 0
2.529, 0
2.53, 3.55271e-15
2.531, -3.55271e-15
2.532, 0
2.533, 0
2.534, 0
2.535, 0
2.536, 1.77636e-15
2.537, -3.55271e-15
2.538, 0
2.539, 0
2.54, 1.77636e-15
2.541, 0
2.542, 0
2.543, 0
2.544, 1.77636e-15
2.545, -1.77636e-15
2.546, -3.55271e-15
2.547, 3.55271e-15
2.548, 0
2.549, 0
2.55, 0
2.551, 0
2.552, 0
2.553, -1.77636e-15
2.554, 0
2.555, 1.77636e-15
2.556, 0
2.557, 0
2.558, -1.77636e-15
2.559, 0
2.56, 1.77636e-15
2.561, 0
2.562, 0
2.563, 1.77636e-15
2.564, -1.77636e-15
2.565, -3.55271e-15
2.566, 3.55271e-15
2.567, 1.77636e-15
2.568, -1.77636e-15
2.569, -3.55271e-15
2.57, 1.77636e-15
2.571, 1.77636e-15
2.572, 0
2.573, 0
2.574, 0
2.575, 0
2.576, -1.77636e-15
2.577, 1.77636e-15
2.578, -3.55271e-15
2.579, 0
2.58, 3.55271e-15
2.581, 0
2.582, 0
2.583, 0
2.584, 0
2.585, 0
2.586, 0
2.587, 0
2.588, 0
2.589, -1.77636e-15
2.59, 0
2.591, 0
2.592, 3.55271e-15
2.593, -3.55271e-15
2.594, 1.77636e-15
2.595, 0
2.596, 0
2.597, 1.77636e-15
2.598, -1.77636e-15
2.599, -1.77636e-15
2.6, 1.77636e-15
2.601, 1.77636e-15
2.602, -1.77636e-15
2.603, -3.55271e-15
2.604, 1.77636e-15
2.605, 0
2.606, 0
2.607, 1.77636e-15
2.608, 0
2.609, -3.55271e-15
2.61, 3.55271e-15
2.611, 0
2.612, 0
2.613, 0
2.614, 0
2.615, -1.77636e-15
2.616, 1.77636e-15
2.617, 3.55271e-15
2.618, -1.77636e-15
2.619, -1.77636e-15
2.62, -1.77636e-15
2.621, 0
2.622, 3.55271e-15
2.623, 0
2.624, -3.55271e-15
2.625, 0
2.626, 1.77636e-15
2.627, -3.55271e-15
2.628, 3.55271e-15
2.629, 1.77636e-15
2.63, -1.77636e-15
2.631, -1.77636e-15
2.632, 0
2.633, 1.77636e-15
2.634, -1.77636e-15
2.635, 1.77636e-15
2.636, 0
2.637, 0
2.638, 1.77636e-15
2.639, -3.55271e-15
2.64, 0
2.641, 0
2.642, 1.77636e-15
2.643, -1.77636e-15
2.644, 0
2.645, 1.77636e-15
2.646, 0
2.647, 1.77636e-15
2.648, -3.55271e-15
2.649, 0
2.65, 3.55271e-15
2.651, -3.55271e-15
2.652, 1.77636e-15
2.653, -1.77636e-15
2.654, 0
2.655, 3.55271e-15
2.656, 0
2.657, -3.55271e-15
2.658, 0
2.659, 0
2.66, 0
2.661, 1.77636e-15
2.662, -1.77636e-15
2.663, 0
2.664, 0
2.665, 0
2.666, 3.55271e-15
2.667, 0
2.668, -5.32907e-15
2.669, 3.55271e-15
2.67, 0
2.671, 0
2.672, 0
2.673, 0
2.674, 0
2.675, 0
2.676, 1.77636e-15
2.677, -5.32907e-15
2.678, 5.32907e-15
2.679, 0
2.68, 1.77636e-15
2.681, -5.32907e-15
2.682, 0
2.683, 1.77636e-15
2.684, 0
2.685, 0
2.686, 0
2.687, -1.77636e-15
2.688, 1.77636e-15
2.689, 0
2.69, -3.55271e-15
2.691, 1.77636e-15
2.692, 1.77636e-15
2.693, 0
2.694, 0
2.695, -3.55271e-15
2.696, 1.77636e-15
2.697, 1.77636e-15
2.698, 0
2.699, 1.77636e-15
2.7, 0
2.701, 0
2.702, 0
2.703, -3.55271e-15
2.704, 0
2.705, 1.77636e-15
2.706, -3.55271e-15
2.707, 3.55271e-15
2.708, 1.77636e-15
2.709, -3.55271e-15
2.71, -1.77636e-15
2.711, 3.55271e-15
2.712, 0
2.713, -1.77636e-15
2.714, 1.77636e-15
2.715, -1.77636e-15
2.716, 5.32907e-15
2.717, -3.55271e-15
2.718, -3.55271e-15
2.719, 1.77636e-15
2.72, 0
2.721, -3.55271e-15
2.722, 5.32907e-15
2.723, -1.77636e-15
2.724, 0
2.725, 1.77636e-15
2.726, 0
2.727, -1.77636e-15
2.728, 1.77636e-15
2.729, 0
2.73, 1.77636e-15
2.731, -3.55271e-15
2.732, 3.55271e-15
2.733, 0
2.734, -1.77636e-15
2.735, 0
2.736, -1.77636e-15
2.737, 0
2.738, 1.77636e-15
2.739, -1.77636e-15
2.74, 0
2.741, 0
2.742, 1.77636e-15
2.743, -1.77636e-15
2.744, 0
2.745, 3.55271e-15
2.746, -3.55271e-15
2.747, 1.77636e-15
2.748, 0
2.749, -1.77636e-15
2.75, 0
2.751, 0
2.752, 1.77636e-15
2.753, -1.77636e-15
2.754, -1.77636e-15
2.755, 3.55271e-15
2.756, 1.77636e-15
2.757, 0
2.758, 0
2.759, -1.77636e-15
2.76, -3.55271e-15
2.761, 3.55271e-15
2.762, 0
2.763, -3.55271e-15
2.764, 1.77636e-15
2.765, 1.77636e-15
2.766, 0
2.767, 0
2.768, -3.55271e-15
2.769, 1.77636e-15
2.77, 3.55271e-15
2.771, -3.55271e-15
2.772, 3.55271e-15
2.773, -1.77636e-15
2.774, 1.77636e-15
2.775, -3.55271e-15
2.776, 0
2.777, 3.55271e-15
2.778, -3.55271e-15
2.779, 1.77636e-15
2.78, 1.77636e-15
2.781, -3.55271e-15
2.782, 0
2.783, 0
2.784, 3.55271e-15
2.785, 0
2.786, -3.55271e-15
2.787, -1.77636e-15
2.788, 0
2.789, 1.77636e-15
2.79, 3.55271e-15
2.791, 0
2.792, 0
2.793, -3.55271e-15
2.794, 0
2.795, 3.55271e-15
2.796, 0
2.797, -3.55271e-15
2.798, 1.77636e-15
2.799, 0
2.8, -1.77636e-15
2.801, 0
2.802, 3.55271e-15
2.803, -3.55271e-15
2.804, 0
2.805, 3.55271e-15
2.806, -1.77636e-15
2.807, -3.55271e-15
2.808, 3.55271e-15
2.809, -1.77636e-15
2.81, -1.77636e-15
2.811, 1.77636e-15
2.812, 1.77636e-15
2.813, -1.77636e-15
2.814, 1.77636e-15
2.815, -1.77636e-15
2.816, 0
2.817, 0
2.818, 3.55271e-15
2.819, -3.55271e-15
2.82, 1.77636e-15
2.821, 1.77636e-15
2.822, -3.55271e-15
2.823, 0
2.824, 0
2.825, 3.55271e-15
2.826, -1.77636e-15
2.827, 3.55271e-15
2.828, -3.55271e-15
2.829, 0
2.83, 1.77636e-15
2.831, -3.55271e-15
2.832, 0
2.833, 1.77636e-15
2.834, 0
2.835, -3.55271e-15
2.836, 0
2.837, 1.77636e-15
2.838, 0
2.839, 3.55271e-15
2.84, -1.77636e-15
2.841, -1.77636e-15
2.842, 3.55271e-15
2.843, -3.55271e-15
2.844, 0
2.845, 1.77636e-15
2.846, 1.77636e-15
2.847, -1.77636e-15
2.848, 1.77636e-15
2.849, 0
2.85, 1.77636e-15
2.851, -3.55271e-15
2.852, 0
2.853, -1.77636e-15
2.854, 0
2.855, 1.77636e-15
2.856, 0
2.857, 0
2.858, 0
2.859, 0
2.86, 0
2.861, 0
2.862, 1.77636e-15
2.863, -3.55271e-15
2.864, 3.55271e-15
2.865, -3.55271e-15
2.866, 0
2.867, 3.55271e-15
2.868, 0
2.869, -3.55271e-15
2.87, 1.77636e-15
2.871, -3.55271e-15
2.872, 1.77636e-15
2.873, 1.77636e-15
2.874, -3.55271e-15
2.875, 3.55271e-15
2.876, 1.77636e-15
2.877, -1.77636e-15
2.878, -3.55271e-15
2.879, 3.55271e-15
2.88, -3.55271e-15
2.881, 1.77636e-15
2.882, 1.77636e-15
2.883, 0
2.884, -3.55271e-15
2.885, 3.55271e-15
2.886, 0
2.887, 0
2.888, -1.77636e-15
2.889, 1.77636e-15
2.89, -1.77636e-15
2.891, 3.55271e-15
2.892, -1.77636e-15
2.893, 1.77636e-15
2.894, -1.77636e-15
2.895, -3.55271e-15
2.896, 0
2.897, 3.55271e-15
2.898, 0
2.899, 0
2.9, 0
2.901, 0
2.902, 0
2.903, 0
2.904, 0
2.905, 0
2.906, 0
2.907, 0
2.908, -1.77636e-15
2.909, 1.77636e-15
2.91, 0
2.911, -3.55271e-15
2.912, 1.77636e-15
2.913, 1.77636e-15
2.914, 0
2.915, 1.77636e-15
2.916, -1.77636e-15
2.917, 0
2.918, -1.77636e-15
2.919, 0
2.92, 0
2.921, 1.77636e-15
2.922, 0
2.923, -3.55271e-15
2.924, 3.55271e-15
2.925, 0
2.926, 0
2.927, -3.55271e-15
2.928, 1.77636e-15
2.929, 1.77636e-15
2.93, 0
2.931, 1.77636e-15
2.932, -3.55271e-15
2.933, 0
2.934, 1.77636e-15
2.935, 0
2.936, 0
2.937, 0
2.938, 0
2.939, 0
2.94, 1.77636e-15
2.941, -1.77636e-15
2.942, 0
2.943, 0
2.944, 0
2.945, -3.55271e-15
2.946, 5.32907e-15
2.947, -1.77636e-15
2.948, 0
2.949, 0
2.95, 1.77636e-15
2.951, -3.55271e-15
2.952, -1.77636e-15
2.953, 3.55271e-15
2.954, 0
2.955, 0
2.956, 0
2.957, -3.55271e-15
2.958, 1.77636e-15
2.959, 1.77636e-15
2.96, 0
2.961, 0
2.962, -3.55271e-15
2.963, 1.77636e-15
2.964, 0
2.965, 3.55271e-15
2.966, -3.55271e-15
2.967, 0
2.968, 3.55271e-15
2.969, 0
2.97, 0
2.971, -3.55271e-15
2.972, 3.55271e-15
2.973, 0
2.974, 0
2.975, -3.55271e-15
2.976, 3.55271e-15
2.977, -1.77636e-15
2.978, -1.77636e-15
2.979, 0
2.98, -3.55271e-15
2.981, 3.55271e-15
2.982, 0
2.983, 0
2.984, 3.55271e-15
2.985, -3.55271e-15
2.986, 1.77636e-15
2.987, -3.55271e-15
2.988, 3.55271e-15
2.989, -1.77636e-15
2.99, 0
2.991, 1.77636e-15
2.992, -1.77636e-15
2.993, 1.77636e-15
2.994, 0
2.995, 1.77636e-15
2.996, -1.77636e-15
2.997, 0
2.998, 0
2.999, 0
3, 0
3.001, 0
3.002, 0
3.003, 0
3.004, 1.77636e-15
3.005, -3.55271e-15
3.006, -3.55271e-15
3.007, 3.55271e-15
3.008, 0
3.009, 3.55271e-15
3.01, -3.55271e-15
3.011, -3.55271e-15
3.012, 5.32907e-15
3.013, 0
3.014, -1.77636e-15
3.015, 3.55271e-15
3.016, -3.55271e-15
3.017, 3.55271e-15
3.018, -3.55271e-15
3.019, 0
3.02, 0
3.021, 1.77636e-15
3.022, 0
3.023, 0
3.024, -1.77636e-15
3.025, 1.77636e-15
3.026, 0
3.027, 1.77636e-15
3.028, -1.77636e-15
3.029, 1.77636e-15
3.03, -3.55271e-15
3.031, 3.55271e-15
3.032, -1.77636e-15
3.033, 1.77636e-15
3.034, -3.55271e-15
3.035, 1.77636e-15
3.036, -1.77636e-15
3.037, 0
3.038, 0
3.039, 1.77636e-15
3.04, 0
3.041, 0
3.042, 0
3.043, 0
3.044, 0
3.045, 0
3.046, 3.55271e-15
3.047, -3.55271e-15
3.048, -1.77636e-15
3.049, 1.77636e-15
3.05, 0
3.051, 0
3.052, -1.77636e-15
3.053, 0
3.054, 3.55271e-15
3.055, -1.77636e-15
3.056, 1.77636e-15
3.057, -3.55271e-15
3.058, 1.77636e-15
3.059, 0
3.06, -1.77636e-15
3.061, -1.77636e-15
3.062, 3.55271e-15
3.063, 0
3.064, 0
3.065, 0
3.066, 0
3.067, 0
3.068, 0
3.069, -3.55271e-15
3.07, 3.55271e-15
3.071, 1.77636e-15
3.072, -3.55271e-15
3.073, 0
3.074, 1.77636e-15
3.075, 0
3.076, 0
3.077, 1.77636e-15
3.078, -3.55271e-15
3.079, 1.77636e-15
3.08, 0
3.081, 0
3.082, 1.77636e-15
3.083, -3.55271e-15
3.084, 1.77636e-15
3.085, 1.77636e-15
3.086, -3.55271e-15
3.087, 5.32907e-15
3.088, -3.55271e-15
3.089, -1.77636e-15
3.09, 1.77636e-15
3.091, 0
3.092, 0
3.093, 0
3.094, -1.77636e-15
3.095, 0
3.096, 3.55271e-15
3.097, -3.55271e-15
3.098, -1.77636e-15
3.099, 1.77636e-15
3.1, 0
3.101, -1.77636e-15
3.102, 0
3.103, 1.77636e-15
3.104, 0
3.105, 0
3.106, 0
3.107, 1.77636e-15
3.108, -3.55271e-15
3.109, 5.32907e-15
3.11, 0
3.111, -5.32907e-15
3.112, 5.32907e-15
3.113, -3.55271e-15
3.114, 1.77636e-15
3.115, 0
3.116, 0
3.117, 1.77636e-15
3.118, -1.77636e-15
3.119, 0
3.12, -1.77636e-15
3.121, 3.55271e-15
3.122, -1.77636e-15
3.123, -3.55271e-15
3.124, 3.55271e-15
3.125, 0
3.126, 0
3.127, 0
3.128, 0
3.129, -3.55271e-15
3.13, 1.77636e-15
3.131, 1.77636e-15
3.132, 0
3.133, -3.55271e-15
3.134, 1.77636e-15
3.135, 1.77636e-15
3.136, 0
3.137, 1.77636e-15
3.138, -3.55271e-15
3.139, 0
3.14, 3.55271e-15
3.141, 0
3.142, 3.55271e-15
3.143, -3.55271e-15
3.144, -1.77636e-15
3.145, 1.77636e-15
3.146, -1.77636e-15
3.147, -3.55271e-15
3.148, 1.77636e-15
3.149, 5.32907e-15
3.15, -1.77636e-15
3.151, -3.55271e-15
3.152, 0
3.153, 3.55271e-15
3.154, -1.77636e-15
3.155, -1.77636e-15
3.156, 0
3.157, 3.55271e-15
3.158, -3.55271e-15
3.159, 1.77636e-15
3.16, 0
3.161, 0
3.162, 0
3.163, -1.77636e-15
3.164, 3.55271e-15
3.165, 0
3.166, -3.55271e-15
3.167, 3.55271e-15
3.168, -3.55271e-15
3.169, 0
3.17, 0
3.171, 1.77636e-15
3.172, -1.77636e-15
3.173, 3.55271e-15
3.174, -3.55271e-15
3.175, 0
3.176, 0
3.177, 0
3.178, 1.77636e-15
3.179, 0
3.18, 0
3.181, 0
3.182, 1.77636e-15
3.183, -3.55271e-15
3.184, 1.77636e-15
3.185, 3.55271e-15
3.186, -5.32907e-15
3.187, 0
3.188, 3.55271e-15
3.189, -3.55271e-15
3.19, 1.77636e-15
3.191, 1.77636e-15
3.192, -3.55271e-15
3.193, 0
3.194, 0
3.195, 1.77636e-15
3.196, 0
3.197, -1.77636e-15
3.198, 0
3.199, 0
3.2, 0
3.201, 3.55271e-15
3.202, -3.55271e-15
3.203, 0
3.204, 3.55271e-15
3.205, -1.77636e-15
3.206, -3.55271e-15
3.207, 3.55271e-15
3.208, -1.77636e-15
3.209, 3.55271e-15
3.21, -1.77636e-15
3.211, -1.77636e-15
3.212, -1.77636e-15
3.213, 0
3.214, 3.55271e-15
3.215, 1.77636e-15
3.216, -3.55271e-15
3.217, 3.55271e-15
3.218, -1.77636e-15
3.219, -3.55271e-15
3.22, 3.55271e-15
3.221, 0
3.222, -1.77636e-15
3.223, 0
3.224, 0
3.225, 1.77636e-15
3.226, -3.55271e-15
3.227, 3.55271e-15
3.228, 0
3.229, 0
3.23, 0
3.231, 0
3.232, 0
3.233, 0
3.234, 0
3.235, 0
3.236, -3.55271e-15
3.237, 1.77636e-15
3.238, 0
3.239, 1.77636e-15
3.24, -1.77636e-15
3.241, 0
3.242, 3.55271e-15
3.243, -1.77636e-15
3.244, 0
3.245, -3.55271e-15
3.246, 3.55271e-15
3.247, 0
3.248, 0
3.249, 0
3.25, 1.77636e-15
3.251, -1.77636e-15
3.252, 0
3.253, 0
3.254, 0
3.255, -1.77636e-15
3.256, -3.55271e-15
3.257, 3.55271e-15
3.258, 3.55271e-15
3.259, 0
3.26, -5.32907e-15
3.261, 3.55271e-15
3.262, 0
3.263, 1.77636e-15
3.264, -3.55271e-15
3.265, 0
3.266, 1.77636e-15
3.267, 0
3.268, 0
3.269, 0
3.27, -1.77636e-15
3.271, 1.77636e-15
3.272, 0
3.273, -3.55271e-15
3.274, 3.55271e-15
3.275, 1.77636e-15
3.276, -5.32907e-15
3.277, 3.55271e-15
3.278, 0
3.279, -1.77636e-15
3.28, 1.77636e-15
3.281, 1.77636e-15
3.282, -3.55271e-15
3.283, 3.55271e-15
3.284, 0
3.285, -3.55271e-15
3.286, 1.77636e-15
3.287, 0
3.288, 0
3.289, -3.55271e-15
3.29, 3.55271e-15
3.291, 1.77636e-15
3.292, -1.77636e-15
3.293, -1.77636e-15
3.294, 0
3.295, 3.55271e-15
3.296, -3.55271e-15
3.297, 0
3.298, 1.77636e-15
3.299, -1.77636e-15
3.3, 0
3.301, 1.77636e-15
3.302, 0
3.303, -3.55271e-15
3.304, 3.55271e-15
3.305, 0
3.306, 0
3.307, 1.77636e-15
3.308, -1.77636e-15
3.309, -3.55271e-15
3.31, 0
3.311, 0
3.312, 5.32907e-15
3.313, -1.77636e-15
3.314, 0
3.315, 0
3.316, 0
3.317, -3.55271e-15
3.318, 3.55271e-15
3.319, 0
3.32, -1.77636e-15
3.321, 1.77636e-15
3.322, -1.77636e-15
3.323, 0
3.324, 1.77636e-15
3.325, 0
3.326, 0
3.327, -1.77636e-15
3.328, 0
3.329, 1.77636e-15
3.33, 0
3.331, 1.77636e-15
3.332, 0
3.333, -1.77636e-15
3.334, -3.55271e-15
3.335, 1.77636e-15
3.336, 1.77636e-15
3.337, 0
3.338, 0
3.339, -3.55271e-15
3.34, 1.77636e-15
3.341, 0
3.342, 5.32907e-15
3.343, -3.55271e-15
3.344, 0
3.345, 0
3.346, 0
3.347, 0
3.348, 0
3.349, 0
3.35, 3.55271e-15
3.351, -3.55271e-15
3.352, -3.55271e-15
3.353, 3.55271e-15
3.354, -3.55271e-15
3.355, 3.55271e-15
3.356, 0
3.357, 0
3.358, 0
3.359, 1.77636e-15
3.36, -3.55271e-15
3.361, 1.77636e-15
3.362, 0
3.363, 0
3.364, 0
3.365, -1.77636e-15
3.366, 1.77636e-15
3.367, 0
3.368, 1.77636e-15
3.369, -3.55271e-15
3.37, 0
3.371, 1.77636e-15
3.372, 0
3.373, 0
3.374, 0
3.375, -1.77636e-15
3.376, 0
3.377, 1.77636e-15
3.378, -1.77636e-15
3.379, -3.55271e-15
3.38, 3.55271e-15
3.381, 0
3.382, 1.77636e-15
3.383, 0
3.384, 3.55271e-15
3.385, -3.55271e-15
3.386, -1.77636e-15
3.387, 1.77636e-15
3.388, 0
3.389, -1.77636e-15
3.39, 0
3.391, 3.55271e-15
3.392, 0
3.393, -5.32907e-15
3.394, 3.55271e-15
3.395, 0
3.396, 1.77636e-15
3.397, -3.55271e-15
3.398, 0
3.399, 0
3.4, 1.77636e-15
3.401, 0
3.402, 0
3.403, 0
3.404, 1.77636e-15
3.405, -1.77636e-15
3.406, -3.55271e-15
3.407, 3.55271e-15
3.408, 0
3.409, 1.77636e-15
3.41, 0
3.411, -5.32907e-15
3.412, 3.55271e-15
3.413, 0
3.414, 3.55271e-15
3.415, -1.77636e-15
3.416, -3.55271e-15
3.417, 1.77636e-15
3.418, 0
3.419, 0
3.42, 1.77636e-15
3.421, -1.77636e-15
3.422, 0
3.423, 0
3.424, 1.77636e-15
3.425, -1.77636e-15
3.426, 1.77636e-15
3.427, -3.55271e-15
3.428, 0
3.429, 1.77636e-15
3.43, -3.55271e-15
3.431, 1.77636e-15
3.432, 1.77636e-15
3.433, 0
3.434, 0
3.435, -1.77636e-15
3.436, 0
3.437, 1.77636e-15
3.438, 0
3.439, 0
3.44, 0
3.441, -1.77636e-15
3.442, 0
3.443, 1.77636e-15
3.444, 0
3.445, 0
3.446, -1.77636e-15
3.447, -3.55271e-15
3.448, 3.55271e-15
3.449, 1.77636e-15
3.45, -3.55271e-15
3.451, 3.55271e-15
3.452, 0
3.453, 1.77636e-15
3.454, -1.77636e-15
3.455, -1.77636e-15
3.456, 0
3.457, 0
3.458, 3.55271e-15
3.459, 0
3.46, -1.77636e-15
3.461, 0
3.462, 0
3.463, 0
3.464, 0
3.465, 0
3.466, 0
3.467, -1.77636e-15
3.468, -1.77636e-15
3.469, 0
3.47, 3.55271e-15
3.471, 0
3.472, 0
3.473, 0
3.474, 0
3.475, -1.77636e-15
3.476, 0
3.477, 1.77636e-15
3.478, -1.77636e-15
3.479, 0
3.48, 3.55271e-15
3.481, -1.77636e-15
3.482, -3.55271e-15
3.483, 3.55271e-15
3.484, 0
3.485, 0
3.486, 0
3.487, 0
3.488, 0
3.489, 0
3.49, 0
3.491, -1.77636e-15
3.492, 0
3.493, 0
3.494, 3.55271e-15
3.495, -3.55271e-15
3.496, 1.77636e-15
3.497, 0
3.498, 3.55271e-15
3.499, -3.55271e-15
3.5, -3.55271e-15
3.501, 3.55271e-15
3.502, -3.55271e-15
3.503, 3.55271e-15
3.504, -1.77636e-15
3.505, 1.77636e-15
3.506, -1.77636e-15
3.507, 0
3.508, 3.55271e-15
3.509, -1.77636e-15
3.51, 0
3.511, 0
3.512, 0
3.513, 0
3.514, 0
3.515, 0
3.516, 0
3.517, 0
3.518, 0
3.519, 0
3.52, 0
3.521, 0
3.522, 0
3.523, 3.55271e-15
3.524, -3.55271e-15
3.525, 0
3.526, 0
3.527, -1.77636e-15
3.528, 1.77636e-15
3.529, 0
3.53, -1.77636e-15
3.531, 3.55271e-15
3.532, -1.77636e-15
3.533, -3.55271e-15
3.534, 0
3.535, 5.32907e-15
3.536, -1.77636e-15
3.537, 0
3.538, 0
3.539, 0
3.54, -1.77636e-15
3.541, 0
3.542, 0
3.543, -3.55271e-15
3.544, 3.55271e-15
3.545, 0
3.546, 3.55271e-15
3.547, 0
3.548, 0
3.549, 0
3.55, -3.55271e-15
3.551, 0
3.552, 1.77636e-15
3.553, 1.77636e-15
3.554, 0
3.555, 0
3.556, 0
3.557, -1.77636e-15
3.558, -3.55271e-15
3.559, 3.55271e-15
3.56, 0
3.561, 3.55271e-15
3.562, -1.77636e-15
3.563, -1.77636e-15
3.564, 0
3.565, 0
3.566, 0
3.567, 0
3.568, 0
3.569, 0
3.57, 1.77636e-15
3.571, 0
3.572, -5.32907e-15
3.573, 3.55271e-15
3.574, 0
3.575, 1.77636e-15
3.576, -1.77636e-15
3.577, -3.55271e-15
3.578, 3.55271e-15
3.579, -1.77636e-15
3.58, 1.77636e-15
3.581, 0
3.582, -1.77636e-15
3.583, 0
3.584, 3.55271e-15
3.585, 0
3.586, 1.77636e-15
3.587, -3.55271e-15
3.588, 0
3.589, 0
3.59, 0
3.591, 1.77636e-15
3.592, 0
3.593, -1.77636e-15
3.594, 1.77636e-15
3.595, -3.55271e-15
3.596, 1.77636e-15
3.597, 0
3.598, 0
3.599, -1.77636e-15
3.6, 3.55271e-15
3.601, -3.55271e-15
3.602, 1.77636e-15
3.603, 1.77636e-15
3.604, -3.55271e-15
3.605, 3.55271e-15
3.606, -3.55271e-15
3.607, 0
3.608, 3.55271e-15
3.609, -1.77636e-15
3.61, 1.77636e-15
3.611, -3.55271e-15
3.612, 0
3.613, 0
3.614, 3.55271e-15
3.615, -1.77636e-15
3.616, -3.55271e-15
3.617, 5.32907e-15
3.618, -3.55271e-15
3.619, 0
3.62, 0
3.621, 5.32907e-15
3.622, -5.32907e-15
3.623, 1.77636e-15
3.624, 0
3.625, 0
3.626, 0
3.627, 0
3.628, 0
3.629, -1.77636e-15
3.63, 1.77636e-15
3.631, 0
3.632, 0
3.633, 0
3.634, -1.77636e-15
3.635, 3.55271e-15
3.636, -3.55271e-15
3.637, 0
3.638, 3.55271e-15
3.639, 0
3.64, 0
3.641, 0
3.642, 1.77636e-15
3.643, -3.55271e-15
3.644, -3.55271e-15
3.645, 3.55271e-15
3.646, 0
3.647, 0
3.648, 0
3.649, 0
3.65, 0
3.651, -1.77636e-15
3.652, 1.77636e-15
3.653, -3.55271e-15
3.654, 3.55271e-15
3.655, -1.77636e-15
3.656, 0
3.657, 1.77636e-15
3.658, 0
3.659, 0
3.66, 0
3.661, 0
3.662, 0
3.663, 0
3.664, -1.77636e-15
3.665, 1.77636e-15
3.666, 0
3.667, 0
3.668, 0
3.669, 0
3.67, -3.55271e-15
3.671, 1.77636e-15
3.672, 1.77636e-15
3.673, 0
3.674, 0
3.675, 3.55271e-15
3.676, -5.32907e-15
3.677, 0
3.678, 0
3.679, -1.77636e-15
3.68, 5.32907e-15
3.681, -3.55271e-15
3.682, 1.77636e-15
3.683, -1.77636e-15
3.684, 0
3.685, 1.77636e-15
3.686, -1.77636e-15
3.687, 0
3.688, 3.55271e-15
3.689, 0
3.69, 0
3.691, 0
3.692, -3.55271e-15
3.693, 0
3.694, 0
3.695, 3.55271e-15
3.696, -1.77636e-15
3.697, -1.77636e-15
3.698, 0
3.699, 3.55271e-15
3.7, -1.77636e-15
3.701, 0
3.702, 0
3.703, 0
3.704, 0
3.705, -1.77636e-15
3.706, 0
3.707, 0
3.708, 0
3.709, 3.55271e-15
3.71, -3.55271e-15
3.711, -1.77636e-15
3.712, 3.55271e-15
3.713, 1.77636e-15
3.714, -1.77636e-15
3.715, 0
3.716, 0
3.717, 0
3.718, 0
3.719, 0
3.72, 1.77636e-15
3.721, -1.77636e-15
3.722, -3.55271e-15
3.723, 1.77636e-15
3.724, 0
3.725, 3.55271e-15
3.726, 0
3.727, 0
3.728, -3.55271e-15
3.729, 0
3.73, 1.77636e-15
3.731, 0
3.732, 0
3.733, 1.77636e-15
3.734, -1.77636e-15
3.735, 0
3.736, 0
3.737, 1.77636e-15
3.738, -3.55271e-15
3.739, 0
3.74, 0
3.741, 1.77636e-15
3.742, -1.77636e-15
3.743, 0
3.744, 0
3.745, 3.55271e-15
3.746, 0
3.747, 0
3.748, -3.55271e-15
3.749, 0
3.75, 3.55271e-15
3.751, -1.77636e-15
3.752, 0
3.753, 1.77636e-15
3.754, -1.77636e-15
3.755, 0
3.756, 0
3.757, 0
3.758, 1.77636e-15
3.759, -3.55271e-15
3.76, 0
3.761, 3.55271e-15
3.762, -1.77636e-15
3.763, 1.77636e-15
3.764, -3.55271e-15
3.765, 0
3.766, 3.55271e-15
3.767, -3.55271e-15
3.768, 3.55271e-15
3.769, -1.77636e-15
3.77, 0
3.771, -1.77636e-15
3.772, 3.55271e-15
3.773, -5.32907e-15
3.774, 3.55271e-15
3.775, 0
3.776, -1.77636e-15
3.777, 3.55271e-15
3.778, -3.55271e-15
3.779, 0
3.78, 0
3.781, 1.77636e-15
3.782, -3.55271e-15
3.783, 3.55271e-15
3.784, -1.77636e-15
3.785, 1.77636e-15
3.786, 0
3.787, 0
3.788, 0
3.789, 0
3.79, -1.77636e-15
3.791, 0
3.792, 3.55271e-15
3.793, -1.77636e-15
3.794, 0
3.795, -3.55271e-15
3.796, 3.55271e-15
3.797, -3.55271e-15
3.798, 1.77636e-15
3.799, 0
3.8, 1.77636e-15
3.801, -3.55271e-15
3.802, 1.77636e-15
3.803, 1.77636e-15
3.804, 0
3.805, -3.55271e-15
3.806, 0
3.807, 3.55271e-15
3.808, 0
3.809, 1.77636e-15
3.81, 0
3.811, 0
3.812, 1.77636e-15
3.813, -1.77636e-15
3.814, -3.55271e-15
3.815, 1.77636e-15
3.816, -3.55271e-15
3.817, 3.55271e-15
3.818, 0
3.819, -1.77636e-15
3.82, 1.77636e-15
3.821, -1.77636e-15
3.822, 0
3.823, 1.77636e-15
3.824, -1.77636e-15
3.825, 0
3.826, 0
3.827, 1.77636e-15
3.828, 1.77636e-15
3.829, -5.32907e-15
3.83, 3.55271e-15
3.831, 0
3.832, 0
3.833, -1.77636e-15
3.834, 0
3.835, 0
3.836, 0
3.837, 0
3.838, 3.55271e-15
3.839, -5.32907e-15
3.84, 3.55271e-15
3.841, -1.77636e-15
3.842, 1.77636e-15
3.843, -1.77636e-15
3.844, 0
3.845, 3.55271e-15
3.846, 0
3.847, -3.55271e-15
3.848, 1.77636e-15
3.849, -3.55271e-15
3.85, 3.55271e-15
3.851, 0
3.852, -1.77636e-15
3.853, 1.77636e-15
3.854, 1.77636e-15
3.855, 0
3.856, 0
3.857, -1.77636e-15
3.858, 0
3.859, 0
3.86, 0
3.861, -3.55271e-15
3.862, 3.55271e-15
3.863, 0
3.864, -3.55271e-15
3.865, 3.55271e-15
3.866, 0
3.867, 0
3.868, -3.55271e-15
3.869, 0
3.87, 1.77636e-15
3.871, 1.77636e-15
3.872, 0
3.873, 0
3.874, 1.77636e-15
3.875, -1.77636e-15
3.876, -3.55271e-15
3.877, 1.77636e-15
3.878, 0
3.879, 3.55271e-15
3.88, -3.55271e-15
3.881, 1.77636e-15
3.882, -3.55271e-15
3.883, 3.55271e-15
3.884, 0
3.885, 0
3.886, 0
3.887, -1.77636e-15
3.888, 0
3.889, 1.77636e-15
3.89, 0
3.891, 0
3.892, 0
3.893, 0
3.894, 0
3.895, 0
3.896, 0
3.897, 0
3.898, 1.77636e-15
3.899, -1.77636e-15
3.9, 1.77636e-15
3.901, -1.77636e-15
3.902, -1.77636e-15
3.903, 0
3.904, 3.55271e-15
3.905, 0
3.906, -1.77636e-15
3.907, 0
3.908, 0
3.909, -3.55271e-15
3.91, 1.77636e-15
3.911, 1.77636e-15
3.912, 1.77636e-15
3.913, -1.77636e-15
3.914, 0
3.915, 0
3.916, -3.55271e-15
3.917, 3.55271e-15
3.918, 0
3.919, 1.77636e-15
3.92, -3.55271e-15
3.921, 0
3.922, 1.77636e-15
3.923, 0
3.924, 0
3.925, 0
3.926, 0
3.927, 0
3.928, 0
3.929, 0
3.93, 0
3.931, -1.77636e-15
3.932, 1.77636e-15
3.933, 1.77636e-15
3.934, -3.55271e-15
3.935, 3.55271e-15
3.936, -1.77636e-15
3.937, -1.77636e-15
3.938, 0
3.939, 3.55271e-15
3.94, -1.77636e-15
3.941, -3.55271e-15
3.942, 3.55271e-15
3.943, 0
3.944, -3.55271e-15
3.945, 3.55271e-15
3.946, 0
3.947, 3.55271e-15
3.948, -3.55271e-15
3.949, 0
3.95, 0
3.951, 3.55271e-15
3.952, -3.55271e-15
3.953, 0
3.954, 0
3.955, 0
3.956, 0
3.957, 0
3.958, 0
3.959, 0
3.96, 0
3.961, 0
3.962, 0
3.963, 0
3.964, -1.77636e-15
3.965, 1.77636e-15
3.966, 0
3.967, -3.55271e-15
3.968, 3.55271e-15
3.969, 1.77636e-15
3.97, -1.77636e-15
3.971, -3.55271e-15
3.972, 3.55271e-15
3.973, 0
3.974, 0
3.975, -1.77636e-15
3.976, 0
3.977, 1.77636e-15
3.978, 0
3.979, 0
3.98, 0
3.981, 0
3.982, 1.77636e-15
3.983, 0
3.984, 0
3.985, 0
3.986, 0
3.987, 0
3.988, -1.77636e-15
3.989, 1.77636e-15
3.99, -1.77636e-15
3.991, 0
3.992, 0
3.993, 0
3.994, -1.77636e-15
3.995, 0
3.996, 1.77636e-15
3.997, 0
3.998, 1.77636e-15
3.999, -3.55271e-15
4, 5.32907e-15
4.001, -3.55271e-15
4.002, -1.77636e-15
4.003, 1.77636e-15
4.004, -1.77636e-15
4.005, 1.77636e-15
4.006, -3.55271e-15
4.007, 1.77636e-15
4.008, 3.55271e-15
4.009, -1.77636e-15
4.01, 0
4.011, 3.55271e-15
4.012, -3.55271e-15
4.013, 0
4.014, -3.55271e-15
4.015, 3.55271e-15
4.016, 0
4.017, 0
4.018, 0
4.019, 0
4.02, 0
4.021, -1.77636e-15
4.022, 0
4.023, 0
4.024, 1.77636e-15
4.025, 0
4.026, 0
4.027, 0
4.028, -1.77636e-15
4.029, 0
4.03, 3.55271e-15
4.031, 0
4.032, -1.77636e-15
4.033, 0
4.034, -3.55271e-15
4.035, 3.55271e-15
4.036, -3.55271e-15
4.037, 3.55271e-15
4.038, -1.77636e-15
4.039, -1.77636e-15
4.04, 0
4.041, 3.55271e-15
4.042, 1.77636e-15
4.043, -3.55271e-15
4.044, 1.77636e-15
4.045, 1.77636e-15
4.046, -3.55271e-15
4.047, 1.77636e-15
4.048, 0
4.049, 0
4.05, 0
4.051, -1.77636e-15
4.052, 0
4.053, 0
4.054, 3.55271e-15
4.055, -1.77636e-15
4.056, 0
4.057, -1.77636e-15
4.058, 3.55271e-15
4.059, -1.77636e-15
4.06, -3.55271e-15
4.061, 3.55271e-15
4.062, 0
4.063, 0
4.064, -1.77636e-15
4.065, -3.55271e-15
4.066, 3.55271e-15
4.067, 0
4.068, 0
4.069, 1.77636e-15
4.07, 0
4.071, -1.77636e-15
4.072, 0
4.073, 1.77636e-15
4.074, -3.55271e-15
4.075, 3.55271e-15
4.076, -1.77636e-15
4.077, 1.77636e-15
4.078, 3.55271e-15
4.079, 0
4.08, -1.77636e-15
4.081, -5.32907e-15
4.082, 1.77636e-15
4.083, 0
4.084, 3.55271e-15
4.085, -1.77636e-15
4.086, -1.77636e-15
4.087, 0
4.088, 3.55271e-15
4.089, 0
4.09, 0
4.091, -3.55271e-15
4.092, 0
4.093, 1.77636e-15
4.094, 0
4.095, 0
4.096, 0
4.097, 1.77636e-15
4.098, -1.77636e-15
4.099, -3.55271e-15
4.1, 3.55271e-15
4.101, -1.77636e-15
4.102, 3.55271e-15
4.103, 0
4.104, 0
4.105, 0
4.106, -1.77636e-15
4.107, -1.77636e-15
4.108, 0
4.109, 1.77636e-15
4.11, 0
4.111, -3.55271e-15
4.112, 1.77636e-15
4.113, 0
4.114, 0
4.115, 3.55271e-15
4.116, 0
4.117, -1.77636e-15
4.118, 0
4.119, -3.55271e-15
4.12, 0
4.121, 3.55271e-15
4.122, -1.77636e-15
4.123, 0
4.124, 1.77636e-15
4.125, -1.77636e-15
4.126, 0
4.127, 0
4.128, 3.55271e-15
4.129, 0
4.13, -1.77636e-15
4.131, 1.77636e-15
4.132, -3.55271e-15
4.133, 3.55271e-15
4.134, 0
4.135, -1.77636e-15
4.136, -3.55271e-15
4.137, 5.32907e-15
4.138, -3.55271e-15
4.139, 0
4.14, 0
4.141, 0
4.142, 0
4.143, 0
4.144, 1.77636e-15
4.145, 0
4.146, 0
4.147, 0
4.148, 0
4.149, 0
4.15, -1.77636e-15
4.151, 0
4.152, 0
4.153, 1.77636e-15
4.154, 0
4.155, 0
4.156, 0
4.157, 1.77636e-15
4.158, -1.77636e-15
4.159, -1.77636e-15
4.16, 0
4.161, 1.77636e-15
4.162, 0
4.163, -3.55271e-15
4.164, 1.77636e-15
4.165, 1.77636e-15
4.166, 1.77636e-15
4.167, -1.77636e-15
4.168, 0
4.169, 0
4.17, 0
4.171, -3.55271e-15
4.172, 3.55271e-15
4.173, 0
4.174, 1.77636e-15
4.175, -3.55271e-15
4.176, 1.77636e-15
4.177, -1.77636e-15
4.178, 1.77636e-15
4.179, 0
4.18, 0
4.181, -1.77636e-15
4.182, 0
4.183, 0
4.184, 3.55271e-15
4.185, -3.55271e-15
4.186, 0
4.187, 0
4.188, 0
4.189, -1.77636e-15
4.19, 3.55271e-15
4.191, -1.77636e-15
4.192, 1.77636e-15
4.193, 0
4.194, -3.55271e-15
4.195, 3.55271e-15
4.196, -1.77636e-15
4.197, 3.55271e-15
4.198, -1.77636e-15
4.199, -1.77636e-15
4.2, 3.55271e-15
4.201, 0
4.202, -3.55271e-15
4.203, 0
4.204, 3.55271e-15
4.205, -3.55271e-15
4.206, 0
4.207, 3.55271e-15
4.208, -3.55271e-15
4.209, 0
4.21, 1.77636e-15
4.211, -3.55271e-15
4.212, 3.55271e-15
4.213, 0
