Time,IsComplex,X Velocity,Y Velocity,Z Velocity,X Velocity Error,Y Velocity Error,Z Velocity Error,X Position,Y Position,Z Position,X Position Error,Y Position Error,Z Position Error,X Angular Momentum,Y Angular Momentum,Z Angular Momentum,X Angular Momentum Error,Y Angular Momentum Error,Z Angular Momentum Error,X Angular Velocity,Y Angular Velocity,Z Angular Velocity,Energy,Energy Error,Roll,Yaw,Pitch,
0.02782,0,-0.9,0.4,0.1,0.0,0.0,0.0,0.0,0.0,0.045,0.0,0.0,0.0,0.404167,0.0,0.0,-0.0,0.0,0.0,0.5,0.0,0.0,5.001041,0.0,0.0,0.0,0.0,
0.05564,0,-0.9,0.4,0.1,0.0,0.0,0.0,-0.025038,0.011128,0.047782,0.0,0.0,0.0,0.404167,0.0,0.0,-0.0,0.0,0.0,0.5,0.0,0.0,5.001041,0.0,-1.390991,0.0,0.0,
0.08346,0,-0.9,0.4,0.1,0.0,0.0,0.0,-0.050076,0.022256,0.050564,0.0,0.0,0.0,0.404167,0.0,0.0,-0.0,0.0,0.0,0.5,0.0,0.0,5.001041,0.0,-2.782013,0.0,0.0,
0.11128,0,-0.9,0.4,0.1,0.0,0.0,0.0,-0.075114,0.033384,0.053346,0.0,0.0,0.0,0.404167,0.0,0.0,-0.0,0.0,0.0,0.5,0.0,0.0,5.001041,0.0,-4.173005,0.0,0.0,
0.1391,0,-0.9,0.4,0.1,0.0,0.0,0.0,-0.100152,0.044512,0.056128,0.0,0.0,0.0,0.404167,0.0,0.0,-0.0,0.0,0.0,0.5,0.0,0.0,5.001041,0.0,-5.563999,0.0,0.0,
0.16692,0,-0.9,0.4,0.1,0.0,0.0,0.0,-0.12519,0.05564,0.05891,0.0,0.0,0.0,0.404167,0.0,0.0,-0.0,0.0,0.0,0.5,0.0,0.0,5.001041,0.0,-6.955023,0.0,0.0,
0.19474,0,-0.9,0.4,0.1,0.0,0.0,0.0,-0.150228,0.066768,0.061692,0.0,0.0,0.0,0.404167,0.0,0.0,-0.0,0.0,0.0,0.5,0.0,0.0,5.001041,0.0,-8.346018,0.0,0.0,
0.22256,0,-0.9,0.4,0.1,0.0,0.0,0.0,-0.175266,0.077896,0.064474,0.0,0.0,0.0,0.404167,0.0,0.0,-0.0,0.0,0.0,0.5,0.0,0.0,5.001041,0.0,-9.737014,0.0,0.0,
0.25038,0,-0.9,0.4,0.1,0.0,0.0,0.0,-0.200304,0.089024,0.067256,0.0,0.0,0.0,0.404167,0.0,0.0,-0.0,0.0,0.0,0.5,0.0,0.0,5.001041,0.0,-11.128038,0.0,0.0,
0.2782,0,-0.9,0.4,0.1,0.0,0.0,0.0,-0.225342,0.100152,0.070038,0.0,0.0,0.0,0.404167,0.0,0.0,-0.0,0.0,0.0,0.5,0.0,0.0,5.001041,0.0,-12.519032,0.0,0.0,
0.30602,0,-0.9,0.4,0.1,0.0,0.0,0.0,-0.25038,0.11128,0.07282,0.0,0.0,0.0,0.404167,0.0,0.0,-0.0,0.0,0.0,0.5,0.0,0.0,5.001041,0.0,-13.910054,0.0,0.0,
0.33384,0,-0.9,0.4,0.1,0.0,0.0,0.0,-0.275418,0.122408,0.075602,0.0,0.0,0.0,0.404167,0.0,0.0,-0.0,0.0,0.0,0.5,0.0,0.0,5.001041,0.0,-15.301045,0.0,0.0,
0.36166,0,-0.9,0.4,0.1,0.0,0.0,0.0,-0.300456,0.133536,0.078384,0.0,0.0,0.0,0.404167,0.0,0.0,-0.0,0.0,0.0,0.5,0.0,0.0,5.001041,0.0,-16.692032,0.0,0.0,
0.38948,0,-0.9,0.4,0.1,0.0,0.0,0.0,-0.325494,0.144664,0.081166,0.0,0.0,0.0,0.404167,0.0,0.0,-0.0,0.0,0.0,0.5,0.0,0.0,5.001041,0.0,-18.083017,0.0,0.0,
0.4173,0,-0.9,0.4,0.1,0.0,0.0,0.0,-0.350532,0.155792,0.083948,0.0,0.0,0.0,0.404167,0.0,0.0,-0.0,0.0,0.0,0.5,0.0,0.0,5.001041,0.0,-19.474001,0.0,0.0,
0.44512,0,-0.9,0.4,0.1,0.0,0.0,0.0,-0.37557,0.16692,0.08673,0.0,0.0,0.0,0.404167,0.0,0.0,-0.0,0.0,0.0,0.5,0.0,0.0,5.001041,0.0,-20.864985,0.0,0.0,
0.47294,0,-0.9,0.4,0.1,0.0,0.0,0.0,-0.400608,0.178048,0.089512,0.0,0.0,0.0,0.404167,0.0,0.0,-0.0,0.0,0.0,0.5,0.0,0.0,5.001041,0.0,-22.255966,0.0,0.0,
0.50076,0,-0.9,0.4,0.1,0.0,0.0,0.0,-0.425646,0.189176,0.092294,-0.0,0.0,0.0,0.404167,0.0,0.0,-0.0,0.0,0.0,0.5,0.0,0.0,5.001041,0.0,-23.646952,0.0,0.0,
0.52858,0,-0.9,0.4,0.1,0.0,0.0,0.0,-0.450684,0.200304,0.095076,0.0,0.0,0.0,0.404167,0.0,0.0,-0.0,0.0,0.0,0.5,0.0,0.0,5.001041,0.0,-25.037971,0.0,0.0,
0.5564,0,-0.9,0.4,0.1,0.0,0.0,0.0,-0.475722,0.211432,0.097858,0.0,0.0,0.0,0.404167,0.0,0.0,-0.0,0.0,0.0,0.5,0.0,0.0,5.001041,0.0,-26.428965,0.0,0.0,
0.58422,0,-0.9,0.4,0.1,0.0,0.0,0.0,-0.50076,0.22256,0.10064,0.0,0.0,0.0,0.404167,0.0,0.0,-0.0,0.0,0.0,0.5,0.0,0.0,5.001041,0.0,-27.819998,0.0,0.0,
0.61204,0,-0.9,0.4,0.1,0.0,0.0,0.0,-0.525798,0.233688,0.103422,-0.0,0.0,0.0,0.404167,0.0,0.0,-0.0,0.0,0.0,0.5,0.0,0.0,5.001041,0.0,-29.211,0.0,0.0,
0.63986,0,-0.9,0.4,0.1,0.0,0.0,0.0,-0.550836,0.244816,0.106204,-0.0,0.0,0.0,0.404167,0.0,0.0,-0.0,0.0,0.0,0.5,0.0,0.0,5.001041,0.0,-30.60203,0.0,0.0,
0.66768,0,-0.9,0.4,0.1,0.0,0.0,0.0,-0.575874,0.255944,0.108986,0.0,0.0,0.0,0.404167,0.0,0.0,-0.0,0.0,0.0,0.5,0.0,0.0,5.001041,0.0,-31.993065,0.0,0.0,
0.6955,0,-0.9,0.4,0.1,0.0,0.0,0.0,-0.600912,0.267072,0.111768,0.0,0.0,0.0,0.404167,0.0,0.0,-0.0,0.0,0.0,0.5,0.0,0.0,5.001041,0.0,-33.384052,0.0,0.0,
0.72332,0,-0.9,0.4,0.1,0.0,0.0,0.0,-0.62595,0.2782,0.11455,0.0,0.0,0.0,0.404167,0.0,0.0,-0.0,0.0,0.0,0.5,0.0,0.0,5.001041,0.0,-34.775036,0.0,0.0,
0.75114,0,-0.9,0.4,0.1,0.0,0.0,0.0,-0.650988,0.289328,0.117332,-0.0,0.0,0.0,0.404167,0.0,0.0,-0.0,0.0,0.0,0.5,0.0,0.0,5.001041,0.0,-36.166012,0.0,0.0,
0.77896,0,-0.9,0.4,0.1,0.0,0.0,0.0,-0.676026,0.300456,0.120114,-0.0,0.0,0.0,0.404167,0.0,0.0,-0.0,0.0,0.0,0.5,0.0,0.0,5.001041,0.0,-37.556988,0.0,0.0,
0.80678,0,-0.9,0.4,0.1,0.0,0.0,0.0,-0.701064,0.311584,0.122896,-0.0,0.0,0.0,0.404167,0.0,0.0,-0.0,0.0,0.0,0.5,0.0,0.0,5.001041,0.0,-38.947979,0.0,0.0,
0.8346,0,-0.9,0.4,0.1,0.0,0.0,0.0,-0.726102,0.322712,0.125678,0.0,0.0,0.0,0.404167,0.0,0.0,-0.0,0.0,0.0,0.5,0.0,0.0,5.001041,0.0,-40.339008,0.0,0.0,
0.86242,0,-0.9,0.4,0.1,0.0,0.0,0.0,-0.75114,0.33384,0.12846,-0.0,0.0,0.0,0.404167,0.0,0.0,-0.0,0.0,0.0,0.5,0.0,0.0,5.001041,0.0,-41.730057,0.0,0.0,
0.89024,0,-0.9,0.4,0.1,0.0,0.0,0.0,-0.776178,0.344968,0.131242,-0.0,0.0,0.0,0.404167,0.0,0.0,-0.0,0.0,0.0,0.5,0.0,0.0,5.001041,0.0,-43.121037,0.0,0.0,
0.91806,0,-0.9,0.4,0.1,0.0,0.0,0.0,-0.801216,0.356096,0.134024,-0.0,0.0,0.0,0.404167,0.0,0.0,-0.0,0.0,0.0,0.5,0.0,0.0,5.001041,0.0,-44.511971,0.0,0.0,
0.94588,0,-0.9,0.4,0.1,0.0,0.0,0.0,-0.826254,0.367224,0.136806,-0.0,0.0,0.0,0.404167,0.0,0.0,-0.0,0.0,0.0,0.5,0.0,0.0,5.001041,0.0,-45.903061,0.0,0.0,
0.9737,0,-0.9,0.4,0.1,0.0,0.0,0.0,-0.851292,0.378352,0.139588,-0.0,0.0,0.0,0.404167,0.0,0.0,-0.0,0.0,0.0,0.5,0.0,0.0,5.001041,0.0,-47.293983,0.0,0.0,
1.00152,0,-0.9,0.4,0.1,0.0,0.0,0.0,-0.87633,0.38948,0.14237,-0.0,0.0,0.0,0.404167,0.0,0.0,-0.0,0.0,0.0,0.5,0.0,0.0,5.001041,0.0,-48.68499,0.0,0.0,
1.02934,0,-0.9,0.4,0.1,0.0,0.0,0.0,-0.901368,0.400608,0.145152,-0.0,0.0,0.0,0.404167,0.0,0.0,-0.0,0.0,0.0,0.5,0.0,0.0,5.001041,0.0,-50.076031,0.0,0.0,
1.05716,0,-0.9,0.4,0.1,0.0,0.0,0.0,-0.926406,0.411736,0.147934,-0.0,0.0,0.0,0.404167,0.0,0.0,-0.0,0.0,0.0,0.5,0.0,0.0,5.001041,0.0,-51.46706,0.0,0.0,
1.08498,0,-0.9,0.4,0.1,0.0,0.0,0.0,-0.951444,0.422864,0.150716,-0.0,0.0,0.0,0.404167,0.0,0.0,-0.0,0.0,0.0,0.5,0.0,0.0,5.001041,0.0,-52.858047,0.0,0.0,
1.1128,0,-0.9,0.4,0.1,0.0,0.0,0.0,-0.976482,0.433992,0.153498,-0.0,0.0,0.0,0.404167,0.0,0.0,-0.0,0.0,0.0,0.5,0.0,0.0,5.001041,0.0,-54.24902,0.0,0.0,
1.14062,0,-0.9,0.4,0.1,0.0,0.0,0.0,-1.00152,0.44512,0.15628,0.0,0.0,0.0,0.404167,0.0,0.0,-0.0,0.0,0.0,0.5,0.0,0.0,5.001041,0.0,-55.640003,0.0,0.0,
1.16844,0,-0.9,0.4,0.1,0.0,0.0,0.0,-1.026558,0.456248,0.159062,0.0,0.0,0.0,0.404167,0.0,0.0,-0.0,0.0,0.0,0.5,0.0,0.0,5.001041,0.0,-57.030979,0.0,0.0,
1.19626,0,-0.9,0.4,0.1,0.0,0.0,0.0,-1.051596,0.467376,0.161844,-0.0,0.0,0.0,0.404167,0.0,0.0,-0.0,0.0,0.0,0.5,0.0,0.0,5.001041,0.0,-58.421978,0.0,0.0,
1.22408,0,-0.9,0.4,0.1,0.0,0.0,0.0,-1.076634,0.478504,0.164626,-0.0,0.0,0.0,0.404167,0.0,0.0,-0.0,0.0,0.0,0.5,0.0,0.0,5.001041,0.0,-59.813,0.0,0.0,
1.2519,0,-0.9,0.4,0.1,0.0,0.0,0.0,-1.101672,0.489632,0.167408,-0.0,0.0,0.0,0.404167,0.0,0.0,-0.0,0.0,0.0,0.5,0.0,0.0,5.001041,0.0,-61.204037,0.0,0.0,
1.27972,0,-0.9,0.4,0.1,0.0,0.0,0.0,-1.12671,0.50076,0.17019,-0.0,0.0,0.0,0.404167,0.0,0.0,-0.0,0.0,0.0,0.5,0.0,0.0,5.001041,0.0,-62.595032,0.0,0.0,
1.30754,0,-0.9,0.4,0.1,0.0,0.0,0.0,-1.151748,0.511888,0.172972,-0.0,0.0,0.0,0.404167,0.0,0.0,-0.0,0.0,0.0,0.5,0.0,0.0,5.001041,0.0,-63.986042,0.0,0.0,
1.33536,0,-0.9,0.4,0.1,0.0,0.0,0.0,-1.176786,0.523016,0.175754,-0.0,0.0,0.0,0.404167,0.0,0.0,-0.0,0.0,0.0,0.5,0.0,0.0,5.001041,0.0,-65.377068,0.0,0.0,
1.36318,0,-0.9,0.4,0.1,0.0,0.0,0.0,-1.201824,0.534144,0.178536,-0.0,0.0,0.0,0.404167,0.0,0.0,-0.0,0.0,0.0,0.5,0.0,0.0,5.001041,0.0,-66.768051,0.0,0.0,
1.391,0,-0.9,0.4,0.1,0.0,0.0,0.0,-1.226862,0.545272,0.181318,0.0,0.0,0.0,0.404167,0.0,0.0,-0.0,0.0,0.0,0.5,0.0,0.0,5.001041,0.0,-68.159035,0.0,0.0,
1.41882,0,-0.9,0.4,0.1,0.0,0.0,0.0,-1.2519,0.5564,0.1841,0.0,0.0,0.0,0.404167,0.0,0.0,-0.0,0.0,0.0,0.5,0.0,0.0,5.001041,0.0,-69.550018,0.0,0.0,
1.44664,0,-0.9,0.4,0.1,0.0,0.0,0.0,-1.276938,0.567528,0.186882,0.0,0.0,0.0,0.404167,0.0,0.0,-0.0,0.0,0.0,0.5,0.0,0.0,5.001041,0.0,-70.940994,0.0,0.0,
1.47446,0,-0.9,0.4,0.1,0.0,0.0,0.0,-1.301976,0.578656,0.189664,-0.0,0.0,0.0,0.404167,0.0,0.0,-0.0,0.0,0.0,0.5,0.0,0.0,5.001041,0.0,-72.331985,0.0,0.0,
1.50228,0,-0.9,0.4,0.1,0.0,0.0,0.0,-1.327014,0.589784,0.192446,-0.0,0.0,0.0,0.404167,0.0,0.0,-0.0,0.0,0.0,0.5,0.0,0.0,5.001041,0.0,-73.723007,0.0,0.0,
1.5301,0,-0.9,0.4,0.1,0.0,0.0,0.0,-1.352052,0.600912,0.195228,-0.0,0.0,0.0,0.404167,0.0,0.0,-0.0,0.0,0.0,0.5,0.0,0.0,5.001041,0.0,-75.113991,0.0,0.0,
1.55792,0,-0.9,0.4,0.1,0.0,0.0,0.0,-1.37709,0.61204,0.19801,-0.0,0.000001,0.0,0.404167,0.0,0.0,-0.0,0.0,0.0,0.5,0.0,0.0,5.001041,0.0,-76.504982,0.0,0.0,
1.58574,0,-0.9,0.4,0.1,0.0,0.0,0.0,-1.402128,0.623168,0.200792,-0.0,0.0,0.0,0.404167,0.0,0.0,-0.0,0.0,0.0,0.5,0.0,0.0,5.001041,0.0,-77.896004,0.0,0.0,
1.61356,0,-0.9,0.4,0.1,0.0,0.0,0.0,-1.427166,0.634296,0.203574,-0.0,0.0,0.0,0.404167,0.0,0.0,-0.0,0.0,0.0,0.5,0.0,0.0,5.001041,0.0,-79.286995,0.0,0.0,
1.64138,0,-0.9,0.4,0.1,0.0,0.0,0.0,-1.452204,0.645424,0.206356,-0.0,0.0,0.0,0.404167,0.0,0.0,-0.0,0.0,0.0,0.5,0.0,0.0,5.001041,0.0,-80.677994,0.0,0.0,
1.6692,0,-0.9,0.4,0.1,0.0,0.0,0.0,-1.477242,0.656552,0.209138,-0.0,0.0,0.0,0.404167,0.0,0.0,-0.0,0.0,0.0,0.5,0.0,0.0,5.001041,0.0,-82.069023,0.0,0.0,
1.69702,0,-0.9,0.4,0.1,0.0,0.0,0.0,-1.50228,0.66768,0.21192,-0.0,0.0,0.0,0.404167,0.0,0.0,-0.0,0.0,0.0,0.5,0.0,0.0,5.001041,0.0,-83.460007,0.0,0.0,
1.72484,0,-0.9,0.4,0.1,0.0,0.0,0.0,-1.527318,0.678808,0.214702,-0.0,0.0,0.0,0.404167,0.0,0.0,-0.0,0.0,0.0,0.5,0.0,0.0,5.001041,0.0,-84.851006,0.0,0.0,
1.75266,0,-0.9,0.4,0.1,0.0,0.0,0.0,-1.552356,0.689936,0.217484,-0.0,0.0,0.0,0.404167,0.0,0.0,-0.0,0.0,0.0,0.5,0.0,0.0,5.001041,0.0,-86.241997,0.0,0.0,
1.78048,0,-0.9,0.4,0.1,0.0,0.0,0.0,-1.577394,0.701064,0.220266,-0.0,0.000001,0.0,0.404167,0.0,0.0,-0.0,0.0,0.0,0.5,0.0,0.0,5.001041,0.0,-87.633026,0.0,0.0,
1.8083,0,-0.9,0.4,0.1,0.0,0.0,0.0,-1.602432,0.712192,0.223048,-0.0,0.000001,0.0,0.404167,0.0,0.0,-0.0,0.0,0.0,0.5,0.0,0.0,5.001041,0.0,-89.024017,0.0,0.0,
1.83612,0,-0.9,0.4,0.1,0.0,0.0,0.0,-1.62747,0.72332,0.22583,-0.0,0.000001,0.0,0.404167,0.0,0.0,-0.0,0.0,0.0,0.5,0.0,0.0,5.001041,0.0,-90.415001,0.0,0.0,
1.86394,0,-0.9,0.4,0.1,0.0,0.0,0.0,-1.652508,0.734448,0.228612,-0.0,0.000001,0.0,0.404167,0.0,0.0,-0.0,0.0,0.0,0.5,0.0,0.0,5.001041,0.0,-91.806023,0.0,0.0,
1.89176,0,-0.9,0.4,0.1,0.0,0.0,0.0,-1.677546,0.745576,0.231394,-0.0,0.000001,0.0,0.404167,0.0,0.0,-0.0,0.0,0.0,0.5,0.0,0.0,5.001041,0.0,-93.197021,0.0,0.0,
1.91958,0,-0.9,0.4,0.1,0.0,0.0,0.0,-1.702584,0.756704,0.234176,-0.0,0.000001,0.0,0.404167,0.0,0.0,-0.0,0.0,0.0,0.5,0.0,0.0,5.001041,0.0,-94.588005,0.0,0.0,
1.947399,0,-0.9,0.4,0.1,0.0,0.0,0.0,-1.727622,0.767832,0.236958,-0.0,0.000001,0.0,0.404167,0.0,0.0,-0.0,0.0,0.0,0.5,0.0,0.0,5.001041,0.0,-95.979034,0.0,0.0,
1.975219,0,-0.9,0.4,0.1,0.0,0.0,0.0,-1.75266,0.77896,0.23974,-0.0,0.000001,0.0,0.404167,0.0,0.0,-0.0,0.0,0.0,0.5,0.0,0.0,5.001041,0.0,-97.370018,0.0,0.0,
2.00304,0,-0.9,0.4,0.1,0.0,0.0,0.0,-1.777698,0.790088,0.242522,-0.0,0.000001,0.0,0.404167,0.0,0.0,-0.0,0.0,0.0,0.5,0.0,0.0,5.001041,0.0,-98.761024,0.0,0.0,
2.03086,0,-0.9,0.4,0.1,0.0,0.0,0.0,-1.802736,0.801216,0.245304,-0.0,0.0,0.0,0.404167,0.0,0.0,-0.0,0.0,0.0,0.5,0.0,0.0,5.001041,0.0,-100.152054,0.0,0.0,
2.05868,0,-0.9,0.4,0.1,0.0,0.0,0.0,-1.827774,0.812344,0.248086,0.0,0.0,0.0,0.404167,0.0,0.0,-0.0,0.0,0.0,0.5,0.0,0.0,5.001041,0.0,-101.543037,0.0,0.0,
2.0865,0,-0.9,0.4,0.1,0.0,0.0,0.0,-1.852812,0.823472,0.250868,0.0,0.0,0.0,0.404167,0.0,0.0,-0.0,0.0,0.0,0.5,0.0,0.0,5.001041,0.0,-102.934029,0.0,0.0,
2.11432,0,-0.9,0.4,0.1,0.0,0.0,0.0,-1.87785,0.8346,0.25365,0.0,0.0,0.0,0.404167,0.0,0.0,-0.0,0.0,0.0,0.5,0.0,0.0,5.001041,0.0,-104.325058,0.0,0.0,
2.14214,0,-0.9,0.4,0.1,0.0,0.0,0.0,-1.902888,0.845728,0.256432,0.0,0.0,0.0,0.404167,0.0,0.0,-0.0,0.0,0.0,0.5,0.0,0.0,5.001041,0.0,-105.716049,0.0,0.0,
2.16996,0,-0.9,0.4,0.1,0.0,0.0,0.0,-1.927926,0.856856,0.259214,0.0,0.0,0.0,0.404167,0.0,0.0,-0.0,0.0,0.0,0.5,0.0,0.0,5.001041,0.0,-107.107033,0.0,0.0,
2.19778,0,-0.9,0.4,0.1,0.0,0.0,0.0,-1.952964,0.867984,0.261996,0.0,0.0,0.0,0.404167,0.0,0.0,-0.0,0.0,0.0,0.5,0.0,0.0,5.001041,0.0,-108.498016,0.0,0.0,
2.2256,0,-0.9,0.4,0.1,0.0,0.0,0.0,-1.978002,0.879112,0.264778,0.000001,0.0,0.0,0.404167,0.0,0.0,-0.0,0.0,0.0,0.5,0.0,0.0,5.001041,0.0,-109.889023,0.0,0.0,
2.253421,0,-0.9,0.4,0.1,0.0,0.0,0.0,-2.00304,0.89024,0.26756,0.000001,0.0,0.0,0.404167,0.0,0.0,-0.0,0.0,0.0,0.5,0.0,0.0,5.001041,0.0,-111.279999,0.0,0.0,
2.281241,0,-0.9,0.4,0.1,0.0,0.0,0.0,-2.028078,0.901368,0.270342,0.000001,0.0,0.0,0.404167,0.0,0.0,-0.0,0.0,0.0,0.5,0.0,0.0,5.001041,0.0,-112.670982,0.0,0.0,
2.309061,0,-0.9,0.4,0.1,0.0,0.0,0.0,-2.053116,0.912496,0.273124,0.000001,0.0,0.0,0.404167,0.0,0.0,-0.0,0.0,0.0,0.5,0.0,0.0,5.001041,0.0,-114.061981,0.0,0.0,
2.336881,0,-0.9,0.4,0.1,0.0,0.0,0.0,-2.078154,0.923624,0.275906,0.000001,0.0,0.0,0.404167,0.0,0.0,-0.0,0.0,0.0,0.5,0.0,0.0,5.001041,0.0,-115.452972,0.0,0.0,
2.364701,0,-0.9,0.4,0.1,0.0,0.0,0.0,-2.103192,0.934752,0.278688,0.000001,0.0,0.0,0.404167,0.0,0.0,-0.0,0.0,0.0,0.5,0.0,0.0,5.001041,0.0,-116.843987,0.0,0.0,
2.392521,0,-0.9,0.4,0.1,0.0,0.0,0.0,-2.12823,0.94588,0.28147,0.000001,0.0,0.0,0.404167,0.0,0.0,-0.0,0.0,0.0,0.5,0.0,0.0,5.001041,0.0,-118.234993,0.0,0.0,
2.420341,0,-0.9,0.4,0.1,0.0,0.0,0.0,-2.153268,0.957008,0.284252,0.000001,0.0,0.0,0.404167,0.0,0.0,-0.0,0.0,0.0,0.5,0.0,0.0,5.001041,0.0,-119.62603,0.0,0.0,
2.448161,0,-0.9,0.4,0.1,0.0,0.0,0.0,-2.178306,0.968136,0.287034,0.000001,0.0,0.0,0.404167,0.0,0.0,-0.0,0.0,0.0,0.5,0.0,0.0,5.001041,0.0,-121.017036,0.0,0.0,
2.475981,0,-0.9,0.4,0.1,0.0,0.0,0.0,-2.203344,0.979264,0.289816,0.000001,-0.0,0.0,0.404167,0.0,0.0,-0.0,0.0,0.0,0.5,0.0,0.0,5.001041,0.0,-122.408035,0.0,0.0,
2.503802,0,-0.9,0.4,0.1,0.0,0.0,0.0,-2.228382,0.990392,0.292598,0.000002,-0.0,0.0,0.404167,0.0,0.0,-0.0,0.0,0.0,0.5,0.0,0.0,5.001041,0.0,-123.799026,0.0,0.0,
2.531622,0,-0.9,0.4,0.1,0.0,0.0,0.0,-2.25342,1.00152,0.29538,0.000002,-0.0,0.0,0.404167,0.0,0.0,-0.0,0.0,0.0,0.5,0.0,0.0,5.001041,0.0,-125.190041,0.0,0.0,
2.559442,0,-0.9,0.4,0.1,0.0,0.0,0.0,-2.278458,1.012648,0.298162,0.000002,-0.0,0.0,0.404167,0.0,0.0,-0.0,0.0,0.0,0.5,0.0,0.0,5.001041,0.0,-126.581009,0.0,0.0,
2.587262,0,-0.9,0.4,0.1,0.0,0.0,0.0,-2.303496,1.023776,0.300944,0.000002,-0.0,-0.0,0.404167,0.0,0.0,-0.0,0.0,0.0,0.5,0.0,0.0,5.001041,0.0,-127.971962,0.0,0.0,
2.615082,0,-0.9,0.4,0.1,0.0,0.0,0.0,-2.328534,1.034904,0.303726,0.000002,-0.0,-0.0,0.404167,0.0,0.0,-0.0,0.0,0.0,0.5,0.0,0.0,5.001041,0.0,-129.362976,0.0,0.0,
2.642902,0,-0.9,0.4,0.1,0.0,0.0,0.0,-2.353572,1.046032,0.306508,0.000002,-0.0,-0.0,0.404167,0.0,0.0,-0.0,0.0,0.0,0.5,0.0,0.0,5.001041,0.0,-130.754013,0.0,0.0,
2.670722,0,-0.9,0.4,0.1,0.0,0.0,0.0,-2.37861,1.05716,0.30929,0.000002,-0.0,-0.0,0.404167,0.0,0.0,-0.0,0.0,0.0,0.5,0.0,0.0,5.001041,0.0,-132.14505,0.0,0.0,
2.698542,0,-0.9,0.4,0.1,0.0,0.0,0.0,-2.403648,1.068288,0.312072,0.000002,-0.0,-0.0,0.404167,0.0,0.0,-0.0,0.0,0.0,0.5,0.0,0.0,5.001041,0.0,-133.535995,0.0,0.0,
2.726362,0,-0.9,0.4,0.1,0.0,0.0,0.0,-2.428686,1.079417,0.314854,0.000002,-0.0,-0.0,0.404167,0.0,0.0,-0.0,0.0,0.0,0.5,0.0,0.0,5.001041,0.0,-134.927002,0.0,0.0,
2.754183,0,-0.9,0.4,0.1,0.0,0.0,0.0,-2.453723,1.090544,0.317636,0.000003,-0.0,-0.0,0.404167,0.0,0.0,-0.0,0.0,0.0,0.5,0.0,0.0,5.001041,0.0,-136.318024,0.0,0.0,
2.782003,0,-0.9,0.4,0.1,0.0,0.0,0.0,-2.478761,1.101673,0.320418,0.000003,-0.0,-0.0,0.404167,0.0,0.0,-0.0,0.0,0.0,0.5,0.0,0.0,5.001041,0.0,-137.708984,0.0,0.0,
2.809823,0,-0.9,0.4,0.1,0.0,0.0,0.0,-2.503799,1.1128,0.3232,0.000003,-0.0,-0.0,0.404167,0.0,0.0,-0.0,0.0,0.0,0.5,0.0,0.0,5.001041,0.0,-139.100021,0.0,0.0,
2.837643,0,-0.9,0.4,0.1,0.0,0.0,0.0,-2.528837,1.123929,0.325982,0.000003,-0.0,-0.0,0.404167,0.0,0.0,-0.0,0.0,0.0,0.5,0.0,0.0,5.001041,0.0,-140.491028,0.0,0.0,
2.865463,0,-0.9,0.4,0.1,0.0,0.0,0.0,-2.553875,1.135056,0.328764,0.000003,-0.000001,-0.0,0.404167,0.0,0.0,-0.0,0.0,0.0,0.5,0.0,0.0,5.001041,0.0,-141.882034,0.0,0.0,
2.893283,0,-0.9,0.4,0.1,0.0,0.0,0.0,-2.578913,1.146185,0.331546,0.000003,-0.000001,-0.0,0.404167,0.0,0.0,-0.0,0.0,0.0,0.5,0.0,0.0,5.001041,0.0,-143.273026,0.0,0.0,
2.921103,0,-0.9,0.4,0.1,0.0,0.0,0.0,-2.603952,1.157313,0.334328,0.000003,-0.000001,-0.0,0.404167,0.0,0.0,-0.0,0.0,0.0,0.5,0.0,0.0,5.001041,0.0,-144.664017,0.0,0.0,
2.948923,0,-0.9,0.4,0.1,0.0,0.0,0.0,-2.62899,1.168441,0.33711,0.000003,-0.000001,-0.0,0.404167,0.0,0.0,-0.0,0.0,0.0,0.5,0.0,0.0,5.001041,0.0,-146.054977,0.0,0.0,
2.976743,0,-0.9,0.4,0.1,0.0,0.0,0.0,-2.654028,1.179569,0.339892,0.000003,-0.000001,-0.0,0.404167,0.0,0.0,-0.0,0.0,0.0,0.5,0.0,0.0,5.001041,0.0,-147.445984,0.0,0.0,
3.004564,0,-0.9,0.4,0.1,0.0,0.0,0.0,-2.679066,1.190696,0.342674,0.000003,-0.000001,-0.0,0.404167,0.0,0.0,-0.0,0.0,0.0,0.5,0.0,0.0,5.001041,0.0,-148.83699,0.0,0.0,
3.032384,0,-0.9,0.4,0.1,0.0,0.0,0.0,-2.704104,1.201825,0.345456,0.000003,-0.000001,-0.0,0.404167,0.0,0.0,-0.0,0.0,0.0,0.5,0.0,0.0,5.001041,0.0,-150.228012,0.0,0.0,
3.060204,0,-0.9,0.4,0.1,0.0,0.0,0.0,-2.729142,1.212952,0.348238,0.000003,-0.000001,-0.0,0.404167,0.0,0.0,-0.0,0.0,0.0,0.5,0.0,0.0,5.001041,0.0,-151.619034,0.0,0.0,
3.088024,0,-0.9,0.4,0.1,0.0,0.0,0.0,-2.75418,1.224081,0.35102,0.000003,-0.000001,-0.0,0.404167,0.0,0.0,-0.0,0.0,0.0,0.5,0.0,0.0,5.001041,0.0,-153.01004,0.0,0.0,
3.115844,0,-0.9,0.4,0.1,0.0,0.0,0.0,-2.779219,1.235209,0.353802,0.000003,-0.000001,-0.0,0.404167,0.0,0.0,-0.0,0.0,0.0,0.5,0.0,0.0,5.001041,0.0,-154.401062,0.0,0.0,
3.143664,0,-0.9,0.4,0.1,0.0,0.0,0.0,-2.804257,1.246337,0.356584,0.000003,-0.000001,-0.0,0.404167,0.0,0.0,-0.0,0.0,0.0,0.5,0.0,0.0,5.001041,0.0,-155.792053,0.0,0.0,
3.171484,0,-0.9,0.4,0.1,0.0,0.0,0.0,-2.829295,1.257465,0.359366,0.000003,-0.000001,-0.0,0.404167,0.0,0.0,-0.0,0.0,0.0,0.5,0.0,0.0,5.001041,0.0,-157.18306,0.0,0.0,
3.199304,0,-0.9,0.4,0.1,0.0,0.0,0.0,-2.854333,1.268593,0.362148,0.000003,-0.000001,-0.000001,0.404167,0.0,0.0,-0.0,0.0,0.0,0.5,0.0,0.0,5.001041,0.0,-158.574036,0.0,0.0,
3.227124,0,-0.9,0.4,0.1,0.0,0.0,0.0,-2.879371,1.279721,0.36493,0.000003,-0.000001,-0.000001,0.404167,0.0,0.0,-0.0,0.0,0.0,0.5,0.0,0.0,5.001041,0.0,-159.965027,0.0,0.0,
3.254945,0,-0.9,0.4,0.1,0.0,0.0,0.0,-2.904409,1.290848,0.367712,0.000003,-0.000001,-0.000001,0.404167,0.0,0.0,-0.0,0.0,0.0,0.5,0.0,0.0,5.001041,0.0,-161.356018,0.0,0.0,
3.282765,0,-0.9,0.4,0.1,0.0,0.0,0.0,-2.929448,1.301976,0.370494,0.000002,-0.000001,-0.000001,0.404167,0.0,0.0,-0.0,0.0,0.0,0.5,0.0,0.0,5.001041,0.0,-162.746979,0.0,0.0,
3.310585,0,-0.9,0.4,0.1,0.0,0.0,0.0,-2.954486,1.313104,0.373276,0.000002,-0.000001,-0.000001,0.404167,0.0,0.0,-0.0,0.0,0.0,0.5,0.0,0.0,5.001041,0.0,-164.137985,0.0,0.0,
3.338405,0,-0.9,0.4,0.1,0.0,0.0,0.0,-2.979524,1.324232,0.376058,0.000002,-0.000002,-0.000001,0.404167,0.0,0.0,-0.0,0.0,0.0,0.5,0.0,0.0,5.001041,0.0,-165.528976,0.0,0.0,
3.366225,0,-0.9,0.4,0.1,0.0,0.0,0.0,-3.004562,1.33536,0.37884,0.000002,-0.000002,-0.000001,0.404167,0.0,0.0,-0.0,0.0,0.0,0.5,0.0,0.0,5.001041,0.0,-166.919998,0.0,0.0,
3.394045,0,-0.9,0.4,0.1,0.0,0.0,0.0,-3.0296,1.346488,0.381622,0.000002,-0.000002,-0.000001,0.404167,0.0,0.0,-0.0,0.0,0.0,0.5,0.0,0.0,5.001041,0.0,-168.310974,0.0,0.0,
3.421865,0,-0.9,0.4,0.1,0.0,0.0,0.0,-3.054638,1.357616,0.384404,0.000002,-0.000002,-0.000001,0.404167,0.0,0.0,-0.0,0.0,0.0,0.5,0.0,0.0,5.001041,0.0,-169.701981,0.0,0.0,
3.449685,0,-0.9,0.4,0.1,0.0,0.0,0.0,-3.079676,1.368744,0.387186,0.000002,-0.000002,-0.000001,0.404167,0.0,0.0,-0.0,0.0,0.0,0.5,0.0,0.0,5.001041,0.0,-171.093002,0.0,0.0,
3.477505,0,-0.9,0.4,0.1,0.0,0.0,0.0,-3.104715,1.379872,0.389968,0.000002,-0.000002,-0.000001,0.404167,0.0,0.0,-0.0,0.0,0.0,0.5,0.0,0.0,5.001041,0.0,-172.483994,0.0,0.0,
3.505326,0,-0.9,0.4,0.1,0.0,0.0,0.0,-3.129753,1.391,0.39275,0.000002,-0.000002,-0.000001,0.404167,0.0,0.0,-0.0,0.0,0.0,0.5,0.0,0.0,5.001041,0.0,-173.875031,0.0,0.0,
3.533146,0,-0.9,0.4,0.1,0.0,0.0,0.0,-3.154791,1.402128,0.395532,0.000002,-0.000002,-0.000001,0.404167,0.0,0.0,-0.0,0.0,0.0,0.5,0.0,0.0,5.001041,0.0,-175.266006,0.0,0.0,
3.560966,0,-0.9,0.4,0.1,0.0,0.0,0.0,-3.179829,1.413256,0.398314,0.000002,-0.000003,-0.000001,0.404167,0.0,0.0,-0.0,0.0,0.0,0.5,0.0,0.0,5.001041,0.0,-176.657013,0.0,0.0,
3.588786,0,-0.9,0.4,0.1,0.0,0.0,0.0,-3.204867,1.424384,0.401096,0.000002,-0.000003,-0.000001,0.404167,0.0,0.0,-0.0,0.0,0.0,0.5,0.0,0.0,5.001041,0.0,-178.048019,0.0,0.0,
3.616606,0,-0.9,0.4,0.1,0.0,0.0,0.0,-3.229905,1.435512,0.403878,0.000002,-0.000003,-0.000001,0.404167,0.0,0.0,-0.0,0.0,0.0,0.5,0.0,0.0,5.001041,0.0,-179.439011,0.0,0.0,
3.644426,0,-0.9,0.4,0.1,0.0,0.0,0.0,-3.254943,1.44664,0.40666,0.000002,-0.000003,-0.000001,0.404167,0.0,0.0,-0.0,0.0,0.0,0.5,0.0,0.0,5.001041,0.0,179.169968,0.0,0.0,
3.672246,0,-0.9,0.4,0.1,0.0,0.0,0.0,-3.279982,1.457767,0.409442,0.000002,-0.000003,-0.000001,0.404167,0.0,0.0,-0.0,0.0,0.0,0.5,0.0,0.0,5.001041,0.0,177.778961,0.0,0.0,
3.700066,0,-0.9,0.4,0.1,0.0,0.0,0.0,-3.30502,1.468895,0.412224,0.000002,-0.000003,-0.000001,0.404167,0.0,0.0,-0.0,0.0,0.0,0.5,0.0,0.0,5.001041,0.0,176.387939,0.0,0.0,
3.727886,0,-0.9,0.4,0.1,0.0,0.0,0.0,-3.330058,1.480023,0.415006,0.000002,-0.000003,-0.000001,0.404167,0.0,0.0,-0.0,0.0,0.0,0.5,0.0,0.0,5.001041,0.0,174.996948,0.0,0.0,
3.755707,0,-0.9,0.4,0.1,0.0,0.0,0.0,-3.355096,1.491151,0.417787,0.000002,-0.000003,-0.000001,0.404167,0.0,0.0,-0.0,0.0,0.0,0.5,0.0,0.0,5.001041,0.0,173.605942,0.0,0.0,
3.783527,0,-0.9,0.4,0.1,0.0,0.0,0.0,-3.380134,1.502279,0.420569,0.000002,-0.000003,-0.000001,0.404167,0.0,0.0,-0.0,0.0,0.0,0.5,0.0,0.0,5.001041,0.0,172.214966,0.0,0.0,
3.811347,0,-0.9,0.4,0.1,0.0,0.0,0.0,-3.405172,1.513407,0.423351,0.000002,-0.000003,-0.000001,0.404167,0.0,0.0,-0.0,0.0,0.0,0.5,0.0,0.0,5.001041,0.0,170.823929,0.0,0.0,
3.839167,0,-0.9,0.4,0.1,0.0,0.0,0.0,-3.430211,1.524535,0.426133,0.000001,-0.000004,-0.000001,0.404167,0.0,0.0,-0.0,0.0,0.0,0.5,0.0,0.0,5.001041,0.0,169.432922,0.0,0.0,
3.866987,0,-0.9,0.4,0.1,0.0,0.0,0.0,-3.455249,1.535663,0.428915,0.000001,-0.000004,-0.000001,0.404167,0.0,0.0,-0.0,0.0,0.0,0.5,0.0,0.0,5.001041,0.0,168.041916,0.0,0.0,
3.894807,0,-0.9,0.4,0.1,0.0,0.0,0.0,-3.480287,1.546791,0.431697,0.000001,-0.000004,-0.000001,0.404167,0.0,0.0,-0.0,0.0,0.0,0.5,0.0,0.0,5.001041,0.0,166.650909,0.0,0.0,
3.922627,0,-0.9,0.4,0.1,0.0,0.0,0.0,-3.505325,1.557919,0.434479,0.000001,-0.000004,-0.000001,0.404167,0.0,0.0,-0.0,0.0,0.0,0.5,0.0,0.0,5.001041,0.0,165.259933,0.0,0.0,
3.950447,0,-0.9,0.4,0.1,0.0,0.0,0.0,-3.530363,1.569047,0.437261,0.000001,-0.000004,-0.000001,0.404167,0.0,0.0,-0.0,0.0,0.0,0.5,0.0,0.0,5.001041,0.0,163.868927,0.0,0.0,
3.978267,0,-0.9,0.4,0.1,0.0,0.0,0.0,-3.555401,1.580175,0.440043,0.000001,-0.000004,-0.000001,0.404167,0.0,0.0,-0.0,0.0,0.0,0.5,0.0,0.0,5.001041,0.0,162.477921,0.0,0.0,
4.006087,0,-0.9,0.4,0.1,0.0,0.0,0.0,-3.580439,1.591303,0.442825,0.000001,-0.000004,-0.000001,0.404167,0.0,0.0,-0.0,0.0,0.0,0.5,0.0,0.0,5.001041,0.0,161.08696,0.0,0.0,
4.033907,0,-0.9,0.4,0.1,0.0,0.0,0.0,-3.605478,1.602431,0.445607,0.000001,-0.000004,-0.000001,0.404167,0.0,0.0,-0.0,0.0,0.0,0.5,0.0,0.0,5.001041,0.0,159.695969,0.0,0.0,
4.061728,0,-0.9,0.4,0.1,0.0,0.0,0.0,-3.630516,1.613558,0.448389,0.000001,-0.000004,-0.000001,0.404167,0.0,0.0,-0.0,0.0,0.0,0.5,0.0,0.0,5.001041,0.0,158.304977,0.0,0.0,
4.089548,0,-0.9,0.4,0.1,0.0,0.0,0.0,-3.655554,1.624686,0.451171,0.000001,-0.000005,-0.000001,0.404167,0.0,0.0,-0.0,0.0,0.0,0.5,0.0,0.0,5.001041,0.0,156.914001,0.0,0.0,
4.117368,0,-0.9,0.4,0.1,0.0,0.0,0.0,-3.680592,1.635814,0.453953,0.000001,-0.000005,-0.000001,0.404167,0.0,0.0,-0.0,0.0,0.0,0.5,0.0,0.0,5.001041,0.0,155.52301,0.0,0.0,
4.145188,0,-0.9,0.4,0.1,0.0,0.0,0.0,-3.70563,1.646942,0.456735,0.000001,-0.000005,-0.000001,0.404167,0.0,0.0,-0.0,0.0,0.0,0.5,0.0,0.0,5.001041,0.0,154.131989,0.0,0.0,
4.173008,0,-0.9,0.4,0.1,0.0,0.0,0.0,-3.730668,1.65807,0.459517,0.000001,-0.000005,-0.000002,0.404167,0.0,0.0,-0.0,0.0,0.0,0.5,0.0,0.0,5.001041,0.0,152.740967,0.0,0.0,
4.200828,0,-0.9,0.4,0.1,0.0,0.0,0.0,-3.755706,1.669198,0.462299,0.000001,-0.000005,-0.000002,0.404167,0.0,0.0,-0.0,0.0,0.0,0.5,0.0,0.0,5.001041,0.0,151.34996,0.0,0.0,
4.228648,0,-0.9,0.4,0.1,0.0,0.0,0.0,-3.780745,1.680326,0.465081,0.000001,-0.000005,-0.000002,0.404167,0.0,0.0,-0.0,0.0,0.0,0.5,0.0,0.0,5.001041,0.0,149.958939,0.0,0.0,
4.256468,0,-0.9,0.4,0.1,0.0,0.0,0.0,-3.805783,1.691454,0.467863,0.0,-0.000005,-0.000002,0.404167,0.0,0.0,-0.0,0.0,0.0,0.5,0.0,0.0,5.001041,0.0,148.567932,0.0,0.0,
4.284288,0,-0.9,0.4,0.1,0.0,0.0,0.0,-3.830821,1.702582,0.470645,0.0,-0.000005,-0.000002,0.404167,0.0,0.0,-0.0,0.0,0.0,0.5,0.0,0.0,5.001041,0.0,147.176926,0.0,0.0,
4.312109,0,-0.9,0.4,0.1,0.0,0.0,0.0,-3.855859,1.71371,0.473427,0.0,-0.000005,-0.000002,0.404167,0.0,0.0,-0.0,0.0,0.0,0.5,0.0,0.0,5.001041,0.0,145.785919,0.0,0.0,
4.339929,0,-0.9,0.4,0.1,0.0,0.0,0.0,-3.880897,1.724838,0.476209,0.0,-0.000005,-0.000002,0.404167,0.0,0.0,-0.0,0.0,0.0,0.5,0.0,0.0,5.001041,0.0,144.394943,0.0,0.0,
4.367749,0,-0.9,0.4,0.1,0.0,0.0,0.0,-3.905935,1.735966,0.478991,0.0,-0.000006,-0.000002,0.404167,0.0,0.0,-0.0,0.0,0.0,0.5,0.0,0.0,5.001041,0.0,143.003998,0.0,0.0,
4.395569,0,-0.9,0.4,0.1,0.0,0.0,0.0,-3.930974,1.747094,0.481773,0.0,-0.000006,-0.000002,0.404167,0.0,0.0,-0.0,0.0,0.0,0.5,0.0,0.0,5.001041,0.0,141.612991,0.0,0.0,
4.423389,0,-0.9,0.4,0.1,0.0,0.0,0.0,-3.956012,1.758222,0.484555,0.0,-0.000006,-0.000002,0.404167,0.0,0.0,-0.0,0.0,0.0,0.5,0.0,0.0,5.001041,0.0,140.22197,0.0,0.0,
4.451209,0,-0.9,0.4,0.1,0.0,0.0,0.0,-3.98105,1.769349,0.487337,0.0,-0.000006,-0.000002,0.404167,0.0,0.0,-0.0,0.0,0.0,0.5,0.0,0.0,5.001041,0.0,138.830933,0.0,0.0,
4.479029,0,-0.9,0.4,0.1,0.0,0.0,0.0,-4.006088,1.780477,0.490119,0.0,-0.000006,-0.000002,0.404167,0.0,0.0,-0.0,0.0,0.0,0.5,0.0,0.0,5.001041,0.0,137.439926,0.0,0.0,
4.506849,0,-0.9,0.4,0.1,0.0,0.0,0.0,-4.031126,1.791605,0.492901,0.0,-0.000006,-0.000002,0.404167,0.0,0.0,-0.0,0.0,0.0,0.5,0.0,0.0,5.001041,0.0,136.048981,0.0,0.0,
4.534669,0,-0.9,0.4,0.1,0.0,0.0,0.0,-4.056164,1.802733,0.495683,0.0,-0.000006,-0.000002,0.404167,0.0,0.0,-0.0,0.0,0.0,0.5,0.0,0.0,5.001041,0.0,134.657928,0.0,0.0,
4.56249,0,-0.9,0.4,0.1,0.0,0.0,0.0,-4.081203,1.813861,0.498465,0.0,-0.000006,-0.000002,0.404167,0.0,0.0,-0.0,0.0,0.0,0.5,0.0,0.0,5.001041,0.0,133.266968,0.0,0.0,
4.59031,0,-0.9,0.4,0.1,0.0,0.0,0.0,-4.10624,1.824989,0.501247,0.0,-0.000007,-0.000002,0.404167,0.0,0.0,-0.0,0.0,0.0,0.5,0.0,0.0,5.001041,0.0,131.875992,0.0,0.0,
4.61813,0,-0.9,0.4,0.1,0.0,0.0,0.0,-4.131279,1.836117,0.504029,0.0,-0.000007,-0.000002,0.404167,0.0,0.0,-0.0,0.0,0.0,0.5,0.0,0.0,5.001041,0.0,130.484955,0.0,0.0,
4.64595,0,-0.9,0.4,0.1,0.0,0.0,0.0,-4.156317,1.847245,0.506811,0.0,-0.000007,-0.000002,0.404167,0.0,0.0,-0.0,0.0,0.0,0.5,0.0,0.0,5.001041,0.0,129.093933,0.0,0.0,
4.67377,0,-0.9,0.4,0.1,0.0,0.0,0.0,-4.181355,1.858373,0.509593,-0.0,-0.000007,-0.000002,0.404167,0.0,0.0,-0.0,0.0,0.0,0.5,0.0,0.0,5.001041,0.0,127.702934,0.0,0.0,
4.70159,0,-0.9,0.4,0.1,0.0,0.0,0.0,-4.206393,1.869501,0.512375,-0.0,-0.000007,-0.000002,0.404167,0.0,0.0,-0.0,0.0,0.0,0.5,0.0,0.0,5.001041,0.0,126.311935,0.0,0.0,
4.72941,0,-0.9,0.4,0.1,0.0,0.0,0.0,-4.231431,1.880629,0.515157,0.0,-0.000007,-0.000002,0.404167,0.0,0.0,-0.0,0.0,0.0,0.5,0.0,0.0,5.001041,0.0,124.920959,0.0,0.0,
4.75723,0,-0.9,0.4,0.1,0.0,0.0,0.0,-4.256469,1.891757,0.517939,0.0,-0.000007,-0.000002,0.404167,0.0,0.0,-0.0,0.0,0.0,0.5,0.0,0.0,5.001041,0.0,123.529999,0.0,0.0,
4.78505,0,-0.9,0.4,0.1,0.0,0.0,0.0,-4.281507,1.902885,0.520721,-0.0,-0.000007,-0.000002,0.404167,0.0,0.0,-0.0,0.0,0.0,0.5,0.0,0.0,5.001041,0.0,122.138977,0.0,0.0,
4.812871,0,-0.9,0.4,0.1,0.0,0.0,0.0,-4.306546,1.914013,0.523503,-0.0,-0.000008,-0.000002,0.404167,0.0,0.0,-0.0,0.0,0.0,0.5,0.0,0.0,5.001041,0.0,120.747955,0.0,0.0,
4.840691,0,-0.9,0.4,0.1,0.0,0.0,0.0,-4.331584,1.925141,0.526285,-0.0,-0.000008,-0.000002,0.404167,0.0,0.0,-0.0,0.0,0.0,0.5,0.0,0.0,5.001041,0.0,119.356949,0.0,0.0,
4.868511,0,-0.9,0.4,0.1,0.0,0.0,0.0,-4.356622,1.936268,0.529067,-0.0,-0.000008,-0.000002,0.404167,0.0,0.0,-0.0,0.0,0.0,0.5,0.0,0.0,5.001041,0.0,117.965942,0.0,0.0,
4.896331,0,-0.9,0.4,0.1,0.0,0.0,0.0,-4.38166,1.947396,0.531849,-0.0,-0.000008,-0.000002,0.404167,0.0,0.0,-0.0,0.0,0.0,0.5,0.0,0.0,5.001041,0.0,116.574905,0.0,0.0,
4.924151,0,-0.9,0.4,0.1,0.0,0.0,0.0,-4.406698,1.958524,0.534631,-0.0,-0.000008,-0.000002,0.404167,0.0,0.0,-0.0,0.0,0.0,0.5,0.0,0.0,5.001041,0.0,115.183907,0.0,0.0,
4.951971,0,-0.9,0.4,0.1,0.0,0.0,0.0,-4.431736,1.969652,0.537413,-0.000001,-0.000008,-0.000002,0.404167,0.0,0.0,-0.0,0.0,0.0,0.5,0.0,0.0,5.001041,0.0,113.7929,0.0,0.0,
4.979791,0,-0.9,0.4,0.1,0.0,0.0,0.0,-4.456775,1.98078,0.540195,-0.000001,-0.000008,-0.000002,0.404167,0.0,0.0,-0.0,0.0,0.0,0.5,0.0,0.0,5.001041,0.0,112.401909,0.0,0.0,
5.007611,0,-0.9,0.4,0.1,0.0,0.0,0.0,-4.481812,1.991908,0.542977,-0.0,-0.000008,-0.000002,0.404167,0.0,0.0,-0.0,0.0,0.0,0.5,0.0,0.0,5.001041,0.0,111.010941,0.0,0.0,
5.035431,0,-0.9,0.4,0.1,0.0,0.0,0.0,-4.506851,2.003036,0.545759,-0.0,-0.000008,-0.000002,0.404167,0.0,0.0,-0.0,0.0,0.0,0.5,0.0,0.0,5.001041,0.0,109.619949,0.0,0.0,
5.063251,0,-0.9,0.4,0.1,0.0,0.0,0.0,-4.531889,2.014164,0.548541,-0.000001,-0.000008,-0.000002,0.404167,0.0,0.0,-0.0,0.0,0.0,0.5,0.0,0.0,5.001041,0.0,108.228958,0.0,0.0,
5.091072,0,-0.9,0.4,0.1,0.0,0.0,0.0,-4.556927,2.025292,0.551323,-0.000001,-0.000009,-0.000003,0.404167,0.0,0.0,-0.0,0.0,0.0,0.5,0.0,0.0,5.001041,0.0,106.837982,0.0,0.0,
5.118892,0,-0.9,0.4,0.1,0.0,0.0,0.0,-4.581965,2.03642,0.554105,-0.000001,-0.000009,-0.000003,0.404167,0.0,0.0,-0.0,0.0,0.0,0.5,0.0,0.0,5.001041,0.0,105.446991,0.0,0.0,
5.146712,0,-0.9,0.4,0.1,0.0,0.0,0.0,-4.607003,2.047548,0.556887,-0.000001,-0.000009,-0.000003,0.404167,0.0,0.0,-0.0,0.0,0.0,0.5,0.0,0.0,5.001041,0.0,104.055984,0.0,0.0,
5.174532,0,-0.9,0.4,0.1,0.0,0.0,0.0,-4.632041,2.058676,0.559669,-0.000001,-0.000009,-0.000003,0.404167,0.0,0.0,-0.0,0.0,0.0,0.5,0.0,0.0,5.001041,0.0,102.664986,0.0,0.0,
5.202352,0,-0.9,0.4,0.1,0.0,0.0,0.0,-4.65708,2.069803,0.562451,-0.000001,-0.000009,-0.000003,0.404167,0.0,0.0,-0.0,0.0,0.0,0.5,0.0,0.0,5.001041,0.0,101.273979,0.0,0.0,
5.230172,0,-0.9,0.4,0.1,0.0,0.0,0.0,-4.682118,2.080931,0.565233,-0.000001,-0.000009,-0.000003,0.404167,0.0,0.0,-0.0,0.0,0.0,0.5,0.0,0.0,5.001041,0.0,99.882988,0.0,0.0,
5.257992,0,-0.9,0.4,0.1,0.0,0.0,0.0,-4.707156,2.092059,0.568015,-0.000001,-0.000009,-0.000003,0.404167,0.0,0.0,-0.0,0.0,0.0,0.5,0.0,0.0,5.001041,0.0,98.491982,0.0,0.0,
5.285812,0,-0.9,0.4,0.1,0.0,0.0,0.0,-4.732194,2.103187,0.570797,-0.000001,-0.00001,-0.000003,0.404167,0.0,0.0,-0.0,0.0,0.0,0.5,0.0,0.0,5.001041,0.0,97.100952,0.0,0.0,
5.313632,0,-0.9,0.4,0.1,0.0,0.0,0.0,-4.757232,2.114315,0.573579,-0.000001,-0.00001,-0.000003,0.404167,0.0,0.0,-0.0,0.0,0.0,0.5,0.0,0.0,5.001041,0.0,95.709961,0.0,0.0,
5.341453,0,-0.9,0.4,0.1,0.0,0.0,0.0,-4.78227,2.125443,0.576361,-0.000001,-0.00001,-0.000003,0.404167,0.0,0.0,-0.0,0.0,0.0,0.5,0.0,0.0,5.001041,0.0,94.318954,0.0,0.0,
5.369273,0,-0.9,0.4,0.1,0.0,0.0,0.0,-4.807309,2.136571,0.579143,-0.000001,-0.00001,-0.000003,0.404167,0.0,0.0,-0.0,0.0,0.0,0.5,0.0,0.0,5.001041,0.0,92.927948,0.0,0.0,
5.397093,0,-0.9,0.4,0.1,0.0,0.0,0.0,-4.832347,2.147699,0.581924,-0.000001,-0.00001,-0.000003,0.404167,0.0,0.0,-0.0,0.0,0.0,0.5,0.0,0.0,5.001041,0.0,91.536942,0.0,0.0,
5.424913,0,-0.9,0.4,0.1,0.0,0.0,0.0,-4.857385,2.158827,0.584706,-0.000001,-0.00001,-0.000003,0.404167,0.0,0.0,-0.0,0.0,0.0,0.5,0.0,0.0,5.001041,0.0,90.145943,0.0,0.0,
5.452733,0,-0.9,0.4,0.1,0.0,0.0,0.0,-4.882423,2.169955,0.587488,-0.000001,-0.00001,-0.000003,0.404167,0.0,0.0,-0.0,0.0,0.0,0.5,0.0,0.0,5.001041,0.0,88.754944,0.0,0.0,
5.480553,0,-0.9,0.4,0.1,0.0,0.0,0.0,-4.907461,2.181083,0.59027,-0.000001,-0.00001,-0.000003,0.404167,0.0,0.0,-0.0,0.0,0.0,0.5,0.0,0.0,5.001041,0.0,87.363945,0.0,0.0,
5.508373,0,-0.9,0.4,0.1,0.0,0.0,0.0,-4.932499,2.192211,0.593052,-0.000002,-0.00001,-0.000003,0.404167,0.0,0.0,-0.0,0.0,0.0,0.5,0.0,0.0,5.001041,0.0,85.972931,0.0,0.0,
5.536193,0,-0.9,0.4,0.1,0.0,0.0,0.0,-4.957538,2.203339,0.595834,-0.000002,-0.00001,-0.000003,0.404167,0.0,0.0,-0.0,0.0,0.0,0.5,0.0,0.0,5.001041,0.0,84.581932,0.0,0.0,
5.564013,0,-0.9,0.4,0.1,0.0,0.0,0.0,-4.982575,2.214467,0.598616,-0.000001,-0.000011,-0.000003,0.404167,0.0,0.0,-0.0,0.0,0.0,0.5,0.0,0.0,5.001041,0.0,83.190926,0.0,0.0,
5.591834,0,-0.9,0.4,0.1,0.0,0.0,0.0,-5.007614,2.225595,0.601398,-0.000001,-0.000011,-0.000003,0.404167,0.0,0.0,-0.0,0.0,0.0,0.5,0.0,0.0,5.001041,0.0,81.799927,0.0,0.0,
5.619654,0,-0.9,0.4,0.1,0.0,0.0,0.0,-5.032652,2.236722,0.60418,-0.000002,-0.000011,-0.000003,0.404167,0.0,0.0,-0.0,0.0,0.0,0.5,0.0,0.0,5.001041,0.0,80.40892,0.0,0.0,
5.647474,0,-0.9,0.4,0.1,0.0,0.0,0.0,-5.05769,2.24785,0.606962,-0.000002,-0.000011,-0.000003,0.404167,0.0,0.0,-0.0,0.0,0.0,0.5,0.0,0.0,5.001041,0.0,79.017891,0.0,0.0,
5.675294,0,-0.9,0.4,0.1,0.0,0.0,0.0,-5.082728,2.258978,0.609744,-0.000002,-0.000011,-0.000003,0.404167,0.0,0.0,-0.0,0.0,0.0,0.5,0.0,0.0,5.001041,0.0,77.6269,0.0,0.0,
5.703114,0,-0.9,0.4,0.1,0.0,0.0,0.0,-5.107766,2.270106,0.612526,-0.000002,-0.000011,-0.000003,0.404167,0.0,0.0,-0.0,0.0,0.0,0.5,0.0,0.0,5.001041,0.0,76.235893,0.0,0.0,
5.730934,0,-0.9,0.4,0.1,0.0,0.0,0.0,-5.132804,2.281234,0.615308,-0.000002,-0.000011,-0.000003,0.404167,0.0,0.0,-0.0,0.0,0.0,0.5,0.0,0.0,5.001041,0.0,74.844902,0.0,0.0,
5.758754,0,-0.9,0.4,0.1,0.0,0.0,0.0,-5.157842,2.292362,0.61809,-0.000001,-0.000011,-0.000003,0.404167,0.0,0.0,-0.0,0.0,0.0,0.5,0.0,0.0,5.001041,0.0,73.453896,0.0,0.0,
5.786574,0,-0.9,0.4,0.1,0.0,0.0,0.0,-5.18288,2.30349,0.620872,-0.000001,-0.000011,-0.000003,0.404167,0.0,0.0,-0.0,0.0,0.0,0.5,0.0,0.0,5.001041,0.0,72.06292,0.0,0.0,
5.814394,0,-0.9,0.4,0.1,0.0,0.0,0.0,-5.207918,2.314618,0.623654,-0.000001,-0.000011,-0.000003,0.404167,0.0,0.0,-0.0,0.0,0.0,0.5,0.0,0.0,5.001041,0.0,70.671936,0.0,0.0,
5.842215,0,-0.9,0.4,0.1,0.0,0.0,0.0,-5.232956,2.325746,0.626436,-0.000001,-0.000012,-0.000003,0.404167,0.0,0.0,-0.0,0.0,0.0,0.5,0.0,0.0,5.001041,0.0,69.280945,0.0,0.0,
5.870035,0,-0.9,0.4,0.1,0.0,0.0,0.0,-5.257994,2.336874,0.629218,-0.0,-0.000012,-0.000003,0.404167,0.0,0.0,-0.0,0.0,0.0,0.5,0.0,0.0,5.001041,0.0,67.889977,0.0,0.0,
5.897855,0,-0.9,0.4,0.1,0.0,0.0,0.0,-5.283031,2.348002,0.632,-0.0,-0.000012,-0.000003,0.404167,0.0,0.0,-0.0,0.0,0.0,0.5,0.0,0.0,5.001041,0.0,66.498978,0.0,0.0,
5.925675,0,-0.9,0.4,0.1,0.0,0.0,0.0,-5.308069,2.35913,0.634782,0.0,-0.000012,-0.000003,0.404167,0.0,0.0,-0.0,0.0,0.0,0.5,0.0,0.0,5.001041,0.0,65.107979,0.0,0.0,
5.953495,0,-0.9,0.4,0.1,0.0,0.0,0.0,-5.333107,2.370258,0.637564,0.0,-0.000012,-0.000003,0.404167,0.0,0.0,-0.0,0.0,0.0,0.5,0.0,0.0,5.001041,0.0,63.716972,0.0,0.0,
5.981315,0,-0.9,0.4,0.1,0.0,0.0,0.0,-5.358145,2.381386,0.640346,0.0,-0.000012,-0.000003,0.404167,0.0,0.0,-0.0,0.0,0.0,0.5,0.0,0.0,5.001041,0.0,62.32597,0.0,0.0,
6.009135,0,-0.9,0.4,0.1,0.0,0.0,0.0,-5.383183,2.392514,0.643128,0.0,-0.000012,-0.000003,0.404167,0.0,0.0,-0.0,0.0,0.0,0.5,0.0,0.0,5.001041,0.0,60.93494,0.0,0.0,
6.036955,0,-0.9,0.4,0.1,0.0,0.0,0.0,-5.408221,2.403641,0.64591,0.000001,-0.000012,-0.000003,0.404167,0.0,0.0,-0.0,0.0,0.0,0.5,0.0,0.0,5.001041,0.0,59.543919,0.0,0.0,
6.064775,0,-0.9,0.4,0.1,0.0,0.0,0.0,-5.433259,2.414769,0.648692,0.000001,-0.000013,-0.000003,0.404167,0.0,0.0,-0.0,0.0,0.0,0.5,0.0,0.0,5.001041,0.0,58.152905,0.0,0.0,
6.092596,0,-0.9,0.4,0.1,0.0,0.0,0.0,-5.458296,2.425897,0.651474,0.000001,-0.000013,-0.000003,0.404167,0.0,0.0,-0.0,0.0,0.0,0.5,0.0,0.0,5.001041,0.0,56.761906,0.0,0.0,
6.120416,0,-0.9,0.4,0.1,0.0,0.0,0.0,-5.483334,2.437025,0.654256,0.000002,-0.000013,-0.000004,0.404167,0.0,0.0,-0.0,0.0,0.0,0.5,0.0,0.0,5.001041,0.0,55.370914,0.0,0.0,
6.148236,0,-0.9,0.4,0.1,0.0,0.0,0.0,-5.508372,2.448153,0.657038,0.000001,-0.000013,-0.000004,0.404167,0.0,0.0,-0.0,0.0,0.0,0.5,0.0,0.0,5.001041,0.0,53.979946,0.0,0.0,
6.176056,0,-0.9,0.4,0.1,0.0,0.0,0.0,-5.53341,2.459281,0.65982,0.000002,-0.000013,-0.000004,0.404167,0.0,0.0,-0.0,0.0,0.0,0.5,0.0,0.0,5.001041,0.0,52.588974,0.0,0.0,
6.203876,0,-0.9,0.4,0.1,0.0,0.0,0.0,-5.558448,2.470409,0.662602,0.000002,-0.000013,-0.000004,0.404167,0.0,0.0,-0.0,0.0,0.0,0.5,0.0,0.0,5.001041,0.0,51.197979,0.0,0.0,
6.231696,0,-0.9,0.4,0.1,0.0,0.0,0.0,-5.583486,2.481537,0.665384,0.000003,-0.000013,-0.000004,0.404167,0.0,0.0,-0.0,0.0,0.0,0.5,0.0,0.0,5.001041,0.0,49.806961,0.0,0.0,
6.259516,0,-0.9,0.4,0.1,0.0,0.0,0.0,-5.608523,2.492665,0.668166,0.000003,-0.000014,-0.000004,0.404167,0.0,0.0,-0.0,0.0,0.0,0.5,0.0,0.0,5.001041,0.0,48.415913,0.0,0.0,
6.287336,0,-0.9,0.4,0.1,0.0,0.0,0.0,-5.633561,2.503793,0.670948,0.000003,-0.000014,-0.000004,0.404167,0.0,0.0,-0.0,0.0,0.0,0.5,0.0,0.0,5.001041,0.0,47.024906,0.0,0.0,
6.315156,0,-0.9,0.4,0.1,0.0,0.0,0.0,-5.658599,2.514921,0.67373,0.000004,-0.000014,-0.000004,0.404167,0.0,0.0,-0.0,0.0,0.0,0.5,0.0,0.0,5.001041,0.0,45.633972,0.0,0.0,
6.342977,0,-0.9,0.4,0.1,0.0,0.0,0.0,-5.683637,2.526049,0.676512,0.000003,-0.000014,-0.000004,0.404167,0.0,0.0,-0.0,0.0,0.0,0.5,0.0,0.0,5.001041,0.0,44.242886,0.0,0.0,
6.370797,0,-0.9,0.4,0.1,0.0,0.0,0.0,-5.708675,2.537177,0.679294,0.000004,-0.000014,-0.000004,0.404167,0.0,0.0,-0.0,0.0,0.0,0.5,0.0,0.0,5.001041,0.0,42.851955,0.0,0.0,
6.398617,0,-0.9,0.4,0.1,0.0,0.0,0.0,-5.733713,2.548305,0.682076,0.000004,-0.000014,-0.000004,0.404167,0.0,0.0,-0.0,0.0,0.0,0.5,0.0,0.0,5.001041,0.0,41.460953,0.0,0.0,
6.426437,0,-0.9,0.4,0.1,0.0,0.0,0.0,-5.75875,2.559433,0.684858,0.000004,-0.000014,-0.000004,0.404167,0.0,0.0,-0.0,0.0,0.0,0.5,0.0,0.0,5.001041,0.0,40.069904,0.0,0.0,
6.454257,0,-0.9,0.4,0.1,0.0,0.0,0.0,-5.783788,2.57056,0.68764,0.000005,-0.000014,-0.000004,0.404167,0.0,0.0,-0.0,0.0,0.0,0.5,0.0,0.0,5.001041,0.0,38.678886,0.0,0.0,
6.482077,0,-0.9,0.4,0.1,0.0,0.0,0.0,-5.808826,2.581688,0.690422,0.000005,-0.000014,-0.000004,0.404167,0.0,0.0,-0.0,0.0,0.0,0.5,0.0,0.0,5.001041,0.0,37.287891,0.0,0.0,
6.509897,0,-0.9,0.4,0.1,0.0,0.0,0.0,-5.833864,2.592816,0.693204,0.000005,-0.000014,-0.000004,0.404167,0.0,0.0,-0.0,0.0,0.0,0.5,0.0,0.0,5.001041,0.0,35.896923,0.0,0.0,
6.537717,0,-0.9,0.4,0.1,0.0,0.0,0.0,-5.858902,2.603944,0.695986,0.000005,-0.000015,-0.000004,0.404167,0.0,0.0,-0.0,0.0,0.0,0.5,0.0,0.0,5.001041,0.0,34.505943,0.0,0.0,
6.565537,0,-0.9,0.4,0.1,0.0,0.0,0.0,-5.88394,2.615072,0.698768,0.000006,-0.000015,-0.000004,0.404167,0.0,0.0,-0.0,0.0,0.0,0.5,0.0,0.0,5.001041,0.0,33.11496,0.0,0.0,
6.593358,0,-0.9,0.4,0.1,0.0,0.0,0.0,-5.908978,2.6262,0.70155,0.000006,-0.000015,-0.000004,0.404167,0.0,0.0,-0.0,0.0,0.0,0.5,0.0,0.0,5.001041,0.0,31.723955,0.0,0.0,
6.621178,0,-0.9,0.4,0.1,0.0,0.0,0.0,-5.934015,2.637328,0.704332,0.000006,-0.000015,-0.000004,0.404167,0.0,0.0,-0.0,0.0,0.0,0.5,0.0,0.0,5.001041,0.0,30.332941,0.0,0.0,
6.648998,0,-0.9,0.4,0.1,0.0,0.0,0.0,-5.959053,2.648456,0.707114,0.000007,-0.000015,-0.000004,0.404167,0.0,0.0,-0.0,0.0,0.0,0.5,0.0,0.0,5.001041,0.0,28.941921,0.0,0.0,
6.676818,0,-0.9,0.4,0.1,0.0,0.0,0.0,-5.984091,2.659584,0.709896,0.000007,-0.000015,-0.000004,0.404167,0.0,0.0,-0.0,0.0,0.0,0.5,0.0,0.0,5.001041,0.0,27.550898,0.0,0.0,
6.704638,0,-0.9,0.4,0.1,0.0,0.0,0.0,-6.009129,2.670712,0.712678,0.000007,-0.000015,-0.000004,0.404167,0.0,0.0,-0.0,0.0,0.0,0.5,0.0,0.0,5.001041,0.0,26.159883,0.0,0.0,
6.732458,0,-0.9,0.4,0.1,0.0,0.0,0.0,-6.034167,2.68184,0.71546,0.000007,-0.000015,-0.000004,0.404167,0.0,0.0,-0.0,0.0,0.0,0.5,0.0,0.0,5.001041,0.0,24.768883,0.0,0.0,
6.760278,0,-0.9,0.4,0.1,0.0,0.0,0.0,-6.059205,2.692968,0.718242,0.000008,-0.000015,-0.000004,0.404167,0.0,0.0,-0.0,0.0,0.0,0.5,0.0,0.0,5.001041,0.0,23.377882,0.0,0.0,
6.788098,0,-0.9,0.4,0.1,0.0,0.0,0.0,-6.084242,2.704096,0.721024,0.000008,-0.000015,-0.000004,0.404167,0.0,0.0,-0.0,0.0,0.0,0.5,0.0,0.0,5.001041,0.0,21.986895,0.0,0.0,
6.815918,0,-0.9,0.4,0.1,0.0,0.0,0.0,-6.10928,2.715224,0.723806,0.000008,-0.000016,-0.000004,0.404167,0.0,0.0,-0.0,0.0,0.0,0.5,0.0,0.0,5.001041,0.0,20.595909,0.0,0.0,
6.843739,0,-0.9,0.4,0.1,0.0,0.0,0.0,-6.134318,2.726351,0.726588,0.000009,-0.000016,-0.000004,0.404167,0.0,0.0,-0.0,0.0,0.0,0.5,0.0,0.0,5.001041,0.0,19.204918,0.0,0.0,
6.871559,0,-0.9,0.4,0.1,0.0,0.0,0.0,-6.159356,2.737479,0.72937,0.000009,-0.000016,-0.000004,0.404167,0.0,0.0,-0.0,0.0,0.0,0.5,0.0,0.0,5.001041,0.0,17.813938,0.0,0.0,
6.899379,0,-0.9,0.4,0.1,0.0,0.0,0.0,-6.184394,2.748607,0.732152,0.000009,-0.000016,-0.000004,0.404167,0.0,0.0,-0.0,0.0,0.0,0.5,0.0,0.0,5.001041,0.0,16.422951,0.0,0.0,
6.927199,0,-0.9,0.4,0.1,0.0,0.0,0.0,-6.209432,2.759735,0.734934,0.000009,-0.000016,-0.000004,0.404167,0.0,0.0,-0.0,0.0,0.0,0.5,0.0,0.0,5.001041,0.0,15.031955,0.0,0.0,
6.955019,0,-0.9,0.4,0.1,0.0,0.0,0.0,-6.234469,2.770863,0.737716,0.00001,-0.000016,-0.000004,0.404167,0.0,0.0,-0.0,0.0,0.0,0.5,0.0,0.0,5.001041,0.0,13.640958,0.0,0.0,
6.982839,0,-0.9,0.4,0.1,0.0,0.0,0.0,-6.259507,2.781991,0.740497,0.00001,-0.000016,-0.000004,0.404167,0.0,0.0,-0.0,0.0,0.0,0.5,0.0,0.0,5.001041,0.0,12.249957,0.0,0.0,
7.010659,0,-0.9,0.4,0.1,0.0,0.0,0.0,-6.284545,2.793119,0.743279,0.00001,-0.000016,-0.000004,0.404167,0.0,0.0,-0.0,0.0,0.0,0.5,0.0,0.0,5.001041,0.0,10.858952,0.0,0.0,
7.038479,0,-0.9,0.4,0.1,0.0,0.0,0.0,-6.309583,2.804247,0.746061,0.00001,-0.000016,-0.000004,0.404167,0.0,0.0,-0.0,0.0,0.0,0.5,0.0,0.0,5.001041,0.0,9.467944,0.0,0.0,
7.066299,0,-0.9,0.4,0.1,0.0,0.0,0.0,-6.334621,2.815375,0.748843,0.00001,-0.000016,-0.000004,0.404167,0.0,0.0,-0.0,0.0,0.0,0.5,0.0,0.0,5.001041,0.0,8.076938,0.0,0.0,
7.09412,0,-0.9,0.4,0.1,0.0,0.0,0.0,-6.359659,2.826503,0.751625,0.00001,-0.000016,-0.000004,0.404167,0.0,0.0,-0.0,0.0,0.0,0.5,0.0,0.0,5.001041,0.0,6.68593,0.0,0.0,
7.12194,0,-0.9,0.4,0.1,0.0,0.0,0.0,-6.384696,2.837631,0.754407,0.000011,-0.000017,-0.000005,0.404167,0.0,0.0,-0.0,0.0,0.0,0.5,0.0,0.0,5.001041,0.0,5.294924,0.0,0.0,
7.14976,0,-0.9,0.4,0.1,0.0,0.0,0.0,-6.409734,2.848759,0.757189,0.000011,-0.000017,-0.000005,0.404167,0.0,0.0,-0.0,0.0,0.0,0.5,0.0,0.0,5.001041,0.0,3.903921,0.0,0.0,
7.17758,0,-0.9,0.4,0.1,0.0,0.0,0.0,-6.434772,2.859887,0.759971,0.000011,-0.000017,-0.000005,0.404167,0.0,0.0,-0.0,0.0,0.0,0.5,0.0,0.0,5.001041,0.0,2.512918,0.0,0.0,
7.2054,0,-0.9,0.4,0.1,0.0,0.0,0.0,-6.45981,2.871015,0.762753,0.000011,-0.000017,-0.000005,0.404167,0.0,0.0,-0.0,0.0,0.0,0.5,0.0,0.0,5.001041,0.0,1.121918,0.0,0.0,
7.23322,0,-0.9,0.4,0.1,0.0,0.0,0.0,-6.484848,2.882143,0.765535,0.000012,-0.000017,-0.000005,0.404167,0.0,0.0,-0.0,0.0,0.0,0.5,0.0,0.0,5.001041,0.0,-0.269073,0.0,0.0,
7.26104,0,-0.9,0.4,0.1,0.0,0.0,0.0,-6.509886,2.89327,0.768317,0.000012,-0.000017,-0.000005,0.404167,0.0,0.0,-0.0,0.0,0.0,0.5,0.0,0.0,5.001041,0.0,-1.660095,0.0,0.0,
7.28886,0,-0.9,0.4,0.1,0.0,0.0,0.0,-6.534924,2.904398,0.771099,0.000012,-0.000017,-0.000005,0.404167,0.0,0.0,-0.0,0.0,0.0,0.5,0.0,0.0,5.001041,0.0,-3.051087,0.0,0.0,
7.31668,0,-0.9,0.4,0.1,0.0,0.0,0.0,-6.559961,2.915526,0.773881,0.000013,-0.000018,-0.000005,0.404167,0.0,0.0,-0.0,0.0,0.0,0.5,0.0,0.0,5.001041,0.0,-4.44208,0.0,0.0,
7.344501,0,-0.9,0.4,0.1,0.0,0.0,0.0,-6.584999,2.926654,0.776663,0.000013,-0.000018,-0.000005,0.404167,0.0,0.0,-0.0,0.0,0.0,0.5,0.0,0.0,5.001041,0.0,-5.833104,0.0,0.0,
7.372321,0,-0.9,0.4,0.1,0.0,0.0,0.0,-6.610037,2.937782,0.779445,0.000013,-0.000018,-0.000005,0.404167,0.0,0.0,-0.0,0.0,0.0,0.5,0.0,0.0,5.001041,0.0,-7.224097,0.0,0.0,
7.400141,0,-0.9,0.4,0.1,0.0,0.0,0.0,-6.635075,2.94891,0.782227,0.000013,-0.000018,-0.000005,0.404167,0.0,0.0,-0.0,0.0,0.0,0.5,0.0,0.0,5.001041,0.0,-8.615092,0.0,0.0,
7.427961,0,-0.9,0.4,0.1,0.0,0.0,0.0,-6.660113,2.960038,0.785009,0.000014,-0.000018,-0.000005,0.404167,0.0,0.0,-0.0,0.0,0.0,0.5,0.0,0.0,5.001041,0.0,-10.006117,0.0,0.0,
7.455781,0,-0.9,0.4,0.1,0.0,0.0,0.0,-6.685151,2.971166,0.787791,0.000014,-0.000018,-0.000005,0.404167,0.0,0.0,-0.0,0.0,0.0,0.5,0.0,0.0,5.001041,0.0,-11.397112,0.0,0.0,
7.483601,0,-0.9,0.4,0.1,0.0,0.0,0.0,-6.710188,2.982294,0.790573,0.000014,-0.000018,-0.000005,0.404167,0.0,0.0,-0.0,0.0,0.0,0.5,0.0,0.0,5.001041,0.0,-12.788136,0.0,0.0,
7.511421,0,-0.9,0.4,0.1,0.0,0.0,0.0,-6.735226,2.993422,0.793355,0.000015,-0.000018,-0.000005,0.404167,0.0,0.0,-0.0,0.0,0.0,0.5,0.0,0.0,5.001041,0.0,-14.179128,0.0,0.0,
7.539241,0,-0.9,0.4,0.1,0.0,0.0,0.0,-6.760264,3.00455,0.796137,0.000015,-0.000019,-0.000005,0.404167,0.0,0.0,-0.0,0.0,0.0,0.5,0.0,0.0,5.001041,0.0,-15.570115,0.0,0.0,
7.567061,0,-0.9,0.4,0.1,0.0,0.0,0.0,-6.785302,3.015678,0.798919,0.000015,-0.000019,-0.000005,0.404167,0.0,0.0,-0.0,0.0,0.0,0.5,0.0,0.0,5.001041,0.0,-16.961103,0.0,0.0,
7.594882,0,-0.9,0.4,0.1,0.0,0.0,0.0,-6.81034,3.026806,0.801701,0.000015,-0.000019,-0.000005,0.404167,0.0,0.0,-0.0,0.0,0.0,0.5,0.0,0.0,5.001041,0.0,-18.352087,0.0,0.0,
7.622702,0,-0.9,0.4,0.1,0.0,0.0,0.0,-6.835378,3.037934,0.804483,0.000016,-0.000019,-0.000005,0.404167,0.0,0.0,-0.0,0.0,0.0,0.5,0.0,0.0,5.001041,0.0,-19.743069,0.0,0.0,
7.650522,0,-0.9,0.4,0.1,0.0,0.0,0.0,-6.860415,3.049062,0.807265,0.000016,-0.000019,-0.000005,0.404167,0.0,0.0,-0.0,0.0,0.0,0.5,0.0,0.0,5.001041,0.0,-21.134052,0.0,0.0,
7.678342,0,-0.9,0.4,0.1,0.0,0.0,0.0,-6.885453,3.060189,0.810047,0.000016,-0.000019,-0.000005,0.404167,0.0,0.0,-0.0,0.0,0.0,0.5,0.0,0.0,5.001041,0.0,-22.52504,0.0,0.0,
7.706162,0,-0.9,0.4,0.1,0.0,0.0,0.0,-6.910491,3.071317,0.812829,0.000017,-0.000019,-0.000005,0.404167,0.0,0.0,-0.0,0.0,0.0,0.5,0.0,0.0,5.001041,0.0,-23.916056,0.0,0.0,
7.733982,0,-0.9,0.4,0.1,0.0,0.0,0.0,-6.935529,3.082445,0.815611,0.000016,-0.000019,-0.000005,0.404167,0.0,0.0,-0.0,0.0,0.0,0.5,0.0,0.0,5.001041,0.0,-25.307047,0.0,0.0,
7.761802,0,-0.9,0.4,0.1,0.0,0.0,0.0,-6.960567,3.093573,0.818393,0.000017,-0.000019,-0.000005,0.404167,0.0,0.0,-0.0,0.0,0.0,0.5,0.0,0.0,5.001041,0.0,-26.69804,0.0,0.0,
7.789622,0,-0.9,0.4,0.1,0.0,0.0,0.0,-6.985605,3.104701,0.821175,0.000017,-0.000019,-0.000005,0.404167,0.0,0.0,-0.0,0.0,0.0,0.5,0.0,0.0,5.001041,0.0,-28.089069,0.0,0.0,
7.817442,0,-0.9,0.4,0.1,0.0,0.0,0.0,-7.010643,3.115829,0.823957,0.000017,-0.00002,-0.000005,0.404167,0.0,0.0,-0.0,0.0,0.0,0.5,0.0,0.0,5.001041,0.0,-29.480106,0.0,0.0,
7.845263,0,-0.9,0.4,0.1,0.0,0.0,0.0,-7.03568,3.126957,0.826739,0.000018,-0.00002,-0.000005,0.404167,0.0,0.0,-0.0,0.0,0.0,0.5,0.0,0.0,5.001041,0.0,-30.871105,0.0,0.0,
7.873083,0,-0.9,0.4,0.1,0.0,0.0,0.0,-7.060718,3.138085,0.829521,0.000018,-0.00002,-0.000005,0.404167,0.0,0.0,-0.0,0.0,0.0,0.5,0.0,0.0,5.001041,0.0,-32.262104,0.0,0.0,
7.900903,0,-0.9,0.4,0.1,0.0,0.0,0.0,-7.085756,3.149213,0.832303,0.000018,-0.00002,-0.000005,0.404167,0.0,0.0,-0.0,0.0,0.0,0.5,0.0,0.0,5.001041,0.0,-33.653126,0.0,0.0,
7.928723,0,-0.9,0.4,0.1,0.0,0.0,0.0,-7.110794,3.160341,0.835085,0.000018,-0.00002,-0.000005,0.404167,0.0,0.0,-0.0,0.0,0.0,0.5,0.0,0.0,5.001041,0.0,-35.044106,0.0,0.0,
7.956543,0,-0.9,0.4,0.1,0.0,0.0,0.0,-7.135832,3.171469,0.837867,0.000019,-0.00002,-0.000005,0.404167,0.0,0.0,-0.0,0.0,0.0,0.5,0.0,0.0,5.001041,0.0,-36.435047,0.0,0.0,
7.984363,0,-0.9,0.4,0.1,0.0,0.0,0.0,-7.16087,3.182597,0.840649,0.000019,-0.00002,-0.000005,0.404167,0.0,0.0,-0.0,0.0,0.0,0.5,0.0,0.0,5.001041,0.0,-37.826031,0.0,0.0,
8.012183,0,-0.9,0.4,0.1,0.0,0.0,0.0,-7.185907,3.193725,0.843431,0.000019,-0.000021,-0.000005,0.404167,0.0,0.0,-0.0,0.0,0.0,0.5,0.0,0.0,5.001041,0.0,-39.217052,0.0,0.0,
8.040003,0,-0.9,0.4,0.1,0.0,0.0,0.0,-7.210945,3.204853,0.846213,0.00002,-0.000021,-0.000005,0.404167,0.0,0.0,-0.0,0.0,0.0,0.5,0.0,0.0,5.001041,0.0,-40.608093,0.0,0.0,
8.067822,0,-0.9,0.4,0.1,0.0,0.0,0.0,-7.235983,3.215981,0.848995,0.00002,-0.000021,-0.000005,0.404167,0.0,0.0,-0.0,0.0,0.0,0.5,0.0,0.0,5.001041,0.0,-41.9991,0.0,0.0,
8.095642,0,-0.9,0.4,0.1,0.0,0.0,0.0,-7.261021,3.227108,0.851777,0.000019,-0.00002,-0.000005,0.404167,0.0,0.0,-0.0,0.0,0.0,0.5,0.0,0.0,5.001041,0.0,-43.390076,0.0,0.0,
8.123462,0,-0.9,0.4,0.1,0.0,0.0,0.0,-7.286059,3.238236,0.854559,0.000019,-0.00002,-0.000005,0.404167,0.0,0.0,-0.0,0.0,0.0,0.5,0.0,0.0,5.001041,0.0,-44.781052,0.0,0.0,
8.151281,0,-0.9,0.4,0.1,0.0,0.0,0.0,-7.311097,3.249364,0.857341,0.000019,-0.00002,-0.000005,0.404167,0.0,0.0,-0.0,0.0,0.0,0.5,0.0,0.0,5.001041,0.0,-46.172096,0.0,0.0,
8.179101,0,-0.9,0.4,0.1,0.0,0.0,0.0,-7.336134,3.260492,0.860123,0.000019,-0.00002,-0.000005,0.404167,0.0,0.0,-0.0,0.0,0.0,0.5,0.0,0.0,5.001041,0.0,-47.56303,0.0,0.0,
8.206921,0,-0.9,0.4,0.1,0.0,0.0,0.0,-7.361172,3.27162,0.862905,0.000019,-0.00002,-0.000005,0.404167,0.0,0.0,-0.0,0.0,0.0,0.5,0.0,0.0,5.001041,0.0,-48.954056,0.0,0.0,
8.23474,0,-0.9,0.4,0.1,0.0,0.0,0.0,-7.38621,3.282748,0.865687,0.000019,-0.00002,-0.000005,0.404167,0.0,0.0,-0.0,0.0,0.0,0.5,0.0,0.0,5.001041,0.0,-50.345108,0.0,0.0,
8.26256,0,-0.9,0.4,0.1,0.0,0.0,0.0,-7.411248,3.293876,0.868469,0.000018,-0.00002,-0.000005,0.404167,0.0,0.0,-0.0,0.0,0.0,0.5,0.0,0.0,5.001041,0.0,-51.736137,0.0,0.0,
8.29038,0,-0.9,0.4,0.1,0.0,0.0,0.0,-7.436286,3.305004,0.871251,0.000018,-0.00002,-0.000005,0.404167,0.0,0.0,-0.0,0.0,0.0,0.5,0.0,0.0,5.001041,0.0,-53.127117,0.0,0.0,
8.318199,0,-0.9,0.4,0.1,0.0,0.0,0.0,-7.461324,3.316132,0.874033,0.000018,-0.00002,-0.000005,0.404167,0.0,0.0,-0.0,0.0,0.0,0.5,0.0,0.0,5.001041,0.0,-54.518063,0.0,0.0,
8.346019,0,-0.9,0.4,0.1,0.0,0.0,0.0,-7.486362,3.32726,0.876815,0.000018,-0.00002,-0.000005,0.404167,0.0,0.0,-0.0,0.0,0.0,0.5,0.0,0.0,5.001041,0.0,-55.909039,0.0,0.0,
8.373838,0,-0.9,0.4,0.1,0.0,0.0,0.0,-7.511399,3.338388,0.879597,0.000018,-0.00002,-0.000005,0.404167,0.0,0.0,-0.0,0.0,0.0,0.5,0.0,0.0,5.001041,0.0,-57.300026,0.0,0.0,
8.401658,0,-0.9,0.4,0.1,0.0,0.0,0.0,-7.536437,3.349516,0.882379,0.000017,-0.00002,-0.000005,0.404167,0.0,0.0,-0.0,0.0,0.0,0.5,0.0,0.0,5.001041,0.0,-58.691048,0.0,0.0,
8.429478,0,-0.9,0.4,0.1,0.0,0.0,0.0,-7.561475,3.360644,0.885161,0.000017,-0.000019,-0.000005,0.404167,0.0,0.0,-0.0,0.0,0.0,0.5,0.0,0.0,5.001041,0.0,-60.082085,0.0,0.0,
8.457297,0,-0.9,0.4,0.1,0.0,0.0,0.0,-7.586513,3.371772,0.887943,0.000017,-0.000019,-0.000005,0.404167,0.0,0.0,-0.0,0.0,0.0,0.5,0.0,0.0,5.001041,0.0,-61.47308,0.0,0.0,
8.485117,0,-0.9,0.4,0.1,0.0,0.0,0.0,-7.611551,3.382899,0.890725,0.000017,-0.00002,-0.000005,0.404167,0.0,0.0,-0.0,0.0,0.0,0.5,0.0,0.0,5.001041,0.0,-62.864117,0.0,0.0,
8.512937,0,-0.9,0.4,0.1,0.0,0.0,0.0,-7.636589,3.394027,0.893507,0.000017,-0.000019,-0.000005,0.404167,0.0,0.0,-0.0,0.0,0.0,0.5,0.0,0.0,5.001041,0.0,-64.255142,0.0,0.0,
8.540756,0,-0.9,0.4,0.1,0.0,0.0,0.0,-7.661626,3.405155,0.896289,0.000016,-0.000019,-0.000005,0.404167,0.0,0.0,-0.0,0.0,0.0,0.5,0.0,0.0,5.001041,0.0,-65.646149,0.0,0.0,
8.568576,0,-0.9,0.4,0.1,0.0,0.0,0.0,-7.686664,3.416283,0.899071,0.000016,-0.000019,-0.000005,0.404167,0.0,0.0,-0.0,0.0,0.0,0.5,0.0,0.0,5.001041,0.0,-67.037125,0.0,0.0,
8.596395,0,-0.9,0.4,0.1,0.0,0.0,0.0,-7.711702,3.427411,0.901852,0.000016,-0.000019,-0.000005,0.404167,0.0,0.0,-0.0,0.0,0.0,0.5,0.0,0.0,5.001041,0.0,-68.428108,0.0,0.0,
8.624215,0,-0.9,0.4,0.1,0.0,0.0,0.0,-7.73674,3.438539,0.904634,0.000016,-0.000019,-0.000005,0.404167,0.0,0.0,-0.0,0.0,0.0,0.5,0.0,0.0,5.001041,0.0,-69.819092,0.0,0.0,
8.652035,0,-0.9,0.4,0.1,0.0,0.0,0.0,-7.761778,3.449667,0.907416,0.000016,-0.000019,-0.000005,0.404167,0.0,0.0,-0.0,0.0,0.0,0.5,0.0,0.0,5.001041,0.0,-71.210075,0.0,0.0,
8.679854,0,-0.9,0.4,0.1,0.0,0.0,0.0,-7.786816,3.460795,0.910198,0.000015,-0.000019,-0.000005,0.404167,0.0,0.0,-0.0,0.0,0.0,0.5,0.0,0.0,5.001041,0.0,-72.601051,0.0,0.0,
8.707674,0,-0.9,0.4,0.1,0.0,0.0,0.0,-7.811853,3.471923,0.91298,0.000015,-0.000019,-0.000005,0.404167,0.0,0.0,-0.0,0.0,0.0,0.5,0.0,0.0,5.001041,0.0,-73.99205,0.0,0.0,
8.735494,0,-0.9,0.4,0.1,0.0,0.0,0.0,-7.836891,3.483051,0.915762,0.000015,-0.000019,-0.000005,0.404167,0.0,0.0,-0.0,0.0,0.0,0.5,0.0,0.0,5.001041,0.0,-75.383034,0.0,0.0,
8.763313,0,-0.9,0.4,0.1,0.0,0.0,0.0,-7.861929,3.494179,0.918544,0.000015,-0.000019,-0.000005,0.404167,0.0,0.0,-0.0,0.0,0.0,0.5,0.0,0.0,5.001041,0.0,-76.774017,0.0,0.0,
8.791133,0,-0.9,0.4,0.1,0.0,0.0,0.0,-7.886967,3.505307,0.921326,0.000015,-0.000018,-0.000005,0.404167,0.0,0.0,-0.0,0.0,0.0,0.5,0.0,0.0,5.001041,0.0,-78.165024,0.0,0.0,
8.818953,0,-0.9,0.4,0.1,0.0,0.0,0.0,-7.912005,3.516435,0.924108,0.000014,-0.000018,-0.000005,0.404167,0.0,0.0,-0.0,0.0,0.0,0.5,0.0,0.0,5.001041,0.0,-79.556053,0.0,0.0,
8.846772,0,-0.9,0.4,0.1,0.0,0.0,0.0,-7.937043,3.527562,0.92689,0.000014,-0.000018,-0.000005,0.404167,0.0,0.0,-0.0,0.0,0.0,0.5,0.0,0.0,5.001041,0.0,-80.94706,0.0,0.0,
8.874592,0,-0.9,0.4,0.1,0.0,0.0,0.0,-7.96208,3.53869,0.929672,0.000014,-0.000018,-0.000005,0.404167,0.0,0.0,-0.0,0.0,0.0,0.5,0.0,0.0,5.001041,0.0,-82.338066,0.0,0.0,
8.902411,0,-0.9,0.4,0.1,0.0,0.0,0.0,-7.987118,3.549818,0.932454,0.000014,-0.000018,-0.000005,0.404167,0.0,0.0,-0.0,0.0,0.0,0.5,0.0,0.0,5.001041,0.0,-83.729057,0.0,0.0,
8.930231,0,-0.9,0.4,0.1,0.0,0.0,0.0,-8.012156,3.560946,0.935236,0.000013,-0.000018,-0.000005,0.404167,0.0,0.0,-0.0,0.0,0.0,0.5,0.0,0.0,5.001041,0.0,-85.120079,0.0,0.0,
8.958051,0,-0.9,0.4,0.1,0.0,0.0,0.0,-8.037194,3.572074,0.938018,0.000013,-0.000018,-0.000005,0.404167,0.0,0.0,-0.0,0.0,0.0,0.5,0.0,0.0,5.001041,0.0,-86.51107,0.0,0.0,
8.98587,0,-0.9,0.4,0.1,0.0,0.0,0.0,-8.062232,3.583202,0.9408,0.000013,-0.000018,-0.000005,0.404167,0.0,0.0,-0.0,0.0,0.0,0.5,0.0,0.0,5.001041,0.0,-87.902069,0.0,0.0,
9.01369,0,-0.9,0.4,0.1,0.0,0.0,0.0,-8.08727,3.59433,0.943582,0.000013,-0.000018,-0.000005,0.404167,0.0,0.0,-0.0,0.0,0.0,0.5,0.0,0.0,5.001041,0.0,-89.293083,0.0,0.0,
9.04151,0,-0.9,0.4,0.1,0.0,0.0,0.0,-8.112308,3.605458,0.946364,0.000013,-0.000018,-0.000005,0.404167,0.0,0.0,-0.0,0.0,0.0,0.5,0.0,0.0,5.001041,0.0,-90.684074,0.0,0.0,
9.069329,0,-0.9,0.4,0.1,0.0,0.0,0.0,-8.137345,3.616586,0.949146,0.000013,-0.000018,-0.000005,0.404167,0.0,0.0,-0.0,0.0,0.0,0.5,0.0,0.0,5.001041,0.0,-92.075073,0.0,0.0,
9.097149,0,-0.9,0.4,0.1,0.0,0.0,0.0,-8.162383,3.627714,0.951928,0.000013,-0.000018,-0.000005,0.404167,0.0,0.0,-0.0,0.0,0.0,0.5,0.0,0.0,5.001041,0.0,-93.466095,0.0,0.0,
9.124969,0,-0.9,0.4,0.1,0.0,0.0,0.0,-8.187421,3.638842,0.95471,0.000013,-0.000017,-0.000005,0.404167,0.0,0.0,-0.0,0.0,0.0,0.5,0.0,0.0,5.001041,0.0,-94.857094,0.0,0.0,
9.152788,0,-0.9,0.4,0.1,0.0,0.0,0.0,-8.212459,3.64997,0.957492,0.000012,-0.000017,-0.000005,0.404167,0.0,0.0,-0.0,0.0,0.0,0.5,0.0,0.0,5.001041,0.0,-96.248077,0.0,0.0,
9.180608,0,-0.9,0.4,0.1,0.0,0.0,0.0,-8.237496,3.661098,0.960274,0.000012,-0.000017,-0.000005,0.404167,0.0,0.0,-0.0,0.0,0.0,0.5,0.0,0.0,5.001041,0.0,-97.639076,0.0,0.0,
9.208427,0,-0.9,0.4,0.1,0.0,0.0,0.0,-8.262534,3.672225,0.963056,0.000012,-0.000017,-0.000005,0.404167,0.0,0.0,-0.0,0.0,0.0,0.5,0.0,0.0,5.001041,0.0,-99.030098,0.0,0.0,
9.236247,0,-0.9,0.4,0.1,0.0,0.0,0.0,-8.287573,3.683353,0.965838,0.000011,-0.000017,-0.000005,0.404167,0.0,0.0,-0.0,0.0,0.0,0.5,0.0,0.0,5.001041,0.0,-100.421097,0.0,0.0,
9.264067,0,-0.9,0.4,0.1,0.0,0.0,0.0,-8.312611,3.694481,0.96862,0.000011,-0.000017,-0.000005,0.404167,0.0,0.0,-0.0,0.0,0.0,0.5,0.0,0.0,5.001041,0.0,-101.812119,0.0,0.0,
9.291886,0,-0.9,0.4,0.1,0.0,0.0,0.0,-8.337648,3.705609,0.971402,0.000011,-0.000017,-0.000005,0.404167,0.0,0.0,-0.0,0.0,0.0,0.5,0.0,0.0,5.001041,0.0,-103.203102,0.0,0.0,
9.319706,0,-0.9,0.4,0.1,0.0,0.0,0.0,-8.362686,3.716737,0.974184,0.000011,-0.000017,-0.000005,0.404167,0.0,0.0,-0.0,0.0,0.0,0.5,0.0,0.0,5.001041,0.0,-104.594109,0.0,0.0,
9.347526,0,-0.9,0.4,0.1,0.0,0.0,0.0,-8.387724,3.727865,0.976966,0.000011,-0.000017,-0.000005,0.404167,0.0,0.0,-0.0,0.0,0.0,0.5,0.0,0.0,5.001041,0.0,-105.985107,0.0,0.0,
9.375345,0,-0.9,0.4,0.1,0.0,0.0,0.0,-8.412762,3.738993,0.979748,0.000011,-0.000017,-0.000005,0.404167,0.0,0.0,-0.0,0.0,0.0,0.5,0.0,0.0,5.001041,0.0,-107.376099,0.0,0.0,
9.403165,0,-0.9,0.4,0.1,0.0,0.0,0.0,-8.437799,3.750121,0.98253,0.000011,-0.000017,-0.000005,0.404167,0.0,0.0,-0.0,0.0,0.0,0.5,0.0,0.0,5.001041,0.0,-108.76709,0.0,0.0,
9.430984,0,-0.9,0.4,0.1,0.0,0.0,0.0,-8.462837,3.761249,0.985312,0.00001,-0.000017,-0.000005,0.404167,0.0,0.0,-0.0,0.0,0.0,0.5,0.0,0.0,5.001041,0.0,-110.158073,0.0,0.0,
9.458804,0,-0.9,0.4,0.1,0.0,0.0,0.0,-8.487875,3.772377,0.988094,0.00001,-0.000016,-0.000004,0.404167,0.0,0.0,-0.0,0.0,0.0,0.5,0.0,0.0,5.001041,0.0,-111.549057,0.0,0.0,
9.486624,0,-0.9,0.4,0.1,0.0,0.0,0.0,-8.512913,3.783505,0.990876,0.00001,-0.000016,-0.000004,0.404167,0.0,0.0,-0.0,0.0,0.0,0.5,0.0,0.0,5.001041,0.0,-112.940041,0.0,0.0,
9.514443,0,-0.9,0.4,0.1,0.0,0.0,0.0,-8.537951,3.794633,0.993658,0.00001,-0.000017,-0.000004,0.404167,0.0,0.0,-0.0,0.0,0.0,0.5,0.0,0.0,5.001041,0.0,-114.331032,0.0,0.0,
9.542263,0,-0.9,0.4,0.1,0.0,0.0,0.0,-8.562988,3.805761,0.99644,0.00001,-0.000016,-0.000004,0.404167,0.0,0.0,-0.0,0.0,0.0,0.5,0.0,0.0,5.001041,0.0,-115.722061,0.0,0.0,
9.570083,0,-0.9,0.4,0.1,0.0,0.0,0.0,-8.588027,3.816889,0.999222,0.00001,-0.000016,-0.000004,0.404167,0.0,0.0,-0.0,0.0,0.0,0.5,0.0,0.0,5.001041,0.0,-117.113052,0.0,0.0,
9.597902,0,-0.9,0.4,0.1,0.0,0.0,0.0,-8.613065,3.828017,1.002004,0.00001,-0.000016,-0.000004,0.404167,0.0,0.0,-0.0,0.0,0.0,0.5,0.0,0.0,5.001041,0.0,-118.504051,0.0,0.0,
9.625722,0,-0.9,0.4,0.1,0.0,0.0,0.0,-8.638103,3.839144,1.004786,0.00001,-0.000016,-0.000004,0.404167,0.0,0.0,-0.0,0.0,0.0,0.5,0.0,0.0,5.001041,0.0,-119.895088,0.0,0.0,
9.653542,0,-0.9,0.4,0.1,0.0,0.0,0.0,-8.66314,3.850272,1.007568,0.00001,-0.000016,-0.000004,0.404167,0.0,0.0,-0.0,0.0,0.0,0.5,0.0,0.0,5.001041,0.0,-121.28611,0.0,0.0,
9.681361,0,-0.9,0.4,0.1,0.0,0.0,0.0,-8.688178,3.8614,1.01035,0.00001,-0.000016,-0.000004,0.404167,0.0,0.0,-0.0,0.0,0.0,0.5,0.0,0.0,5.001041,0.0,-122.677132,0.0,0.0,
9.709181,0,-0.9,0.4,0.1,0.0,0.0,0.0,-8.713216,3.872528,1.013132,0.000009,-0.000016,-0.000004,0.404167,0.0,0.0,-0.0,0.0,0.0,0.5,0.0,0.0,5.001041,0.0,-124.068138,0.0,0.0,
9.737,0,-0.9,0.4,0.1,0.0,0.0,0.0,-8.738254,3.883656,1.015914,0.000009,-0.000016,-0.000004,0.404167,0.0,0.0,-0.0,0.0,0.0,0.5,0.0,0.0,5.001041,0.0,-125.459091,0.0,0.0,
9.76482,0,-0.9,0.4,0.1,0.0,0.0,0.0,-8.763291,3.894784,1.018696,0.000009,-0.000016,-0.000004,0.404167,0.0,0.0,-0.0,0.0,0.0,0.5,0.0,0.0,5.001041,0.0,-126.850075,0.0,0.0,
9.79264,0,-0.9,0.4,0.1,0.0,0.0,0.0,-8.788329,3.905912,1.021478,0.000009,-0.000016,-0.000004,0.404167,0.0,0.0,-0.0,0.0,0.0,0.5,0.0,0.0,5.001041,0.0,-128.241074,0.0,0.0,
9.820459,0,-0.9,0.4,0.1,0.0,0.0,0.0,-8.813367,3.91704,1.02426,0.000009,-0.000015,-0.000004,0.404167,0.0,0.0,-0.0,0.0,0.0,0.5,0.0,0.0,5.001041,0.0,-129.63205,0.0,0.0,
9.848279,0,-0.9,0.4,0.1,0.0,0.0,0.0,-8.838405,3.928168,1.027042,0.000009,-0.000015,-0.000004,0.404167,0.0,0.0,-0.0,0.0,0.0,0.5,0.0,0.0,5.001041,0.0,-131.023102,0.0,0.0,
9.876099,0,-0.9,0.4,0.1,0.0,0.0,0.0,-8.863442,3.939296,1.029824,0.000009,-0.000015,-0.000004,0.404167,0.0,0.0,-0.0,0.0,0.0,0.5,0.0,0.0,5.001041,0.0,-132.414124,0.0,0.0,
9.903918,0,-0.9,0.4,0.1,0.0,0.0,0.0,-8.88848,3.950424,1.032606,0.000009,-0.000015,-0.000004,0.404167,0.0,0.0,-0.0,0.0,0.0,0.5,0.0,0.0,5.001041,0.0,-133.805099,0.0,0.0,
9.931738,0,-0.9,0.4,0.1,0.0,0.0,0.0,-8.913519,3.961552,1.035388,0.000008,-0.000015,-0.000004,0.404167,0.0,0.0,-0.0,0.0,0.0,0.5,0.0,0.0,5.001041,0.0,-135.196121,0.0,0.0,
9.959558,0,-0.9,0.4,0.1,0.0,0.0,0.0,-8.938557,3.97268,1.03817,0.000008,-0.000015,-0.000004,0.404167,0.0,0.0,-0.0,0.0,0.0,0.5,0.0,0.0,5.001041,0.0,-136.587082,0.0,0.0,
9.987377,0,-0.9,0.4,0.1,0.0,0.0,0.0,-8.963594,3.983808,1.040952,0.000007,-0.000015,-0.000004,0.404167,0.0,0.0,-0.0,0.0,0.0,0.5,0.0,0.0,5.001041,0.0,-137.978058,0.0,0.0,
