Time,Y Velocity,Y Position
0.001,10,0.01
0.002,9.98038,0.01998038
0.003,9.97057,0.029955855
0.004,9.96076,0.03992152
0.005,9.95095,0.049877375
0.006,9.94114,0.05982342
0.007,9.93133,0.069759655
0.008,9.92152,0.07968608
0.009,9.91171,0.089602695
0.01,9.9019,0.0995095
0.011,9.89209,0.109406495
0.012,9.88228,0.11929368
0.013,9.87247,0.129171055
0.014,9.86266,0.13903862
0.015,9.85285,0.148896375
0.016,9.84304,0.15874432
0.017,9.83323,0.168582455
0.018,9.82342,0.17841078
0.019,9.81361,0.188229295
0.02,9.8038,0.198038
0.021,9.79399,0.207836895
0.022,9.78418,0.21762598
0.023,9.77437,0.227405255
0.024,9.76456,0.23717472
0.025,9.75475,0.246934375
0.026,9.74494,0.25668422
0.027,9.73513,0.266424255
0.028,9.72532,0.27615448
0.029,9.71551,0.285874895
0.03,9.7057,0.2955855
0.031,9.69589,0.305286295
0.032,9.68608,0.31497728
0.033,9.67627,0.324658455
0.034,9.66646,0.33432982
0.035,9.65665,0.343991375
0.036,9.64684,0.35364312
0.037,9.63703,0.363285055
0.038,9.62722,0.37291718
0.039,9.61741,0.382539495
0.04,9.6076,0.392152
0.041,9.59779,0.401754695
0.042,9.58798,0.41134758
0.043,9.57817,0.420930655
0.044,9.56836,0.43050392
0.045,9.55855,0.440067375
0.046,9.54874,0.44962102
0.047,9.53893,0.459164855
0.048,9.52912,0.46869888
0.049,9.51931,0.478223095
0.05,9.5095,0.4877375
0.051,9.49969,0.497242095
0.052,9.48988,0.50673688
0.053,9.48007,0.516221855
0.054,9.47026,0.52569702
0.055,9.46045,0.535162375
0.056,9.45064,0.54461792
0.057,9.44083,0.554063655
0.058,9.43102,0.56349958
0.059,9.42121,0.572925695
0.06,9.4114,0.582342
0.061,9.40159,0.591748495
0.062,9.39178,0.60114518
0.063,9.38197,0.610532055
0.064,9.37216,0.61990912
0.065,9.36235,0.629276375
0.066,9.35254,0.63863382
0.067,9.34273,0.647981455
0.068,9.33292,0.65731928
0.069,9.32311,0.666647295
0.07,9.3133,0.6759655
0.071,9.30349,0.685273895
0.072,9.29368,0.69457248
0.073,9.28387,0.703861255
0.074,9.27406,0.71314022
0.075,9.26425,0.722409375
0.076,9.25444,0.73166872
0.077,9.24463,0.740918255
0.078,9.23482,0.75015798
0.079,9.22501,0.759387895
0.08,9.2152,0.768608
0.081,9.20539,0.777818295
0.082,9.19558,0.78701878
0.083,9.18577,0.796209455
0.084,9.17596,0.80539032
0.085,9.16615,0.814561375
0.086,9.15634,0.82372262
0.087,9.14653,0.832874055
0.088,9.13672,0.84201568
0.089,9.12691,0.851147495
0.09,9.1171,0.8602695
0.091,9.10729,0.869381695
0.092,9.09748,0.87848408
0.093,9.08767,0.887576655
0.094,9.07786,0.89665942
0.095,9.06805,0.905732375
0.096,9.05824,0.91479552
0.097,9.04843,0.923848855
0.098,9.03862,0.93289238
0.099,9.02881,0.941926095
0.1,9.019,0.95095
0.101,9.00919,0.959964095
0.102,8.99938,0.96896838
0.103,8.98957,0.977962855
0.104,8.97976,0.98694752
0.105,8.96995,0.995922375
0.106,8.96014,1.00488742
0.107,8.95033,1.013842655
0.108,8.94052,1.02278808
0.109,8.93071,1.031723695
0.11,8.9209,1.0406495
0.111,8.91109,1.049565495
0.112,8.90128,1.05847168
0.113,8.89147,1.067368055
0.114,8.88166,1.07625462
0.115,8.87185,1.085131375
0.116,8.86204,1.09399832
0.117,8.85223,1.102855455
0.118,8.84242,1.11170278
0.119,8.83261,1.120540295
0.12,8.8228,1.129368
0.121,8.81299,1.138185895
0.122,8.80318,1.14699398
0.123,8.79337,1.155792255
0.124,8.78356,1.16458072
0.125,8.77375,1.173359375
0.126,8.76394,1.18212822
0.127,8.75413,1.190887255
0.128,8.74432,1.19963648
0.129,8.73451,1.208375895
0.13,8.7247,1.2171055
0.131,8.71489,1.225825295
0.132,8.70508,1.23453528
0.133,8.69527,1.243235455
0.134,8.68546,1.25192582
0.135,8.67565,1.260606375
0.136,8.66584,1.26927712
0.137,8.65603,1.277938055
0.138,8.64622,1.28658918
0.139,8.63641,1.295230495
0.14,8.6266,1.303862
0.141,8.61679,1.312483695
0.142,8.60698,1.32109558
0.143,8.59717,1.329697655
0.144,8.58736,1.33828992
0.145,8.57755,1.346872375
0.146,8.56774,1.35544502
0.147,8.55793,1.364007855
0.148,8.54812,1.37256088
0.149,8.53831,1.381104095
0.15,8.5285,1.3896375
0.151,8.51869,1.398161095
0.152,8.50888,1.40667488
0.153,8.49907,1.415178855
0.154,8.48926,1.42367302
0.155,8.47945,1.432157375
0.156,8.46964,1.44063192
0.157,8.45983,1.449096655
0.158,8.45002,1.45755158
0.159,8.44021,1.465996695
0.16,8.4304,1.474432
0.161,8.42059,1.482857495
0.162,8.41078,1.49127318
0.163,8.40097,1.499679055
0.164,8.39116,1.50807512
0.165,8.38135,1.516461375
0.166,8.37154,1.52483782
0.167,8.36173,1.533204455
0.168,8.35192,1.54156128
0.169,8.34211,1.549908295
0.17,8.3323,1.5582455
0.171,8.32249,1.566572895
0.172,8.31268,1.57489048
0.173,8.30287,1.583198255
0.174,8.29306,1.59149622
0.175,8.28325,1.599784375
0.176,8.27344,1.60806272
0.177,8.26363,1.616331255
0.178,8.25382,1.62458998
0.179,8.24401,1.632838895
0.18,8.2342,1.641078
0.181,8.22439,1.649307295
0.182,8.21458,1.65752678
0.183,8.20477,1.665736455
0.184,8.19496,1.67393632
0.185,8.18515,1.682126375
0.186,8.17534,1.69030662
0.187,8.16553,1.698477055
0.188,8.15572,1.70663768
0.189,8.14591,1.714788495
0.19,8.1361,1.7229295
0.191,8.12629,1.731060695
0.192,8.11648,1.73918208
0.193,8.10667,1.747293655
0.194,8.09686,1.75539542
0.195,8.08705,1.763487375
0.196,8.07724,1.77156952
0.197,8.06743,1.779641855
0.198,8.05762,1.78770438
0.199,8.04781,1.795757095
0.2,8.038,1.8038
0.201,8.02819,1.811833095
0.202,8.01838,1.81985638
0.203,8.00857,1.827869855
0.204,7.99876,1.83587352
0.205,7.98895,1.843867375
0.206,7.97914,1.85185142
0.207,7.96933,1.859825655
0.208,7.95952,1.86779008
0.209,7.94971,1.875744695
0.21,7.9399,1.8836895
0.211,7.93009,1.891624495
0.212,7.92028,1.89954968
0.213,7.91047,1.907465055
0.214,7.90066,1.91537062
0.215,7.89085,1.923266375
0.216,7.88104,1.93115232
0.217,7.87123,1.939028455
0.218,7.86142,1.94689478
0.219,7.85161,1.954751295
0.22,7.8418,1.962598
0.221,7.83199,1.970434895
0.222,7.82218,1.97826198
0.223,7.81237,1.986079255
0.224,7.80256,1.99388672
0.225,7.79275,2.001684375
0.226,7.78294,2.00947222
0.227,7.77313,2.017250255
0.228,7.76332,2.02501848
0.229,7.75351,2.032776895
0.23,7.7437,2.0405255
0.231,7.73389,2.048264295
0.232,7.72408,2.05599328
0.233,7.71427,2.063712455
0.234,7.70446,2.07142182
0.235,7.69465,2.079121375
0.236,7.68484,2.08681112
0.237,7.67503,2.094491055
0.238,7.66522,2.10216118
0.239,7.65541,2.109821495
0.24,7.6456,2.117472
0.241,7.63579,2.125112695
0.242,7.62598,2.13274358
0.243,7.61617,2.140364655
0.244,7.60636,2.14797592
0.245,7.59655,2.155577375
0.246,7.58674,2.16316902
0.247,7.57693,2.170750855
0.248,7.56712,2.17832288
0.249,7.55731,2.185885095
0.25,7.5475,2.1934375
0.251,7.53769,2.200980095
0.252,7.52788,2.20851288
0.253,7.51807,2.216035855
0.254,7.50826,2.22354902
0.255,7.49845,2.231052375
0.256,7.48864,2.23854592
0.257,7.47883,2.246029655
0.258,7.46902,2.25350358
0.259,7.45921,2.260967695
0.26,7.4494,2.268422
0.261,7.43959,2.275866495
0.262,7.42978,2.28330118
0.263,7.41997,2.290726055
0.264,7.41016,2.29814112
0.265,7.40035,2.305546375
0.266,7.39054,2.31294182
0.267,7.38073,2.320327455
0.268,7.37092,2.32770328
0.269,7.36111,2.335069295
0.27,7.3513,2.3424255
0.271,7.34149,2.349771895
0.272,7.33168,2.35710848
0.273,7.32187,2.364435255
0.274,7.31206,2.37175222
0.275,7.30225,2.379059375
0.276,7.29244,2.38635672
0.277,7.28263,2.393644255
0.278,7.27282,2.40092198
0.279,7.26301,2.408189895
0.28,7.2532,2.415448
0.281,7.24339,2.422696295
0.282,7.23358,2.42993478
0.283,7.22377,2.437163455
0.284,7.21396,2.44438232
0.285,7.20415,2.451591375
0.286,7.19434,2.45879062
0.287,7.18453,2.465980055
0.288,7.17472,2.47315968
0.289,7.16491,2.480329495
0.29,7.1551,2.4874895
0.291,7.14529,2.494639695
0.292,7.13548,2.50178008
0.293,7.12567,2.508910655
0.294,7.11586,2.51603142
0.295,7.10605,2.523142375
0.296,7.09624,2.53024352
0.297,7.08643,2.537334855
0.298,7.07662,2.54441638
0.299,7.06681,2.551488095
0.3,7.057,2.55855
0.301,7.04719,2.565602095
0.302,7.03738,2.57264438
0.303,7.02757,2.579676855
0.304,7.01776,2.58669952
0.305,7.00795,2.593712375
0.306,6.99814,2.60071542
0.307,6.98833,2.607708655
0.308,6.97852,2.61469208
0.309,6.96871,2.621665695
0.31,6.9589,2.6286295
0.311,6.94909,2.635583495
0.312,6.93928,2.64252768
0.313,6.92947,2.649462055
0.314,6.91966,2.65638662
0.315,6.90985,2.663301375
0.316,6.90004,2.67020632
0.317,6.89023,2.677101455
0.318,6.88042,2.68398678
0.319,6.87061,2.690862295
0.32,6.8608,2.697728
0.321,6.85099,2.704583895
0.322,6.84118,2.71142998
0.323,6.83137,2.718266255
0.324,6.82156,2.72509272
0.325,6.81175,2.731909375
0.326,6.80194,2.73871622
0.327,6.79213,2.745513255
0.328,6.78232,2.75230048
0.329,6.77251,2.759077895
0.33,6.7627,2.7658455
0.331,6.75289,2.772603295
0.332,6.74308,2.77935128
0.333,6.73327,2.786089455
0.334,6.72346,2.79281782
0.335,6.71365,2.799536375
0.336,6.70384,2.80624512
0.337,6.69403,2.812944055
0.338,6.68422,2.81963318
0.339,6.67441,2.826312495
0.34,6.6646,2.832982
0.341,6.65479,2.839641695
0.342,6.64498,2.84629158
0.343,6.63517,2.852931655
0.344,6.62536,2.85956192
0.345,6.61555,2.866182375
0.346,6.60574,2.87279302
0.347,6.59593,2.879393855
0.348,6.58612,2.88598488
0.349,6.57631,2.892566095
0.35,6.5665,2.8991375
0.351,6.55669,2.905699095
0.352,6.54688,2.91225088
0.353,6.53707,2.918792855
0.354,6.52726,2.92532502
0.355,6.51745,2.931847375
0.356,6.50764,2.93835992
0.357,6.49783,2.944862655
0.358,6.48802,2.95135558
0.359,6.47821,2.957838695
0.36,6.4684,2.964312
0.361,6.45859,2.970775495
0.362,6.44878,2.97722918
0.363,6.43897,2.983673055
0.364,6.42916,2.99010712
0.365,6.41935,2.996531375
0.366,6.40954,3.00294582
0.367,6.39973,3.009350455
0.368,6.38992,3.01574528
0.369,6.38011,3.022130295
0.37,6.3703,3.0285055
0.371,6.36049,3.034870895
0.372,6.35068,3.04122648
0.373,6.34087,3.047572255
0.374,6.33106,3.05390822
0.375,6.32125,3.060234375
0.376,6.31144,3.06655072
0.377,6.30163,3.072857255
0.378,6.29182,3.07915398
0.379,6.28201,3.085440895
0.38,6.2722,3.091718
0.381,6.26239,3.097985295
0.382,6.25258,3.10424278
0.383,6.24277,3.110490455
0.384,6.23296,3.11672832
0.385,6.22315,3.122956375
0.386,6.21334,3.12917462
0.387,6.20353,3.135383055
0.388,6.19372,3.14158168
0.389,6.18391,3.147770495
0.39,6.1741,3.1539495
0.391,6.16429,3.160118695
0.392,6.15448,3.16627808
0.393,6.14467,3.172427655
0.394,6.13486,3.17856742
0.395,6.12505,3.184697375
0.396,6.11524,3.19081752
0.397,6.10543,3.196927855
0.398,6.09562,3.20302838
0.399,6.08581,3.209119095
0.4,6.076,3.2152
0.401,6.06619,3.221271095
0.402,6.05638,3.22733238
0.403,6.04657,3.233383855
0.404,6.03676,3.23942552
0.405,6.02695,3.245457375
0.406,6.01714,3.25147942
0.407,6.00733,3.257491655
0.408,5.99752,3.26349408
0.409,5.98771,3.269486695
0.41,5.9779,3.2754695
0.411,5.96809,3.281442495
0.412,5.95828,3.28740568
0.413,5.94847,3.293359055
0.414,5.93866,3.29930262
0.415,5.92885,3.305236375
0.416,5.91904,3.31116032
0.417,5.90923,3.317074455
0.418,5.89942,3.32297878
0.419,5.88961,3.328873295
0.42,5.8798,3.334758
0.421,5.86999,3.340632895
0.422,5.86018,3.34649798
0.423,5.85037,3.352353255
0.424,5.84056,3.35819872
0.425,5.83075,3.364034375
0.426,5.82094,3.36986022
0.427,5.81113,3.375676255
0.428,5.80132,3.38148248
0.429,5.79151,3.387278895
0.43,5.7817,3.3930655
0.431,5.77189,3.398842295
0.432,5.76208,3.40460928
0.433,5.75227,3.410366455
0.434,5.74246,3.41611382
0.435,5.73265,3.421851375
0.436,5.72284,3.42757912
0.437,5.71303,3.433297055
0.438,5.70322,3.43900518
0.439,5.69341,3.444703495
0.44,5.6836,3.450392
0.441,5.67379,3.456070695
0.442,5.66398,3.46173958
0.443,5.65417,3.467398655
0.444,5.64436,3.47304792
0.445,5.63455,3.478687375
0.446,5.62474,3.48431702
0.447,5.61493,3.489936855
0.448,5.60512,3.49554688
0.449,5.59531,3.501147095
0.45,5.5855,3.5067375
0.451,5.57569,3.512318095
0.452,5.56588,3.51788888
0.453,5.55607,3.523449855
0.454,5.54626,3.52900102
0.455,5.53645,3.534542375
0.456,5.52664,3.54007392
0.457,5.51683,3.545595655
0.458,5.50702,3.55110758
0.459,5.49721,3.556609695
0.46,5.4874,3.562102
0.461,5.47759,3.567584495
0.462,5.46778,3.57305718
0.463,5.45797,3.578520055
0.464,5.44816,3.58397312
0.465,5.43835,3.589416375
0.466,5.42854,3.59484982
0.467,5.41873,3.600273455
0.468,5.40892,3.60568728
0.469,5.39911,3.611091295
0.47,5.3893,3.6164855
0.471,5.37949,3.621869895
0.472,5.36968,3.62724448
0.473,5.35987,3.632609255
0.474,5.35006,3.63796422
0.475,5.34025,3.643309375
0.476,5.33044,3.64864472
0.477,5.32063,3.653970255
0.478,5.31082,3.65928598
0.479,5.30101,3.664591895
0.48,5.2912,3.669888
0.481,5.28139,3.675174295
0.482,5.27158,3.68045078
0.483,5.26177,3.685717455
0.484,5.25196,3.69097432
0.485,5.24215,3.696221375
0.486,5.23234,3.70145862
0.487,5.22253,3.706686055
0.488,5.21272,3.71190368
0.489,5.20291,3.717111495
0.49,5.1931,3.7223095
0.491,5.18329,3.727497695
0.492,5.17348,3.73267608
0.493,5.16367,3.737844655
0.494,5.15386,3.74300342
0.495,5.14405,3.748152375
0.496,5.13424,3.75329152
0.497,5.12443,3.758420855
0.498,5.11462,3.76354038
0.499,5.10481,3.768650095
0.5,5.095,3.77375
0.501,5.08519,3.778840095
0.502,5.07538,3.78392038
0.503,5.06557,3.788990855
0.504,5.05576,3.79405152
0.505,5.04595,3.799102375
0.506,5.03614,3.80414342
0.507,5.02633,3.809174655
0.508,5.01652,3.81419608
0.509,5.00671,3.819207695
0.51,4.9969,3.8242095
0.511,4.98709,3.829201495
0.512,4.97728,3.83418368
0.513,4.96747,3.839156055
0.514,4.95766,3.84411862
0.515,4.94785,3.849071375
0.516,4.93804,3.85401432
0.517,4.92823,3.858947455
0.518,4.91842,3.86387078
0.519,4.90861,3.868784295
0.52,4.8988,3.873688
0.521,4.88899,3.878581895
0.522,4.87918,3.88346598
0.523,4.86937,3.888340255
0.524,4.85956,3.89320472
0.525,4.84975,3.898059375
0.526,4.83994,3.90290422
0.527,4.83013,3.907739255
0.528,4.82032,3.91256448
0.529,4.81051,3.917379895
0.53,4.8007,3.9221855
0.531,4.79089,3.926981295
0.532,4.78108,3.93176728
0.533,4.77127,3.936543455
0.534,4.76146,3.94130982
0.535,4.75165,3.946066375
0.536,4.74184,3.95081312
0.537,4.73203,3.955550055
0.538,4.72222,3.96027718
0.539,4.71241,3.964994495
0.54,4.7026,3.969702
0.541,4.69279,3.974399695
0.542,4.68298,3.97908758
0.543,4.67317,3.983765655
0.544,4.66336,3.98843392
0.545,4.65355,3.993092375
0.546,4.64374,3.99774102
0.547,4.63393,4.002379855
0.548,4.62412,4.00700888
0.549,4.61431,4.011628095
0.55,4.6045,4.0162375
0.551,4.59469,4.020837095
0.552,4.58488,4.02542688
0.553,4.57507,4.030006855
0.554,4.56526,4.03457702
0.555,4.55545,4.039137375
0.556,4.54564,4.04368792
0.557,4.53583,4.048228655
0.558,4.52602,4.05275958
0.559,4.51621,4.057280695
0.56,4.5064,4.061792
0.561,4.49659,4.066293495
0.562,4.48678,4.07078518
0.563,4.47697,4.075267055
0.564,4.46716,4.07973912
0.565,4.45735,4.084201375
0.566,4.44754,4.08865382
0.567,4.43773,4.093096455
0.568,4.42792,4.09752928
0.569,4.41811,4.101952295
0.57,4.4083,4.1063655
0.571,4.39849,4.110768895
0.572,4.38868,4.11516248
0.573,4.37887,4.119546255
0.574,4.36906,4.12392022
0.575,4.35925,4.128284375
0.576,4.34944,4.13263872
0.577,4.33963,4.136983255
0.578,4.32982,4.14131798
0.579,4.32001,4.145642895
0.58,4.3102,4.149958
0.581,4.30039,4.154263295
0.582,4.29058,4.15855878
0.583,4.28077,4.162844455
0.584,4.27096,4.16712032
0.585,4.26115,4.171386375
0.586,4.25134,4.17564262
0.587,4.24153,4.179889055
0.588,4.23172,4.18412568
0.589,4.22191,4.188352495
0.59,4.2121,4.1925695
0.591,4.20229,4.196776695
0.592,4.19248,4.20097408
0.593,4.18267,4.205161655
0.594,4.17286,4.20933942
0.595,4.16305,4.213507375
0.596,4.15324,4.21766552
0.597,4.14343,4.221813855
0.598,4.13362,4.22595238
0.599,4.12381,4.230081095
0.6,4.114,4.2342
0.601,4.10419,4.238309095
0.602,4.09438,4.24240838
0.603,4.08457,4.246497855
0.604,4.07476,4.25057752
0.605,4.06495,4.254647375
0.606,4.05514,4.25870742
0.607,4.04533,4.262757655
0.608,4.03552,4.26679808
0.609,4.02571,4.270828695
0.61,4.0159,4.2748495
0.611,4.00609,4.278860495
0.612,3.99628,4.28286168
0.613,3.98647,4.286853055
0.614,3.97666,4.29083462
0.615,3.96685,4.294806375
0.616,3.95704,4.29876832
0.617,3.94723,4.302720455
0.618,3.93742,4.30666278
0.619,3.92761,4.310595295
0.62,3.9178,4.314518
0.621,3.90799,4.318430895
0.622,3.89818,4.32233398
0.623,3.88837,4.326227255
0.624,3.87856,4.33011072
0.625,3.86875,4.333984375
0.626,3.85894,4.33784822
0.627,3.84913,4.341702255
0.628,3.83932,4.34554648
0.629,3.82951,4.349380895
0.63,3.8197,4.3532055
0.631,3.80989,4.357020295
0.632,3.80008,4.36082528
0.633,3.79027,4.364620455
0.634,3.78046,4.36840582
0.635,3.77065,4.372181375
0.636,3.76084,4.37594712
0.637,3.75103,4.379703055
0.638,3.74122,4.38344918
0.639,3.73141,4.387185495
0.64,3.7216,4.390912
0.641,3.71179,4.394628695
0.642,3.70198,4.39833558
0.643,3.69217,4.402032655
0.644,3.68236,4.40571992
0.645,3.67255,4.409397375
0.646,3.66274,4.41306502
0.647,3.65293,4.416722855
0.648,3.64312,4.42037088
0.649,3.63331,4.424009095
0.65,3.6235,4.4276375
0.651,3.61369,4.431256095
0.652,3.60388,4.43486488
0.653,3.59407,4.438463855
0.654,3.58426,4.44205302
0.655,3.57445,4.445632375
0.656,3.56464,4.44920192
0.657,3.55483,4.452761655
0.658,3.54502,4.45631158
0.659,3.53521,4.459851695
0.66,3.5254,4.463382
0.661,3.51559,4.466902495
0.662,3.50578,4.47041318
0.663,3.49597,4.473914055
0.664,3.48616,4.47740512
0.665,3.47635,4.480886375
0.666,3.46654,4.48435782
0.667,3.45673,4.487819455
0.668,3.44692,4.49127128
0.669,3.43711,4.494713295
0.67,3.4273,4.4981455
0.671,3.41749,4.501567895
0.672,3.40768,4.50498048
0.673,3.39787,4.508383255
0.674,3.38806,4.51177622
0.675,3.37825,4.515159375
0.676,3.36844,4.51853272
0.677,3.35863,4.521896255
0.678,3.34882,4.52524998
0.679,3.33901,4.528593895
0.68,3.3292,4.531928
0.681,3.31939,4.535252295
0.682,3.30958,4.53856678
0.683,3.29977,4.541871455
0.684,3.28996,4.54516632
0.685,3.28015,4.548451375
0.686,3.27034,4.55172662
0.687,3.26053,4.554992055
0.688,3.25072,4.55824768
0.689,3.24091,4.561493495
0.69,3.2311,4.5647295
0.691,3.22129,4.567955695
0.692,3.21148,4.57117208
0.693,3.20167,4.574378655
0.694,3.19186,4.57757542
0.695,3.18205,4.580762375
0.696,3.17224,4.58393952
0.697,3.16243,4.587106855
0.698,3.15262,4.59026438
0.699,3.14281,4.593412095
0.7,3.133,4.59655
0.701,3.12319,4.599678095
0.702,3.11338,4.60279638
0.703,3.10357,4.605904855
0.704,3.09376,4.60900352
0.705,3.08395,4.612092375
0.706,3.07414,4.61517142
0.707,3.06433,4.618240655
0.708,3.05452,4.62130008
0.709,3.04471,4.624349695
0.71,3.0349,4.6273895
0.711,3.02509,4.630419495
0.712,3.01528,4.63343968
0.713,3.00547,4.636450055
0.714,2.99566,4.63945062
0.715,2.98585,4.642441375
0.716,2.97604,4.64542232
0.717,2.96623,4.648393455
0.718,2.95642,4.65135478
0.719,2.94661,4.654306295
0.72,2.9368,4.657248
0.721,2.92699,4.660179895
0.722,2.91718,4.66310198
0.723,2.90737,4.666014255
0.724,2.89756,4.66891672
0.725,2.88775,4.671809375
0.726,2.87794,4.67469222
0.727,2.86813,4.677565255
0.728,2.85832,4.68042848
0.729,2.84851,4.683281895
0.73,2.8387,4.6861255
0.731,2.82889,4.688959295
0.732,2.81908,4.69178328
0.733,2.80927,4.694597455
0.734,2.79946,4.69740182
0.735,2.78965,4.700196375
0.736,2.77984,4.70298112
0.737,2.77003,4.705756055
0.738,2.76022,4.70852118
0.739,2.75041,4.711276495
0.74,2.7406,4.714022
0.741,2.73079,4.716757695
0.742,2.72098,4.71948358
0.743,2.71117,4.722199655
0.744,2.70136,4.72490592
0.745,2.69155,4.727602375
0.746,2.68174,4.73028902
0.747,2.67193,4.732965855
0.748,2.66212,4.73563288
0.749,2.65231,4.738290095
0.75,2.6425,4.7409375
0.751,2.63269,4.743575095
0.752,2.62288,4.74620288
0.753,2.61307,4.748820855
0.754,2.60326,4.75142902
0.755,2.59345,4.754027375
0.756,2.58364,4.75661592
0.757,2.57383,4.759194655
0.758,2.56402,4.76176358
0.759,2.55421,4.764322695
0.76,2.5444,4.766872
0.761,2.53459,4.769411495
0.762,2.52478,4.77194118
0.763,2.51497,4.774461055
0.764,2.50516,4.77697112
0.765,2.49535,4.779471375
0.766,2.48554,4.78196182
0.767,2.47573,4.784442455
0.768,2.46592,4.78691328
0.769,2.45611,4.789374295
0.77,2.4463,4.7918255
0.771,2.43649,4.794266895
0.772,2.42668,4.79669848
0.773,2.41687,4.799120255
0.774,2.40706,4.80153222
0.775,2.39725,4.803934375
0.776,2.38744,4.80632672
0.777,2.37763,4.808709255
0.778,2.36782,4.81108198
0.779,2.35801,4.813444895
0.78,2.3482,4.815798
0.781,2.33839,4.818141295
0.782,2.32858,4.82047478
0.783,2.31877,4.822798455
0.784,2.30896,4.82511232
0.785,2.29915,4.827416375
0.786,2.28934,4.82971062
0.787,2.27953,4.831995055
0.788,2.26972,4.83426968
0.789,2.25991,4.836534495
0.79,2.2501,4.8387895
0.791,2.24029,4.841034695
0.792,2.23048,4.84327008
0.793,2.22067,4.845495655
0.794,2.21086,4.84771142
0.795,2.20105,4.849917375
0.796,2.19124,4.85211352
0.797,2.18143,4.854299855
0.798,2.17162,4.85647638
0.799,2.16181,4.858643095
0.8,2.152,4.8608
0.801,2.14219,4.862947095
0.802,2.13238,4.86508438
0.803,2.12257,4.867211855
0.804,2.11276,4.86932952
0.805,2.10295,4.871437375
0.806,2.09314,4.87353542
0.807,2.08333,4.875623655
0.808,2.07352,4.87770208
0.809,2.06371,4.879770695
0.81,2.0539,4.8818295
0.811,2.04409,4.883878495
0.812,2.03428,4.88591768
0.813,2.02447,4.887947055
0.814,2.01466,4.88996662
0.815,2.00485,4.891976375
0.816,1.99504,4.89397632
0.817,1.98523,4.895966455
0.818,1.97542,4.89794678
0.819,1.96561,4.899917295
0.82,1.9558,4.901878
0.821,1.94599,4.903828895
0.822,1.93618,4.90576998
0.823,1.92637,4.907701255
0.824,1.91656,4.90962272
0.825,1.90675,4.911534375
0.826,1.89694,4.91343622
0.827,1.88713,4.915328255
0.828,1.87732,4.91721048
0.829,1.86751,4.919082895
0.83,1.8577,4.9209455
0.831,1.84789,4.922798295
0.832,1.83808,4.92464128
0.833,1.82827,4.926474455
0.834,1.81846,4.92829782
0.835,1.80865,4.930111375
0.836,1.79884,4.93191512
0.837,1.78903,4.933709055
0.838,1.77922,4.93549318
0.839,1.76941,4.937267495
0.84,1.7596,4.939032
0.841,1.74979,4.940786695
0.842,1.73998,4.94253158
0.843,1.73017,4.944266655
0.844,1.72036,4.94599192
0.845,1.71055,4.947707375
0.846,1.70074,4.94941302
0.847,1.69093,4.951108855
0.848,1.68112,4.95279488
0.849,1.67131,4.954471095
0.85,1.6615,4.9561375
0.851,1.65169,4.957794095
0.852,1.64188,4.95944088
0.853,1.63207,4.961077855
0.854,1.62226,4.96270502
0.855,1.61245,4.964322375
0.856,1.60264,4.96592992
0.857,1.59283,4.967527655
0.858,1.58302,4.96911558
0.859,1.57321,4.970693695
0.86,1.5634,4.972262
0.861,1.55359,4.973820495
0.862,1.54378,4.97536918
0.863,1.53397,4.976908055
0.864,1.52416,4.97843712
0.865,1.51435,4.979956375
0.866,1.50454,4.98146582
0.867,1.49473,4.982965455
0.868,1.48492,4.98445528
0.869,1.47511,4.985935295
0.87,1.4653,4.9874055
0.871,1.45549,4.988865895
0.872,1.44568,4.99031648
0.873,1.43587,4.991757255
0.874,1.42606,4.99318822
0.875,1.41625,4.994609375
0.876,1.40644,4.99602072
0.877,1.39663,4.997422255
0.878,1.38682,4.99881398
0.879,1.37701,5.000195895
0.88,1.3672,5.001568
0.881,1.35739,5.002930295
0.882,1.34758,5.00428278
0.883,1.33777,5.005625455
0.884,1.32796,5.00695832
0.885,1.31815,5.008281375
0.886,1.30834,5.00959462
0.887,1.29853,5.010898055
0.888,1.28872,5.01219168
0.889,1.27891,5.013475495
0.89,1.2691,5.0147495
0.891,1.25929,5.016013695
0.892,1.24948,5.01726808
0.893,1.23967,5.018512655
0.894,1.22986,5.01974742
0.895,1.22005,5.020972375
0.896,1.21024,5.02218752
0.897,1.20043,5.023392855
0.898,1.19062,5.02458838
0.899,1.18081,5.025774095
0.9,1.171,5.02695
0.901,1.16119,5.028116095
0.902,1.15138,5.02927238
0.903,1.14157,5.030418855
0.904,1.13176,5.03155552
0.905,1.12195,5.032682375
0.906,1.11214,5.03379942
0.907,1.10233,5.034906655
0.908,1.09252,5.03600408
0.909,1.08271,5.037091695
0.91,1.0729,5.0381695
0.911,1.06309,5.039237495
0.912,1.05328,5.04029568
0.913,1.04347,5.041344055
0.914,1.03366,5.04238262
0.915,1.02385,5.043411375
0.916,1.01404,5.04443032
0.917,1.00423,5.045439455
0.918,0.99442,5.04643878
0.919,0.98461,5.047428295
0.92,0.9748,5.048408
0.921,0.96499,5.049377895
0.922,0.95518,5.05033798
0.923,0.94537,5.051288255
0.924,0.93556,5.05222872
0.925,0.92575,5.053159375
0.926,0.91594,5.05408022
0.927,0.90613,5.054991255
0.928,0.89632,5.05589248
0.929,0.88651,5.056783895
0.93,0.8767,5.0576655
0.931,0.86689,5.058537295
0.932,0.85708,5.05939928
0.933,0.84727,5.060251455
0.934,0.83746,5.06109382
0.935,0.82765,5.061926375
0.936,0.81784,5.06274912
0.937,0.80803,5.063562055
0.938,0.79822,5.06436518
0.939,0.78841,5.065158495
0.94,0.7786,5.065942
0.941,0.76879,5.066715695
0.942,0.75898,5.06747958
0.943,0.74917,5.068233655
0.944,0.73936,5.06897792
0.945,0.72955,5.069712375
0.946,0.71974,5.07043702
0.947,0.70993,5.071151855
0.948,0.70012,5.07185688
0.949,0.69031,5.072552095
0.95,0.6805,5.0732375
0.951,0.67069,5.073913095
0.952,0.66088,5.07457888
0.953,0.65107,5.075234855
0.954,0.64126,5.07588102
0.955,0.63145,5.076517375
0.956,0.62164,5.07714392
0.957,0.61183,5.077760655
0.958,0.60202,5.07836758
0.959,0.59221,5.078964695
0.96,0.5824,5.079552
0.961,0.57259,5.080129495
0.962,0.56278,5.08069718
0.963,0.55297,5.081255055
0.964,0.54316,5.08180312
0.965,0.53335,5.082341375
0.966,0.52354,5.08286982
0.967,0.51373,5.083388455
0.968,0.50392,5.08389728
0.969,0.49411,5.084396295
0.97,0.4843,5.0848855
0.971,0.47449,5.085364895
0.972,0.46468,5.08583448
0.973,0.45487,5.086294255
0.974,0.44506,5.08674422
0.975,0.43525,5.087184375
0.976,0.42544,5.08761472
0.977,0.41563,5.088035255
0.978,0.40582,5.08844598
0.979,0.39601,5.088846895
0.98,0.3862,5.089238
0.981,0.37639,5.089619295
0.982,0.36658,5.08999078
0.983,0.35677,5.090352455
0.984,0.34696,5.09070432
0.985,0.33715,5.091046375
0.986,0.32734,5.09137862
0.987,0.31753,5.091701055
0.988,0.30772,5.09201368
0.989,0.29791,5.092316495
0.99,0.2881,5.0926095
0.991,0.27829,5.092892695
0.992,0.26848,5.09316608
0.993,0.25867,5.093429655
0.994,0.24886,5.09368342
0.995,0.23905,5.093927375
0.996,0.22924,5.09416152
0.997,0.21943,5.094385855
0.998,0.20962,5.09460038
0.999,0.19981,5.094805095
1,0.19,5.095
1.001,0.18019,5.095185095
1.002,0.17038,5.09536038
1.003,0.16057,5.095525855
1.004,0.15076,5.09568152
1.005,0.14095,5.095827375
1.006,0.13114,5.09596342
1.007,0.12133,5.096089655
1.008,0.11152,5.09620608
1.009,0.10171,5.096312695
1.01,0.0919,5.0964095
1.011,0.08209,5.096496495
1.012,0.07228,5.09657368
1.013,0.06247,5.096641055
1.014,0.05266,5.09669862
1.015,0.04285,5.096746375
1.016,0.03304,5.09678432
1.017,0.02323,5.096812455
1.018,0.01342,5.09683078
1.019,0.00361,5.096839295
1.02,0,5.096839295
1.021,0,5.096839295
1.022,0,5.096839295
1.023,0,5.096839295
1.024,0,5.096839295
1.025,0,5.096839295
1.026,0,5.096839295
1.027,0,5.096839295
1.028,0,5.096839295
1.029,0,5.096839295
1.03,0,5.096839295
1.031,0,5.096839295
1.032,0,5.096839295
1.033,0,5.096839295
1.034,0,5.096839295
1.035,0,5.096839295
1.036,0,5.096839295
1.037,0,5.096839295
1.038,0,5.096839295
1.039,0,5.096839295
1.04,0,5.096839295
1.041,0,5.096839295
1.042,0,5.096839295
1.043,0,5.096839295
1.044,0,5.096839295
1.045,0,5.096839295
1.046,0,5.096839295
1.047,0,5.096839295
1.048,0,5.096839295
1.049,0,5.096839295
1.05,0,5.096839295
1.051,0,5.096839295
1.052,0,5.096839295
1.053,0,5.096839295
1.054,0,5.096839295
1.055,0,5.096839295
1.056,0,5.096839295
1.057,0,5.096839295
1.058,0,5.096839295
1.059,0,5.096839295
1.06,0,5.096839295
1.061,0,5.096839295
1.062,0,5.096839295
1.063,0,5.096839295
1.064,0,5.096839295
1.065,0,5.096839295
1.066,0,5.096839295
1.067,0,5.096839295
1.068,0,5.096839295
1.069,0,5.096839295
1.07,0,5.096839295
1.071,0,5.096839295
1.072,0,5.096839295
1.073,0,5.096839295
1.074,0,5.096839295
1.075,0,5.096839295
1.076,0,5.096839295
1.077,0,5.096839295
1.078,0,5.096839295
1.079,0,5.096839295
1.08,0,5.096839295
1.081,0,5.096839295
1.082,0,5.096839295
1.083,0,5.096839295
1.084,0,5.096839295
1.085,0,5.096839295
1.086,0,5.096839295
1.087,0,5.096839295
1.088,0,5.096839295
1.089,0,5.096839295
1.09,0,5.096839295
1.091,0,5.096839295
1.092,0,5.096839295
1.093,0,5.096839295
1.094,0,5.096839295
1.095,0,5.096839295
1.096,0,5.096839295
1.097,0,5.096839295
1.098,0,5.096839295
1.099,0,5.096839295
1.1,0,5.096839295
1.101,0,5.096839295
1.102,0,5.096839295
1.103,0,5.096839295
1.104,0,5.096839295
1.105,0,5.096839295
1.106,0,5.096839295
1.107,0,5.096839295
1.108,0,5.096839295
1.109,0,5.096839295
1.11,0,5.096839295
1.111,0,5.096839295
1.112,0,5.096839295
1.113,0,5.096839295
1.114,0,5.096839295
1.115,0,5.096839295
1.116,0,5.096839295
1.117,0,5.096839295
1.118,0,5.096839295
1.119,0,5.096839295
1.12,0,5.096839295
1.121,0,5.096839295
1.122,0,5.096839295
1.123,0,5.096839295
1.124,0,5.096839295
1.125,0,5.096839295
1.126,0,5.096839295
1.127,0,5.096839295
1.128,0,5.096839295
1.129,0,5.096839295
1.13,0,5.096839295
1.131,0,5.096839295
1.132,0,5.096839295
1.133,0,5.096839295
1.134,0,5.096839295
1.135,0,5.096839295
1.136,0,5.096839295
1.137,0,5.096839295
1.138,0,5.096839295
1.139,0,5.096839295
1.14,0,5.096839295
1.141,0,5.096839295
1.142,0,5.096839295
1.143,0,5.096839295
1.144,0,5.096839295
1.145,0,5.096839295
1.146,0,5.096839295
1.147,0,5.096839295
1.148,0,5.096839295
1.149,0,5.096839295
1.15,0,5.096839295
1.151,0,5.096839295
1.152,0,5.096839295
1.153,0,5.096839295
1.154,0,5.096839295
1.155,0,5.096839295
1.156,0,5.096839295
1.157,0,5.096839295
1.158,0,5.096839295
1.159,0,5.096839295
1.16,0,5.096839295
1.161,0,5.096839295
1.162,0,5.096839295
1.163,0,5.096839295
1.164,0,5.096839295
1.165,0,5.096839295
1.166,0,5.096839295
1.167,0,5.096839295
1.168,0,5.096839295
1.169,0,5.096839295
1.17,0,5.096839295
1.171,0,5.096839295
1.172,0,5.096839295
1.173,0,5.096839295
1.174,0,5.096839295
1.175,0,5.096839295
1.176,0,5.096839295
1.177,0,5.096839295
1.178,0,5.096839295
1.179,0,5.096839295
1.18,0,5.096839295
1.181,0,5.096839295
1.182,0,5.096839295
1.183,0,5.096839295
1.184,0,5.096839295
1.185,0,5.096839295
1.186,0,5.096839295
1.187,0,5.096839295
1.188,0,5.096839295
1.189,0,5.096839295
1.19,0,5.096839295
1.191,0,5.096839295
1.192,0,5.096839295
1.193,0,5.096839295
1.194,0,5.096839295
1.195,0,5.096839295
1.196,0,5.096839295
1.197,0,5.096839295
1.198,0,5.096839295
1.199,0,5.096839295
1.2,0,5.096839295
1.201,0,5.096839295
1.202,0,5.096839295
1.203,0,5.096839295
1.204,0,5.096839295
1.205,0,5.096839295
1.206,0,5.096839295
1.207,0,5.096839295
1.208,0,5.096839295
1.209,0,5.096839295
1.21,0,5.096839295
1.211,0,5.096839295
1.212,0,5.096839295
1.213,0,5.096839295
1.214,0,5.096839295
1.215,0,5.096839295
1.216,0,5.096839295
1.217,0,5.096839295
1.218,0,5.096839295
1.219,0,5.096839295
1.22,0,5.096839295
1.221,0,5.096839295
1.222,0,5.096839295
1.223,0,5.096839295
1.224,0,5.096839295
1.225,0,5.096839295
1.226,0,5.096839295
1.227,0,5.096839295
1.228,0,5.096839295
1.229,0,5.096839295
1.23,0,5.096839295
1.231,0,5.096839295
1.232,0,5.096839295
1.233,0,5.096839295
1.234,0,5.096839295
1.235,0,5.096839295
1.236,0,5.096839295
1.237,0,5.096839295
1.238,0,5.096839295
1.239,0,5.096839295
1.24,0,5.096839295
1.241,0,5.096839295
1.242,0,5.096839295
1.243,0,5.096839295
1.244,0,5.096839295
1.245,0,5.096839295
1.246,0,5.096839295
1.247,0,5.096839295
1.248,0,5.096839295
1.249,0,5.096839295
1.25,0,5.096839295
1.251,0,5.096839295
1.252,0,5.096839295
1.253,0,5.096839295
1.254,0,5.096839295
1.255,0,5.096839295
1.256,0,5.096839295
1.257,0,5.096839295
1.258,0,5.096839295
1.259,0,5.096839295
1.26,0,5.096839295
1.261,0,5.096839295
1.262,0,5.096839295
1.263,0,5.096839295
1.264,0,5.096839295
1.265,0,5.096839295
1.266,0,5.096839295
1.267,0,5.096839295
1.268,0,5.096839295
1.269,0,5.096839295
1.27,0,5.096839295
1.271,0,5.096839295
1.272,0,5.096839295
1.273,0,5.096839295
1.274,0,5.096839295
1.275,0,5.096839295
1.276,0,5.096839295
1.277,0,5.096839295
1.278,0,5.096839295
1.279,0,5.096839295
1.28,0,5.096839295
1.281,0,5.096839295
1.282,0,5.096839295
1.283,0,5.096839295
1.284,0,5.096839295
1.285,0,5.096839295
1.286,0,5.096839295
1.287,0,5.096839295
1.288,0,5.096839295
1.289,0,5.096839295
1.29,0,5.096839295
1.291,0,5.096839295
1.292,0,5.096839295
1.293,0,5.096839295
1.294,0,5.096839295
1.295,0,5.096839295
1.296,0,5.096839295
1.297,0,5.096839295
1.298,0,5.096839295
1.299,0,5.096839295
1.3,0,5.096839295
1.301,0,5.096839295
1.302,0,5.096839295
1.303,0,5.096839295
1.304,0,5.096839295
1.305,0,5.096839295
1.306,0,5.096839295
1.307,0,5.096839295
1.308,0,5.096839295
1.309,0,5.096839295
1.31,0,5.096839295
1.311,0,5.096839295
1.312,0,5.096839295
1.313,0,5.096839295
1.314,0,5.096839295
1.315,0,5.096839295
1.316,0,5.096839295
1.317,0,5.096839295
1.318,0,5.096839295
1.319,0,5.096839295
1.32,0,5.096839295
1.321,0,5.096839295
1.322,0,5.096839295
1.323,0,5.096839295
1.324,0,5.096839295
1.325,0,5.096839295
1.326,0,5.096839295
1.327,0,5.096839295
1.328,0,5.096839295
1.329,0,5.096839295
1.33,0,5.096839295
1.331,0,5.096839295
1.332,0,5.096839295
1.333,0,5.096839295
1.334,0,5.096839295
1.335,0,5.096839295
1.336,0,5.096839295
1.337,0,5.096839295
1.338,0,5.096839295
1.339,0,5.096839295
1.34,0,5.096839295
1.341,0,5.096839295
1.342,0,5.096839295
1.343,0,5.096839295
1.344,0,5.096839295
1.345,0,5.096839295
1.346,0,5.096839295
1.347,0,5.096839295
1.348,0,5.096839295
1.349,0,5.096839295
1.35,0,5.096839295
1.351,0,5.096839295
1.352,0,5.096839295
1.353,0,5.096839295
1.354,0,5.096839295
1.355,0,5.096839295
1.356,0,5.096839295
1.357,0,5.096839295
1.358,0,5.096839295
1.359,0,5.096839295
1.36,0,5.096839295
1.361,0,5.096839295
1.362,0,5.096839295
1.363,0,5.096839295
1.364,0,5.096839295
1.365,0,5.096839295
1.366,0,5.096839295
1.367,0,5.096839295
1.368,0,5.096839295
1.369,0,5.096839295
1.37,0,5.096839295
1.371,0,5.096839295
1.372,0,5.096839295
1.373,0,5.096839295
1.374,0,5.096839295
1.375,0,5.096839295
1.376,0,5.096839295
1.377,0,5.096839295
1.378,0,5.096839295
1.379,0,5.096839295
1.38,0,5.096839295
1.381,0,5.096839295
1.382,0,5.096839295
1.383,0,5.096839295
1.384,0,5.096839295
1.385,0,5.096839295
1.386,0,5.096839295
1.387,0,5.096839295
1.388,0,5.096839295
1.389,0,5.096839295
1.39,0,5.096839295
1.391,0,5.096839295
1.392,0,5.096839295
1.393,0,5.096839295
1.394,0,5.096839295
1.395,0,5.096839295
1.396,0,5.096839295
1.397,0,5.096839295
1.398,0,5.096839295
1.399,0,5.096839295
1.4,0,5.096839295
1.401,0,5.096839295
1.402,0,5.096839295
1.403,0,5.096839295
1.404,0,5.096839295
1.405,0,5.096839295
1.406,0,5.096839295
1.407,0,5.096839295
1.408,0,5.096839295
1.409,0,5.096839295
1.41,0,5.096839295
1.411,0,5.096839295
1.412,0,5.096839295
1.413,0,5.096839295
1.414,0,5.096839295
1.415,0,5.096839295
1.416,0,5.096839295
1.417,0,5.096839295
1.418,0,5.096839295
1.419,0,5.096839295
1.42,0,5.096839295
1.421,0,5.096839295
1.422,0,5.096839295
1.423,0,5.096839295
1.424,0,5.096839295
1.425,0,5.096839295
1.426,0,5.096839295
1.427,0,5.096839295
1.428,0,5.096839295
1.429,0,5.096839295
1.43,0,5.096839295
1.431,0,5.096839295
1.432,0,5.096839295
1.433,0,5.096839295
1.434,0,5.096839295
1.435,0,5.096839295
1.436,0,5.096839295
1.437,0,5.096839295
1.438,0,5.096839295
1.439,0,5.096839295
1.44,0,5.096839295
1.441,0,5.096839295
1.442,0,5.096839295
1.443,0,5.096839295
1.444,0,5.096839295
1.445,0,5.096839295
1.446,0,5.096839295
1.447,0,5.096839295
1.448,0,5.096839295
1.449,0,5.096839295
1.45,0,5.096839295
1.451,0,5.096839295
1.452,0,5.096839295
1.453,0,5.096839295
1.454,0,5.096839295
1.455,0,5.096839295
1.456,0,5.096839295
1.457,0,5.096839295
1.458,0,5.096839295
1.459,0,5.096839295
1.46,0,5.096839295
1.461,0,5.096839295
1.462,0,5.096839295
1.463,0,5.096839295
1.464,0,5.096839295
1.465,0,5.096839295
1.466,0,5.096839295
1.467,0,5.096839295
1.468,0,5.096839295
1.469,0,5.096839295
1.47,0,5.096839295
1.471,0,5.096839295
1.472,0,5.096839295
1.473,0,5.096839295
1.474,0,5.096839295
1.475,0,5.096839295
1.476,0,5.096839295
1.477,0,5.096839295
1.478,0,5.096839295
1.479,0,5.096839295
1.48,0,5.096839295
1.481,0,5.096839295
1.482,0,5.096839295
1.483,0,5.096839295
1.484,0,5.096839295
1.485,0,5.096839295
1.486,0,5.096839295
1.487,0,5.096839295
1.488,0,5.096839295
1.489,0,5.096839295
1.49,0,5.096839295
1.491,0,5.096839295
1.492,0,5.096839295
1.493,0,5.096839295
1.494,0,5.096839295
1.495,0,5.096839295
1.496,0,5.096839295
1.497,0,5.096839295
1.498,0,5.096839295
1.499,0,5.096839295
1.5,0,5.096839295
1.501,0,5.096839295
1.502,0,5.096839295
1.503,0,5.096839295
1.504,0,5.096839295
1.505,0,5.096839295
1.506,0,5.096839295
1.507,0,5.096839295
1.508,0,5.096839295
1.509,0,5.096839295
1.51,0,5.096839295
1.511,0,5.096839295
1.512,0,5.096839295
1.513,0,5.096839295
1.514,0,5.096839295
1.515,0,5.096839295
1.516,0,5.096839295
1.517,0,5.096839295
1.518,0,5.096839295
1.519,0,5.096839295
1.52,0,5.096839295
1.521,0,5.096839295
1.522,0,5.096839295
1.523,0,5.096839295
1.524,0,5.096839295
1.525,0,5.096839295
1.526,0,5.096839295
1.527,0,5.096839295
1.528,0,5.096839295
1.529,0,5.096839295
1.53,0,5.096839295
1.531,0,5.096839295
1.532,0,5.096839295
1.533,0,5.096839295
1.534,0,5.096839295
1.535,0,5.096839295
1.536,0,5.096839295
1.537,0,5.096839295
1.538,0,5.096839295
1.539,0,5.096839295
1.54,0,5.096839295
1.541,0,5.096839295
1.542,0,5.096839295
1.543,0,5.096839295
1.544,0,5.096839295
1.545,0,5.096839295
1.546,0,5.096839295
1.547,0,5.096839295
1.548,0,5.096839295
1.549,0,5.096839295
1.55,0,5.096839295
1.551,0,5.096839295
1.552,0,5.096839295
1.553,0,5.096839295
1.554,0,5.096839295
1.555,0,5.096839295
1.556,0,5.096839295
1.557,0,5.096839295
1.558,0,5.096839295
1.559,0,5.096839295
1.56,0,5.096839295
1.561,0,5.096839295
1.562,0,5.096839295
1.563,0,5.096839295
1.564,0,5.096839295
1.565,0,5.096839295
1.566,0,5.096839295
1.567,0,5.096839295
1.568,0,5.096839295
1.569,0,5.096839295
1.57,0,5.096839295
1.571,0,5.096839295
1.572,0,5.096839295
1.573,0,5.096839295
1.574,0,5.096839295
1.575,0,5.096839295
1.576,0,5.096839295
1.577,0,5.096839295
1.578,0,5.096839295
1.579,0,5.096839295
1.58,0,5.096839295
1.581,0,5.096839295
1.582,0,5.096839295
1.583,0,5.096839295
1.584,0,5.096839295
1.585,0,5.096839295
1.586,0,5.096839295
1.587,0,5.096839295
1.588,0,5.096839295
1.589,0,5.096839295
1.59,0,5.096839295
1.591,0,5.096839295
1.592,0,5.096839295
1.593,0,5.096839295
1.594,0,5.096839295
1.595,0,5.096839295
1.596,0,5.096839295
1.597,0,5.096839295
1.598,0,5.096839295
1.599,0,5.096839295
1.6,0,5.096839295
1.601,0,5.096839295
1.602,0,5.096839295
1.603,0,5.096839295
1.604,0,5.096839295
1.605,0,5.096839295
1.606,0,5.096839295
1.607,0,5.096839295
1.608,0,5.096839295
1.609,0,5.096839295
1.61,0,5.096839295
1.611,0,5.096839295
1.612,0,5.096839295
1.613,0,5.096839295
1.614,0,5.096839295
1.615,0,5.096839295
1.616,0,5.096839295
1.617,0,5.096839295
1.618,0,5.096839295
1.619,0,5.096839295
1.62,0,5.096839295
1.621,0,5.096839295
1.622,0,5.096839295
1.623,0,5.096839295
1.624,0,5.096839295
1.625,0,5.096839295
1.626,0,5.096839295
1.627,0,5.096839295
1.628,0,5.096839295
1.629,0,5.096839295
1.63,0,5.096839295
1.631,0,5.096839295
1.632,0,5.096839295
1.633,0,5.096839295
1.634,0,5.096839295
1.635,0,5.096839295
1.636,0,5.096839295
1.637,0,5.096839295
1.638,0,5.096839295
1.639,0,5.096839295
1.64,0,5.096839295
1.641,0,5.096839295
1.642,0,5.096839295
1.643,0,5.096839295
1.644,0,5.096839295
1.645,0,5.096839295
1.646,0,5.096839295
1.647,0,5.096839295
1.648,0,5.096839295
1.649,0,5.096839295
1.65,0,5.096839295
1.651,0,5.096839295
1.652,0,5.096839295
1.653,0,5.096839295
1.654,0,5.096839295
1.655,0,5.096839295
1.656,0,5.096839295
1.657,0,5.096839295
1.658,0,5.096839295
1.659,0,5.096839295
1.66,0,5.096839295
1.661,0,5.096839295
1.662,0,5.096839295
1.663,0,5.096839295
1.664,0,5.096839295
1.665,0,5.096839295
1.666,0,5.096839295
1.667,0,5.096839295
1.668,0,5.096839295
1.669,0,5.096839295
1.67,0,5.096839295
1.671,0,5.096839295
1.672,0,5.096839295
1.673,0,5.096839295
1.674,0,5.096839295
1.675,0,5.096839295
1.676,0,5.096839295
1.677,0,5.096839295
1.678,0,5.096839295
1.679,0,5.096839295
1.68,0,5.096839295
1.681,0,5.096839295
1.682,0,5.096839295
1.683,0,5.096839295
1.684,0,5.096839295
1.685,0,5.096839295
1.686,0,5.096839295
1.687,0,5.096839295
1.688,0,5.096839295
1.689,0,5.096839295
1.69,0,5.096839295
1.691,0,5.096839295
1.692,0,5.096839295
1.693,0,5.096839295
1.694,0,5.096839295
1.695,0,5.096839295
1.696,0,5.096839295
1.697,0,5.096839295
1.698,0,5.096839295
1.699,0,5.096839295
1.7,0,5.096839295
1.701,0,5.096839295
1.702,0,5.096839295
1.703,0,5.096839295
1.704,0,5.096839295
1.705,0,5.096839295
1.706,0,5.096839295
1.707,0,5.096839295
1.708,0,5.096839295
1.709,0,5.096839295
1.71,0,5.096839295
1.711,0,5.096839295
1.712,0,5.096839295
1.713,0,5.096839295
1.714,0,5.096839295
1.715,0,5.096839295
1.716,0,5.096839295
1.717,0,5.096839295
1.718,0,5.096839295
1.719,0,5.096839295
1.72,0,5.096839295
1.721,0,5.096839295
1.722,0,5.096839295
1.723,0,5.096839295
1.724,0,5.096839295
1.725,0,5.096839295
1.726,0,5.096839295
1.727,0,5.096839295
1.728,0,5.096839295
1.729,0,5.096839295
1.73,0,5.096839295
1.731,0,5.096839295
1.732,0,5.096839295
1.733,0,5.096839295
1.734,0,5.096839295
1.735,0,5.096839295
1.736,0,5.096839295
1.737,0,5.096839295
1.738,0,5.096839295
1.739,0,5.096839295
1.74,0,5.096839295
1.741,0,5.096839295
1.742,0,5.096839295
1.743,0,5.096839295
1.744,0,5.096839295
1.745,0,5.096839295
1.746,0,5.096839295
1.747,0,5.096839295
1.748,0,5.096839295
1.749,0,5.096839295
1.75,0,5.096839295
1.751,0,5.096839295
1.752,0,5.096839295
1.753,0,5.096839295
1.754,0,5.096839295
1.755,0,5.096839295
1.756,0,5.096839295
1.757,0,5.096839295
1.758,0,5.096839295
1.759,0,5.096839295
1.76,0,5.096839295
1.761,0,5.096839295
1.762,0,5.096839295
1.763,0,5.096839295
1.764,0,5.096839295
1.765,0,5.096839295
1.766,0,5.096839295
1.767,0,5.096839295
1.768,0,5.096839295
1.769,0,5.096839295
1.77,0,5.096839295
1.771,0,5.096839295
1.772,0,5.096839295
1.773,0,5.096839295
1.774,0,5.096839295
1.775,0,5.096839295
1.776,0,5.096839295
1.777,0,5.096839295
1.778,0,5.096839295
1.779,0,5.096839295
1.78,0,5.096839295
1.781,0,5.096839295
1.782,0,5.096839295
1.783,0,5.096839295
1.784,0,5.096839295
1.785,0,5.096839295
1.786,0,5.096839295
1.787,0,5.096839295
1.788,0,5.096839295
1.789,0,5.096839295
1.79,0,5.096839295
1.791,0,5.096839295
1.792,0,5.096839295
1.793,0,5.096839295
1.794,0,5.096839295
1.795,0,5.096839295
1.796,0,5.096839295
1.797,0,5.096839295
1.798,0,5.096839295
1.799,0,5.096839295
1.8,0,5.096839295
1.801,0,5.096839295
1.802,0,5.096839295
1.803,0,5.096839295
1.804,0,5.096839295
1.805,0,5.096839295
1.806,0,5.096839295
1.807,0,5.096839295
1.808,0,5.096839295
1.809,0,5.096839295
1.81,0,5.096839295
1.811,0,5.096839295
1.812,0,5.096839295
1.813,0,5.096839295
1.814,0,5.096839295
1.815,0,5.096839295
1.816,0,5.096839295
1.817,0,5.096839295
1.818,0,5.096839295
1.819,0,5.096839295
1.82,0,5.096839295
1.821,0,5.096839295
1.822,0,5.096839295
1.823,0,5.096839295
1.824,0,5.096839295
1.825,0,5.096839295
1.826,0,5.096839295
1.827,0,5.096839295
1.828,0,5.096839295
1.829,0,5.096839295
1.83,0,5.096839295
1.831,0,5.096839295
1.832,0,5.096839295
1.833,0,5.096839295
1.834,0,5.096839295
1.835,0,5.096839295
1.836,0,5.096839295
1.837,0,5.096839295
1.838,0,5.096839295
1.839,0,5.096839295
1.84,0,5.096839295
1.841,0,5.096839295
1.842,0,5.096839295
1.843,0,5.096839295
1.844,0,5.096839295
1.845,0,5.096839295
1.846,0,5.096839295
1.847,0,5.096839295
1.848,0,5.096839295
1.849,0,5.096839295
1.85,0,5.096839295
1.851,0,5.096839295
1.852,0,5.096839295
1.853,0,5.096839295
1.854,0,5.096839295
1.855,0,5.096839295
1.856,0,5.096839295
1.857,0,5.096839295
1.858,0,5.096839295
1.859,0,5.096839295
1.86,0,5.096839295
1.861,0,5.096839295
1.862,0,5.096839295
1.863,0,5.096839295
1.864,0,5.096839295
1.865,0,5.096839295
1.866,0,5.096839295
1.867,0,5.096839295
1.868,0,5.096839295
1.869,0,5.096839295
1.87,0,5.096839295
1.871,0,5.096839295
1.872,0,5.096839295
1.873,0,5.096839295
1.874,0,5.096839295
1.875,0,5.096839295
1.876,0,5.096839295
1.877,0,5.096839295
1.878,0,5.096839295
1.879,0,5.096839295
1.88,0,5.096839295
1.881,0,5.096839295
1.882,0,5.096839295
1.883,0,5.096839295
1.884,0,5.096839295
1.885,0,5.096839295
1.886,0,5.096839295
1.887,0,5.096839295
1.888,0,5.096839295
1.889,0,5.096839295
1.89,0,5.096839295
1.891,0,5.096839295
1.892,0,5.096839295
1.893,0,5.096839295
1.894,0,5.096839295
1.895,0,5.096839295
1.896,0,5.096839295
1.897,0,5.096839295
1.898,0,5.096839295
1.899,0,5.096839295
1.9,0,5.096839295
1.901,0,5.096839295
1.902,0,5.096839295
1.903,0,5.096839295
1.904,0,5.096839295
1.905,0,5.096839295
1.906,0,5.096839295
1.907,0,5.096839295
1.908,0,5.096839295
1.909,0,5.096839295
1.91,0,5.096839295
1.911,0,5.096839295
1.912,0,5.096839295
1.913,0,5.096839295
1.914,0,5.096839295
1.915,0,5.096839295
1.916,0,5.096839295
1.917,0,5.096839295
1.918,0,5.096839295
1.919,0,5.096839295
1.92,0,5.096839295
1.921,0,5.096839295
1.922,0,5.096839295
1.923,0,5.096839295
1.924,0,5.096839295
1.925,0,5.096839295
1.926,0,5.096839295
1.927,0,5.096839295
1.928,0,5.096839295
1.929,0,5.096839295
1.93,0,5.096839295
1.931,0,5.096839295
1.932,0,5.096839295
1.933,0,5.096839295
1.934,0,5.096839295
1.935,0,5.096839295
1.936,0,5.096839295
1.937,0,5.096839295
1.938,0,5.096839295
1.939,0,5.096839295
1.94,0,5.096839295
1.941,0,5.096839295
1.942,0,5.096839295
1.943,0,5.096839295
1.944,0,5.096839295
1.945,0,5.096839295
1.946,0,5.096839295
1.947,0,5.096839295
1.948,0,5.096839295
1.949,0,5.096839295
1.95,0,5.096839295
1.951,0,5.096839295
1.952,0,5.096839295
1.953,0,5.096839295
1.954,0,5.096839295
1.955,0,5.096839295
1.956,0,5.096839295
1.957,0,5.096839295
1.958,0,5.096839295
1.959,0,5.096839295
1.96,0,5.096839295
1.961,0,5.096839295
1.962,0,5.096839295
1.963,0,5.096839295
1.964,0,5.096839295
1.965,0,5.096839295
1.966,0,5.096839295
1.967,0,5.096839295
1.968,0,5.096839295
1.969,0,5.096839295
1.97,0,5.096839295
1.971,0,5.096839295
1.972,0,5.096839295
1.973,0,5.096839295
1.974,0,5.096839295
1.975,0,5.096839295
1.976,0,5.096839295
1.977,0,5.096839295
1.978,0,5.096839295
1.979,0,5.096839295
1.98,0,5.096839295
1.981,0,5.096839295
1.982,0,5.096839295
1.983,0,5.096839295
1.984,0,5.096839295
1.985,0,5.096839295
1.986,0,5.096839295
1.987,0,5.096839295
1.988,0,5.096839295
1.989,0,5.096839295
1.99,0,5.096839295
1.991,0,5.096839295
1.992,0,5.096839295
1.993,0,5.096839295
1.994,0,5.096839295
1.995,0,5.096839295
1.996,0,5.096839295
1.997,0,5.096839295
1.998,0,5.096839295
1.999,0,5.096839295
2,0,5.096839295
2.001,0,5.096839295
2.002,0,5.096839295
2.003,0,5.096839295
2.004,0,5.096839295
2.005,0,5.096839295
2.006,0,5.096839295
2.007,0,5.096839295
2.008,0,5.096839295
2.009,0,5.096839295
2.01,0,5.096839295
2.011,0,5.096839295
2.012,0,5.096839295
2.013,0,5.096839295
2.014,0,5.096839295
2.015,0,5.096839295
2.016,0,5.096839295
2.017,0,5.096839295
2.018,0,5.096839295
2.019,0,5.096839295
2.02,0,5.096839295
2.021,0,5.096839295
2.022,0,5.096839295
2.023,0,5.096839295
2.024,0,5.096839295
2.025,0,5.096839295
2.026,0,5.096839295
2.027,0,5.096839295
2.028,0,5.096839295
2.029,0,5.096839295
2.03,0,5.096839295
2.031,0,5.096839295
2.032,0,5.096839295
2.033,0,5.096839295
2.034,0,5.096839295
2.035,0,5.096839295
2.036,0,5.096839295
2.037,0,5.096839295
2.038,0,5.096839295
2.039,0,5.096839295
2.04,0,5.096839295
2.041,0,5.096839295
2.042,0,5.096839295
2.043,0,5.096839295
2.044,0,5.096839295
2.045,0,5.096839295
2.046,0,5.096839295
2.047,0,5.096839295
2.048,0,5.096839295
2.049,0,5.096839295
2.05,0,5.096839295
2.051,0,5.096839295
2.052,0,5.096839295
2.053,0,5.096839295
2.054,0,5.096839295
2.055,0,5.096839295
2.056,0,5.096839295
2.057,0,5.096839295
2.058,0,5.096839295
2.059,0,5.096839295
2.06,0,5.096839295
2.061,0,5.096839295
2.062,0,5.096839295
2.063,0,5.096839295
2.064,0,5.096839295
2.065,0,5.096839295
2.066,0,5.096839295
2.067,0,5.096839295
2.068,0,5.096839295
2.069,0,5.096839295
2.07,0,5.096839295
2.071,0,5.096839295
2.072,0,5.096839295
2.073,0,5.096839295
2.074,0,5.096839295
2.075,0,5.096839295
2.076,0,5.096839295
2.077,0,5.096839295
2.078,0,5.096839295
2.079,0,5.096839295
2.08,0,5.096839295
2.081,0,5.096839295
2.082,0,5.096839295
2.083,0,5.096839295
2.084,0,5.096839295
2.085,0,5.096839295
2.086,0,5.096839295
2.087,0,5.096839295
2.088,0,5.096839295
2.089,0,5.096839295
2.09,0,5.096839295
2.091,0,5.096839295
2.092,0,5.096839295
2.093,0,5.096839295
2.094,0,5.096839295
2.095,0,5.096839295
2.096,0,5.096839295
2.097,0,5.096839295
2.098,0,5.096839295
2.099,0,5.096839295
2.1,0,5.096839295
2.101,0,5.096839295
2.102,0,5.096839295
2.103,0,5.096839295
2.104,0,5.096839295
2.105,0,5.096839295
2.106,0,5.096839295
2.107,0,5.096839295
2.108,0,5.096839295
2.109,0,5.096839295
2.11,0,5.096839295
2.111,0,5.096839295
2.112,0,5.096839295
2.113,0,5.096839295
2.114,0,5.096839295
2.115,0,5.096839295
2.116,0,5.096839295
2.117,0,5.096839295
2.118,0,5.096839295
2.119,0,5.096839295
2.12,0,5.096839295
2.121,0,5.096839295
2.122,0,5.096839295
2.123,0,5.096839295
2.124,0,5.096839295
2.125,0,5.096839295
2.126,0,5.096839295
2.127,0,5.096839295
2.128,0,5.096839295
2.129,0,5.096839295
2.13,0,5.096839295
2.131,0,5.096839295
2.132,0,5.096839295
2.133,0,5.096839295
2.134,0,5.096839295
2.135,0,5.096839295
2.136,0,5.096839295
2.137,0,5.096839295
2.138,0,5.096839295
2.139,0,5.096839295
2.14,0,5.096839295
2.141,0,5.096839295
2.142,0,5.096839295
2.143,0,5.096839295
2.144,0,5.096839295
2.145,0,5.096839295
2.146,0,5.096839295
2.147,0,5.096839295
2.148,0,5.096839295
2.149,0,5.096839295
2.15,0,5.096839295
2.151,0,5.096839295
2.152,0,5.096839295
2.153,0,5.096839295
2.154,0,5.096839295
2.155,0,5.096839295
2.156,0,5.096839295
2.157,0,5.096839295
2.158,0,5.096839295
2.159,0,5.096839295
2.16,0,5.096839295
2.161,0,5.096839295
2.162,0,5.096839295
2.163,0,5.096839295
2.164,0,5.096839295
2.165,0,5.096839295
2.166,0,5.096839295
2.167,0,5.096839295
2.168,0,5.096839295
2.169,0,5.096839295
2.17,0,5.096839295
2.171,0,5.096839295
2.172,0,5.096839295
2.173,0,5.096839295
2.174,0,5.096839295
2.175,0,5.096839295
2.176,0,5.096839295
2.177,0,5.096839295
2.178,0,5.096839295
2.179,0,5.096839295
2.18,0,5.096839295
2.181,0,5.096839295
2.182,0,5.096839295
2.183,0,5.096839295
2.184,0,5.096839295
2.185,0,5.096839295
2.186,0,5.096839295
2.187,0,5.096839295
2.188,0,5.096839295
2.189,0,5.096839295
2.19,0,5.096839295
2.191,0,5.096839295
2.192,0,5.096839295
2.193,0,5.096839295
2.194,0,5.096839295
2.195,0,5.096839295
2.196,0,5.096839295
2.197,0,5.096839295
2.198,0,5.096839295
2.199,0,5.096839295
2.2,0,5.096839295
2.201,0,5.096839295
2.202,0,5.096839295
2.203,0,5.096839295
2.204,0,5.096839295
2.205,0,5.096839295
2.206,0,5.096839295
2.207,0,5.096839295
2.208,0,5.096839295
2.209,0,5.096839295
2.21,0,5.096839295
2.211,0,5.096839295
2.212,0,5.096839295
2.213,0,5.096839295
2.214,0,5.096839295
2.215,0,5.096839295
2.216,0,5.096839295
2.217,0,5.096839295
2.218,0,5.096839295
2.219,0,5.096839295
2.22,0,5.096839295
2.221,0,5.096839295
2.222,0,5.096839295
2.223,0,5.096839295
2.224,0,5.096839295
2.225,0,5.096839295
2.226,0,5.096839295
2.227,0,5.096839295
2.228,0,5.096839295
2.229,0,5.096839295
2.23,0,5.096839295
2.231,0,5.096839295
2.232,0,5.096839295
2.233,0,5.096839295
2.234,0,5.096839295
2.235,0,5.096839295
2.236,0,5.096839295
2.237,0,5.096839295
2.238,0,5.096839295
2.239,0,5.096839295
2.24,0,5.096839295
2.241,0,5.096839295
2.242,0,5.096839295
2.243,0,5.096839295
2.244,0,5.096839295
2.245,0,5.096839295
2.246,0,5.096839295
2.247,0,5.096839295
2.248,0,5.096839295
2.249,0,5.096839295
2.25,0,5.096839295
2.251,0,5.096839295
2.252,0,5.096839295
2.253,0,5.096839295
2.254,0,5.096839295
2.255,0,5.096839295
2.256,0,5.096839295
2.257,0,5.096839295
2.258,0,5.096839295
2.259,0,5.096839295
2.26,0,5.096839295
2.261,0,5.096839295
2.262,0,5.096839295
2.263,0,5.096839295
2.264,0,5.096839295
2.265,0,5.096839295
2.266,0,5.096839295
2.267,0,5.096839295
2.268,0,5.096839295
2.269,0,5.096839295
2.27,0,5.096839295
2.271,0,5.096839295
2.272,0,5.096839295
2.273,0,5.096839295
2.274,0,5.096839295
2.275,0,5.096839295
2.276,0,5.096839295
2.277,0,5.096839295
2.278,0,5.096839295
2.279,0,5.096839295
2.28,0,5.096839295
2.281,0,5.096839295
2.282,0,5.096839295
2.283,0,5.096839295
2.284,0,5.096839295
2.285,0,5.096839295
2.286,0,5.096839295
2.287,0,5.096839295
2.288,0,5.096839295
2.289,0,5.096839295
2.29,0,5.096839295
2.291,0,5.096839295
2.292,0,5.096839295
2.293,0,5.096839295
2.294,0,5.096839295
2.295,0,5.096839295
2.296,0,5.096839295
2.297,0,5.096839295
2.298,0,5.096839295
2.299,0,5.096839295
2.3,0,5.096839295
2.301,0,5.096839295
2.302,0,5.096839295
2.303,0,5.096839295
2.304,0,5.096839295
2.305,0,5.096839295
2.306,0,5.096839295
2.307,0,5.096839295
2.308,0,5.096839295
2.309,0,5.096839295
2.31,0,5.096839295
2.311,0,5.096839295
2.312,0,5.096839295
2.313,0,5.096839295
2.314,0,5.096839295
2.315,0,5.096839295
2.316,0,5.096839295
2.317,0,5.096839295
2.318,0,5.096839295
2.319,0,5.096839295
2.32,0,5.096839295
2.321,0,5.096839295
2.322,0,5.096839295
2.323,0,5.096839295
2.324,0,5.096839295
2.325,0,5.096839295
2.326,0,5.096839295
2.327,0,5.096839295
2.328,0,5.096839295
2.329,0,5.096839295
2.33,0,5.096839295
2.331,0,5.096839295
2.332,0,5.096839295
2.333,0,5.096839295
2.334,0,5.096839295
2.335,0,5.096839295
2.336,0,5.096839295
2.337,0,5.096839295
2.338,0,5.096839295
2.339,0,5.096839295
2.34,0,5.096839295
2.341,0,5.096839295
2.342,0,5.096839295
2.343,0,5.096839295
2.344,0,5.096839295
2.345,0,5.096839295
2.346,0,5.096839295
2.347,0,5.096839295
2.348,0,5.096839295
2.349,0,5.096839295
2.35,0,5.096839295
2.351,0,5.096839295
2.352,0,5.096839295
2.353,0,5.096839295
2.354,0,5.096839295
2.355,0,5.096839295
2.356,0,5.096839295
2.357,0,5.096839295
2.358,0,5.096839295
2.359,0,5.096839295
2.36,0,5.096839295
2.361,0,5.096839295
2.362,0,5.096839295
2.363,0,5.096839295
2.364,0,5.096839295
2.365,0,5.096839295
2.366,0,5.096839295
2.367,0,5.096839295
2.368,0,5.096839295
2.369,0,5.096839295
2.37,0,5.096839295
2.371,0,5.096839295
2.372,0,5.096839295
2.373,0,5.096839295
2.374,0,5.096839295
2.375,0,5.096839295
2.376,0,5.096839295
2.377,0,5.096839295
2.378,0,5.096839295
2.379,0,5.096839295
2.38,0,5.096839295
2.381,0,5.096839295
2.382,0,5.096839295
2.383,0,5.096839295
2.384,0,5.096839295
2.385,0,5.096839295
2.386,0,5.096839295
2.387,0,5.096839295
2.388,0,5.096839295
2.389,0,5.096839295
2.39,0,5.096839295
2.391,0,5.096839295
2.392,0,5.096839295
2.393,0,5.096839295
2.394,0,5.096839295
2.395,0,5.096839295
2.396,0,5.096839295
2.397,0,5.096839295
2.398,0,5.096839295
2.399,0,5.096839295
2.4,0,5.096839295
2.401,0,5.096839295
2.402,0,5.096839295
2.403,0,5.096839295
2.404,0,5.096839295
2.405,0,5.096839295
2.406,0,5.096839295
2.407,0,5.096839295
2.408,0,5.096839295
2.409,0,5.096839295
2.41,0,5.096839295
2.411,0,5.096839295
2.412,0,5.096839295
2.413,0,5.096839295
2.414,0,5.096839295
2.415,0,5.096839295
2.416,0,5.096839295
2.417,0,5.096839295
2.418,0,5.096839295
2.419,0,5.096839295
2.42,0,5.096839295
2.421,0,5.096839295
2.422,0,5.096839295
2.423,0,5.096839295
2.424,0,5.096839295
2.425,0,5.096839295
2.426,0,5.096839295
2.427,0,5.096839295
2.428,0,5.096839295
2.429,0,5.096839295
2.43,0,5.096839295
2.431,0,5.096839295
2.432,0,5.096839295
2.433,0,5.096839295
2.434,0,5.096839295
2.435,0,5.096839295
2.436,0,5.096839295
2.437,0,5.096839295
2.438,0,5.096839295
2.439,0,5.096839295
2.44,0,5.096839295
2.441,0,5.096839295
2.442,0,5.096839295
2.443,0,5.096839295
2.444,0,5.096839295
2.445,0,5.096839295
2.446,0,5.096839295
2.447,0,5.096839295
2.448,0,5.096839295
2.449,0,5.096839295
2.45,0,5.096839295
2.451,0,5.096839295
2.452,0,5.096839295
2.453,0,5.096839295
2.454,0,5.096839295
2.455,0,5.096839295
2.456,0,5.096839295
2.457,0,5.096839295
2.458,0,5.096839295
2.459,0,5.096839295
2.46,0,5.096839295
2.461,0,5.096839295
2.462,0,5.096839295
2.463,0,5.096839295
2.464,0,5.096839295
2.465,0,5.096839295
2.466,0,5.096839295
2.467,0,5.096839295
2.468,0,5.096839295
2.469,0,5.096839295
2.47,0,5.096839295
2.471,0,5.096839295
2.472,0,5.096839295
2.473,0,5.096839295
2.474,0,5.096839295
2.475,0,5.096839295
2.476,0,5.096839295
2.477,0,5.096839295
2.478,0,5.096839295
2.479,0,5.096839295
2.48,0,5.096839295
2.481,0,5.096839295
2.482,0,5.096839295
2.483,0,5.096839295
2.484,0,5.096839295
2.485,0,5.096839295
2.486,0,5.096839295
2.487,0,5.096839295
2.488,0,5.096839295
2.489,0,5.096839295
2.49,0,5.096839295
2.491,0,5.096839295
2.492,0,5.096839295
2.493,0,5.096839295
2.494,0,5.096839295
2.495,0,5.096839295
2.496,0,5.096839295
2.497,0,5.096839295
2.498,0,5.096839295
2.499,0,5.096839295
2.5,0,5.096839295
2.501,0,5.096839295
2.502,0,5.096839295
2.503,0,5.096839295
2.504,0,5.096839295
2.505,0,5.096839295
2.506,0,5.096839295
2.507,0,5.096839295
2.508,0,5.096839295
2.509,0,5.096839295
2.51,0,5.096839295
2.511,0,5.096839295
2.512,0,5.096839295
2.513,0,5.096839295
2.514,0,5.096839295
2.515,0,5.096839295
2.516,0,5.096839295
2.517,0,5.096839295
2.518,0,5.096839295
2.519,0,5.096839295
2.52,0,5.096839295
2.521,0,5.096839295
2.522,0,5.096839295
2.523,0,5.096839295
2.524,0,5.096839295
2.525,0,5.096839295
2.526,0,5.096839295
2.527,0,5.096839295
2.528,0,5.096839295
2.529,0,5.096839295
2.53,0,5.096839295
2.531,0,5.096839295
2.532,0,5.096839295
2.533,0,5.096839295
2.534,0,5.096839295
2.535,0,5.096839295
2.536,0,5.096839295
2.537,0,5.096839295
2.538,0,5.096839295
2.539,0,5.096839295
2.54,0,5.096839295
2.541,0,5.096839295
2.542,0,5.096839295
2.543,0,5.096839295
2.544,0,5.096839295
2.545,0,5.096839295
2.546,0,5.096839295
2.547,0,5.096839295
2.548,0,5.096839295
2.549,0,5.096839295
2.55,0,5.096839295
2.551,0,5.096839295
2.552,0,5.096839295
2.553,0,5.096839295
2.554,0,5.096839295
2.555,0,5.096839295
2.556,0,5.096839295
2.557,0,5.096839295
2.558,0,5.096839295
2.559,0,5.096839295
2.56,0,5.096839295
2.561,0,5.096839295
2.562,0,5.096839295
2.563,0,5.096839295
2.564,0,5.096839295
2.565,0,5.096839295
2.566,0,5.096839295
2.567,0,5.096839295
2.568,0,5.096839295
2.569,0,5.096839295
2.57,0,5.096839295
2.571,0,5.096839295
2.572,0,5.096839295
2.573,0,5.096839295
2.574,0,5.096839295
2.575,0,5.096839295
2.576,0,5.096839295
2.577,0,5.096839295
2.578,0,5.096839295
2.579,0,5.096839295
2.58,0,5.096839295
2.581,0,5.096839295
2.582,0,5.096839295
2.583,0,5.096839295
2.584,0,5.096839295
2.585,0,5.096839295
2.586,0,5.096839295
2.587,0,5.096839295
2.588,0,5.096839295
2.589,0,5.096839295
2.59,0,5.096839295
2.591,0,5.096839295
2.592,0,5.096839295
2.593,0,5.096839295
2.594,0,5.096839295
2.595,0,5.096839295
2.596,0,5.096839295
2.597,0,5.096839295
2.598,0,5.096839295
2.599,0,5.096839295
2.6,0,5.096839295
2.601,0,5.096839295
2.602,0,5.096839295
2.603,0,5.096839295
2.604,0,5.096839295
2.605,0,5.096839295
2.606,0,5.096839295
2.607,0,5.096839295
2.608,0,5.096839295
2.609,0,5.096839295
2.61,0,5.096839295
2.611,0,5.096839295
2.612,0,5.096839295
2.613,0,5.096839295
2.614,0,5.096839295
2.615,0,5.096839295
2.616,0,5.096839295
2.617,0,5.096839295
2.618,0,5.096839295
2.619,0,5.096839295
2.62,0,5.096839295
2.621,0,5.096839295
2.622,0,5.096839295
2.623,0,5.096839295
2.624,0,5.096839295
2.625,0,5.096839295
2.626,0,5.096839295
2.627,0,5.096839295
2.628,0,5.096839295
2.629,0,5.096839295
2.63,0,5.096839295
2.631,0,5.096839295
2.632,0,5.096839295
2.633,0,5.096839295
2.634,0,5.096839295
2.635,0,5.096839295
2.636,0,5.096839295
2.637,0,5.096839295
2.638,0,5.096839295
2.639,0,5.096839295
2.64,0,5.096839295
2.641,0,5.096839295
2.642,0,5.096839295
2.643,0,5.096839295
2.644,0,5.096839295
2.645,0,5.096839295
2.646,0,5.096839295
2.647,0,5.096839295
2.648,0,5.096839295
2.649,0,5.096839295
2.65,0,5.096839295
2.651,0,5.096839295
2.652,0,5.096839295
2.653,0,5.096839295
2.654,0,5.096839295
2.655,0,5.096839295
2.656,0,5.096839295
2.657,0,5.096839295
2.658,0,5.096839295
2.659,0,5.096839295
2.66,0,5.096839295
2.661,0,5.096839295
2.662,0,5.096839295
2.663,0,5.096839295
2.664,0,5.096839295
2.665,0,5.096839295
2.666,0,5.096839295
2.667,0,5.096839295
2.668,0,5.096839295
2.669,0,5.096839295
2.67,0,5.096839295
2.671,0,5.096839295
2.672,0,5.096839295
2.673,0,5.096839295
2.674,0,5.096839295
2.675,0,5.096839295
2.676,0,5.096839295
2.677,0,5.096839295
2.678,0,5.096839295
2.679,0,5.096839295
2.68,0,5.096839295
2.681,0,5.096839295
2.682,0,5.096839295
2.683,0,5.096839295
2.684,0,5.096839295
2.685,0,5.096839295
2.686,0,5.096839295
2.687,0,5.096839295
2.688,0,5.096839295
2.689,0,5.096839295
2.69,0,5.096839295
2.691,0,5.096839295
2.692,0,5.096839295
2.693,0,5.096839295
2.694,0,5.096839295
2.695,0,5.096839295
2.696,0,5.096839295
2.697,0,5.096839295
2.698,0,5.096839295
2.699,0,5.096839295
2.7,0,5.096839295
2.701,0,5.096839295
2.702,0,5.096839295
2.703,0,5.096839295
2.704,0,5.096839295
2.705,0,5.096839295
2.706,0,5.096839295
2.707,0,5.096839295
2.708,0,5.096839295
2.709,0,5.096839295
2.71,0,5.096839295
2.711,0,5.096839295
2.712,0,5.096839295
2.713,0,5.096839295
2.714,0,5.096839295
2.715,0,5.096839295
2.716,0,5.096839295
2.717,0,5.096839295
2.718,0,5.096839295
2.719,0,5.096839295
2.72,0,5.096839295
2.721,0,5.096839295
2.722,0,5.096839295
2.723,0,5.096839295
2.724,0,5.096839295
2.725,0,5.096839295
2.726,0,5.096839295
2.727,0,5.096839295
2.728,0,5.096839295
2.729,0,5.096839295
2.73,0,5.096839295
2.731,0,5.096839295
2.732,0,5.096839295
2.733,0,5.096839295
2.734,0,5.096839295
2.735,0,5.096839295
2.736,0,5.096839295
2.737,0,5.096839295
2.738,0,5.096839295
2.739,0,5.096839295
2.74,0,5.096839295
2.741,0,5.096839295
2.742,0,5.096839295
2.743,0,5.096839295
2.744,0,5.096839295
2.745,0,5.096839295
2.746,0,5.096839295
2.747,0,5.096839295
2.748,0,5.096839295
2.749,0,5.096839295
2.75,0,5.096839295
2.751,0,5.096839295
2.752,0,5.096839295
2.753,0,5.096839295
2.754,0,5.096839295
2.755,0,5.096839295
2.756,0,5.096839295
2.757,0,5.096839295
2.758,0,5.096839295
2.759,0,5.096839295
2.76,0,5.096839295
2.761,0,5.096839295
2.762,0,5.096839295
2.763,0,5.096839295
2.764,0,5.096839295
2.765,0,5.096839295
2.766,0,5.096839295
2.767,0,5.096839295
2.768,0,5.096839295
2.769,0,5.096839295
2.77,0,5.096839295
2.771,0,5.096839295
2.772,0,5.096839295
2.773,0,5.096839295
2.774,0,5.096839295
2.775,0,5.096839295
2.776,0,5.096839295
2.777,0,5.096839295
2.778,0,5.096839295
2.779,0,5.096839295
2.78,0,5.096839295
2.781,0,5.096839295
2.782,0,5.096839295
2.783,0,5.096839295
2.784,0,5.096839295
2.785,0,5.096839295
2.786,0,5.096839295
2.787,0,5.096839295
2.788,0,5.096839295
2.789,0,5.096839295
2.79,0,5.096839295
2.791,0,5.096839295
2.792,0,5.096839295
2.793,0,5.096839295
2.794,0,5.096839295
2.795,0,5.096839295
2.796,0,5.096839295
2.797,0,5.096839295
2.798,0,5.096839295
2.799,0,5.096839295
2.8,0,5.096839295
2.801,0,5.096839295
2.802,0,5.096839295
2.803,0,5.096839295
2.804,0,5.096839295
2.805,0,5.096839295
2.806,0,5.096839295
2.807,0,5.096839295
2.808,0,5.096839295
2.809,0,5.096839295
2.81,0,5.096839295
2.811,0,5.096839295
2.812,0,5.096839295
2.813,0,5.096839295
2.814,0,5.096839295
2.815,0,5.096839295
2.816,0,5.096839295
2.817,0,5.096839295
2.818,0,5.096839295
2.819,0,5.096839295
2.82,0,5.096839295
2.821,0,5.096839295
2.822,0,5.096839295
2.823,0,5.096839295
2.824,0,5.096839295
2.825,0,5.096839295
2.826,0,5.096839295
2.827,0,5.096839295
2.828,0,5.096839295
2.829,0,5.096839295
2.83,0,5.096839295
2.831,0,5.096839295
2.832,0,5.096839295
2.833,0,5.096839295
2.834,0,5.096839295
2.835,0,5.096839295
2.836,0,5.096839295
2.837,0,5.096839295
2.838,0,5.096839295
2.839,0,5.096839295
2.84,0,5.096839295
2.841,0,5.096839295
2.842,0,5.096839295
2.843,0,5.096839295
2.844,0,5.096839295
2.845,0,5.096839295
2.846,0,5.096839295
2.847,0,5.096839295
2.848,0,5.096839295
2.849,0,5.096839295
2.85,0,5.096839295
2.851,0,5.096839295
2.852,0,5.096839295
2.853,0,5.096839295
2.854,0,5.096839295
2.855,0,5.096839295
2.856,0,5.096839295
2.857,0,5.096839295
2.858,0,5.096839295
2.859,0,5.096839295
2.86,0,5.096839295
2.861,0,5.096839295
2.862,0,5.096839295
2.863,0,5.096839295
2.864,0,5.096839295
2.865,0,5.096839295
2.866,0,5.096839295
2.867,0,5.096839295
2.868,0,5.096839295
2.869,0,5.096839295
2.87,0,5.096839295
2.871,0,5.096839295
2.872,0,5.096839295
2.873,0,5.096839295
2.874,0,5.096839295
2.875,0,5.096839295
2.876,0,5.096839295
2.877,0,5.096839295
2.878,0,5.096839295
2.879,0,5.096839295
2.88,0,5.096839295
2.881,0,5.096839295
2.882,0,5.096839295
2.883,0,5.096839295
2.884,0,5.096839295
2.885,0,5.096839295
2.886,0,5.096839295
2.887,0,5.096839295
2.888,0,5.096839295
2.889,0,5.096839295
2.89,0,5.096839295
2.891,0,5.096839295
2.892,0,5.096839295
2.893,0,5.096839295
2.894,0,5.096839295
2.895,0,5.096839295
2.896,0,5.096839295
2.897,0,5.096839295
2.898,0,5.096839295
2.899,0,5.096839295
2.9,0,5.096839295
2.901,0,5.096839295
2.902,0,5.096839295
2.903,0,5.096839295
2.904,0,5.096839295
2.905,0,5.096839295
2.906,0,5.096839295
2.907,0,5.096839295
2.908,0,5.096839295
2.909,0,5.096839295
2.91,0,5.096839295
2.911,0,5.096839295
2.912,0,5.096839295
2.913,0,5.096839295
2.914,0,5.096839295
2.915,0,5.096839295
2.916,0,5.096839295
2.917,0,5.096839295
2.918,0,5.096839295
2.919,0,5.096839295
2.92,0,5.096839295
2.921,0,5.096839295
2.922,0,5.096839295
2.923,0,5.096839295
2.924,0,5.096839295
2.925,0,5.096839295
2.926,0,5.096839295
2.927,0,5.096839295
2.928,0,5.096839295
2.929,0,5.096839295
2.93,0,5.096839295
2.931,0,5.096839295
2.932,0,5.096839295
2.933,0,5.096839295
2.934,0,5.096839295
2.935,0,5.096839295
2.936,0,5.096839295
2.937,0,5.096839295
2.938,0,5.096839295
2.939,0,5.096839295
2.94,0,5.096839295
2.941,0,5.096839295
2.942,0,5.096839295
2.943,0,5.096839295
2.944,0,5.096839295
2.945,0,5.096839295
2.946,0,5.096839295
2.947,0,5.096839295
2.948,0,5.096839295
2.949,0,5.096839295
2.95,0,5.096839295
2.951,0,5.096839295
2.952,0,5.096839295
2.953,0,5.096839295
2.954,0,5.096839295
2.955,0,5.096839295
2.956,0,5.096839295
2.957,0,5.096839295
2.958,0,5.096839295
2.959,0,5.096839295
2.96,0,5.096839295
2.961,0,5.096839295
2.962,0,5.096839295
2.963,0,5.096839295
2.964,0,5.096839295
2.965,0,5.096839295
2.966,0,5.096839295
2.967,0,5.096839295
2.968,0,5.096839295
2.969,0,5.096839295
2.97,0,5.096839295
2.971,0,5.096839295
2.972,0,5.096839295
2.973,0,5.096839295
2.974,0,5.096839295
2.975,0,5.096839295
2.976,0,5.096839295
2.977,0,5.096839295
2.978,0,5.096839295
2.979,0,5.096839295
2.98,0,5.096839295
2.981,0,5.096839295
2.982,0,5.096839295
2.983,0,5.096839295
2.984,0,5.096839295
2.985,0,5.096839295
2.986,0,5.096839295
2.987,0,5.096839295
2.988,0,5.096839295
2.989,0,5.096839295
2.99,0,5.096839295
2.991,0,5.096839295
2.992,0,5.096839295
2.993,0,5.096839295
2.994,0,5.096839295
2.995,0,5.096839295
2.996,0,5.096839295
2.997,0,5.096839295
2.998,0,5.096839295
2.999,0,5.096839295
3,0,5.096839295
3.001,0,5.096839295
3.002,0,5.096839295
3.003,0,5.096839295
3.004,0,5.096839295
3.005,0,5.096839295
3.006,0,5.096839295
3.007,0,5.096839295
3.008,0,5.096839295
3.009,0,5.096839295
3.01,0,5.096839295
3.011,0,5.096839295
3.012,0,5.096839295
3.013,0,5.096839295
3.014,0,5.096839295
3.015,0,5.096839295
3.016,0,5.096839295
3.017,0,5.096839295
3.018,0,5.096839295
3.019,0,5.096839295
3.02,0,5.096839295
3.021,0,5.096839295
3.022,0,5.096839295
3.023,0,5.096839295
3.024,0,5.096839295
3.025,0,5.096839295
3.026,0,5.096839295
3.027,0,5.096839295
3.028,0,5.096839295
3.029,0,5.096839295
3.03,0,5.096839295
3.031,0,5.096839295
3.032,0,5.096839295
3.033,0,5.096839295
3.034,0,5.096839295
3.035,0,5.096839295
3.036,0,5.096839295
3.037,0,5.096839295
3.038,0,5.096839295
3.039,0,5.096839295
3.04,0,5.096839295
3.041,0,5.096839295
3.042,0,5.096839295
3.043,0,5.096839295
3.044,0,5.096839295
3.045,0,5.096839295
3.046,0,5.096839295
3.047,0,5.096839295
3.048,0,5.096839295
3.049,0,5.096839295
3.05,0,5.096839295
3.051,0,5.096839295
3.052,0,5.096839295
3.053,0,5.096839295
3.054,0,5.096839295
3.055,0,5.096839295
3.056,0,5.096839295
3.057,0,5.096839295
3.058,0,5.096839295
3.059,0,5.096839295
3.06,0,5.096839295
3.061,0,5.096839295
3.062,0,5.096839295
3.063,0,5.096839295
3.064,0,5.096839295
3.065,0,5.096839295
3.066,0,5.096839295
3.067,0,5.096839295
3.068,0,5.096839295
3.069,0,5.096839295
3.07,0,5.096839295
3.071,0,5.096839295
3.072,0,5.096839295
3.073,0,5.096839295
3.074,0,5.096839295
3.075,0,5.096839295
3.076,0,5.096839295
3.077,0,5.096839295
3.078,0,5.096839295
3.079,0,5.096839295
3.08,0,5.096839295
3.081,0,5.096839295
3.082,0,5.096839295
3.083,0,5.096839295
3.084,0,5.096839295
3.085,0,5.096839295
3.086,0,5.096839295
3.087,0,5.096839295
3.088,0,5.096839295
3.089,0,5.096839295
3.09,0,5.096839295
3.091,0,5.096839295
3.092,0,5.096839295
3.093,0,5.096839295
3.094,0,5.096839295
3.095,0,5.096839295
3.096,0,5.096839295
3.097,0,5.096839295
3.098,0,5.096839295
3.099,0,5.096839295
3.1,0,5.096839295
3.101,0,5.096839295
3.102,0,5.096839295
3.103,0,5.096839295
3.104,0,5.096839295
3.105,0,5.096839295
3.106,0,5.096839295
3.107,0,5.096839295
3.108,0,5.096839295
3.109,0,5.096839295
3.11,0,5.096839295
3.111,0,5.096839295
3.112,0,5.096839295
3.113,0,5.096839295
3.114,0,5.096839295
3.115,0,5.096839295
3.116,0,5.096839295
3.117,0,5.096839295
3.118,0,5.096839295
3.119,0,5.096839295
3.12,0,5.096839295
3.121,0,5.096839295
3.122,0,5.096839295
3.123,0,5.096839295
3.124,0,5.096839295
3.125,0,5.096839295
3.126,0,5.096839295
3.127,0,5.096839295
3.128,0,5.096839295
3.129,0,5.096839295
3.13,0,5.096839295
3.131,0,5.096839295
3.132,0,5.096839295
3.133,0,5.096839295
3.134,0,5.096839295
3.135,0,5.096839295
3.136,0,5.096839295
3.137,0,5.096839295
3.138,0,5.096839295
3.139,0,5.096839295
3.14,0,5.096839295
3.141,0,5.096839295
3.142,0,5.096839295
3.143,0,5.096839295
3.144,0,5.096839295
3.145,0,5.096839295
3.146,0,5.096839295
3.147,0,5.096839295
3.148,0,5.096839295
3.149,0,5.096839295
3.15,0,5.096839295
3.151,0,5.096839295
3.152,0,5.096839295
3.153,0,5.096839295
3.154,0,5.096839295
3.155,0,5.096839295
3.156,0,5.096839295
3.157,0,5.096839295
3.158,0,5.096839295
3.159,0,5.096839295
3.16,0,5.096839295
3.161,0,5.096839295
3.162,0,5.096839295
3.163,0,5.096839295
3.164,0,5.096839295
3.165,0,5.096839295
3.166,0,5.096839295
3.167,0,5.096839295
3.168,0,5.096839295
3.169,0,5.096839295
3.17,0,5.096839295
3.171,0,5.096839295
3.172,0,5.096839295
3.173,0,5.096839295
3.174,0,5.096839295
3.175,0,5.096839295
3.176,0,5.096839295
3.177,0,5.096839295
3.178,0,5.096839295
3.179,0,5.096839295
3.18,0,5.096839295
3.181,0,5.096839295
3.182,0,5.096839295
3.183,0,5.096839295
3.184,0,5.096839295
3.185,0,5.096839295
3.186,0,5.096839295
3.187,0,5.096839295
3.188,0,5.096839295
3.189,0,5.096839295
3.19,0,5.096839295
3.191,0,5.096839295
3.192,0,5.096839295
3.193,0,5.096839295
3.194,0,5.096839295
3.195,0,5.096839295
3.196,0,5.096839295
3.197,0,5.096839295
3.198,0,5.096839295
3.199,0,5.096839295
3.2,0,5.096839295
3.201,0,5.096839295
3.202,0,5.096839295
3.203,0,5.096839295
3.204,0,5.096839295
3.205,0,5.096839295
3.206,0,5.096839295
3.207,0,5.096839295
3.208,0,5.096839295
3.209,0,5.096839295
3.21,0,5.096839295
3.211,0,5.096839295
3.212,0,5.096839295
3.213,0,5.096839295
3.214,0,5.096839295
3.215,0,5.096839295
3.216,0,5.096839295
3.217,0,5.096839295
3.218,0,5.096839295
3.219,0,5.096839295
3.22,0,5.096839295
3.221,0,5.096839295
3.222,0,5.096839295
3.223,0,5.096839295
3.224,0,5.096839295
3.225,0,5.096839295
3.226,0,5.096839295
3.227,0,5.096839295
3.228,0,5.096839295
3.229,0,5.096839295
3.23,0,5.096839295
3.231,0,5.096839295
3.232,0,5.096839295
3.233,0,5.096839295
3.234,0,5.096839295
3.235,0,5.096839295
3.236,0,5.096839295
3.237,0,5.096839295
3.238,0,5.096839295
3.239,0,5.096839295
3.24,0,5.096839295
3.241,0,5.096839295
3.242,0,5.096839295
3.243,0,5.096839295
3.244,0,5.096839295
3.245,0,5.096839295
3.246,0,5.096839295
3.247,0,5.096839295
3.248,0,5.096839295
3.249,0,5.096839295
3.25,0,5.096839295
3.251,0,5.096839295
3.252,0,5.096839295
3.253,0,5.096839295
3.254,0,5.096839295
3.255,0,5.096839295
3.256,0,5.096839295
3.257,0,5.096839295
3.258,0,5.096839295
3.259,0,5.096839295
3.26,0,5.096839295
3.261,0,5.096839295
3.262,0,5.096839295
3.263,0,5.096839295
3.264,0,5.096839295
3.265,0,5.096839295
3.266,0,5.096839295
3.267,0,5.096839295
3.268,0,5.096839295
3.269,0,5.096839295
3.27,0,5.096839295
3.271,0,5.096839295
3.272,0,5.096839295
3.273,0,5.096839295
3.274,0,5.096839295
3.275,0,5.096839295
3.276,0,5.096839295
3.277,0,5.096839295
3.278,0,5.096839295
3.279,0,5.096839295
3.28,0,5.096839295
3.281,0,5.096839295
3.282,0,5.096839295
3.283,0,5.096839295
3.284,0,5.096839295
3.285,0,5.096839295
3.286,0,5.096839295
3.287,0,5.096839295
3.288,0,5.096839295
3.289,0,5.096839295
3.29,0,5.096839295
3.291,0,5.096839295
3.292,0,5.096839295
3.293,0,5.096839295
3.294,0,5.096839295
3.295,0,5.096839295
3.296,0,5.096839295
3.297,0,5.096839295
3.298,0,5.096839295
3.299,0,5.096839295
3.3,0,5.096839295
3.301,0,5.096839295
3.302,0,5.096839295
3.303,0,5.096839295
3.304,0,5.096839295
3.305,0,5.096839295
3.306,0,5.096839295
3.307,0,5.096839295
3.308,0,5.096839295
3.309,0,5.096839295
3.31,0,5.096839295
3.311,0,5.096839295
3.312,0,5.096839295
3.313,0,5.096839295
3.314,0,5.096839295
3.315,0,5.096839295
3.316,0,5.096839295
3.317,0,5.096839295
3.318,0,5.096839295
3.319,0,5.096839295
3.32,0,5.096839295
3.321,0,5.096839295
3.322,0,5.096839295
3.323,0,5.096839295
3.324,0,5.096839295
3.325,0,5.096839295
3.326,0,5.096839295
3.327,0,5.096839295
3.328,0,5.096839295
3.329,0,5.096839295
3.33,0,5.096839295
3.331,0,5.096839295
3.332,0,5.096839295
3.333,0,5.096839295
3.334,0,5.096839295
3.335,0,5.096839295
3.336,0,5.096839295
3.337,0,5.096839295
3.338,0,5.096839295
3.339,0,5.096839295
3.34,0,5.096839295
3.341,0,5.096839295
3.342,0,5.096839295
3.343,0,5.096839295
3.344,0,5.096839295
3.345,0,5.096839295
3.346,0,5.096839295
3.347,0,5.096839295
3.348,0,5.096839295
3.349,0,5.096839295
3.35,0,5.096839295
3.351,0,5.096839295
3.352,0,5.096839295
3.353,0,5.096839295
3.354,0,5.096839295
3.355,0,5.096839295
3.356,0,5.096839295
3.357,0,5.096839295
3.358,0,5.096839295
3.359,0,5.096839295
3.36,0,5.096839295
3.361,0,5.096839295
3.362,0,5.096839295
3.363,0,5.096839295
3.364,0,5.096839295
3.365,0,5.096839295
3.366,0,5.096839295
3.367,0,5.096839295
3.368,0,5.096839295
3.369,0,5.096839295
3.37,0,5.096839295
3.371,0,5.096839295
3.372,0,5.096839295
3.373,0,5.096839295
3.374,0,5.096839295
3.375,0,5.096839295
3.376,0,5.096839295
3.377,0,5.096839295
3.378,0,5.096839295
3.379,0,5.096839295
3.38,0,5.096839295
3.381,0,5.096839295
3.382,0,5.096839295
3.383,0,5.096839295
3.384,0,5.096839295
3.385,0,5.096839295
3.386,0,5.096839295
3.387,0,5.096839295
3.388,0,5.096839295
3.389,0,5.096839295
3.39,0,5.096839295
3.391,0,5.096839295
3.392,0,5.096839295
3.393,0,5.096839295
3.394,0,5.096839295
3.395,0,5.096839295
3.396,0,5.096839295
3.397,0,5.096839295
3.398,0,5.096839295
3.399,0,5.096839295
3.4,0,5.096839295
3.401,0,5.096839295
3.402,0,5.096839295
3.403,0,5.096839295
3.404,0,5.096839295
3.405,0,5.096839295
3.406,0,5.096839295
3.407,0,5.096839295
3.408,0,5.096839295
3.409,0,5.096839295
3.41,0,5.096839295
3.411,0,5.096839295
3.412,0,5.096839295
3.413,0,5.096839295
3.414,0,5.096839295
3.415,0,5.096839295
3.416,0,5.096839295
3.417,0,5.096839295
3.418,0,5.096839295
3.419,0,5.096839295
3.42,0,5.096839295
3.421,0,5.096839295
3.422,0,5.096839295
3.423,0,5.096839295
3.424,0,5.096839295
3.425,0,5.096839295
3.426,0,5.096839295
3.427,0,5.096839295
3.428,0,5.096839295
3.429,0,5.096839295
3.43,0,5.096839295
3.431,0,5.096839295
3.432,0,5.096839295
3.433,0,5.096839295
3.434,0,5.096839295
3.435,0,5.096839295
3.436,0,5.096839295
3.437,0,5.096839295
3.438,0,5.096839295
3.439,0,5.096839295
3.44,0,5.096839295
3.441,0,5.096839295
3.442,0,5.096839295
3.443,0,5.096839295
3.444,0,5.096839295
3.445,0,5.096839295
3.446,0,5.096839295
3.447,0,5.096839295
3.448,0,5.096839295
3.449,0,5.096839295
3.45,0,5.096839295
3.451,0,5.096839295
3.452,0,5.096839295
3.453,0,5.096839295
3.454,0,5.096839295
3.455,0,5.096839295
3.456,0,5.096839295
3.457,0,5.096839295
3.458,0,5.096839295
3.459,0,5.096839295
3.46,0,5.096839295
3.461,0,5.096839295
3.462,0,5.096839295
3.463,0,5.096839295
3.464,0,5.096839295
3.465,0,5.096839295
3.466,0,5.096839295
3.467,0,5.096839295
3.468,0,5.096839295
3.469,0,5.096839295
3.47,0,5.096839295
3.471,0,5.096839295
3.472,0,5.096839295
3.473,0,5.096839295
3.474,0,5.096839295
3.475,0,5.096839295
3.476,0,5.096839295
3.477,0,5.096839295
3.478,0,5.096839295
3.479,0,5.096839295
3.48,0,5.096839295
3.481,0,5.096839295
3.482,0,5.096839295
3.483,0,5.096839295
3.484,0,5.096839295
3.485,0,5.096839295
3.486,0,5.096839295
3.487,0,5.096839295
3.488,0,5.096839295
3.489,0,5.096839295
3.49,0,5.096839295
3.491,0,5.096839295
3.492,0,5.096839295
3.493,0,5.096839295
3.494,0,5.096839295
3.495,0,5.096839295
3.496,0,5.096839295
3.497,0,5.096839295
3.498,0,5.096839295
3.499,0,5.096839295
3.5,0,5.096839295
3.501,0,5.096839295
3.502,0,5.096839295
3.503,0,5.096839295
3.504,0,5.096839295
3.505,0,5.096839295
3.506,0,5.096839295
3.507,0,5.096839295
3.508,0,5.096839295
3.509,0,5.096839295
3.51,0,5.096839295
3.511,0,5.096839295
3.512,0,5.096839295
3.513,0,5.096839295
3.514,0,5.096839295
3.515,0,5.096839295
3.516,0,5.096839295
3.517,0,5.096839295
3.518,0,5.096839295
3.519,0,5.096839295
3.52,0,5.096839295
3.521,0,5.096839295
3.522,0,5.096839295
3.523,0,5.096839295
3.524,0,5.096839295
3.525,0,5.096839295
3.526,0,5.096839295
3.527,0,5.096839295
3.528,0,5.096839295
3.529,0,5.096839295
3.53,0,5.096839295
3.531,0,5.096839295
3.532,0,5.096839295
3.533,0,5.096839295
3.534,0,5.096839295
3.535,0,5.096839295
3.536,0,5.096839295
3.537,0,5.096839295
3.538,0,5.096839295
3.539,0,5.096839295
3.54,0,5.096839295
3.541,0,5.096839295
3.542,0,5.096839295
3.543,0,5.096839295
3.544,0,5.096839295
3.545,0,5.096839295
3.546,0,5.096839295
3.547,0,5.096839295
3.548,0,5.096839295
3.549,0,5.096839295
3.55,0,5.096839295
3.551,0,5.096839295
3.552,0,5.096839295
3.553,0,5.096839295
3.554,0,5.096839295
3.555,0,5.096839295
3.556,0,5.096839295
3.557,0,5.096839295
3.558,0,5.096839295
3.559,0,5.096839295
3.56,0,5.096839295
3.561,0,5.096839295
3.562,0,5.096839295
3.563,0,5.096839295
3.564,0,5.096839295
3.565,0,5.096839295
3.566,0,5.096839295
3.567,0,5.096839295
3.568,0,5.096839295
3.569,0,5.096839295
3.57,0,5.096839295
3.571,0,5.096839295
3.572,0,5.096839295
3.573,0,5.096839295
3.574,0,5.096839295
3.575,0,5.096839295
3.576,0,5.096839295
3.577,0,5.096839295
3.578,0,5.096839295
3.579,0,5.096839295
3.58,0,5.096839295
3.581,0,5.096839295
3.582,0,5.096839295
3.583,0,5.096839295
3.584,0,5.096839295
3.585,0,5.096839295
3.586,0,5.096839295
3.587,0,5.096839295
3.588,0,5.096839295
3.589,0,5.096839295
3.59,0,5.096839295
3.591,0,5.096839295
3.592,0,5.096839295
3.593,0,5.096839295
3.594,0,5.096839295
3.595,0,5.096839295
3.596,0,5.096839295
3.597,0,5.096839295
3.598,0,5.096839295
3.599,0,5.096839295
3.6,0,5.096839295
3.601,0,5.096839295
3.602,0,5.096839295
3.603,0,5.096839295
3.604,0,5.096839295
3.605,0,5.096839295
3.606,0,5.096839295
3.607,0,5.096839295
3.608,0,5.096839295
3.609,0,5.096839295
3.61,0,5.096839295
3.611,0,5.096839295
3.612,0,5.096839295
3.613,0,5.096839295
3.614,0,5.096839295
3.615,0,5.096839295
3.616,0,5.096839295
3.617,0,5.096839295
3.618,0,5.096839295
3.619,0,5.096839295
3.62,0,5.096839295
3.621,0,5.096839295
3.622,0,5.096839295
3.623,0,5.096839295
3.624,0,5.096839295
3.625,0,5.096839295
3.626,0,5.096839295
3.627,0,5.096839295
3.628,0,5.096839295
3.629,0,5.096839295
3.63,0,5.096839295
3.631,0,5.096839295
3.632,0,5.096839295
3.633,0,5.096839295
3.634,0,5.096839295
3.635,0,5.096839295
3.636,0,5.096839295
3.637,0,5.096839295
3.638,0,5.096839295
3.639,0,5.096839295
3.64,0,5.096839295
3.641,0,5.096839295
3.642,0,5.096839295
3.643,0,5.096839295
3.644,0,5.096839295
3.645,0,5.096839295
3.646,0,5.096839295
3.647,0,5.096839295
3.648,0,5.096839295
3.649,0,5.096839295
3.65,0,5.096839295
3.651,0,5.096839295
3.652,0,5.096839295
3.653,0,5.096839295
3.654,0,5.096839295
3.655,0,5.096839295
3.656,0,5.096839295
3.657,0,5.096839295
3.658,0,5.096839295
3.659,0,5.096839295
3.66,0,5.096839295
3.661,0,5.096839295
3.662,0,5.096839295
3.663,0,5.096839295
3.664,0,5.096839295
3.665,0,5.096839295
3.666,0,5.096839295
3.667,0,5.096839295
3.668,0,5.096839295
3.669,0,5.096839295
3.67,0,5.096839295
3.671,0,5.096839295
3.672,0,5.096839295
3.673,0,5.096839295
3.674,0,5.096839295
3.675,0,5.096839295
3.676,0,5.096839295
3.677,0,5.096839295
3.678,0,5.096839295
3.679,0,5.096839295
3.68,0,5.096839295
3.681,0,5.096839295
3.682,0,5.096839295
3.683,0,5.096839295
3.684,0,5.096839295
3.685,0,5.096839295
3.686,0,5.096839295
3.687,0,5.096839295
3.688,0,5.096839295
3.689,0,5.096839295
3.69,0,5.096839295
3.691,0,5.096839295
3.692,0,5.096839295
3.693,0,5.096839295
3.694,0,5.096839295
3.695,0,5.096839295
3.696,0,5.096839295
3.697,0,5.096839295
3.698,0,5.096839295
3.699,0,5.096839295
3.7,0,5.096839295
3.701,0,5.096839295
3.702,0,5.096839295
3.703,0,5.096839295
3.704,0,5.096839295
3.705,0,5.096839295
3.706,0,5.096839295
3.707,0,5.096839295
3.708,0,5.096839295
3.709,0,5.096839295
3.71,0,5.096839295
3.711,0,5.096839295
3.712,0,5.096839295
3.713,0,5.096839295
3.714,0,5.096839295
3.715,0,5.096839295
3.716,0,5.096839295
3.717,0,5.096839295
3.718,0,5.096839295
3.719,0,5.096839295
3.72,0,5.096839295
3.721,0,5.096839295
3.722,0,5.096839295
3.723,0,5.096839295
3.724,0,5.096839295
3.725,0,5.096839295
3.726,0,5.096839295
3.727,0,5.096839295
3.728,0,5.096839295
3.729,0,5.096839295
3.73,0,5.096839295
3.731,0,5.096839295
3.732,0,5.096839295
3.733,0,5.096839295
3.734,0,5.096839295
3.735,0,5.096839295
3.736,0,5.096839295
3.737,0,5.096839295
3.738,0,5.096839295
3.739,0,5.096839295
3.74,0,5.096839295
3.741,0,5.096839295
3.742,0,5.096839295
3.743,0,5.096839295
3.744,0,5.096839295
3.745,0,5.096839295
3.746,0,5.096839295
3.747,0,5.096839295
3.748,0,5.096839295
3.749,0,5.096839295
3.75,0,5.096839295
3.751,0,5.096839295
3.752,0,5.096839295
3.753,0,5.096839295
3.754,0,5.096839295
3.755,0,5.096839295
3.756,0,5.096839295
3.757,0,5.096839295
3.758,0,5.096839295
3.759,0,5.096839295
3.76,0,5.096839295
3.761,0,5.096839295
3.762,0,5.096839295
3.763,0,5.096839295
3.764,0,5.096839295
3.765,0,5.096839295
3.766,0,5.096839295
3.767,0,5.096839295
3.768,0,5.096839295
3.769,0,5.096839295
3.77,0,5.096839295
3.771,0,5.096839295
3.772,0,5.096839295
3.773,0,5.096839295
3.774,0,5.096839295
3.775,0,5.096839295
3.776,0,5.096839295
3.777,0,5.096839295
3.778,0,5.096839295
3.779,0,5.096839295
3.78,0,5.096839295
3.781,0,5.096839295
3.782,0,5.096839295
3.783,0,5.096839295
3.784,0,5.096839295
3.785,0,5.096839295
3.786,0,5.096839295
3.787,0,5.096839295
3.788,0,5.096839295
3.789,0,5.096839295
3.79,0,5.096839295
3.791,0,5.096839295
3.792,0,5.096839295
3.793,0,5.096839295
3.794,0,5.096839295
3.795,0,5.096839295
3.796,0,5.096839295
3.797,0,5.096839295
3.798,0,5.096839295
3.799,0,5.096839295
3.8,0,5.096839295
3.801,0,5.096839295
3.802,0,5.096839295
3.803,0,5.096839295
3.804,0,5.096839295
3.805,0,5.096839295
3.806,0,5.096839295
3.807,0,5.096839295
3.808,0,5.096839295
3.809,0,5.096839295
3.81,0,5.096839295
3.811,0,5.096839295
3.812,0,5.096839295
3.813,0,5.096839295
3.814,0,5.096839295
3.815,0,5.096839295
3.816,0,5.096839295
3.817,0,5.096839295
3.818,0,5.096839295
3.819,0,5.096839295
3.82,0,5.096839295
3.821,0,5.096839295
3.822,0,5.096839295
3.823,0,5.096839295
3.824,0,5.096839295
3.825,0,5.096839295
3.826,0,5.096839295
3.827,0,5.096839295
3.828,0,5.096839295
3.829,0,5.096839295
3.83,0,5.096839295
3.831,0,5.096839295
3.832,0,5.096839295
3.833,0,5.096839295
3.834,0,5.096839295
3.835,0,5.096839295
3.836,0,5.096839295
3.837,0,5.096839295
3.838,0,5.096839295
3.839,0,5.096839295
3.84,0,5.096839295
3.841,0,5.096839295
3.842,0,5.096839295
3.843,0,5.096839295
3.844,0,5.096839295
3.845,0,5.096839295
3.846,0,5.096839295
3.847,0,5.096839295
3.848,0,5.096839295
3.849,0,5.096839295
3.85,0,5.096839295
3.851,0,5.096839295
3.852,0,5.096839295
3.853,0,5.096839295
3.854,0,5.096839295
3.855,0,5.096839295
3.856,0,5.096839295
3.857,0,5.096839295
3.858,0,5.096839295
3.859,0,5.096839295
3.86,0,5.096839295
3.861,0,5.096839295
3.862,0,5.096839295
3.863,0,5.096839295
3.864,0,5.096839295
3.865,0,5.096839295
3.866,0,5.096839295
3.867,0,5.096839295
3.868,0,5.096839295
3.869,0,5.096839295
3.87,0,5.096839295
3.871,0,5.096839295
3.872,0,5.096839295
3.873,0,5.096839295
3.874,0,5.096839295
3.875,0,5.096839295
3.876,0,5.096839295
3.877,0,5.096839295
3.878,0,5.096839295
3.879,0,5.096839295
3.88,0,5.096839295
3.881,0,5.096839295
3.882,0,5.096839295
3.883,0,5.096839295
3.884,0,5.096839295
3.885,0,5.096839295
3.886,0,5.096839295
3.887,0,5.096839295
3.888,0,5.096839295
3.889,0,5.096839295
3.89,0,5.096839295
3.891,0,5.096839295
3.892,0,5.096839295
3.893,0,5.096839295
3.894,0,5.096839295
3.895,0,5.096839295
3.896,0,5.096839295
3.897,0,5.096839295
3.898,0,5.096839295
3.899,0,5.096839295
3.9,0,5.096839295
3.901,0,5.096839295
3.902,0,5.096839295
3.903,0,5.096839295
3.904,0,5.096839295
3.905,0,5.096839295
3.906,0,5.096839295
3.907,0,5.096839295
3.908,0,5.096839295
3.909,0,5.096839295
3.91,0,5.096839295
3.911,0,5.096839295
3.912,0,5.096839295
3.913,0,5.096839295
3.914,0,5.096839295
3.915,0,5.096839295
3.916,0,5.096839295
3.917,0,5.096839295
3.918,0,5.096839295
3.919,0,5.096839295
3.92,0,5.096839295
3.921,0,5.096839295
3.922,0,5.096839295
3.923,0,5.096839295
3.924,0,5.096839295
3.925,0,5.096839295
3.926,0,5.096839295
3.927,0,5.096839295
3.928,0,5.096839295
3.929,0,5.096839295
3.93,0,5.096839295
3.931,0,5.096839295
3.932,0,5.096839295
3.933,0,5.096839295
3.934,0,5.096839295
3.935,0,5.096839295
3.936,0,5.096839295
3.937,0,5.096839295
3.938,0,5.096839295
3.939,0,5.096839295
3.94,0,5.096839295
3.941,0,5.096839295
3.942,0,5.096839295
3.943,0,5.096839295
3.944,0,5.096839295
3.945,0,5.096839295
3.946,0,5.096839295
3.947,0,5.096839295
3.948,0,5.096839295
3.949,0,5.096839295
3.95,0,5.096839295
3.951,0,5.096839295
3.952,0,5.096839295
3.953,0,5.096839295
3.954,0,5.096839295
3.955,0,5.096839295
3.956,0,5.096839295
3.957,0,5.096839295
3.958,0,5.096839295
3.959,0,5.096839295
3.96,0,5.096839295
3.961,0,5.096839295
3.962,0,5.096839295
3.963,0,5.096839295
3.964,0,5.096839295
3.965,0,5.096839295
3.966,0,5.096839295
3.967,0,5.096839295
3.968,0,5.096839295
3.969,0,5.096839295
3.97,0,5.096839295
3.971,0,5.096839295
3.972,0,5.096839295
3.973,0,5.096839295
3.974,0,5.096839295
3.975,0,5.096839295
3.976,0,5.096839295
3.977,0,5.096839295
3.978,0,5.096839295
3.979,0,5.096839295
3.98,0,5.096839295
3.981,0,5.096839295
3.982,0,5.096839295
3.983,0,5.096839295
3.984,0,5.096839295
3.985,0,5.096839295
3.986,0,5.096839295
3.987,0,5.096839295
3.988,0,5.096839295
3.989,0,5.096839295
3.99,0,5.096839295
3.991,0,5.096839295
3.992,0,5.096839295
3.993,0,5.096839295
3.994,0,5.096839295
3.995,0,5.096839295
3.996,0,5.096839295
3.997,0,5.096839295
3.998,0,5.096839295
3.999,0,5.096839295
4,0,5.096839295
